age,production,comprehension,is_norming,sex,birth_order,caregiver_education,ethnicity
29,516,,TRUE,Male,Third,College,
29,584,,TRUE,Female,First,College,
29,522,,TRUE,Male,First,College,
28,505,,TRUE,Male,Third,College,
28,416,,TRUE,Female,Third,College,
28,262,,TRUE,Male,First,College,
28,318,,TRUE,Male,First,College,
28,372,,TRUE,Male,Second,College,
28,490,,TRUE,Female,Second,College,
29,407,,TRUE,Female,Second,College,
28,432,,TRUE,Male,Second,College,
28,393,,TRUE,Male,Second,College,
30,465,,TRUE,Male,Second,College,
30,364,,TRUE,Female,Second,College,
30,555,,TRUE,Male,First,College,
30,595,,TRUE,Female,Second,College,
30,642,,TRUE,Female,Second,College,
30,577,,TRUE,Male,First,College,
30,454,,TRUE,Female,First,College,
30,597,,TRUE,Male,First,College,
30,378,,TRUE,Male,First,College,
27,94,,TRUE,Male,Third,College,
23,562,,TRUE,Female,First,College,
27,246,,TRUE,Male,Fourth,College,
27,59,,TRUE,Male,Third,College,
27,344,,TRUE,Male,Third,College,
27,447,,TRUE,Female,Second,College,
27,293,,TRUE,Female,Third,College,
26,705,,TRUE,Female,Second,College,
26,418,,TRUE,Female,First,College,
26,671,,TRUE,Female,Third,College,
26,263,,TRUE,Female,Third,College,
26,511,,TRUE,Female,First,College,
26,322,,TRUE,Female,First,College,
26,674,,TRUE,Female,Second,College,
26,371,,TRUE,Female,First,College,
25,287,,TRUE,Female,First,College,
21,83,,TRUE,Male,First,College,
21,39,,TRUE,Male,First,College,
21,18,,TRUE,Female,Second,College,
21,129,,TRUE,Female,First,College,
21,64,,TRUE,Male,Sixth,College,
21,357,,TRUE,Male,First,College,
21,20,,TRUE,Male,First,College,
21,248,,TRUE,Female,First,College,
21,170,,TRUE,Female,First,College,
20,51,,TRUE,Female,Second,College,
20,204,,TRUE,Female,First,College,
20,40,,TRUE,Female,First,College,
20,540,,TRUE,Female,First,College,
20,34,,TRUE,Male,Second,College,
20,36,,TRUE,Male,Second,College,
20,58,,TRUE,Male,First,College,
20,22,,TRUE,Male,First,College,
19,20,,TRUE,Male,Fourth,College,
19,28,,TRUE,Female,First,College,
19,125,,TRUE,Male,Third,College,
19,23,,TRUE,Male,Third,College,
19,20,,TRUE,Male,First,College,
19,115,,TRUE,Male,Second,College,
19,25,,TRUE,Female,Second,College,
18,35,,TRUE,Female,First,College,
18,15,,TRUE,Female,First,College,
18,232,,TRUE,Female,First,College,
18,64,,TRUE,Female,First,College,
18,21,,TRUE,Male,Third,College,
28,127,,TRUE,Female,Eighth,College,
23,145,,TRUE,Female,First,College,
23,530,,TRUE,Female,Third,College,
23,273,,TRUE,Female,First,College,
23,157,,TRUE,Male,Second,College,
23,532,,TRUE,Male,First,College,
23,153,,TRUE,Female,First,College,
23,274,,TRUE,Female,Third,College,
23,165,,TRUE,Female,Third,College,
22,180,,TRUE,Female,First,College,
22,165,,TRUE,Male,Second,College,
22,323,,TRUE,Female,First,College,
22,93,,TRUE,Male,First,College,
22,153,,TRUE,Female,Third,College,
24,296,,TRUE,Male,Second,College,
24,510,,TRUE,Female,First,College,
24,319,,TRUE,Female,Second,College,
24,33,,TRUE,Female,Second,College,
24,399,,TRUE,Female,First,College,
24,297,,TRUE,Male,Second,College,
24,238,,TRUE,Female,First,College,
17,3,,TRUE,Male,Second,College,
17,17,,TRUE,Female,Second,College,
16,31,,TRUE,Female,First,College,
16,29,,TRUE,Male,Second,College,
16,7,,TRUE,Female,Second,College,
16,22,,TRUE,Female,Second,College,
29,21,,TRUE,Male,First,College,
17,8,,TRUE,Male,Third,College,
26,253,,TRUE,Male,Second,College,
25,221,,TRUE,Male,First,College,
24,245,,TRUE,Male,Second,College,
23,41,,TRUE,Male,Third,College,
23,5,,TRUE,Female,Second,College,
22,92,,TRUE,Female,First,College,
30,534,,TRUE,Female,First,College,
30,570,,TRUE,Female,Second,College,
29,605,,TRUE,Female,First,College,
29,420,,TRUE,Female,First,College,
29,372,,TRUE,Female,Second,College,
28,558,,TRUE,Female,First,College,
28,141,,TRUE,Male,Second,College,
28,351,,TRUE,Female,Second,College,
28,352,,TRUE,Female,Second,College,
28,403,,TRUE,Female,Second,College,
26,304,,TRUE,Female,First,College,
26,140,,TRUE,Male,Second,College,
26,217,,TRUE,Male,Second,College,
26,57,,TRUE,Male,First,College,
26,95,,TRUE,Male,Second,College,
25,38,,TRUE,Male,First,College,
25,383,,TRUE,Female,Second,College,
25,295,,TRUE,Female,First,College,
24,396,,TRUE,Female,First,College,
24,27,,TRUE,Male,First,College,
23,334,,TRUE,Male,Second,College,
23,77,,TRUE,Female,Second,College,
24,10,,TRUE,Male,First,College,
21,40,,TRUE,Male,Second,College,
21,409,,TRUE,Male,First,College,
21,48,,TRUE,Female,First,College,
21,21,,TRUE,Male,Second,College,
20,57,,TRUE,Female,First,College,
20,146,,TRUE,Female,Second,College,
19,22,,TRUE,Female,First,College,
19,32,,TRUE,Male,Second,College,
19,86,,TRUE,Female,Second,College,
18,52,,TRUE,Female,Second,College,
18,74,,TRUE,Male,First,College,
17,1,,TRUE,Female,Third,College,
17,11,,TRUE,Male,First,College,
17,7,,TRUE,Female,Third,College,
17,25,,TRUE,Male,First,College,
16,27,,TRUE,Male,First,College,
16,17,,TRUE,Male,Second,College,
30,279,,TRUE,Male,First,College,
28,492,,TRUE,Male,Third,College,
26,427,,TRUE,Female,First,College,
24,429,,TRUE,Female,First,College,
23,277,,TRUE,Male,Second,College,
23,376,,TRUE,Male,Second,College,
22,55,,TRUE,Male,Second,College,
22,167,,TRUE,Female,Second,College,
23,191,,TRUE,Female,Second,College,
19,248,,TRUE,Female,First,College,
17,25,,TRUE,Female,Second,College,
30,363,,TRUE,Male,First,College,
30,332,,TRUE,Female,First,College,
29,538,,TRUE,Female,Second,College,
28,448,,TRUE,Female,Third,College,
28,454,,TRUE,Female,Second,College,
28,521,,TRUE,Female,First,College,
27,586,,TRUE,Male,First,College,
26,204,,TRUE,Male,Third,College,
26,497,,TRUE,Female,First,College,
26,570,,TRUE,Female,First,College,
26,405,,TRUE,Male,Second,College,
25,608,,TRUE,Male,First,College,
25,478,,TRUE,Female,First,College,
24,525,,TRUE,Male,Second,College,
24,5,,TRUE,Male,Second,College,
24,361,,TRUE,Female,Second,College,
24,242,,TRUE,Male,Third,College,
23,167,,TRUE,Female,Second,College,
23,392,,TRUE,Female,Third,College,
23,366,,TRUE,Female,First,College,
22,257,,TRUE,Female,First,College,
22,434,,TRUE,Female,First,College,
21,22,,TRUE,Male,Third,College,
21,122,,TRUE,Female,First,College,
21,121,,TRUE,Female,Second,College,
21,233,,TRUE,Female,First,College,
21,213,,TRUE,Female,Third,College,
20,238,,TRUE,Female,First,College,
20,182,,TRUE,Female,First,College,
19,31,,TRUE,Male,First,College,
18,11,,TRUE,Male,First,College,
18,45,,TRUE,Male,Third,College,
18,56,,TRUE,Male,Second,College,
17,12,,TRUE,Male,First,College,
17,31,,TRUE,Female,First,College,
17,11,,TRUE,Female,First,College,
16,89,,TRUE,Female,Second,College,
16,10,,TRUE,Female,Second,College,
16,19,,TRUE,Female,First,College,
30,567,,TRUE,Male,First,College,
29,544,,TRUE,Male,First,College,
29,465,,TRUE,Female,Second,College,
29,457,,TRUE,Male,First,College,
28,257,,TRUE,Male,Second,College,
28,378,,TRUE,Female,Second,College,
28,342,,TRUE,Female,Third,College,
28,641,,TRUE,Female,Third,College,
26,50,,TRUE,Male,Second,College,
26,341,,TRUE,Male,Third,College,
26,62,,TRUE,Female,Third,College,
26,573,,TRUE,Female,First,College,
26,341,,TRUE,Female,Third,College,
25,576,,TRUE,Female,Third,College,
25,434,,TRUE,Female,First,College,
25,176,,TRUE,Female,Second,College,
23,296,,TRUE,Female,Third,College,
23,45,,TRUE,Female,First,College,
22,62,,TRUE,Female,First,College,
22,165,,TRUE,Female,Second,College,
22,65,,TRUE,Female,Second,College,
21,39,,TRUE,Male,Second,College,
21,84,,TRUE,Female,First,College,
21,367,,TRUE,Female,Third,College,
20,121,,TRUE,Female,First,College,
19,26,,TRUE,Male,First,College,
19,163,,TRUE,Male,First,College,
19,63,,TRUE,Female,First,College,
18,58,,TRUE,Male,First,College,
17,7,,TRUE,Male,Third,College,
17,63,,TRUE,Female,Second,College,
16,263,,TRUE,Female,Third,College,
16,16,,TRUE,Female,Second,College,
16,10,,TRUE,Male,Third,College,
16,25,,TRUE,Female,First,College,
30,408,,TRUE,Male,Second,College,
28,414,,TRUE,Male,Second,College,
28,478,,TRUE,Male,Third,College,
27,391,,TRUE,Male,Second,College,
25,244,,TRUE,Male,Third,College,
24,293,,TRUE,Male,First,College,
22,18,,TRUE,Male,Second,College,
22,119,,TRUE,Male,Third,College,
22,155,,TRUE,Male,Second,College,
21,30,,TRUE,Male,Third,College,
21,113,,TRUE,Male,Second,College,
21,153,,TRUE,Male,Third,College,
21,68,,TRUE,Male,First,College,
21,31,,TRUE,Male,Third,College,
19,16,,TRUE,Male,Second,College,
18,53,,TRUE,Male,First,College,
30,725,,TRUE,Male,First,College,
17,52,,TRUE,Female,First,College,
16,33,,TRUE,Male,Second,College,
27,368,,TRUE,Female,Third,College,
26,403,,TRUE,Female,Third,College,
25,352,,TRUE,Female,Second,College,
19,8,,TRUE,Male,Third,College,
16,25,,TRUE,Female,First,College,
27,478,,TRUE,Female,Third,College,
26,481,,TRUE,Female,First,College,
26,450,,TRUE,Female,Second,College,
25,475,,TRUE,Female,First,College,
24,278,,TRUE,Female,First,College,
24,277,,TRUE,Female,Third,College,
23,340,,TRUE,Female,First,College,
23,476,,TRUE,Female,First,College,
22,440,,TRUE,Female,First,College,
22,259,,TRUE,Female,Third,College,
19,157,,TRUE,Female,First,College,
19,369,,TRUE,Female,Second,College,
18,15,,TRUE,Female,Second,College,
17,39,,TRUE,Female,First,College,
17,31,,TRUE,Female,Second,College,
16,24,,TRUE,Female,Second,College,
16,23,,TRUE,Female,Third,College,
30,552,,TRUE,Male,First,College,
30,351,,TRUE,Male,Third,College,
30,588,,TRUE,Male,Second,College,
30,673,,TRUE,Male,First,College,
30,448,,TRUE,Male,Third,College,
30,640,,TRUE,Female,First,College,
30,442,,TRUE,Female,First,College,
29,231,,TRUE,Female,Third,College,
29,655,,TRUE,Male,First,College,
29,531,,TRUE,Female,First,College,
29,502,,TRUE,Female,First,College,
28,285,,TRUE,Male,Second,College,
28,389,,TRUE,Male,Third,College,
28,475,,TRUE,Male,Second,College,
28,464,,TRUE,Male,Second,College,
28,40,,TRUE,Male,Third,College,
27,630,,TRUE,Female,Second,College,
27,584,,TRUE,Female,Second,College,
27,437,,TRUE,Male,First,College,
27,321,,TRUE,Male,First,College,
27,475,,TRUE,Male,First,College,
26,393,,TRUE,Female,Second,College,
26,495,,TRUE,Male,Third,College,
26,484,,TRUE,Female,Second,College,
26,312,,TRUE,Male,Second,College,
26,415,,TRUE,Male,First,College,
26,482,,TRUE,Female,Second,College,
25,422,,TRUE,Male,First,College,
25,294,,TRUE,Male,Second,College,
25,506,,TRUE,Male,First,College,
25,195,,TRUE,Female,Third,College,
25,257,,TRUE,Male,Third,College,
24,181,,TRUE,Male,Second,College,
24,292,,TRUE,Male,Third,College,
24,106,,TRUE,Male,First,College,
24,189,,TRUE,Female,First,College,
24,212,,TRUE,Female,First,College,
24,120,,TRUE,Female,First,College,
24,490,,TRUE,Female,Third,College,
25,142,,TRUE,Female,Third,College,
24,317,,TRUE,Female,First,College,
23,47,,TRUE,Male,Second,College,
23,454,,TRUE,Female,Third,College,
23,19,,TRUE,Male,Third,College,
23,448,,TRUE,Female,First,College,
22,77,,TRUE,Male,First,College,
22,33,,TRUE,Male,Second,College,
22,11,,TRUE,Male,Third,College,
22,78,,TRUE,Male,Second,College,
22,187,,TRUE,Male,First,College,
21,200,,TRUE,Male,Third,College,
21,146,,TRUE,Female,Second,College,
21,36,,TRUE,Male,Third,College,
21,81,,TRUE,Male,First,College,
21,10,,TRUE,Male,Third,College,
20,44,,TRUE,Male,First,College,
20,84,,TRUE,Male,Third,College,
20,33,,TRUE,Male,First,College,
20,44,,TRUE,Female,First,College,
20,146,,TRUE,Male,First,College,
20,18,,TRUE,Male,Second,College,
19,45,,TRUE,Female,First,College,
19,59,,TRUE,Male,Third,College,
19,187,,TRUE,Male,First,College,
19,35,,TRUE,Male,Second,College,
18,97,,TRUE,Male,First,College,
18,30,,TRUE,Female,Third,College,
18,36,,TRUE,Female,First,College,
18,11,,TRUE,Male,Third,College,
17,20,,TRUE,Male,Second,College,
16,35,,TRUE,Female,Fourth,College,
16,23,,TRUE,Male,First,College,
16,12,,TRUE,Female,Second,College,
30,521,,TRUE,Female,Second,College,
29,490,,TRUE,Female,First,College,
29,529,,TRUE,Female,First,College,
29,560,,TRUE,Female,First,College,
29,533,,TRUE,Female,Second,College,
29,494,,TRUE,Male,Second,College,
29,293,,TRUE,Male,Second,College,
29,81,,TRUE,Male,Second,College,
29,390,,TRUE,Female,First,College,
28,626,,TRUE,Female,First,College,
28,309,,TRUE,Female,Second,College,
28,371,,TRUE,Male,Third,College,
28,417,,TRUE,Female,First,College,
28,487,,TRUE,Male,Second,College,
27,293,,TRUE,Female,Third,College,
27,414,,TRUE,Female,Second,College,
27,364,,TRUE,Male,Second,College,
26,628,,TRUE,Female,Third,College,
26,457,,TRUE,Female,Third,College,
26,534,,TRUE,Female,First,College,
26,444,,TRUE,Male,Second,College,
25,235,,TRUE,Female,First,College,
25,227,,TRUE,Male,Third,College,
24,353,,TRUE,Male,Second,College,
24,138,,TRUE,Female,Third,College,
22,155,,TRUE,Male,First,College,
22,34,,TRUE,Female,Fourth,College,
21,156,,TRUE,Female,Second,College,
21,125,,TRUE,Female,Second,College,
20,265,,TRUE,Female,Second,College,
20,168,,TRUE,Female,First,College,
20,269,,TRUE,Female,Second,College,
20,216,,TRUE,Female,Second,College,
20,38,,TRUE,Female,Second,College,
20,401,,TRUE,Male,Second,College,
20,19,,TRUE,Male,Third,College,
19,23,,TRUE,Female,Second,College,
19,11,,TRUE,Male,First,College,
19,37,,TRUE,Female,Second,College,
19,298,,TRUE,Female,First,College,
18,7,,TRUE,Male,First,College,
17,26,,TRUE,Female,First,College,
17,30,,TRUE,Male,Second,College,
17,11,,TRUE,Female,First,College,
17,48,,TRUE,Female,Second,College,
16,25,,TRUE,Male,Second,College,
16,29,,TRUE,Female,Fifth,College,
30,676,,TRUE,Male,First,College,
29,285,,TRUE,Female,Second,College,
29,458,,TRUE,Male,Second,College,
29,285,,TRUE,Male,Second,College,
28,362,,TRUE,Male,First,College,
28,581,,TRUE,Female,Second,College,
28,502,,TRUE,Female,Second,College,
28,425,,TRUE,Female,First,College,
28,582,,TRUE,Female,First,College,
27,553,,TRUE,Female,First,College,
27,339,,TRUE,Female,First,College,
26,166,,TRUE,Male,Third,College,
26,349,,TRUE,Female,Second,College,
25,542,,TRUE,Female,Second,College,
25,325,,TRUE,Female,Second,College,
25,101,,TRUE,Female,First,College,
24,199,,TRUE,Male,Third,College,
24,148,,TRUE,Female,Third,College,
24,678,,TRUE,Female,First,College,
23,336,,TRUE,Male,Second,College,
23,49,,TRUE,Female,Second,College,
23,140,,TRUE,Female,Fourth,College,
23,57,,TRUE,Male,Third,College,
22,293,,TRUE,Female,First,College,
22,191,,TRUE,Female,Second,College,
22,517,,TRUE,Female,Second,College,
21,164,,TRUE,Female,First,College,
21,41,,TRUE,Female,Second,College,
21,173,,TRUE,Female,First,College,
20,76,,TRUE,Female,Second,College,
20,67,,TRUE,Male,Second,College,
20,410,,TRUE,Female,First,College,
20,400,,TRUE,Female,Third,College,
20,60,,TRUE,Female,Second,College,
19,47,,TRUE,Female,Second,College,
19,172,,TRUE,Male,Second,College,
18,10,,TRUE,Male,First,College,
18,109,,TRUE,Female,First,College,
18,97,,TRUE,Female,First,College,
18,11,,TRUE,Female,Second,College,
18,83,,TRUE,Male,First,College,
16,18,,TRUE,Male,Third,College,
16,19,,TRUE,Male,Second,College,
16,1,,TRUE,Female,Second,College,
16,31,,TRUE,Female,Third,College,
16,19,,TRUE,Female,Second,College,
30,374,,TRUE,Male,First,College,
30,533,,TRUE,Male,Second,College,
30,458,,TRUE,Male,Third,College,
30,560,,TRUE,Male,First,College,
30,601,,TRUE,Female,First,College,
30,694,,TRUE,Female,Third,College,
30,446,,TRUE,Male,Second,College,
30,642,,TRUE,Male,Second,College,
30,429,,TRUE,Male,First,College,
30,526,,TRUE,Male,Second,College,
29,706,,TRUE,Male,First,College,
29,532,,TRUE,Male,First,College,
29,573,,TRUE,Female,First,College,
29,636,,TRUE,Female,First,College,
29,537,,TRUE,Male,First,College,
29,667,,TRUE,Male,Third,College,
29,543,,TRUE,Male,First,College,
29,501,,TRUE,Male,Third,College,
28,171,,TRUE,Male,Second,College,
28,479,,TRUE,Male,First,College,
28,560,,TRUE,Male,First,College,
28,86,,TRUE,Male,Second,College,
28,427,,TRUE,Female,Second,College,
28,524,,TRUE,Female,First,College,
27,209,,TRUE,Male,First,College,
27,565,,TRUE,Female,First,College,
27,443,,TRUE,Male,Second,College,
26,460,,TRUE,Female,First,College,
26,444,,TRUE,Female,Second,College,
26,552,,TRUE,Female,First,College,
26,347,,TRUE,Male,Second,College,
26,530,,TRUE,Female,First,College,
26,509,,TRUE,Male,First,College,
26,534,,TRUE,Male,Second,College,
26,609,,TRUE,Male,First,College,
26,517,,TRUE,Male,First,College,
25,99,,TRUE,Male,First,College,
25,103,,TRUE,Female,First,College,
25,595,,TRUE,Female,Third,College,
25,249,,TRUE,Female,First,College,
23,148,,TRUE,Male,Second,College,
24,282,,TRUE,Male,First,College,
24,554,,TRUE,Female,Second,College,
24,308,,TRUE,Male,First,College,
24,460,,TRUE,Male,First,College,
24,141,,TRUE,Female,Fifth,College,
24,184,,TRUE,Male,Fourth,College,
24,25,,TRUE,Male,First,College,
24,427,,TRUE,Female,Second,College,
24,312,,TRUE,Female,Third,College,
24,308,,TRUE,Female,Second,College,
24,15,,TRUE,Female,Second,College,
24,345,,TRUE,Female,Third,College,
23,58,,TRUE,Male,Third,College,
23,46,,TRUE,Male,First,College,
23,289,,TRUE,Male,First,College,
23,130,,TRUE,Female,Second,College,
23,287,,TRUE,Female,Fourth,College,
23,193,,TRUE,Male,Third,College,
23,100,,TRUE,Female,Second,College,
22,20,,TRUE,Male,First,College,
22,378,,TRUE,Male,Second,College,
22,199,,TRUE,Male,Second,College,
22,230,,TRUE,Male,Second,College,
22,125,,TRUE,Male,First,College,
22,39,,TRUE,Male,First,College,
22,351,,TRUE,Male,First,College,
22,55,,TRUE,Male,Second,College,
22,333,,TRUE,Male,First,College,
22,331,,TRUE,Female,Fifth,College,
22,31,,TRUE,Female,Fourth,College,
21,44,,TRUE,Female,First,College,
21,261,,TRUE,Male,First,College,
21,49,,TRUE,Female,Second,College,
21,76,,TRUE,Male,Second,College,
21,78,,TRUE,Male,Third,College,
21,80,,TRUE,Male,First,College,
21,24,,TRUE,Male,First,College,
21,47,,TRUE,Male,Third,College,
21,94,,TRUE,Female,Second,College,
21,249,,TRUE,Female,Second,College,
20,249,,TRUE,Male,First,College,
20,11,,TRUE,Male,Third,College,
20,391,,TRUE,Female,Second,College,
20,115,,TRUE,Female,Second,College,
20,44,,TRUE,Female,Second,College,
20,48,,TRUE,Female,First,College,
20,54,,TRUE,Female,First,College,
20,101,,TRUE,Male,First,College,
20,140,,TRUE,Male,First,College,
19,158,,TRUE,Female,First,College,
19,19,,TRUE,Male,Second,College,
19,90,,TRUE,Female,Third,College,
19,57,,TRUE,Male,First,College,
19,12,,TRUE,Female,Second,College,
19,97,,TRUE,Male,First,College,
19,62,,TRUE,Male,First,College,
19,45,,TRUE,Female,First,College,
19,72,,TRUE,Male,First,College,
19,22,,TRUE,Male,Fourth,College,
19,30,,TRUE,Male,First,College,
19,111,,TRUE,Male,Second,College,
18,10,,TRUE,Female,Fourth,College,
18,281,,TRUE,Male,Third,College,
18,6,,TRUE,Female,Fourth,College,
19,27,,TRUE,Male,Third,College,
18,30,,TRUE,Female,Fifth,College,
18,21,,TRUE,Female,First,College,
18,31,,TRUE,Male,Second,College,
18,38,,TRUE,Male,First,College,
17,59,,TRUE,Male,First,College,
17,29,,TRUE,Male,Second,College,
17,8,,TRUE,Male,First,College,
17,26,,TRUE,Female,Fourth,College,
17,7,,TRUE,Male,Second,College,
17,80,,TRUE,Male,First,College,
17,61,,TRUE,Female,Third,College,
17,29,,TRUE,Female,First,College,
16,15,,TRUE,Male,Second,College,
16,13,,TRUE,Male,First,College,
16,16,,TRUE,Female,Third,College,
16,32,,TRUE,Male,Second,College,
16,37,,TRUE,Male,First,College,
16,13,,TRUE,Female,First,College,
30,543,,TRUE,Male,Second,College,
30,353,,TRUE,Male,,College,
30,605,,TRUE,Female,First,College,
29,637,,TRUE,Female,First,College,
28,542,,TRUE,Female,First,College,
28,401,,TRUE,Female,Second,College,
27,658,,TRUE,Female,First,College,
26,307,,TRUE,Male,First,College,
26,455,,TRUE,Female,First,College,
26,290,,TRUE,Female,Third,College,
26,618,,TRUE,Female,First,College,
25,424,,TRUE,Female,Second,College,
25,357,,TRUE,Female,First,College,
25,238,,TRUE,Male,Third,College,
24,568,,TRUE,Female,Third,College,
23,65,,TRUE,Female,Second,College,
22,244,,TRUE,Female,Fourth,College,
22,291,,TRUE,Female,First,College,
21,220,,TRUE,Male,Second,College,
21,230,,TRUE,Female,Second,College,
21,62,,TRUE,Female,Second,College,
21,179,,TRUE,Female,Third,College,
21,60,,TRUE,Female,Second,College,
20,329,,TRUE,Female,Fourth,College,
20,31,,TRUE,Male,Second,College,
20,299,,TRUE,Male,First,College,
20,48,,TRUE,Female,Third,College,
19,68,,TRUE,Female,Fourth,College,
18,13,,TRUE,Female,First,College,
16,20,,TRUE,Male,First,College,
16,11,,TRUE,Male,Second,College,
29,243,,TRUE,Male,Third,College,
29,481,,TRUE,Male,First,College,
29,625,,TRUE,Female,First,College,
28,512,,TRUE,Female,First,College,
27,487,,TRUE,Female,First,College,
26,396,,TRUE,Female,First,College,
22,37,,TRUE,Male,First,College,
22,84,,TRUE,Male,Second,College,
19,11,,TRUE,Male,First,College,
19,22,,TRUE,Male,Second,College,
17,33,,TRUE,Female,First,College,
16,7,,TRUE,Male,Second,College,
29,625,,TRUE,Female,Second,College,
29,615,,TRUE,Male,First,College,
28,482,,TRUE,Male,First,College,
27,360,,TRUE,Female,Second,College,
22,442,,TRUE,Female,Second,College,
22,21,,TRUE,Male,Third,College,
22,28,,TRUE,Male,Second,College,
20,34,,TRUE,Female,Fourth,College,
20,132,,TRUE,Female,First,College,
19,34,,TRUE,Male,,College,
16,13,,TRUE,Female,Second,College,
16,28,,TRUE,Female,Third,College,
30,584,,TRUE,Female,First,College,
30,447,,TRUE,Male,Third,College,
29,412,,TRUE,Male,Second,College,
17,342,,TRUE,Female,Fifth,College,
28,225,,TRUE,Male,Second,College,
29,514,,TRUE,Female,Second,College,
28,571,,TRUE,Female,First,College,
28,580,,TRUE,Male,First,College,
25,55,,TRUE,Male,Second,College,
26,78,,TRUE,Male,Second,College,
24,278,,TRUE,Female,First,College,
24,584,,TRUE,Female,First,College,
22,129,,TRUE,Male,Third,College,
21,385,,TRUE,Male,First,College,
21,26,,TRUE,Male,Third,College,
22,247,,TRUE,Female,First,College,
21,48,,TRUE,Male,Third,College,
21,165,,TRUE,Male,First,College,
20,64,,TRUE,Male,Second,College,
18,21,,TRUE,Female,First,College,
18,69,,TRUE,Female,Second,College,
18,23,,TRUE,Male,First,College,
17,4,,TRUE,Male,First,College,
16,2,,TRUE,Male,First,College,
16,20,,TRUE,Male,Third,College,
30,539,,TRUE,Female,Second,College,
30,650,,TRUE,Female,Second,College,
29,660,,TRUE,Female,Second,College,
29,467,,TRUE,Female,Third,College,
29,554,,TRUE,Female,Second,College,
29,647,,TRUE,Male,First,College,
28,422,,TRUE,Female,Second,College,
28,586,,TRUE,Female,Second,College,
28,449,,TRUE,Female,Second,College,
28,544,,TRUE,Female,Second,College,
28,448,,TRUE,Female,Third,College,
28,534,,TRUE,Female,Third,College,
28,520,,TRUE,Female,Second,College,
28,106,,TRUE,Male,Second,College,
27,368,,TRUE,Female,Second,College,
27,429,,TRUE,Female,Second,College,
27,276,,TRUE,Male,Second,College,
27,434,,TRUE,Male,Second,College,
26,323,,TRUE,Male,First,College,
26,558,,TRUE,Female,First,College,
25,368,,TRUE,Male,Second,College,
25,332,,TRUE,Male,Second,College,
25,86,,TRUE,Female,First,College,
25,281,,TRUE,Male,First,College,
24,519,,TRUE,Female,First,College,
24,295,,TRUE,Female,Fourth,College,
24,50,,TRUE,Male,Fourth,College,
24,126,,TRUE,Female,First,College,
24,386,,TRUE,Female,First,College,
24,198,,TRUE,Male,,College,
24,434,,TRUE,Male,First,College,
24,507,,TRUE,Female,Second,College,
24,509,,TRUE,Male,Third,College,
24,618,,TRUE,Male,First,College,
23,4,,TRUE,Female,First,College,
23,362,,TRUE,Female,Second,College,
23,71,,TRUE,Female,First,College,
23,201,,TRUE,Male,First,College,
23,351,,TRUE,Female,Second,College,
23,66,,TRUE,Male,Second,College,
23,89,,TRUE,Male,First,College,
23,290,,TRUE,Female,Second,College,
23,443,,TRUE,Female,First,College,
22,201,,TRUE,Female,Third,College,
22,175,,TRUE,Male,Second,College,
22,121,,TRUE,Female,Second,College,
21,589,,TRUE,Female,Fourth,College,
21,189,,TRUE,Female,First,College,
21,201,,TRUE,Female,Second,College,
21,63,,TRUE,Female,Third,College,
21,231,,TRUE,Male,First,College,
21,54,,TRUE,Female,First,College,
20,112,,TRUE,Male,Third,College,
21,38,,TRUE,Female,Second,College,
20,42,,TRUE,Male,Third,College,
20,23,,TRUE,Female,Second,College,
20,41,,TRUE,Male,First,College,
20,200,,TRUE,Female,First,College,
20,202,,TRUE,Female,Second,College,
20,6,,TRUE,Male,Third,College,
19,42,,TRUE,Female,Second,College,
19,20,,TRUE,Female,Fourth,College,
19,88,,TRUE,Male,First,College,
19,62,,TRUE,Male,First,College,
19,46,,TRUE,Female,First,College,
19,116,,TRUE,Male,Second,College,
18,42,,TRUE,Female,Second,College,
18,116,,TRUE,Female,First,College,
18,42,,TRUE,Female,Fifth,College,
18,16,,TRUE,Female,Third,College,
17,26,,TRUE,Male,Third,College,
17,41,,TRUE,Female,Third,College,
17,39,,TRUE,Female,Third,College,
17,248,,TRUE,Female,First,College,
17,107,,TRUE,Female,Third,College,
17,8,,TRUE,Female,First,College,
17,60,,TRUE,Male,Second,College,
16,11,,TRUE,Female,First,College,
16,21,,TRUE,Female,Second,College,
16,18,,TRUE,Female,Third,College,
16,17,,TRUE,Female,Second,College,
16,145,,TRUE,Female,Second,College,
16,4,,TRUE,Male,Second,College,
16,84,,TRUE,Male,First,College,
30,455,,TRUE,Male,Second,College,
29,543,,TRUE,Male,First,College,
29,518,,TRUE,Female,First,College,
28,290,,TRUE,Male,Second,College,
28,484,,TRUE,Male,Second,College,
28,645,,TRUE,Female,Third,College,
27,214,,TRUE,Male,First,College,
26,563,,TRUE,Male,First,College,
26,514,,TRUE,Female,Third,College,
26,307,,TRUE,Male,First,College,
25,296,,TRUE,Male,Second,College,
25,303,,TRUE,Female,Second,College,
24,469,,TRUE,Male,Third,College,
24,270,,TRUE,Male,Second,College,
23,343,,TRUE,Female,Second,College,
23,357,,TRUE,Female,Second,College,
23,63,,TRUE,Female,Third,College,
23,177,,TRUE,Male,Fourth,College,
22,304,,TRUE,Male,First,College,
22,54,,TRUE,Female,Third,College,
22,278,,TRUE,Female,Third,College,
22,112,,TRUE,Female,Second,College,
21,30,,TRUE,Female,Third,College,
21,171,,TRUE,Male,First,College,
20,155,,TRUE,Male,First,College,
19,156,,TRUE,Male,Fourth,College,
19,28,,TRUE,Male,Second,College,
19,155,,TRUE,Male,Second,College,
30,526,,TRUE,Female,First,College,
17,20,,TRUE,Male,First,College,
17,46,,TRUE,Female,Second,College,
16,3,,TRUE,Male,Second,College,
16,12,,TRUE,Male,Third,College,
16,6,,TRUE,Female,Second,College,
17,13,,TRUE,Male,Second,College,
28,447,,TRUE,Male,Second,College,
28,393,,TRUE,Male,Second,College,
28,692,,TRUE,Female,First,College,
27,354,,TRUE,Male,First,College,
26,362,,TRUE,Male,First,College,
26,251,,TRUE,Male,Second,College,
25,76,,TRUE,Male,Second,College,
24,206,,TRUE,Male,Third,College,
24,213,,TRUE,Male,Third,College,
23,254,,TRUE,Male,Second,College,
22,375,,TRUE,Female,First,College,
22,356,,TRUE,Male,Second,College,
22,60,,TRUE,Male,Second,College,
20,143,,TRUE,Female,Second,College,
19,83,,TRUE,Male,First,College,
18,41,,TRUE,Male,Second,College,
16,16,,TRUE,Female,First,College,
36,506,,TRUE,Male,Third,College,
36,664,,TRUE,Female,Second,College,
36,676,,TRUE,Male,Second,College,
36,623,,TRUE,Male,First,College,
36,581,,TRUE,Female,First,College,
36,620,,TRUE,Male,First,College,
36,578,,TRUE,Female,First,College,
36,684,,TRUE,Female,First,College,
36,591,,TRUE,Female,First,College,
36,638,,TRUE,Female,Third,College,
36,583,,TRUE,Male,Third,College,
36,619,,TRUE,Male,First,College,
36,661,,TRUE,Female,First,College,
36,576,,TRUE,Male,First,College,
36,619,,TRUE,Male,Second,College,
36,657,,TRUE,Female,First,College,
36,449,,TRUE,Female,Third,College,
36,625,,TRUE,Male,First,College,
36,687,,TRUE,Female,First,College,
36,688,,TRUE,Male,First,College,
36,621,,TRUE,Male,First,College,
36,375,,TRUE,Male,Second,College,
36,613,,TRUE,Male,Second,College,
36,654,,TRUE,Female,Fourth,College,
36,725,,TRUE,Male,Second,College,
36,575,,TRUE,Male,Second,College,
36,723,,TRUE,Female,First,College,
36,684,,TRUE,Male,Fourth,College,
36,461,,TRUE,Male,Second,College,
36,690,,TRUE,Female,Third,College,
36,577,,TRUE,Female,Third,College,
36,678,,TRUE,Female,First,College,
36,612,,TRUE,Male,First,College,
36,578,,TRUE,Male,First,College,
36,491,,TRUE,Male,First,College,
36,696,,TRUE,Female,Second,College,
36,668,,TRUE,Male,Second,College,
36,688,,TRUE,Male,First,College,
35,696,,TRUE,Female,Eighth,College,
35,696,,TRUE,Female,Third,College,
35,502,,TRUE,Female,Second,College,
35,570,,TRUE,Male,Second,College,
35,593,,TRUE,Male,Third,College,
35,635,,TRUE,Female,First,College,
35,563,,TRUE,Male,Third,College,
35,500,,TRUE,Male,Second,College,
35,563,,TRUE,Female,Second,College,
35,478,,TRUE,Female,First,College,
35,655,,TRUE,Female,Second,College,
35,616,,TRUE,Female,First,College,
35,372,,TRUE,Male,First,College,
35,719,,TRUE,Male,First,College,
35,647,,TRUE,Female,First,College,
35,565,,TRUE,Male,First,College,
35,616,,TRUE,Female,Third,College,
35,413,,TRUE,Male,First,College,
35,695,,TRUE,Female,First,College,
35,624,,TRUE,Female,First,College,
35,649,,TRUE,Male,Third,College,
35,554,,TRUE,Male,Fourth,College,
35,607,,TRUE,Male,First,College,
35,684,,TRUE,Female,Second,College,
35,633,,TRUE,Female,Second,College,
35,576,,TRUE,Female,Second,College,
35,685,,TRUE,Female,First,College,
35,579,,TRUE,Female,First,College,
35,695,,TRUE,Male,First,College,
35,678,,TRUE,Female,Second,College,
35,663,,TRUE,Male,Second,College,
34,500,,TRUE,Male,Third,College,
34,355,,TRUE,Female,Second,College,
34,375,,TRUE,Male,Third,College,
34,654,,TRUE,Male,Second,College,
34,671,,TRUE,Female,Third,College,
34,709,,TRUE,Male,Second,College,
34,379,,TRUE,Male,First,College,
34,631,,TRUE,Male,First,College,
34,555,,TRUE,Male,Second,College,
34,481,,TRUE,Male,,College,
34,521,,TRUE,Male,Second,College,
34,683,,TRUE,Female,First,College,
34,488,,TRUE,Male,First,College,
34,669,,TRUE,Female,First,College,
34,693,,TRUE,Female,Third,College,
34,649,,TRUE,Female,First,College,
34,639,,TRUE,Female,Second,College,
34,512,,TRUE,Male,Second,College,
34,96,,TRUE,Male,Third,College,
34,699,,TRUE,Male,Fourth,College,
34,582,,TRUE,Female,First,College,
34,579,,TRUE,Female,Second,College,
34,668,,TRUE,Female,First,College,
34,574,,TRUE,Female,Second,College,
34,501,,TRUE,Male,First,College,
34,497,,TRUE,Male,Third,College,
34,663,,TRUE,Male,Third,College,
34,676,,TRUE,Male,Second,College,
34,624,,TRUE,Female,Second,College,
34,537,,TRUE,Female,First,College,
34,515,,TRUE,Male,First,College,
34,640,,TRUE,Male,First,College,
34,529,,TRUE,Female,First,College,
34,388,,TRUE,Female,First,College,
34,684,,TRUE,Female,First,College,
34,449,,TRUE,Female,First,College,
34,438,,TRUE,Male,First,College,
34,663,,TRUE,Male,First,College,
34,660,,TRUE,Female,Fourth,College,
34,602,,TRUE,Male,First,College,
34,614,,TRUE,Female,Third,College,
33,706,,TRUE,Female,Second,College,
33,691,,TRUE,Male,Second,College,
33,593,,TRUE,Female,First,College,
33,690,,TRUE,Female,First,College,
33,697,,TRUE,Male,Third,College,
33,555,,TRUE,Female,First,College,
33,644,,TRUE,Male,Third,College,
33,427,,TRUE,Female,First,College,
33,380,,TRUE,Female,First,College,
33,557,,TRUE,Male,First,College,
33,481,,TRUE,Male,Third,College,
33,537,,TRUE,Female,Third,College,
33,604,,TRUE,Female,First,College,
33,631,,TRUE,Male,First,College,
33,367,,TRUE,Male,First,College,
33,418,,TRUE,Male,First,College,
33,352,,TRUE,Male,Second,College,
33,651,,TRUE,Male,First,College,
33,570,,TRUE,Male,Seventh,College,
33,501,,TRUE,Male,Second,College,
33,528,,TRUE,Female,Second,College,
33,700,,TRUE,Male,Second,College,
33,690,,TRUE,Female,Second,College,
33,436,,TRUE,Female,Second,College,
33,666,,TRUE,Male,First,College,
33,592,,TRUE,Female,Third,College,
33,544,,TRUE,Female,Fourth,College,
33,542,,TRUE,Female,Second,College,
33,414,,TRUE,Male,Second,College,
33,671,,TRUE,Female,Third,College,
33,629,,TRUE,Male,First,College,
33,592,,TRUE,Male,First,College,
33,664,,TRUE,Female,Third,College,
33,494,,TRUE,Female,First,College,
33,713,,TRUE,Female,Second,College,
33,444,,TRUE,Male,Second,College,
33,588,,TRUE,Male,Third,College,
33,486,,TRUE,Female,Second,College,
33,589,,TRUE,Male,Second,College,
33,562,,TRUE,Female,First,College,
33,469,,TRUE,Male,Second,College,
33,616,,TRUE,Female,Third,College,
33,565,,TRUE,Female,Second,College,
33,722,,TRUE,Female,First,College,
33,612,,TRUE,Male,First,College,
33,593,,TRUE,Female,Second,College,
32,558,,TRUE,Male,Second,College,
32,533,,TRUE,Female,Second,College,
32,431,,TRUE,Female,First,College,
32,614,,TRUE,Female,First,College,
32,493,,TRUE,Male,Second,College,
32,643,,TRUE,Female,Third,College,
32,530,,TRUE,Male,First,College,
32,315,,TRUE,Male,Second,College,
32,529,,TRUE,Male,First,College,
32,559,,TRUE,Male,First,College,
32,562,,TRUE,Female,Second,College,
32,460,,TRUE,Male,Second,College,
32,398,,TRUE,Male,Third,College,
32,552,,TRUE,Female,Second,College,
32,600,,TRUE,Male,First,College,
32,408,,TRUE,Male,First,College,
32,428,,TRUE,Female,Fourth,College,
32,360,,TRUE,Female,Third,College,
32,558,,TRUE,Female,First,College,
32,723,,TRUE,Female,Second,College,
32,625,,TRUE,Female,Fourth,College,
32,601,,TRUE,Male,First,College,
32,513,,TRUE,Female,Third,College,
32,608,,TRUE,Male,First,College,
32,435,,TRUE,Male,Third,College,
32,713,,TRUE,Male,Fourth,College,
32,646,,TRUE,Female,Second,College,
32,356,,TRUE,Female,Second,College,
32,546,,TRUE,Male,First,College,
32,672,,TRUE,Female,First,College,
32,248,,TRUE,Male,Second,College,
32,343,,TRUE,Female,First,College,
32,501,,TRUE,Female,Second,College,
32,457,,TRUE,Female,Second,College,
32,578,,TRUE,Male,Second,College,
32,693,,TRUE,Female,Second,College,
32,635,,TRUE,Male,First,College,
31,538,,TRUE,Female,Second,College,
31,524,,TRUE,Female,Third,College,
31,690,,TRUE,Male,First,College,
31,567,,TRUE,Female,First,College,
31,573,,TRUE,Female,Third,College,
31,399,,TRUE,Male,Third,College,
31,590,,TRUE,Male,First,College,
31,704,,TRUE,Male,First,College,
31,715,,TRUE,Male,Second,College,
31,695,,TRUE,Female,Second,College,
31,415,,TRUE,Female,First,College,
31,635,,TRUE,Male,First,College,
31,715,,TRUE,Male,First,College,
31,576,,TRUE,Male,First,College,
31,473,,TRUE,Female,Second,College,
31,371,,TRUE,Female,Second,College,
31,50,,TRUE,Male,First,College,
31,615,,TRUE,Female,Third,College,
31,372,,TRUE,Male,First,College,
31,198,,TRUE,Male,First,College,
31,511,,TRUE,Male,Second,College,
31,454,,TRUE,Male,Second,College,
31,349,,TRUE,Female,First,College,
31,662,,TRUE,Male,First,College,
31,438,,TRUE,Female,First,College,
31,467,,TRUE,Female,First,College,
31,322,,TRUE,Male,First,College,
31,507,,TRUE,Male,First,College,
31,539,,TRUE,Female,First,College,
31,432,,TRUE,Male,Third,College,
31,553,,TRUE,Female,Second,College,
31,720,,TRUE,Female,First,College,
31,574,,TRUE,Female,First,College,
31,592,,TRUE,Male,Second,College,
31,445,,TRUE,Male,First,College,
31,498,,TRUE,Male,First,College,
31,366,,TRUE,Male,Third,College,
31,374,,TRUE,Male,Third,College,
31,594,,TRUE,Female,Third,College,
31,489,,TRUE,Female,Second,College,
31,528,,TRUE,Male,Second,College,
31,616,,TRUE,Female,First,College,
31,540,,TRUE,Male,Fourth,College,
31,404,,TRUE,Male,First,College,
31,451,,TRUE,Female,Fourth,College,
31,530,,TRUE,Female,First,College,
31,586,,TRUE,Female,Second,College,
31,641,,TRUE,Female,Third,College,
31,558,,TRUE,Female,First,College,
31,512,,TRUE,Male,First,College,
31,639,,TRUE,Female,Second,College,
31,439,,TRUE,Female,First,College,
31,428,,TRUE,Female,Second,College,
31,642,,TRUE,Female,Second,College,
31,437,,TRUE,Female,Second,College,
31,650,,TRUE,Male,First,College,
31,513,,TRUE,Male,Second,College,
31,513,,TRUE,Female,First,College,
31,529,,TRUE,Male,First,College,
31,450,,TRUE,Male,Fourth,College,
31,582,,TRUE,Male,Second,College,
31,605,,TRUE,Female,First,College,
29,507,,TRUE,Female,Second,Graduate,
29,415,,TRUE,Female,First,Graduate,
29,639,,TRUE,Female,First,Graduate,
29,27,,TRUE,Male,Third,Graduate,
28,324,,TRUE,Male,First,Graduate,
28,663,,TRUE,Female,First,Graduate,
28,493,,TRUE,Female,First,Graduate,
30,522,,TRUE,Female,Third,Graduate,
30,591,,TRUE,Female,,Graduate,
30,564,,TRUE,Female,Second,Graduate,
26,183,,TRUE,Female,Second,Graduate,
30,571,,TRUE,Female,First,Graduate,
30,574,,TRUE,Male,First,Graduate,
30,668,,TRUE,Male,First,Graduate,
27,453,,TRUE,Female,Second,Graduate,
27,493,,TRUE,Female,Third,Graduate,
27,180,,TRUE,Female,Second,Graduate,
26,266,,TRUE,Male,Third,Graduate,
26,474,,TRUE,Male,First,Graduate,
26,428,,TRUE,Female,,Graduate,
25,90,,TRUE,Female,First,Graduate,
25,296,,TRUE,Female,First,Graduate,
21,544,,TRUE,Female,First,Graduate,
20,34,,TRUE,Male,Fourth,Graduate,
20,95,,TRUE,Male,Second,Graduate,
20,266,,TRUE,Female,Second,Graduate,
20,276,,TRUE,Male,First,Graduate,
19,17,,TRUE,Female,First,Graduate,
19,75,,TRUE,Male,First,Graduate,
18,97,,TRUE,Male,First,Graduate,
18,133,,TRUE,Male,First,Graduate,
18,25,,TRUE,Male,Second,Graduate,
18,107,,TRUE,Female,First,Graduate,
18,12,,TRUE,Female,First,Graduate,
23,410,,TRUE,Male,First,Graduate,
23,386,,TRUE,Female,First,Graduate,
23,108,,TRUE,Male,Second,Graduate,
24,154,,TRUE,Male,Second,Graduate,
24,322,,TRUE,Female,Second,Graduate,
17,28,,TRUE,Female,Second,Graduate,
17,41,,TRUE,Female,Fourth,Graduate,
17,79,,TRUE,Female,Fourth,Graduate,
17,29,,TRUE,Female,First,Graduate,
16,21,,TRUE,Male,Second,Graduate,
16,142,,TRUE,Male,Second,Graduate,
16,12,,TRUE,Male,First,Graduate,
17,27,,TRUE,Male,Second,Graduate,
29,385,,TRUE,Male,First,Graduate,
25,384,,TRUE,Female,First,Graduate,
29,426,,TRUE,Female,Second,Graduate,
22,324,,TRUE,Female,First,Graduate,
18,59,,TRUE,Female,,Graduate,
30,457,,TRUE,Female,First,Graduate,
30,469,,TRUE,Female,Third,Graduate,
28,536,,TRUE,Female,Fourth,Graduate,
28,589,,TRUE,Female,First,Graduate,
28,552,,TRUE,Male,First,Graduate,
28,292,,TRUE,Female,Second,Graduate,
26,535,,TRUE,Female,First,Graduate,
26,631,,TRUE,Male,Second,Graduate,
23,530,,TRUE,Female,First,Graduate,
23,256,,TRUE,Male,Second,Graduate,
23,273,,TRUE,Male,First,Graduate,
22,59,,TRUE,Female,Second,Graduate,
22,310,,TRUE,Female,Second,Graduate,
22,88,,TRUE,Female,First,Graduate,
22,196,,TRUE,Male,First,Graduate,
22,336,,TRUE,Male,Second,Graduate,
21,180,,TRUE,Female,Fourth,Graduate,
21,70,,TRUE,Male,First,Graduate,
21,144,,TRUE,Female,First,Graduate,
20,179,,TRUE,Male,First,Graduate,
19,29,,TRUE,Female,Third,Graduate,
19,20,,TRUE,Male,First,Graduate,
18,19,,TRUE,Female,Second,Graduate,
17,25,,TRUE,Male,Second,Graduate,
18,14,,TRUE,Male,Second,Graduate,
17,94,,TRUE,Female,Second,Graduate,
17,19,,TRUE,Male,Third,Graduate,
16,70,,TRUE,Male,Second,Graduate,
16,14,,TRUE,Female,Second,Graduate,
16,15,,TRUE,Male,Third,Graduate,
29,620,,TRUE,Male,First,Graduate,
26,119,,TRUE,Male,First,Graduate,
30,435,,TRUE,Male,First,Graduate,
29,475,,TRUE,Female,Second,Graduate,
29,586,,TRUE,Female,Third,Graduate,
28,425,,TRUE,Female,Third,Graduate,
28,491,,TRUE,Male,Second,Graduate,
26,171,,TRUE,Female,First,Graduate,
26,205,,TRUE,Male,Second,Graduate,
26,273,,TRUE,Female,Third,Graduate,
26,485,,TRUE,Female,First,Graduate,
25,488,,TRUE,Female,First,Graduate,
26,511,,TRUE,Female,Second,Graduate,
24,269,,TRUE,Female,Second,Graduate,
24,546,,TRUE,Female,First,Graduate,
23,46,,TRUE,Female,First,Graduate,
22,82,,TRUE,Male,Second,Graduate,
22,360,,TRUE,Female,Second,Graduate,
22,289,,TRUE,Female,Second,Graduate,
21,35,,TRUE,Male,First,Graduate,
21,219,,TRUE,Female,First,Graduate,
20,50,,TRUE,Female,Second,Graduate,
20,161,,TRUE,Male,First,Graduate,
19,42,,TRUE,Female,First,Graduate,
17,11,,TRUE,Female,First,Graduate,
16,14,,TRUE,Male,Second,Graduate,
30,470,,TRUE,Male,Third,Graduate,
28,0,,TRUE,Female,First,Graduate,
27,238,,TRUE,Male,Second,Graduate,
25,441,,TRUE,Female,First,Graduate,
24,124,,TRUE,Female,First,Graduate,
24,301,,TRUE,Female,First,Graduate,
22,12,,TRUE,Female,Third,Graduate,
22,29,,TRUE,Female,Third,Graduate,
21,77,,TRUE,Male,First,Graduate,
21,78,,TRUE,Female,First,Graduate,
21,217,,TRUE,Female,First,Graduate,
18,29,,TRUE,Female,First,Graduate,
17,9,,TRUE,Female,First,Graduate,
17,37,,TRUE,Male,First,Graduate,
17,23,,TRUE,Female,First,Graduate,
16,12,,TRUE,Male,Second,Graduate,
29,259,,TRUE,Male,Second,Graduate,
27,232,,TRUE,Male,Second,Graduate,
25,479,,TRUE,Male,Third,Graduate,
23,73,,TRUE,Male,Third,Graduate,
22,549,,TRUE,Male,Third,Graduate,
22,213,,TRUE,Male,Third,Graduate,
20,144,,TRUE,Female,Third,Graduate,
24,165,,TRUE,Female,Second,Graduate,
23,242,,TRUE,Male,First,Graduate,
22,267,,TRUE,Female,First,Graduate,
21,353,,TRUE,Female,Third,Graduate,
19,133,,TRUE,Male,First,Graduate,
17,13,,TRUE,Male,First,Graduate,
29,283,,TRUE,Female,Second,Graduate,
27,514,,TRUE,Female,Third,Graduate,
26,233,,TRUE,Female,First,Graduate,
25,721,,TRUE,Female,First,Graduate,
24,225,,TRUE,Female,First,Graduate,
24,35,,TRUE,Female,Second,Graduate,
23,173,,TRUE,Female,Second,Graduate,
23,264,,TRUE,Female,First,Graduate,
22,21,,TRUE,Female,Second,Graduate,
22,22,,TRUE,Female,Second,Graduate,
22,413,,TRUE,Female,First,Graduate,
21,455,,TRUE,Female,Third,Graduate,
20,194,,TRUE,Female,First,Graduate,
18,48,,TRUE,Female,First,Graduate,
16,9,,TRUE,Female,First,Graduate,
30,505,,TRUE,Male,First,Graduate,
30,489,,TRUE,Female,Second,Graduate,
30,481,,TRUE,Female,First,Graduate,
30,552,,TRUE,Male,First,Graduate,
29,570,,TRUE,Male,Third,Graduate,
28,437,,TRUE,Male,First,Graduate,
28,199,,TRUE,Female,Third,Graduate,
27,440,,TRUE,Male,Second,Graduate,
27,490,,TRUE,Female,Second,Graduate,
27,297,,TRUE,Female,Second,Graduate,
27,422,,TRUE,Male,First,Graduate,
26,180,,TRUE,Male,Second,Graduate,
25,220,,TRUE,Male,Second,Graduate,
25,427,,TRUE,Male,First,Graduate,
24,432,,TRUE,Female,Third,Graduate,
22,182,,TRUE,Male,First,Graduate,
22,298,,TRUE,Female,First,Graduate,
21,178,,TRUE,Male,First,Graduate,
21,27,,TRUE,Female,Second,Graduate,
21,262,,TRUE,Female,Second,Graduate,
21,269,,TRUE,Male,First,Graduate,
21,97,,TRUE,Male,Third,Graduate,
20,12,,TRUE,Male,Third,Graduate,
19,58,,TRUE,Female,First,Graduate,
20,15,,TRUE,Male,First,Graduate,
18,15,,TRUE,Female,First,Graduate,
17,58,,TRUE,Female,Third,Graduate,
17,15,,TRUE,Male,Second,Graduate,
16,66,,TRUE,Male,First,Graduate,
16,7,,TRUE,Male,First,Graduate,
16,4,,TRUE,Female,First,Graduate,
30,382,,TRUE,Male,First,Graduate,
30,600,,TRUE,Female,Second,Graduate,
30,459,,TRUE,Female,Second,Graduate,
28,289,,TRUE,Female,Second,Graduate,
27,317,,TRUE,Female,Second,Graduate,
27,32,,TRUE,Female,First,Graduate,
27,499,,TRUE,Female,First,Graduate,
25,86,,TRUE,Male,First,Graduate,
24,17,,TRUE,Male,Second,Graduate,
24,181,,TRUE,Female,Second,Graduate,
21,14,,TRUE,Male,Second,Graduate,
20,24,,TRUE,Male,First,Graduate,
19,84,,TRUE,Female,Second,Graduate,
19,74,,TRUE,Female,First,Graduate,
18,56,,TRUE,Male,Third,Graduate,
16,16,,TRUE,Female,Second,Graduate,
30,549,,TRUE,Male,First,Graduate,
30,404,,TRUE,Female,First,Graduate,
29,199,,TRUE,Male,First,Graduate,
29,529,,TRUE,Female,Second,Graduate,
28,436,,TRUE,Female,First,Graduate,
28,500,,TRUE,Female,Second,Graduate,
28,538,,TRUE,Female,Second,Graduate,
28,624,,TRUE,Female,First,Graduate,
27,507,,TRUE,Male,Second,Graduate,
27,543,,TRUE,Female,Third,Graduate,
26,144,,TRUE,Male,First,Graduate,
25,317,,TRUE,Female,Second,Graduate,
25,35,,TRUE,Female,Second,Graduate,
24,301,,TRUE,Female,First,Graduate,
24,431,,TRUE,Female,Second,Graduate,
23,211,,TRUE,Female,Second,Graduate,
22,370,,TRUE,Male,Second,Graduate,
21,163,,TRUE,Female,Second,Graduate,
20,227,,TRUE,Male,First,Graduate,
20,91,,TRUE,Male,First,Graduate,
19,39,,TRUE,Female,First,Graduate,
19,49,,TRUE,Female,First,Graduate,
19,26,,TRUE,Female,Second,Graduate,
19,30,,TRUE,Female,First,Graduate,
18,8,,TRUE,Male,Second,Graduate,
17,46,,TRUE,Female,Second,Graduate,
17,17,,TRUE,Female,Second,Graduate,
17,33,,TRUE,Female,Second,Graduate,
30,540,,TRUE,Male,First,Graduate,
30,521,,TRUE,Male,Second,Graduate,
30,599,,TRUE,Male,Second,Graduate,
30,330,,TRUE,Male,Second,Graduate,
29,562,,TRUE,Male,First,Graduate,
29,633,,TRUE,Female,First,Graduate,
29,284,,TRUE,Female,First,Graduate,
28,369,,TRUE,Male,Second,Graduate,
18,528,,TRUE,Male,Third,Graduate,
28,362,,TRUE,Female,First,Graduate,
28,436,,TRUE,Female,Second,Graduate,
28,534,,TRUE,Female,First,Graduate,
28,541,,TRUE,Male,Second,Graduate,
27,365,,TRUE,Male,Second,Graduate,
27,499,,TRUE,Female,Second,Graduate,
26,256,,TRUE,Male,Second,Graduate,
26,267,,TRUE,Male,Third,Graduate,
25,291,,TRUE,Male,Second,Graduate,
25,264,,TRUE,Male,First,Graduate,
25,332,,TRUE,Female,First,Graduate,
25,409,,TRUE,Male,First,Graduate,
24,356,,TRUE,Male,Second,Graduate,
24,367,,TRUE,Female,First,Graduate,
24,106,,TRUE,Female,Second,Graduate,
24,110,,TRUE,Female,Third,Graduate,
23,56,,TRUE,Male,First,Graduate,
23,295,,TRUE,Female,First,Graduate,
23,40,,TRUE,Male,First,Graduate,
21,152,,TRUE,Male,Second,Graduate,
21,26,,TRUE,Female,Second,Graduate,
21,156,,TRUE,Female,First,Graduate,
21,60,,TRUE,Male,First,Graduate,
20,77,,TRUE,Female,Second,Graduate,
20,90,,TRUE,Female,Third,Graduate,
20,165,,TRUE,Male,Second,Graduate,
20,98,,TRUE,Female,Second,Graduate,
19,101,,TRUE,Male,First,Graduate,
19,40,,TRUE,Female,Second,Graduate,
19,30,,TRUE,Male,First,Graduate,
19,63,,TRUE,Female,First,Graduate,
19,66,,TRUE,Female,First,Graduate,
19,16,,TRUE,Female,Second,Graduate,
19,27,,TRUE,Female,First,Graduate,
17,27,,TRUE,Female,Second,Graduate,
16,15,,TRUE,Female,Second,Graduate,
16,19,,TRUE,Male,Second,Graduate,
16,17,,TRUE,Male,Second,Graduate,
29,681,,TRUE,Female,Second,Graduate,
27,375,,TRUE,Male,First,Graduate,
26,606,,TRUE,Male,Second,Graduate,
23,352,,TRUE,Female,First,Graduate,
21,28,,TRUE,Male,First,Graduate,
18,3,,TRUE,Male,First,Graduate,
16,27,,TRUE,Female,Third,Graduate,
16,34,,TRUE,Male,First,Graduate,
26,152,,TRUE,Male,First,Graduate,
24,217,,TRUE,Male,First,Graduate,
20,43,,TRUE,Male,Second,Graduate,
19,59,,TRUE,Male,First,Graduate,
18,207,,TRUE,Male,First,Graduate,
16,35,,TRUE,Female,First,Graduate,
25,390,,TRUE,Male,First,Graduate,
24,265,,TRUE,Male,Second,Graduate,
29,506,,TRUE,Female,Third,Graduate,
29,97,,TRUE,Male,Second,Graduate,
29,377,,TRUE,Male,Second,Graduate,
28,497,,TRUE,Male,First,Graduate,
27,281,,TRUE,Female,Third,Graduate,
27,379,,TRUE,Female,Second,Graduate,
26,318,,TRUE,Male,First,Graduate,
25,456,,TRUE,Female,First,Graduate,
26,350,,TRUE,Male,Second,Graduate,
24,55,,TRUE,Male,Second,Graduate,
23,459,,TRUE,Male,First,Graduate,
21,34,,TRUE,Female,Second,Graduate,
21,147,,TRUE,Male,First,Graduate,
20,58,,TRUE,Male,First,Graduate,
19,15,,TRUE,Male,First,Graduate,
18,17,,TRUE,Male,Second,Graduate,
30,508,,TRUE,Male,Second,Graduate,
29,292,,TRUE,Female,First,Graduate,
28,413,,TRUE,Male,First,Graduate,
28,50,,TRUE,Male,Second,Graduate,
27,527,,TRUE,Female,First,Graduate,
26,517,,TRUE,Female,First,Graduate,
26,400,,TRUE,Female,Third,Graduate,
25,36,,TRUE,Female,First,Graduate,
25,300,,TRUE,Male,First,Graduate,
25,172,,TRUE,Male,Second,Graduate,
24,84,,TRUE,Male,Third,Graduate,
24,127,,TRUE,Male,Fifth,Graduate,
24,439,,TRUE,Female,Third,Graduate,
24,326,,TRUE,Male,First,Graduate,
24,322,,TRUE,Female,Fourth,Graduate,
23,202,,TRUE,Female,First,Graduate,
23,400,,TRUE,Female,First,Graduate,
23,436,,TRUE,Female,Third,Graduate,
23,290,,TRUE,Male,Second,Graduate,
23,129,,TRUE,Female,Second,Graduate,
23,185,,TRUE,Female,First,Graduate,
22,72,,TRUE,Male,First,Graduate,
22,69,,TRUE,Female,Second,Graduate,
22,112,,TRUE,Female,First,Graduate,
21,10,,TRUE,Male,Third,Graduate,
21,187,,TRUE,Female,Second,Graduate,
21,9,,TRUE,Male,Second,Graduate,
21,69,,TRUE,Male,First,Graduate,
21,22,,TRUE,Male,First,Graduate,
20,169,,TRUE,Male,First,Graduate,
19,120,,TRUE,Female,Second,Graduate,
19,54,,TRUE,Female,First,Graduate,
19,46,,TRUE,Male,First,Graduate,
19,71,,TRUE,Female,Second,Graduate,
19,6,,TRUE,Male,Second,Graduate,
18,246,,TRUE,Male,Third,Graduate,
18,54,,TRUE,Male,Second,Graduate,
18,15,,TRUE,Female,First,Graduate,
18,34,,TRUE,Male,First,Graduate,
18,16,,TRUE,Male,Second,Graduate,
18,123,,TRUE,Female,Second,Graduate,
16,22,,TRUE,Female,First,Graduate,
16,6,,TRUE,Female,Second,Graduate,
16,6,,TRUE,Female,First,Graduate,
29,475,,TRUE,Male,First,Graduate,
30,439,,TRUE,Male,First,Graduate,
29,442,,TRUE,Male,Second,Graduate,
29,527,,TRUE,Male,Third,Graduate,
29,576,,TRUE,Male,First,Graduate,
28,562,,TRUE,Female,Second,Graduate,
27,364,,TRUE,Female,Second,Graduate,
26,293,,TRUE,Male,First,Graduate,
25,583,,TRUE,Female,First,Graduate,
24,121,,TRUE,Male,First,Graduate,
24,78,,TRUE,Male,Second,Graduate,
24,440,,TRUE,Male,Third,Graduate,
22,384,,TRUE,Female,First,Graduate,
21,35,,TRUE,Female,First,Graduate,
20,23,,TRUE,Male,Second,Graduate,
20,117,,TRUE,Male,Second,Graduate,
29,37,,TRUE,Male,First,Graduate,
26,259,,TRUE,Male,Second,Graduate,
26,225,,TRUE,Male,Second,Graduate,
24,141,,TRUE,Male,Second,Graduate,
21,46,,TRUE,Male,First,Graduate,
21,57,,TRUE,Male,Third,Graduate,
18,20,,TRUE,Male,,Graduate,
17,192,,TRUE,Female,First,Graduate,
16,5,,TRUE,Male,Second,Graduate,
16,7,,TRUE,Male,Third,Graduate,
16,17,,TRUE,Male,Second,Graduate,
36,630,,TRUE,Male,First,Graduate,
36,462,,TRUE,Male,Second,Graduate,
36,634,,TRUE,Male,Second,Graduate,
36,656,,TRUE,Female,Second,Graduate,
36,589,,TRUE,Female,Second,Graduate,
36,707,,TRUE,Female,Second,Graduate,
36,572,,TRUE,Female,Second,Graduate,
36,617,,TRUE,Male,Second,Graduate,
36,486,,TRUE,Female,First,Graduate,
36,628,,TRUE,Male,Second,Graduate,
36,362,,TRUE,Male,Second,Graduate,
36,349,,TRUE,Female,Second,Graduate,
36,564,,TRUE,Female,Second,Graduate,
36,518,,TRUE,Female,First,Graduate,
36,519,,TRUE,Male,First,Graduate,
36,685,,TRUE,Female,First,Graduate,
35,591,,TRUE,Male,First,Graduate,
35,700,,TRUE,Male,Third,Graduate,
35,705,,TRUE,Female,Second,Graduate,
35,502,,TRUE,Female,First,Graduate,
35,567,,TRUE,Female,First,Graduate,
35,586,,TRUE,Male,Second,Graduate,
35,307,,TRUE,Female,First,Graduate,
35,661,,TRUE,Male,First,Graduate,
35,380,,TRUE,Male,Second,Graduate,
35,678,,TRUE,Male,Third,Graduate,
35,633,,TRUE,Female,First,Graduate,
35,517,,TRUE,Female,Second,Graduate,
35,616,,TRUE,Male,Third,Graduate,
34,534,,TRUE,Female,Second,Graduate,
34,640,,TRUE,Female,Fourth,Graduate,
34,624,,TRUE,Male,Second,Graduate,
34,582,,TRUE,Female,Second,Graduate,
34,608,,TRUE,Female,Fourth,Graduate,
34,576,,TRUE,Female,First,Graduate,
34,604,,TRUE,Female,Third,Graduate,
34,534,,TRUE,Female,Second,Graduate,
34,586,,TRUE,Male,Third,Graduate,
34,674,,TRUE,Female,First,Graduate,
34,576,,TRUE,Male,First,Graduate,
34,675,,TRUE,Female,Second,Graduate,
34,563,,TRUE,Female,Second,Graduate,
34,511,,TRUE,Female,First,Graduate,
34,431,,TRUE,Female,Second,Graduate,
34,470,,TRUE,Female,First,Graduate,
33,414,,TRUE,Male,Second,Graduate,
33,589,,TRUE,Female,Second,Graduate,
33,606,,TRUE,Male,First,Graduate,
33,671,,TRUE,Female,Third,Graduate,
33,657,,TRUE,Male,Second,Graduate,
33,570,,TRUE,Female,,Graduate,
33,570,,TRUE,Female,,Graduate,
33,658,,TRUE,Male,First,Graduate,
33,469,,TRUE,Male,Second,Graduate,
33,639,,TRUE,Male,First,Graduate,
33,714,,TRUE,Male,Second,Graduate,
33,586,,TRUE,Female,First,Graduate,
33,624,,TRUE,Female,First,Graduate,
33,634,,TRUE,Female,Second,Graduate,
33,476,,TRUE,Female,First,Graduate,
33,616,,TRUE,Female,First,Graduate,
33,622,,TRUE,Female,First,Graduate,
33,429,,TRUE,Male,Fourth,Graduate,
33,645,,TRUE,Female,Second,Graduate,
32,598,,TRUE,Female,First,Graduate,
32,389,,TRUE,Female,First,Graduate,
32,562,,TRUE,Female,First,Graduate,
32,682,,TRUE,Female,Second,Graduate,
32,714,,TRUE,Male,Second,Graduate,
32,644,,TRUE,Male,First,Graduate,
32,672,,TRUE,Female,First,Graduate,
32,492,,TRUE,Male,Second,Graduate,
32,351,,TRUE,Male,First,Graduate,
32,585,,TRUE,Female,First,Graduate,
32,524,,TRUE,Male,Second,Graduate,
32,556,,TRUE,Female,Second,Graduate,
32,527,,TRUE,Male,First,Graduate,
32,533,,TRUE,Male,First,Graduate,
32,459,,TRUE,Male,Second,Graduate,
32,145,,TRUE,Female,First,Graduate,
32,406,,TRUE,Male,Second,Graduate,
32,669,,TRUE,Female,First,Graduate,
32,437,,TRUE,Male,First,Graduate,
32,628,,TRUE,Male,First,Graduate,
31,657,,TRUE,Male,Second,Graduate,
31,467,,TRUE,Male,First,Graduate,
31,489,,TRUE,Female,Fifth,Graduate,
31,468,,TRUE,Male,Second,Graduate,
31,650,,TRUE,Female,First,Graduate,
31,583,,TRUE,Female,First,Graduate,
31,615,,TRUE,Female,Third,Graduate,
31,514,,TRUE,Male,First,Graduate,
31,471,,TRUE,Female,Second,Graduate,
31,485,,TRUE,Female,First,Graduate,
31,566,,TRUE,Female,Second,Graduate,
31,622,,TRUE,Female,First,Graduate,
31,715,,TRUE,Female,First,Graduate,
31,360,,TRUE,Female,First,Graduate,
31,490,,TRUE,Male,Second,Graduate,
31,615,,TRUE,Female,Second,Graduate,
31,604,,TRUE,Male,First,Graduate,
31,601,,TRUE,Male,Second,Graduate,
31,525,,TRUE,Male,Second,Graduate,
29,460,,TRUE,Female,,None,
28,479,,TRUE,Male,Third,None,
29,344,,TRUE,Female,,None,
28,165,,TRUE,Female,,None,
24,58,,TRUE,Female,,None,
19,61,,TRUE,Female,,None,
19,187,,TRUE,Female,First,None,
16,11,,TRUE,Male,First,None,
16,21,,TRUE,Male,,None,
29,439,,TRUE,Female,First,None,
27,8,,TRUE,Male,,None,
16,18,,TRUE,Female,,None,
25,362,,TRUE,Male,,None,
23,142,,TRUE,Male,First,None,
22,22,,TRUE,Male,First,None,
22,36,,TRUE,Male,First,None,
22,277,,TRUE,Female,First,None,
29,345,,TRUE,Male,,None,
17,298,,TRUE,Male,,None,
25,548,,TRUE,Female,Second,None,
29,307,,TRUE,Male,,None,
27,240,,TRUE,Male,Second,None,
22,242,,TRUE,Male,Second,None,
18,16,,TRUE,Male,Fourth,None,
20,57,,TRUE,Male,First,None,
16,8,,TRUE,Female,,None,
27,112,,TRUE,Male,Third,None,
22,28,,TRUE,Female,First,None,
21,31,,TRUE,Male,Second,None,
16,16,,TRUE,Female,,None,
30,555,,TRUE,Female,,None,
28,74,,TRUE,Male,First,None,
27,515,,TRUE,Male,,None,
27,213,,TRUE,Female,Third,None,
30,527,,TRUE,Female,Second,None,
26,405,,TRUE,Female,,None,
25,543,,TRUE,Female,,None,
24,24,,TRUE,Male,Third,None,
27,259,,TRUE,Female,First,None,
24,321,,TRUE,Female,,None,
36,518,,TRUE,Male,First,None,
36,665,,TRUE,Female,First,None,
36,576,,TRUE,Female,First,None,
36,540,,TRUE,Male,Second,None,
36,226,,TRUE,Female,Second,None,
36,580,,TRUE,Male,First,None,
35,650,,TRUE,Male,Second,None,
35,632,,TRUE,Female,First,None,
35,681,,TRUE,Male,Second,None,
35,515,,TRUE,Male,Seventh,None,
35,528,,TRUE,Female,First,None,
35,449,,TRUE,Male,Second,None,
35,612,,TRUE,Male,First,None,
34,626,,TRUE,Female,Second,None,
34,478,,TRUE,Male,Second,None,
34,635,,TRUE,Male,First,None,
34,395,,TRUE,Male,Second,None,
34,638,,TRUE,Female,First,None,
33,655,,TRUE,Female,Fifth,None,
32,725,,TRUE,Male,First,None,
32,625,,TRUE,Male,First,None,
32,490,,TRUE,Male,First,None,
32,689,,TRUE,Female,Third,None,
32,609,,TRUE,Male,Second,None,
32,492,,TRUE,Female,Second,None,
32,648,,TRUE,Female,First,None,
32,476,,TRUE,Male,First,None,
32,496,,TRUE,Male,Second,None,
31,277,,TRUE,Male,Second,None,
31,555,,TRUE,Female,Second,None,
31,473,,TRUE,Male,Second,None,
31,457,,TRUE,Female,First,None,
31,410,,TRUE,Male,Second,None,
31,542,,TRUE,Male,Second,None,
30,528,,TRUE,Male,First,Primary,
27,521,,TRUE,Male,Second,Primary,
25,436,,TRUE,Male,Third,Primary,
18,128,,TRUE,Male,Sixth,Primary,
22,91,,TRUE,Female,Fourth,Primary,
24,649,,TRUE,Female,Second,Primary,
18,43,,TRUE,Female,Third,Primary,
16,21,,TRUE,Female,First,Primary,
21,9,,TRUE,Male,First,Primary,
19,70,,TRUE,Male,First,Primary,
30,394,,TRUE,Male,First,Primary,
28,466,,TRUE,Female,Second,Primary,
27,256,,TRUE,Female,Third,Primary,
26,378,,TRUE,Female,Second,Primary,
24,169,,TRUE,Female,First,Primary,
23,75,,TRUE,Female,First,Primary,
21,91,,TRUE,Female,First,Primary,
20,38,,TRUE,Female,Second,Primary,
20,11,,TRUE,Female,First,Primary,
19,67,,TRUE,Female,First,Primary,
18,56,,TRUE,Female,Fifth,Primary,
16,19,,TRUE,Female,Second,Primary,
16,40,,TRUE,Male,First,Primary,
26,367,,TRUE,Female,First,Primary,
23,74,,TRUE,Male,First,Primary,
21,104,,TRUE,Male,Third,Primary,
20,96,,TRUE,Male,First,Primary,
18,36,,TRUE,Male,Second,Primary,
30,512,,TRUE,Male,Third,Primary,
27,379,,TRUE,Female,Second,Primary,
24,51,,TRUE,Male,Third,Primary,
21,128,,TRUE,Female,First,Primary,
20,37,,TRUE,Female,Third,Primary,
19,141,,TRUE,Female,Second,Primary,
19,26,,TRUE,Male,First,Primary,
18,138,,TRUE,Female,First,Primary,
29,222,,TRUE,Male,Second,Primary,
28,222,,TRUE,Male,First,Primary,
27,524,,TRUE,Female,First,Primary,
21,41,,TRUE,Male,First,Primary,
21,220,,TRUE,Male,First,Primary,
21,145,,TRUE,Male,Second,Primary,
19,19,,TRUE,Male,Second,Primary,
19,34,,TRUE,Female,First,Primary,
17,76,,TRUE,Male,First,Primary,
17,67,,TRUE,Female,Second,Primary,
16,10,,TRUE,Male,First,Primary,
16,6,,TRUE,Male,First,Primary,
28,233,,TRUE,Male,Second,Primary,
26,439,,TRUE,Female,Second,Primary,
22,77,,TRUE,Male,Third,Primary,
20,70,,TRUE,Female,First,Primary,
20,78,,TRUE,Male,,Primary,
18,43,,TRUE,Male,Second,Primary,
30,402,,TRUE,Female,First,Primary,
22,396,,TRUE,Female,Second,Primary,
17,22,,TRUE,Female,First,Primary,
28,405,,TRUE,Male,Second,Primary,
27,573,,TRUE,Male,Third,Primary,
26,399,,TRUE,Male,First,Primary,
26,159,,TRUE,Female,First,Primary,
26,370,,TRUE,Male,Second,Primary,
25,186,,TRUE,Male,Second,Primary,
24,279,,TRUE,Male,Second,Primary,
24,410,,TRUE,Female,First,Primary,
22,280,,TRUE,Male,Second,Primary,
22,294,,TRUE,Female,Fourth,Primary,
21,96,,TRUE,Female,Third,Primary,
21,28,,TRUE,Male,Fifth,Primary,
21,115,,TRUE,Female,Third,Primary,
19,21,,TRUE,Female,Second,Primary,
19,108,,TRUE,Female,First,Primary,
19,35,,TRUE,Female,Second,Primary,
18,74,,TRUE,Female,First,Primary,
28,336,,TRUE,Male,Second,Primary,
28,10,,TRUE,Female,Third,Primary,
27,222,,TRUE,Female,Second,Primary,
27,421,,TRUE,Female,First,Primary,
21,223,,TRUE,Female,First,Primary,
17,21,,TRUE,Female,Second,Primary,
30,313,,TRUE,Female,Second,Primary,
26,130,,TRUE,Male,Second,Primary,
24,351,,TRUE,Female,First,Primary,
22,151,,TRUE,Female,First,Primary,
21,128,,TRUE,Female,Second,Primary,
20,125,,TRUE,Female,First,Primary,
21,48,,TRUE,Male,First,Primary,
19,61,,TRUE,Male,,Primary,
18,83,,TRUE,Female,First,Primary,
16,5,,TRUE,Male,Third,Primary,
16,71,,TRUE,Female,First,Primary,
16,25,,TRUE,Female,First,Primary,
30,544,,TRUE,Male,Second,Primary,
30,424,,TRUE,Male,First,Primary,
29,438,,TRUE,Male,First,Primary,
29,98,,TRUE,Male,Fourth,Primary,
29,38,,TRUE,Male,First,Primary,
28,231,,TRUE,Male,First,Primary,
28,333,,TRUE,Male,Third,Primary,
27,89,,TRUE,Male,First,Primary,
27,545,,TRUE,Male,Second,Primary,
27,559,,TRUE,Female,Second,Primary,
27,487,,TRUE,Male,First,Primary,
27,72,,TRUE,Male,First,Primary,
24,104,,TRUE,Male,Second,Primary,
24,107,,TRUE,Male,First,Primary,
23,70,,TRUE,Male,First,Primary,
23,102,,TRUE,Male,First,Primary,
23,74,,TRUE,Male,First,Primary,
22,222,,TRUE,Female,First,Primary,
22,439,,TRUE,Female,Second,Primary,
21,21,,TRUE,Male,Second,Primary,
19,46,,TRUE,Female,Fourth,Primary,
19,104,,TRUE,Male,Second,Primary,
19,41,,TRUE,Male,First,Primary,
18,57,,TRUE,Male,Second,Primary,
18,132,,TRUE,Male,First,Primary,
17,23,,TRUE,Male,First,Primary,
17,7,,TRUE,Male,Second,Primary,
16,5,,TRUE,Male,Third,Primary,
29,463,,TRUE,Female,Second,Primary,
28,457,,TRUE,Male,Third,Primary,
28,303,,TRUE,Male,First,Primary,
26,426,,TRUE,Male,Second,Primary,
26,364,,TRUE,Male,Fourth,Primary,
26,9,,TRUE,Male,Third,Primary,
25,206,,TRUE,Male,First,Primary,
25,594,,TRUE,Female,First,Primary,
24,168,,TRUE,Female,First,Primary,
23,211,,TRUE,Female,Fourth,Primary,
23,88,,TRUE,Male,Fourth,Primary,
21,32,,TRUE,Female,First,Primary,
21,21,,TRUE,Male,First,Primary,
21,29,,TRUE,Male,Third,Primary,
21,118,,TRUE,Female,First,Primary,
26,572,,TRUE,Female,First,Primary,
25,57,,TRUE,Male,First,Primary,
24,279,,TRUE,Male,Third,Primary,
24,133,,TRUE,Male,First,Primary,
23,444,,TRUE,Male,Second,Primary,
20,41,,TRUE,Male,First,Primary,
30,613,,TRUE,Male,Third,Primary,
25,28,,TRUE,Male,Second,Primary,
22,34,,TRUE,Male,First,Primary,
21,115,,TRUE,Male,First,Primary,
17,3,,TRUE,Male,Fourth,Primary,
16,4,,TRUE,Male,Second,Primary,
30,329,,TRUE,Male,Third,Primary,
28,35,,TRUE,Male,Fourth,Primary,
28,724,,TRUE,Female,Fourth,Primary,
26,368,,TRUE,Male,Third,Primary,
24,221,,TRUE,Female,Sixth,Primary,
17,48,,TRUE,Male,Third,Primary,
30,57,,TRUE,Female,Third,Primary,
30,718,,TRUE,Female,Second,Primary,
29,444,,TRUE,Female,First,Primary,
29,430,,TRUE,Female,First,Primary,
29,497,,TRUE,Female,Third,Primary,
28,590,,TRUE,Female,First,Primary,
17,23,,TRUE,Male,Third,Primary,
26,713,,TRUE,Female,Second,Primary,
26,304,,TRUE,Female,First,Primary,
26,327,,TRUE,Male,Second,Primary,
25,64,,TRUE,Female,Second,Primary,
25,55,,TRUE,Female,Second,Primary,
24,34,,TRUE,Male,Second,Primary,
22,22,,TRUE,Female,Second,Primary,
22,145,,TRUE,Female,Fifth,Primary,
21,123,,TRUE,Female,First,Primary,
21,148,,TRUE,Male,Fourth,Primary,
20,56,,TRUE,Female,First,Primary,
19,37,,TRUE,Female,First,Primary,
19,73,,TRUE,Female,Second,Primary,
18,15,,TRUE,Male,Second,Primary,
17,169,,TRUE,Female,First,Primary,
17,44,,TRUE,Male,Second,Primary,
16,10,,TRUE,Female,First,Primary,
16,13,,TRUE,Female,Second,Primary,
16,17,,TRUE,Female,Third,Primary,
27,151,,TRUE,Female,First,Primary,
27,625,,TRUE,Male,Third,Primary,
26,471,,TRUE,Male,First,Primary,
23,218,,TRUE,Female,First,Primary,
23,102,,TRUE,Female,Second,Primary,
20,104,,TRUE,Female,First,Primary,
20,45,,TRUE,Male,Second,Primary,
19,15,,TRUE,Male,Third,Primary,
18,21,,TRUE,Female,First,Primary,
16,35,,TRUE,Female,Third,Primary,
17,15,,TRUE,Male,Second,Primary,
25,320,,TRUE,Female,First,Primary,
24,514,,TRUE,Male,Second,Primary,
21,107,,TRUE,Female,Second,Primary,
22,287,,TRUE,Female,First,Primary,
36,604,,TRUE,Male,Fifth,Primary,
36,706,,TRUE,Female,Second,Primary,
36,458,,TRUE,Female,Second,Primary,
36,590,,TRUE,Female,First,Primary,
36,708,,TRUE,Male,Second,Primary,
35,483,,TRUE,Male,First,Primary,
35,704,,TRUE,Female,Fifth,Primary,
34,613,,TRUE,Female,Second,Primary,
34,475,,TRUE,Female,Second,Primary,
34,513,,TRUE,Male,First,Primary,
34,387,,TRUE,Male,Second,Primary,
34,339,,TRUE,Male,First,Primary,
34,359,,TRUE,Male,Second,Primary,
34,467,,TRUE,Male,Third,Primary,
34,403,,TRUE,Male,First,Primary,
34,600,,TRUE,Male,Second,Primary,
34,511,,TRUE,Male,Second,Primary,
34,563,,TRUE,Male,First,Primary,
34,297,,TRUE,Female,First,Primary,
34,519,,TRUE,Female,First,Primary,
33,587,,TRUE,Male,First,Primary,
33,551,,TRUE,Male,First,Primary,
33,230,,TRUE,Female,Third,Primary,
32,578,,TRUE,Female,Third,Primary,
32,581,,TRUE,Female,Third,Primary,
32,322,,TRUE,Female,First,Primary,
32,642,,TRUE,Female,First,Primary,
32,678,,TRUE,Male,First,Primary,
32,486,,TRUE,Female,Fifth,Primary,
31,663,,TRUE,Male,First,Primary,
31,473,,TRUE,Female,First,Primary,
31,438,,TRUE,Male,First,Primary,
31,429,,TRUE,Male,First,Primary,
29,420,,TRUE,Female,Second,Secondary,
29,578,,TRUE,Female,First,Secondary,
29,367,,TRUE,Female,First,Secondary,
26,153,,TRUE,Male,First,Secondary,
26,333,,TRUE,Male,First,Secondary,
21,362,,TRUE,Male,First,Secondary,
21,258,,TRUE,Male,Second,Secondary,
20,220,,TRUE,Female,Second,Secondary,
19,14,,TRUE,Male,Third,Secondary,
19,33,,TRUE,Male,First,Secondary,
19,107,,TRUE,Male,First,Secondary,
22,413,,TRUE,Male,First,Secondary,
24,383,,TRUE,Female,Fourth,Secondary,
24,465,,TRUE,Male,First,Secondary,
17,20,,TRUE,Female,First,Secondary,
17,17,,TRUE,Female,First,Secondary,
16,84,,TRUE,Female,First,Secondary,
27,269,,TRUE,Male,Third,Secondary,
26,683,,TRUE,Female,Second,Secondary,
22,138,,TRUE,Male,Second,Secondary,
29,255,,TRUE,Female,First,Secondary,
24,348,,TRUE,Female,First,Secondary,
24,182,,TRUE,Female,First,Secondary,
24,405,,TRUE,Male,Second,Secondary,
20,46,,TRUE,Female,First,Secondary,
20,16,,TRUE,Female,First,Secondary,
17,21,,TRUE,Female,First,Secondary,
20,37,,TRUE,Male,First,Secondary,
28,68,,TRUE,Female,First,Secondary,
26,203,,TRUE,Female,First,Secondary,
22,27,,TRUE,Female,Second,Secondary,
22,53,,TRUE,Female,First,Secondary,
17,16,,TRUE,Female,First,Secondary,
29,303,,TRUE,Female,First,Secondary,
24,132,,TRUE,Male,Second,Secondary,
22,335,,TRUE,Female,First,Secondary,
19,266,,TRUE,Female,First,Secondary,
28,271,,TRUE,Female,First,Secondary,
23,74,,TRUE,Female,First,Secondary,
23,251,,TRUE,Male,First,Secondary,
21,296,,TRUE,Male,Second,Secondary,
17,76,,TRUE,Male,Second,Secondary,
30,271,,TRUE,Female,First,Secondary,
23,247,,TRUE,Female,Third,Secondary,
30,654,,TRUE,Male,Second,Secondary,
17,16,,TRUE,Male,Second,Secondary,
23,96,,TRUE,Male,First,Secondary,
22,242,,TRUE,Male,First,Secondary,
22,61,,TRUE,Female,Second,Secondary,
20,167,,TRUE,Male,First,Secondary,
19,331,,TRUE,Female,First,Secondary,
19,19,,TRUE,Female,Second,Secondary,
19,81,,TRUE,Male,Second,Secondary,
18,152,,TRUE,Female,First,Secondary,
16,39,,TRUE,Male,First,Secondary,
26,245,,TRUE,Male,First,Secondary,
26,441,,TRUE,Female,Second,Secondary,
24,499,,TRUE,Male,Second,Secondary,
22,328,,TRUE,Female,Second,Secondary,
21,293,,TRUE,Female,Second,Secondary,
21,52,,TRUE,Female,First,Secondary,
20,6,,TRUE,Female,Second,Secondary,
19,14,,TRUE,Female,First,Secondary,
18,48,,TRUE,Female,Second,Secondary,
16,21,,TRUE,Female,First,Secondary,
30,608,,TRUE,Male,Fourth,Secondary,
28,539,,TRUE,Female,Sixth,Secondary,
26,318,,TRUE,Female,Third,Secondary,
26,296,,TRUE,Male,First,Secondary,
25,375,,TRUE,Female,First,Secondary,
22,68,,TRUE,Female,Second,Secondary,
22,98,,TRUE,Male,First,Secondary,
16,45,,TRUE,Male,Second,Secondary,
16,53,,TRUE,Female,First,Secondary,
29,402,,TRUE,Female,Third,Secondary,
28,384,,TRUE,Male,First,Secondary,
27,479,,TRUE,Female,Second,Secondary,
26,359,,TRUE,Female,Third,Secondary,
25,466,,TRUE,Male,Second,Secondary,
23,329,,TRUE,Female,First,Secondary,
23,193,,TRUE,Female,First,Secondary,
23,180,,TRUE,Male,Second,Secondary,
22,164,,TRUE,Male,Second,Secondary,
22,181,,TRUE,Male,First,Secondary,
22,47,,TRUE,Male,Third,Secondary,
22,167,,TRUE,Male,First,Secondary,
21,33,,TRUE,Female,First,Secondary,
20,42,,TRUE,Female,Fourth,Secondary,
20,212,,TRUE,Female,Third,Secondary,
19,116,,TRUE,Male,First,Secondary,
19,233,,TRUE,Male,Second,Secondary,
18,23,,TRUE,Male,Second,Secondary,
17,6,,TRUE,Male,First,Secondary,
17,120,,TRUE,Female,First,Secondary,
16,7,,TRUE,Female,First,Secondary,
16,39,,TRUE,Male,First,Secondary,
16,13,,TRUE,Female,First,Secondary,
30,604,,TRUE,Female,First,Secondary,
29,495,,TRUE,Female,Second,Secondary,
28,631,,TRUE,Male,First,Secondary,
18,480,,TRUE,Male,First,Secondary,
24,354,,TRUE,Female,Second,Secondary,
21,350,,TRUE,Female,First,Secondary,
19,61,,TRUE,Female,Third,Secondary,
18,20,,TRUE,Female,Second,Secondary,
17,79,,TRUE,Male,First,Secondary,
19,35,,TRUE,Male,First,Secondary,
28,438,,TRUE,Male,First,Secondary,
18,19,,TRUE,Male,First,Secondary,
30,675,,TRUE,Female,Second,Secondary,
28,290,,TRUE,Male,Fourth,Secondary,
27,612,,TRUE,Female,Second,Secondary,
25,383,,TRUE,Male,First,Secondary,
26,618,,TRUE,Male,First,Secondary,
24,26,,TRUE,Female,Second,Secondary,
24,404,,TRUE,Male,,Secondary,
20,107,,TRUE,Male,First,Secondary,
20,215,,TRUE,Female,Third,Secondary,
30,332,,TRUE,Female,Second,Secondary,
28,332,,TRUE,Male,Second,Secondary,
27,463,,TRUE,Male,Third,Secondary,
27,286,,TRUE,Female,Second,Secondary,
27,496,,TRUE,Male,First,Secondary,
27,347,,TRUE,Male,Second,Secondary,
26,293,,TRUE,Female,Second,Secondary,
25,449,,TRUE,Female,Second,Secondary,
24,196,,TRUE,Female,First,Secondary,
23,292,,TRUE,Male,Third,Secondary,
23,527,,TRUE,Female,First,Secondary,
23,34,,TRUE,Male,Third,Secondary,
22,401,,TRUE,Female,First,Secondary,
22,115,,TRUE,Female,First,Secondary,
22,251,,TRUE,Male,Second,Secondary,
21,54,,TRUE,Male,First,Secondary,
20,336,,TRUE,Male,First,Secondary,
19,43,,TRUE,Female,First,Secondary,
19,21,,TRUE,Female,First,Secondary,
18,97,,TRUE,Female,First,Secondary,
16,8,,TRUE,Female,Second,Secondary,
18,108,,TRUE,Male,Second,Secondary,
25,437,,TRUE,Female,First,Secondary,
25,130,,TRUE,Male,,Secondary,
22,384,,TRUE,Female,Third,Secondary,
19,105,,TRUE,Male,First,Secondary,
19,58,,TRUE,Male,First,Secondary,
17,18,,TRUE,Male,Second,Secondary,
17,26,,TRUE,Male,First,Secondary,
17,49,,TRUE,Female,First,Secondary,
20,150,,TRUE,Male,First,Secondary,
16,45,,TRUE,Male,First,Secondary,
21,8,,TRUE,Female,First,Secondary,
36,652,,TRUE,Male,First,Secondary,
36,670,,TRUE,Female,Second,Secondary,
36,648,,TRUE,Male,First,Secondary,
36,644,,TRUE,Female,First,Secondary,
36,714,,TRUE,Female,First,Secondary,
35,696,,TRUE,Male,Third,Secondary,
35,705,,TRUE,Male,First,Secondary,
35,590,,TRUE,Male,Fourth,Secondary,
34,603,,TRUE,Female,First,Secondary,
34,668,,TRUE,Male,Second,Secondary,
34,668,,TRUE,Male,First,Secondary,
33,599,,TRUE,Female,Fourth,Secondary,
32,429,,TRUE,Male,Second,Secondary,
32,487,,TRUE,Male,Second,Secondary,
32,666,,TRUE,Female,First,Secondary,
32,607,,TRUE,Female,First,Secondary,
32,665,,TRUE,Male,First,Secondary,
31,279,,TRUE,Male,First,Secondary,
31,516,,TRUE,Female,First,Secondary,
31,704,,TRUE,Female,Second,Secondary,
31,473,,TRUE,Male,First,Secondary,
29,434,,TRUE,Female,Second,Some College,
29,68,,TRUE,Male,First,Some College,
29,437,,TRUE,Male,Third,Some College,
29,569,,TRUE,Male,First,Some College,
29,625,,TRUE,Male,Second,Some College,
29,572,,TRUE,Female,Second,Some College,
29,437,,TRUE,Male,First,Some College,
29,686,,TRUE,Female,First,Some College,
28,440,,TRUE,Female,Second,Some College,
28,536,,TRUE,Male,Second,Some College,
28,378,,TRUE,Male,First,Some College,
28,463,,TRUE,Female,First,Some College,
28,578,,TRUE,Female,First,Some College,
28,278,,TRUE,Male,Third,Some College,
28,353,,TRUE,Female,Third,Some College,
28,357,,TRUE,Female,First,Some College,
30,442,,TRUE,Male,First,Some College,
30,474,,TRUE,Female,Third,Some College,
30,449,,TRUE,Female,Second,Some College,
30,554,,TRUE,Male,Third,Some College,
30,430,,TRUE,Male,Second,Some College,
30,423,,TRUE,Male,First,Some College,
30,363,,TRUE,Male,First,Some College,
30,258,,TRUE,Male,First,Some College,
27,608,,TRUE,Male,First,Some College,
27,411,,TRUE,Male,Second,Some College,
27,544,,TRUE,Male,Second,Some College,
27,357,,TRUE,Female,Third,Some College,
27,253,,TRUE,Female,Second,Some College,
27,571,,TRUE,Female,First,Some College,
27,544,,TRUE,Female,Second,Some College,
27,656,,TRUE,Male,Second,Some College,
26,251,,TRUE,Male,First,Some College,
26,562,,TRUE,Female,First,Some College,
26,261,,TRUE,Male,First,Some College,
26,327,,TRUE,Female,Second,Some College,
26,399,,TRUE,Male,Second,Some College,
26,445,,TRUE,Female,First,Some College,
26,466,,TRUE,Female,First,Some College,
26,621,,TRUE,Female,First,Some College,
27,26,,TRUE,Male,Third,Some College,
26,102,,TRUE,Male,First,Some College,
26,221,,TRUE,Female,Second,Some College,
25,623,,TRUE,Female,First,Some College,
25,34,,TRUE,Male,Second,Some College,
25,364,,TRUE,Female,Third,Some College,
25,77,,TRUE,Female,First,Some College,
21,25,,TRUE,Male,First,Some College,
21,207,,TRUE,Female,Third,Some College,
21,118,,TRUE,Female,First,Some College,
22,298,,TRUE,Male,First,Some College,
21,54,,TRUE,Male,Second,Some College,
21,340,,TRUE,Male,First,Some College,
21,11,,TRUE,Male,First,Some College,
21,108,,TRUE,Male,First,Some College,
21,20,,TRUE,Male,First,Some College,
21,34,,TRUE,Male,Third,Some College,
21,88,,TRUE,Male,Second,Some College,
21,4,,TRUE,Male,Third,Some College,
21,130,,TRUE,Female,Third,Some College,
21,33,,TRUE,Female,Third,Some College,
21,359,,TRUE,Male,Second,Some College,
21,38,,TRUE,Male,First,Some College,
21,220,,TRUE,Female,First,Some College,
20,60,,TRUE,Male,Third,Some College,
20,19,,TRUE,Male,Second,Some College,
20,141,,TRUE,Female,First,Some College,
20,23,,TRUE,Female,Fourth,Some College,
19,32,,TRUE,Female,Second,Some College,
19,73,,TRUE,Male,Second,Some College,
19,1,,TRUE,Male,First,Some College,
19,42,,TRUE,Female,Third,Some College,
19,21,,TRUE,Male,First,Some College,
19,54,,TRUE,Female,First,Some College,
19,95,,TRUE,Female,Second,Some College,
19,159,,TRUE,Male,Second,Some College,
18,38,,TRUE,Female,Second,Some College,
18,89,,TRUE,Female,Second,Some College,
18,20,,TRUE,Male,Second,Some College,
18,31,,TRUE,Female,Second,Some College,
18,62,,TRUE,Female,First,Some College,
18,121,,TRUE,Female,Third,Some College,
18,63,,TRUE,Female,Third,Some College,
18,79,,TRUE,Male,First,Some College,
23,215,,TRUE,Male,Second,Some College,
23,311,,TRUE,Female,First,Some College,
23,371,,TRUE,Female,First,Some College,
23,92,,TRUE,Female,First,Some College,
23,321,,TRUE,Female,Second,Some College,
23,52,,TRUE,Female,Second,Some College,
23,28,,TRUE,Male,Second,Some College,
22,138,,TRUE,Male,First,Some College,
22,18,,TRUE,Female,Second,Some College,
22,6,,TRUE,Male,Second,Some College,
22,58,,TRUE,Male,Third,Some College,
22,395,,TRUE,Female,First,Some College,
22,98,,TRUE,Female,Third,Some College,
22,76,,TRUE,Female,First,Some College,
22,107,,TRUE,Female,First,Some College,
24,564,,TRUE,Male,First,Some College,
24,687,,TRUE,Male,Second,Some College,
24,464,,TRUE,Female,Second,Some College,
24,96,,TRUE,Female,Second,Some College,
24,115,,TRUE,Male,First,Some College,
24,282,,TRUE,Male,First,Some College,
24,212,,TRUE,Female,Second,Some College,
24,424,,TRUE,Female,Second,Some College,
24,378,,TRUE,Male,First,Some College,
24,521,,TRUE,Male,Third,Some College,
17,19,,TRUE,Female,Third,Some College,
29,371,,TRUE,Female,,Some College,
17,10,,TRUE,Male,Third,Some College,
17,5,,TRUE,Female,Second,Some College,
16,33,,TRUE,Male,First,Some College,
16,32,,TRUE,Male,Third,Some College,
16,11,,TRUE,Female,Second,Some College,
16,88,,TRUE,Female,Third,Some College,
16,18,,TRUE,Female,First,Some College,
16,41,,TRUE,Female,Second,Some College,
16,15,,TRUE,Male,First,Some College,
16,13,,TRUE,Female,Second,Some College,
27,282,,TRUE,Male,Second,Some College,
26,475,,TRUE,Male,Second,Some College,
25,489,,TRUE,Male,Second,Some College,
24,102,,TRUE,Male,First,Some College,
23,206,,TRUE,Female,Third,Some College,
25,22,,TRUE,Male,Second,Some College,
22,432,,TRUE,Male,Second,Some College,
22,115,,TRUE,Female,First,Some College,
21,201,,TRUE,Male,First,Some College,
21,21,,TRUE,Male,Second,Some College,
20,64,,TRUE,Male,Third,Some College,
19,66,,TRUE,Female,First,Some College,
18,10,,TRUE,Female,First,Some College,
18,158,,TRUE,Male,First,Some College,
30,604,,TRUE,Female,Second,Some College,
30,320,,TRUE,Male,Second,Some College,
30,655,,TRUE,Female,Second,Some College,
30,524,,TRUE,Female,Second,Some College,
30,250,,TRUE,Female,Second,Some College,
29,451,,TRUE,Female,Second,Some College,
29,432,,TRUE,Female,,Some College,
29,467,,TRUE,Male,Second,Some College,
29,540,,TRUE,Female,Second,Some College,
29,484,,TRUE,Female,First,Some College,
29,488,,TRUE,Female,Third,Some College,
30,404,,TRUE,Female,Third,Some College,
29,517,,TRUE,Female,First,Some College,
29,12,,TRUE,Male,Third,Some College,
29,440,,TRUE,Male,,Some College,
29,62,,TRUE,Female,First,Some College,
29,321,,TRUE,Male,Third,Some College,
28,365,,TRUE,Male,Third,Some College,
28,480,,TRUE,Female,Third,Some College,
28,126,,TRUE,Female,Second,Some College,
28,471,,TRUE,Female,Third,Some College,
28,350,,TRUE,Male,First,Some College,
27,326,,TRUE,Female,Second,Some College,
27,465,,TRUE,Female,Second,Some College,
27,419,,TRUE,Female,Second,Some College,
27,667,,TRUE,Male,Second,Some College,
27,35,,TRUE,Female,First,Some College,
27,250,,TRUE,Female,First,Some College,
26,75,,TRUE,Female,Second,Some College,
27,297,,TRUE,Male,First,Some College,
26,579,,TRUE,Female,Third,Some College,
26,397,,TRUE,Male,Third,Some College,
26,572,,TRUE,Female,Second,Some College,
26,446,,TRUE,Female,First,Some College,
26,286,,TRUE,Female,Third,Some College,
25,432,,TRUE,Female,Third,Some College,
25,589,,TRUE,Female,First,Some College,
25,125,,TRUE,Female,Second,Some College,
25,204,,TRUE,Female,First,Some College,
25,152,,TRUE,Female,Second,Some College,
24,460,,TRUE,Male,Second,Some College,
25,529,,TRUE,Female,First,Some College,
24,27,,TRUE,Female,First,Some College,
24,234,,TRUE,Female,First,Some College,
24,217,,TRUE,Male,First,Some College,
25,82,,TRUE,Male,Second,Some College,
23,51,,TRUE,Female,Second,Some College,
23,37,,TRUE,Male,Second,Some College,
23,400,,TRUE,Female,First,Some College,
23,132,,TRUE,Female,First,Some College,
23,220,,TRUE,Female,Second,Some College,
24,110,,TRUE,Male,Second,Some College,
23,252,,TRUE,Female,,Some College,
24,130,,TRUE,Female,Second,Some College,
22,160,,TRUE,Female,First,Some College,
22,45,,TRUE,Female,Second,Some College,
22,44,,TRUE,Female,First,Some College,
22,155,,TRUE,Male,First,Some College,
22,113,,TRUE,Male,Second,Some College,
22,330,,TRUE,Female,First,Some College,
22,251,,TRUE,Female,First,Some College,
22,224,,TRUE,Female,First,Some College,
22,197,,TRUE,Female,First,Some College,
23,36,,TRUE,Male,Second,Some College,
22,46,,TRUE,Male,First,Some College,
22,187,,TRUE,Female,Second,Some College,
22,335,,TRUE,Female,Third,Some College,
21,55,,TRUE,Male,Second,Some College,
21,17,,TRUE,Female,First,Some College,
21,109,,TRUE,Female,Third,Some College,
21,67,,TRUE,Male,First,Some College,
21,258,,TRUE,Female,First,Some College,
21,82,,TRUE,Female,Second,Some College,
21,63,,TRUE,Female,Second,Some College,
21,199,,TRUE,Female,First,Some College,
21,130,,TRUE,Female,Second,Some College,
20,346,,TRUE,Female,Second,Some College,
20,80,,TRUE,Female,Third,Some College,
20,93,,TRUE,Male,Second,Some College,
20,94,,TRUE,Female,Second,Some College,
20,308,,TRUE,Male,Second,Some College,
20,133,,TRUE,Female,Second,Some College,
20,280,,TRUE,Female,First,Some College,
20,205,,TRUE,Female,Second,Some College,
20,71,,TRUE,Female,Third,Some College,
20,17,,TRUE,Female,Second,Some College,
20,232,,TRUE,Female,Second,Some College,
20,61,,TRUE,Female,Second,Some College,
20,140,,TRUE,Female,First,Some College,
20,166,,TRUE,Female,Second,Some College,
19,77,,TRUE,Male,First,Some College,
19,30,,TRUE,Male,Second,Some College,
19,26,,TRUE,Male,Second,Some College,
19,65,,TRUE,Female,First,Some College,
19,43,,TRUE,Female,First,Some College,
19,37,,TRUE,Female,First,Some College,
19,104,,TRUE,Female,Second,Some College,
18,68,,TRUE,Female,,Some College,
18,66,,TRUE,Female,First,Some College,
18,111,,TRUE,Female,Fourth,Some College,
18,16,,TRUE,Female,First,Some College,
18,41,,TRUE,Female,First,Some College,
18,16,,TRUE,Male,Second,Some College,
17,14,,TRUE,Female,Second,Some College,
17,12,,TRUE,Male,Second,Some College,
29,488,,TRUE,Female,Third,Some College,
17,63,,TRUE,Female,Second,Some College,
17,17,,TRUE,Female,Third,Some College,
17,63,,TRUE,Female,First,Some College,
17,15,,TRUE,Female,Second,Some College,
17,6,,TRUE,Male,Second,Some College,
17,2,,TRUE,Male,Second,Some College,
16,3,,TRUE,Female,First,Some College,
16,24,,TRUE,Female,First,Some College,
16,13,,TRUE,Female,First,Some College,
16,134,,TRUE,Female,Second,Some College,
16,11,,TRUE,Female,First,Some College,
16,72,,TRUE,Female,Second,Some College,
16,18,,TRUE,Female,Second,Some College,
16,34,,TRUE,Female,Second,Some College,
30,505,,TRUE,Male,First,Some College,
30,130,,TRUE,Male,First,Some College,
30,120,,TRUE,Male,First,Some College,
30,696,,TRUE,Male,First,Some College,
29,501,,TRUE,Male,First,Some College,
28,183,,TRUE,Male,First,Some College,
27,424,,TRUE,Male,First,Some College,
27,187,,TRUE,Male,First,Some College,
27,12,,TRUE,Male,Second,Some College,
26,154,,TRUE,Male,First,Some College,
23,292,,TRUE,Male,Second,Some College,
22,122,,TRUE,Male,First,Some College,
21,129,,TRUE,Male,Second,Some College,
21,95,,TRUE,Male,First,Some College,
18,47,,TRUE,Male,First,Some College,
18,105,,TRUE,Male,First,Some College,
18,50,,TRUE,Female,First,Some College,
18,159,,TRUE,Male,First,Some College,
17,10,,TRUE,Male,First,Some College,
30,564,,TRUE,Male,First,Some College,
30,106,,TRUE,Male,First,Some College,
30,301,,TRUE,Female,Third,Some College,
30,434,,TRUE,Female,First,Some College,
30,635,,TRUE,Female,Second,Some College,
30,370,,TRUE,Female,Second,Some College,
30,509,,TRUE,Female,Third,Some College,
29,678,,TRUE,Male,First,Some College,
29,410,,TRUE,Male,First,Some College,
29,550,,TRUE,Female,First,Some College,
29,582,,TRUE,Female,First,Some College,
29,125,,TRUE,Female,Second,Some College,
29,254,,TRUE,Female,First,Some College,
28,309,,TRUE,Male,First,Some College,
27,393,,TRUE,Female,Third,Some College,
27,590,,TRUE,Female,First,Some College,
27,524,,TRUE,Female,First,Some College,
27,346,,TRUE,Female,First,Some College,
27,631,,TRUE,Female,First,Some College,
26,169,,TRUE,Female,Second,Some College,
26,319,,TRUE,Female,Third,Some College,
26,442,,TRUE,Male,First,Some College,
26,607,,TRUE,Female,First,Some College,
26,594,,TRUE,Female,First,Some College,
26,414,,TRUE,Female,Third,Some College,
25,76,,TRUE,Male,Third,Some College,
25,173,,TRUE,Male,Second,Some College,
25,548,,TRUE,Female,Third,Some College,
25,337,,TRUE,Male,Third,Some College,
25,153,,TRUE,Male,First,Some College,
24,66,,TRUE,Male,Third,Some College,
24,225,,TRUE,Male,First,Some College,
24,217,,TRUE,Female,Second,Some College,
24,94,,TRUE,Female,Second,Some College,
23,286,,TRUE,Male,First,Some College,
23,120,,TRUE,Male,First,Some College,
23,161,,TRUE,Male,Second,Some College,
23,159,,TRUE,Female,First,Some College,
23,21,,TRUE,Female,First,Some College,
22,138,,TRUE,Male,Third,Some College,
22,424,,TRUE,Male,Second,Some College,
22,142,,TRUE,Male,First,Some College,
22,29,,TRUE,Male,First,Some College,
22,435,,TRUE,Female,First,Some College,
22,128,,TRUE,Female,Third,Some College,
21,312,,TRUE,Female,Second,Some College,
21,201,,TRUE,Female,First,Some College,
20,73,,TRUE,Female,First,Some College,
20,101,,TRUE,Female,Second,Some College,
19,88,,TRUE,Female,Second,Some College,
19,74,,TRUE,Male,Second,Some College,
18,67,,TRUE,Female,First,Some College,
18,112,,TRUE,Male,First,Some College,
18,12,,TRUE,Male,Third,Some College,
18,129,,TRUE,Female,First,Some College,
18,64,,TRUE,Female,Second,Some College,
18,78,,TRUE,Female,First,Some College,
18,15,,TRUE,Female,Second,Some College,
18,258,,TRUE,Female,Third,Some College,
18,75,,TRUE,Female,Second,Some College,
17,13,,TRUE,Male,First,Some College,
17,62,,TRUE,Female,Second,Some College,
17,26,,TRUE,Male,First,Some College,
17,53,,TRUE,Female,Second,Some College,
17,87,,TRUE,Female,First,Some College,
17,12,,TRUE,Male,Third,Some College,
16,14,,TRUE,Female,Second,Some College,
16,10,,TRUE,Female,Third,Some College,
30,466,,TRUE,Female,Second,Some College,
30,90,,TRUE,Male,Second,Some College,
30,435,,TRUE,Female,Second,Some College,
28,410,,TRUE,Female,Third,Some College,
27,451,,TRUE,Male,First,Some College,
27,607,,TRUE,Male,First,Some College,
27,416,,TRUE,Male,Third,Some College,
27,557,,TRUE,Male,Second,Some College,
27,90,,TRUE,Male,Second,Some College,
27,404,,TRUE,Female,First,Some College,
27,412,,TRUE,Female,Second,Some College,
26,711,,TRUE,Female,First,Some College,
26,443,,TRUE,Female,Second,Some College,
26,357,,TRUE,Female,First,Some College,
24,159,,TRUE,Male,Second,Some College,
24,243,,TRUE,Female,Second,Some College,
24,399,,TRUE,Male,First,Some College,
23,428,,TRUE,Male,First,Some College,
23,80,,TRUE,Female,Second,Some College,
22,565,,TRUE,Female,Second,Some College,
22,75,,TRUE,Female,First,Some College,
22,216,,TRUE,Male,First,Some College,
22,126,,TRUE,Female,Second,Some College,
22,113,,TRUE,Female,Second,Some College,
22,174,,TRUE,Female,Third,Some College,
22,244,,TRUE,Female,Second,Some College,
21,87,,TRUE,Male,Third,Some College,
21,10,,TRUE,Male,Second,Some College,
21,281,,TRUE,Male,Second,Some College,
21,36,,TRUE,Female,Second,Some College,
21,140,,TRUE,Female,Fourth,Some College,
21,113,,TRUE,Female,Second,Some College,
21,133,,TRUE,Male,First,Some College,
20,154,,TRUE,Female,Fourth,Some College,
20,34,,TRUE,Male,Second,Some College,
20,75,,TRUE,Male,First,Some College,
20,29,,TRUE,Male,Fourth,Some College,
20,18,,TRUE,Male,Second,Some College,
20,9,,TRUE,Male,Third,Some College,
20,68,,TRUE,Male,Second,Some College,
20,132,,TRUE,Female,First,Some College,
20,274,,TRUE,Female,First,Some College,
19,66,,TRUE,Female,First,Some College,
19,11,,TRUE,Female,First,Some College,
19,16,,TRUE,Male,Third,Some College,
19,22,,TRUE,Male,Second,Some College,
19,9,,TRUE,Male,Third,Some College,
19,15,,TRUE,Male,First,Some College,
19,109,,TRUE,Female,Third,Some College,
18,34,,TRUE,Male,First,Some College,
18,15,,TRUE,Male,Third,Some College,
18,21,,TRUE,Male,First,Some College,
18,34,,TRUE,Female,Second,Some College,
17,5,,TRUE,Male,Second,Some College,
17,11,,TRUE,Male,Second,Some College,
17,30,,TRUE,Male,First,Some College,
17,30,,TRUE,Female,Second,Some College,
17,13,,TRUE,Female,First,Some College,
16,19,,TRUE,Female,Fourth,Some College,
16,484,,TRUE,Male,Second,Some College,
16,21,,TRUE,Female,First,Some College,
16,19,,TRUE,Female,First,Some College,
17,32,,TRUE,Female,Second,Some College,
28,289,,TRUE,Male,Second,Some College,
28,171,,TRUE,Male,Fourth,Some College,
26,187,,TRUE,Male,First,Some College,
23,48,,TRUE,Female,Third,Some College,
22,178,,TRUE,Male,Second,Some College,
22,125,,TRUE,Male,First,Some College,
21,126,,TRUE,Male,Second,Some College,
21,78,,TRUE,Male,First,Some College,
19,40,,TRUE,Female,First,Some College,
18,18,,TRUE,Male,Second,Some College,
16,17,,TRUE,Female,Second,Some College,
27,511,,TRUE,Male,First,Some College,
27,474,,TRUE,Female,Third,Some College,
26,290,,TRUE,Female,Second,Some College,
25,168,,TRUE,Female,Second,Some College,
24,94,,TRUE,Female,Second,Some College,
24,342,,TRUE,Female,Second,Some College,
23,218,,TRUE,Female,First,Some College,
22,585,,TRUE,Male,First,Some College,
22,179,,TRUE,Female,First,Some College,
19,167,,TRUE,Female,First,Some College,
19,67,,TRUE,Female,Second,Some College,
19,19,,TRUE,Male,Second,Some College,
19,74,,TRUE,Female,Second,Some College,
18,63,,TRUE,Female,,Some College,
16,55,,TRUE,Female,First,Some College,
16,12,,TRUE,Female,First,Some College,
16,6,,TRUE,Female,Second,Some College,
30,552,,TRUE,Female,Third,Some College,
30,468,,TRUE,Female,Second,Some College,
30,509,,TRUE,Female,First,Some College,
29,527,,TRUE,Female,First,Some College,
28,328,,TRUE,Male,First,Some College,
18,644,,TRUE,Female,Third,Some College,
28,347,,TRUE,Female,First,Some College,
27,670,,TRUE,Female,Third,Some College,
26,488,,TRUE,Female,First,Some College,
24,446,,TRUE,Female,First,Some College,
24,721,,TRUE,Female,First,Some College,
24,586,,TRUE,Female,Third,Some College,
23,115,,TRUE,Female,Second,Some College,
23,253,,TRUE,Female,Second,Some College,
24,248,,TRUE,Female,Second,Some College,
23,136,,TRUE,Female,Second,Some College,
23,115,,TRUE,Female,First,Some College,
22,292,,TRUE,Female,First,Some College,
22,398,,TRUE,Female,First,Some College,
21,141,,TRUE,Female,Third,Some College,
22,108,,TRUE,Female,Third,Some College,
21,25,,TRUE,Female,First,Some College,
20,120,,TRUE,Female,First,Some College,
20,289,,TRUE,Female,Second,Some College,
20,191,,TRUE,Female,First,Some College,
18,121,,TRUE,Female,First,Some College,
17,11,,TRUE,Male,First,Some College,
17,0,,TRUE,Female,Second,Some College,
17,2,,TRUE,Female,Third,Some College,
17,14,,TRUE,Female,First,Some College,
16,82,,TRUE,Female,Second,Some College,
16,16,,TRUE,Female,Second,Some College,
30,559,,TRUE,Male,First,Some College,
30,605,,TRUE,Male,Third,Some College,
30,573,,TRUE,Male,Second,Some College,
30,546,,TRUE,Male,First,Some College,
30,67,,TRUE,Male,First,Some College,
30,704,,TRUE,Female,Second,Some College,
30,568,,TRUE,Female,Second,Some College,
29,525,,TRUE,Female,First,Some College,
30,606,,TRUE,Male,Second,Some College,
29,415,,TRUE,Female,Third,Some College,
29,419,,TRUE,Female,First,Some College,
29,309,,TRUE,Male,Third,Some College,
29,507,,TRUE,Male,Second,Some College,
29,461,,TRUE,Male,First,Some College,
28,670,,TRUE,Male,Second,Some College,
28,501,,TRUE,Male,Second,Some College,
28,596,,TRUE,Female,Second,Some College,
28,404,,TRUE,Female,First,Some College,
27,445,,TRUE,Male,First,Some College,
27,416,,TRUE,Female,First,Some College,
27,19,,TRUE,Male,Third,Some College,
27,315,,TRUE,Female,Third,Some College,
27,382,,TRUE,Male,Third,Some College,
27,216,,TRUE,Male,Second,Some College,
27,362,,TRUE,Male,First,Some College,
26,311,,TRUE,Male,Second,Some College,
26,165,,TRUE,Male,First,Some College,
26,252,,TRUE,Male,Third,Some College,
26,428,,TRUE,Female,Second,Some College,
26,343,,TRUE,Male,Second,Some College,
26,46,,TRUE,Male,Second,Some College,
26,339,,TRUE,Male,First,Some College,
26,521,,TRUE,Female,First,Some College,
26,410,,TRUE,Female,Third,Some College,
25,380,,TRUE,Male,First,Some College,
25,468,,TRUE,Male,First,Some College,
25,451,,TRUE,Male,First,Some College,
25,206,,TRUE,Male,First,Some College,
25,375,,TRUE,Male,Second,Some College,
25,206,,TRUE,Male,Third,Some College,
25,449,,TRUE,Male,Second,Some College,
25,298,,TRUE,Female,First,Some College,
26,349,,TRUE,Male,Third,Some College,
25,219,,TRUE,Female,Fifth,Some College,
25,342,,TRUE,Female,Fourth,Some College,
24,174,,TRUE,Male,First,Some College,
24,299,,TRUE,Female,Second,Some College,
24,554,,TRUE,Male,Fourth,Some College,
24,414,,TRUE,Male,Second,Some College,
24,344,,TRUE,Female,Third,Some College,
24,333,,TRUE,Female,First,Some College,
24,532,,TRUE,Male,Third,Some College,
24,365,,TRUE,Female,First,Some College,
24,217,,TRUE,Female,Second,Some College,
24,59,,TRUE,Male,Third,Some College,
23,47,,TRUE,Male,First,Some College,
23,86,,TRUE,Male,Second,Some College,
23,170,,TRUE,Male,Second,Some College,
23,352,,TRUE,Male,Second,Some College,
23,143,,TRUE,Male,Second,Some College,
23,34,,TRUE,Male,First,Some College,
23,86,,TRUE,Male,Second,Some College,
23,141,,TRUE,Male,First,Some College,
23,243,,TRUE,Male,Third,Some College,
23,94,,TRUE,Female,Third,Some College,
23,180,,TRUE,Female,First,Some College,
22,249,,TRUE,Male,Second,Some College,
22,120,,TRUE,Male,Second,Some College,
22,402,,TRUE,Male,Second,Some College,
22,161,,TRUE,Male,Second,Some College,
22,154,,TRUE,Male,Second,Some College,
22,387,,TRUE,Female,First,Some College,
22,171,,TRUE,Female,Second,Some College,
22,363,,TRUE,Female,Second,Some College,
22,93,,TRUE,Female,First,Some College,
22,150,,TRUE,Female,Third,Some College,
21,15,,TRUE,Male,First,Some College,
21,45,,TRUE,Male,Second,Some College,
21,439,,TRUE,Female,Third,Some College,
21,78,,TRUE,Male,Second,Some College,
21,19,,TRUE,Male,Fourth,Some College,
21,161,,TRUE,Female,Second,Some College,
20,105,,TRUE,Female,Second,Some College,
20,205,,TRUE,Female,Third,Some College,
20,201,,TRUE,Male,First,Some College,
20,22,,TRUE,Female,First,Some College,
20,95,,TRUE,Male,Third,Some College,
20,26,,TRUE,Male,Third,Some College,
20,42,,TRUE,Male,Second,Some College,
20,126,,TRUE,Male,First,Some College,
19,22,,TRUE,Female,Third,Some College,
19,72,,TRUE,Male,First,Some College,
19,90,,TRUE,Female,First,Some College,
18,31,,TRUE,Male,Second,Some College,
18,14,,TRUE,Male,Second,Some College,
18,15,,TRUE,Male,Third,Some College,
18,19,,TRUE,Male,Second,Some College,
18,192,,TRUE,Male,First,Some College,
18,97,,TRUE,Female,First,Some College,
18,132,,TRUE,Female,First,Some College,
18,42,,TRUE,Female,First,Some College,
29,518,,TRUE,Female,Second,Some College,
29,533,,TRUE,Female,First,Some College,
17,10,,TRUE,Male,Third,Some College,
17,18,,TRUE,Male,Third,Some College,
17,23,,TRUE,Male,Second,Some College,
17,190,,TRUE,Female,First,Some College,
17,17,,TRUE,Female,Third,Some College,
29,396,,TRUE,Male,First,Some College,
17,113,,TRUE,Male,First,Some College,
17,78,,TRUE,Female,Fifth,Some College,
17,9,,TRUE,Female,First,Some College,
16,12,,TRUE,Male,Second,Some College,
16,8,,TRUE,Female,First,Some College,
16,18,,TRUE,Male,First,Some College,
16,28,,TRUE,Male,First,Some College,
30,425,,TRUE,Female,First,Some College,
30,602,,TRUE,Male,Second,Some College,
30,517,,TRUE,Male,Second,Some College,
30,454,,TRUE,Male,Third,Some College,
29,243,,TRUE,Female,Second,Some College,
29,345,,TRUE,Male,Second,Some College,
29,582,,TRUE,Female,Third,Some College,
29,432,,TRUE,Male,First,Some College,
28,517,,TRUE,Female,First,Some College,
28,532,,TRUE,Male,First,Some College,
28,425,,TRUE,Male,Second,Some College,
27,433,,TRUE,Female,Third,Some College,
27,597,,TRUE,Female,Third,Some College,
27,342,,TRUE,Female,Second,Some College,
27,282,,TRUE,Male,First,Some College,
26,133,,TRUE,Female,Second,Some College,
26,61,,TRUE,Male,Second,Some College,
26,456,,TRUE,Female,Second,Some College,
27,123,,TRUE,Female,Third,Some College,
26,249,,TRUE,Female,First,Some College,
26,157,,TRUE,Female,Second,Some College,
27,234,,TRUE,Female,Third,Some College,
26,419,,TRUE,Male,First,Some College,
25,412,,TRUE,Female,First,Some College,
25,243,,TRUE,Male,Third,Some College,
24,347,,TRUE,Female,First,Some College,
24,111,,TRUE,Female,Second,Some College,
24,406,,TRUE,Female,First,Some College,
23,418,,TRUE,Male,Second,Some College,
22,7,,TRUE,Male,Second,Some College,
22,46,,TRUE,Male,Second,Some College,
22,150,,TRUE,Female,Third,Some College,
22,329,,TRUE,Female,First,Some College,
22,92,,TRUE,Male,Second,Some College,
21,197,,TRUE,Female,First,Some College,
21,166,,TRUE,Female,First,Some College,
21,137,,TRUE,Female,Second,Some College,
21,78,,TRUE,Male,First,Some College,
20,33,,TRUE,Male,Third,Some College,
20,112,,TRUE,Male,Second,Some College,
19,21,,TRUE,Female,Second,Some College,
18,9,,TRUE,Female,Fourth,Some College,
17,25,,TRUE,Female,Fourth,Some College,
17,13,,TRUE,Female,Fourth,Some College,
17,24,,TRUE,Female,Second,Some College,
17,24,,TRUE,Female,Second,Some College,
16,21,,TRUE,Female,Second,Some College,
16,35,,TRUE,Female,Second,Some College,
16,5,,TRUE,Female,Third,Some College,
16,21,,TRUE,Male,Third,Some College,
16,47,,TRUE,Male,Second,Some College,
30,257,,TRUE,Female,Second,Some College,
30,357,,TRUE,Female,Second,Some College,
30,417,,TRUE,Female,Third,Some College,
30,26,,TRUE,Male,Second,Some College,
30,608,,TRUE,Male,First,Some College,
30,293,,TRUE,Female,Second,Some College,
30,544,,TRUE,Female,First,Some College,
30,393,,TRUE,Female,Third,Some College,
30,333,,TRUE,Male,,Some College,
29,440,,TRUE,Female,Second,Some College,
29,594,,TRUE,Female,Second,Some College,
29,611,,TRUE,Female,First,Some College,
29,53,,TRUE,Female,First,Some College,
28,567,,TRUE,Female,First,Some College,
29,447,,TRUE,Male,Second,Some College,
28,428,,TRUE,Female,First,Some College,
28,314,,TRUE,Female,Third,Some College,
27,540,,TRUE,Female,First,Some College,
27,546,,TRUE,Female,First,Some College,
27,414,,TRUE,Male,First,Some College,
27,220,,TRUE,Female,Second,Some College,
27,330,,TRUE,Female,Second,Some College,
27,365,,TRUE,Female,Second,Some College,
27,430,,TRUE,Female,Third,Some College,
27,545,,TRUE,Female,Second,Some College,
27,261,,TRUE,Female,First,Some College,
26,487,,TRUE,Male,First,Some College,
26,318,,TRUE,Male,Second,Some College,
26,415,,TRUE,Male,First,Some College,
27,172,,TRUE,Female,Third,Some College,
25,62,,TRUE,Male,First,Some College,
25,42,,TRUE,Female,First,Some College,
24,263,,TRUE,Female,First,Some College,
24,226,,TRUE,Female,Second,Some College,
24,272,,TRUE,Female,First,Some College,
24,197,,TRUE,Female,First,Some College,
23,224,,TRUE,Female,First,Some College,
23,312,,TRUE,Male,Second,Some College,
23,363,,TRUE,Female,Third,Some College,
23,134,,TRUE,Female,Second,Some College,
23,29,,TRUE,Female,Third,Some College,
23,41,,TRUE,Male,Third,Some College,
23,195,,TRUE,Female,Fourth,Some College,
22,176,,TRUE,Female,Second,Some College,
22,222,,TRUE,Female,First,Some College,
22,204,,TRUE,Female,Second,Some College,
22,90,,TRUE,Female,First,Some College,
22,17,,TRUE,Male,Third,Some College,
22,474,,TRUE,Male,Second,Some College,
21,211,,TRUE,Female,First,Some College,
21,89,,TRUE,Male,Sixth,Some College,
20,52,,TRUE,Female,Third,Some College,
21,215,,TRUE,Female,First,Some College,
21,142,,TRUE,Female,Second,Some College,
21,445,,TRUE,Female,Second,Some College,
21,355,,TRUE,Male,Second,Some College,
20,4,,TRUE,Female,Second,Some College,
20,135,,TRUE,Male,Second,Some College,
20,138,,TRUE,Female,Second,Some College,
20,74,,TRUE,Male,First,Some College,
20,339,,TRUE,Male,Second,Some College,
19,33,,TRUE,Female,Third,Some College,
19,109,,TRUE,Female,Second,Some College,
19,5,,TRUE,Female,Second,Some College,
19,12,,TRUE,Female,Second,Some College,
19,339,,TRUE,Female,First,Some College,
19,253,,TRUE,Female,Second,Some College,
19,23,,TRUE,Male,First,Some College,
18,12,,TRUE,Female,Second,Some College,
18,246,,TRUE,Female,First,Some College,
18,56,,TRUE,Female,Third,Some College,
17,17,,TRUE,Female,First,Some College,
29,669,,TRUE,Female,Third,Some College,
17,29,,TRUE,Female,Second,Some College,
17,7,,TRUE,Male,First,Some College,
17,97,,TRUE,Female,First,Some College,
16,22,,TRUE,Male,Fourth,Some College,
16,8,,TRUE,Male,First,Some College,
16,23,,TRUE,Female,First,Some College,
16,19,,TRUE,Female,First,Some College,
16,7,,TRUE,Female,First,Some College,
16,13,,TRUE,Female,First,Some College,
16,30,,TRUE,Male,Second,Some College,
30,475,,TRUE,Female,Fourth,Some College,
30,287,,TRUE,Female,First,Some College,
30,513,,TRUE,Male,First,Some College,
30,543,,TRUE,Female,First,Some College,
30,514,,TRUE,Male,Third,Some College,
30,470,,TRUE,Female,Second,Some College,
30,186,,TRUE,Female,Second,Some College,
30,664,,TRUE,Male,Second,Some College,
30,270,,TRUE,Male,First,Some College,
30,531,,TRUE,Male,First,Some College,
30,537,,TRUE,Female,First,Some College,
30,635,,TRUE,Male,Second,Some College,
30,584,,TRUE,Male,Second,Some College,
30,414,,TRUE,Male,Third,Some College,
30,559,,TRUE,Male,First,Some College,
30,137,,TRUE,Male,Second,Some College,
29,455,,TRUE,Female,Fourth,Some College,
29,582,,TRUE,Male,First,Some College,
29,559,,TRUE,Female,First,Some College,
29,74,,TRUE,Male,First,Some College,
29,383,,TRUE,Male,First,Some College,
29,299,,TRUE,Female,First,Some College,
29,168,,TRUE,Male,First,Some College,
29,601,,TRUE,Female,First,Some College,
29,267,,TRUE,Male,First,Some College,
29,175,,TRUE,Male,Second,Some College,
29,175,,TRUE,Male,,Some College,
29,537,,TRUE,Male,First,Some College,
29,601,,TRUE,Male,Third,Some College,
28,473,,TRUE,Female,Third,Some College,
28,238,,TRUE,Female,Fourth,Some College,
28,412,,TRUE,Male,First,Some College,
28,464,,TRUE,Male,Third,Some College,
28,334,,TRUE,Male,First,Some College,
28,31,,TRUE,Male,Second,Some College,
28,344,,TRUE,Male,First,Some College,
28,515,,TRUE,Female,First,Some College,
28,693,,TRUE,Male,Second,Some College,
28,444,,TRUE,Male,Fifth,Some College,
28,359,,TRUE,Male,Third,Some College,
28,596,,TRUE,Female,Third,Some College,
28,195,,TRUE,Male,First,Some College,
28,440,,TRUE,Male,Second,Some College,
16,399,,TRUE,Female,Second,Some College,
28,445,,TRUE,Female,Second,Some College,
28,296,,TRUE,Male,First,Some College,
28,640,,TRUE,Female,First,Some College,
28,132,,TRUE,Female,First,Some College,
27,274,,TRUE,Female,Second,Some College,
27,243,,TRUE,Male,First,Some College,
27,591,,TRUE,Female,Second,Some College,
27,299,,TRUE,Female,First,Some College,
27,199,,TRUE,Male,First,Some College,
27,564,,TRUE,Female,First,Some College,
27,617,,TRUE,Female,Second,Some College,
27,415,,TRUE,Female,First,Some College,
27,391,,TRUE,Male,First,Some College,
26,200,,TRUE,Female,First,Some College,
26,365,,TRUE,Female,First,Some College,
26,419,,TRUE,Female,First,Some College,
26,333,,TRUE,Male,Second,Some College,
26,723,,TRUE,Male,Third,Some College,
26,530,,TRUE,Female,First,Some College,
26,487,,TRUE,Female,Second,Some College,
26,8,,TRUE,Female,First,Some College,
26,236,,TRUE,Female,Second,Some College,
26,88,,TRUE,Male,First,Some College,
26,389,,TRUE,Male,Second,Some College,
26,43,,TRUE,Male,Third,Some College,
26,489,,TRUE,Male,First,Some College,
26,384,,TRUE,Male,Second,Some College,
25,421,,TRUE,Male,Second,Some College,
25,304,,TRUE,Female,Third,Some College,
25,26,,TRUE,Female,Second,Some College,
25,366,,TRUE,Male,First,Some College,
25,347,,TRUE,Male,Second,Some College,
25,17,,TRUE,Male,First,Some College,
25,489,,TRUE,Female,Second,Some College,
25,617,,TRUE,Male,First,Some College,
25,236,,TRUE,Female,First,Some College,
25,65,,TRUE,Female,Second,Some College,
25,557,,TRUE,Female,First,Some College,
24,230,,TRUE,Male,Second,Some College,
24,301,,TRUE,Male,Second,Some College,
24,400,,TRUE,Male,Second,Some College,
24,225,,TRUE,Male,Second,Some College,
24,173,,TRUE,Male,Second,Some College,
24,138,,TRUE,Female,Third,Some College,
24,488,,TRUE,Male,Second,Some College,
24,24,,TRUE,Male,Second,Some College,
24,226,,TRUE,Male,Third,Some College,
24,334,,TRUE,Female,Fourth,Some College,
24,446,,TRUE,Female,Second,Some College,
24,331,,TRUE,Female,First,Some College,
24,41,,TRUE,Female,Third,Some College,
24,53,,TRUE,Female,Second,Some College,
24,319,,TRUE,Female,Third,Some College,
24,417,,TRUE,Female,Fourth,Some College,
23,46,,TRUE,Male,Second,Some College,
23,43,,TRUE,Male,Third,Some College,
23,40,,TRUE,Male,First,Some College,
23,295,,TRUE,Male,First,Some College,
23,300,,TRUE,Male,Second,Some College,
23,12,,TRUE,Male,Second,Some College,
23,187,,TRUE,Male,Second,Some College,
23,117,,TRUE,Female,Third,Some College,
23,519,,TRUE,Male,Second,Some College,
23,246,,TRUE,Male,First,Some College,
23,374,,TRUE,Male,First,Some College,
23,377,,TRUE,Male,First,Some College,
23,45,,TRUE,Male,Second,Some College,
23,52,,TRUE,Male,First,Some College,
23,196,,TRUE,Male,Third,Some College,
23,360,,TRUE,Female,First,Some College,
24,151,,TRUE,Male,Second,Some College,
23,17,,TRUE,Male,,Some College,
22,403,,TRUE,Male,First,Some College,
22,71,,TRUE,Male,Second,Some College,
22,281,,TRUE,Male,First,Some College,
22,308,,TRUE,Male,First,Some College,
22,378,,TRUE,Male,First,Some College,
22,11,,TRUE,Female,Second,Some College,
22,51,,TRUE,Female,Third,Some College,
22,92,,TRUE,Female,Second,Some College,
22,395,,TRUE,Male,Second,Some College,
22,228,,TRUE,Male,Third,Some College,
22,129,,TRUE,Male,First,Some College,
22,255,,TRUE,Male,First,Some College,
22,197,,TRUE,Male,Third,Some College,
22,101,,TRUE,Male,Second,Some College,
22,350,,TRUE,Male,Third,Some College,
22,75,,TRUE,Female,Fifth,Some College,
22,92,,TRUE,Female,Second,Some College,
22,439,,TRUE,Female,Second,Some College,
22,258,,TRUE,Male,First,Some College,
22,495,,TRUE,Female,First,Some College,
22,233,,TRUE,Female,First,Some College,
21,231,,TRUE,Male,Sixth,Some College,
21,250,,TRUE,Male,First,Some College,
21,14,,TRUE,Male,Second,Some College,
21,202,,TRUE,Male,Third,Some College,
21,38,,TRUE,Male,Second,Some College,
21,33,,TRUE,Female,First,Some College,
21,70,,TRUE,Female,Second,Some College,
21,114,,TRUE,Male,First,Some College,
21,33,,TRUE,Male,Third,Some College,
21,303,,TRUE,Female,Second,Some College,
21,150,,TRUE,Male,Second,Some College,
21,147,,TRUE,Male,Second,Some College,
21,25,,TRUE,Female,Second,Some College,
21,135,,TRUE,Female,Second,Some College,
21,250,,TRUE,Male,First,Some College,
21,114,,TRUE,Male,First,Some College,
21,704,,TRUE,Female,Second,Some College,
21,56,,TRUE,Female,Second,Some College,
21,113,,TRUE,Female,Second,Some College,
21,91,,TRUE,Female,Second,Some College,
21,121,,TRUE,Female,Third,Some College,
21,78,,TRUE,Male,First,Some College,
21,19,,TRUE,Male,Second,Some College,
20,118,,TRUE,Female,Second,Some College,
20,272,,TRUE,Female,First,Some College,
20,29,,TRUE,Female,Fourth,Some College,
20,152,,TRUE,Female,Second,Some College,
20,297,,TRUE,Female,Third,Some College,
20,5,,TRUE,Female,First,Some College,
20,26,,TRUE,Female,Third,Some College,
20,47,,TRUE,Male,First,Some College,
20,48,,TRUE,Male,Second,Some College,
20,48,,TRUE,Female,Second,Some College,
21,30,,TRUE,Male,First,Some College,
20,43,,TRUE,Female,Second,Some College,
20,85,,TRUE,Male,First,Some College,
20,90,,TRUE,Male,Second,Some College,
19,45,,TRUE,Female,First,Some College,
19,41,,TRUE,Female,First,Some College,
19,9,,TRUE,Male,Second,Some College,
19,39,,TRUE,Male,First,Some College,
19,115,,TRUE,Male,First,Some College,
19,30,,TRUE,Male,Second,Some College,
19,37,,TRUE,Male,Second,Some College,
19,157,,TRUE,Female,First,Some College,
19,10,,TRUE,Female,Second,Some College,
19,145,,TRUE,Female,Second,Some College,
19,15,,TRUE,Male,Third,Some College,
19,19,,TRUE,Male,First,Some College,
19,39,,TRUE,Male,Second,Some College,
18,24,,TRUE,Male,Third,Some College,
18,68,,TRUE,Male,First,Some College,
18,29,,TRUE,Female,First,Some College,
18,17,,TRUE,Female,First,Some College,
18,32,,TRUE,Male,Second,Some College,
18,120,,TRUE,Male,First,Some College,
18,18,,TRUE,Female,Third,Some College,
18,25,,TRUE,Female,First,Some College,
18,17,,TRUE,Female,Second,Some College,
18,19,,TRUE,Male,Second,Some College,
18,47,,TRUE,Male,Second,Some College,
18,35,,TRUE,Male,First,Some College,
17,13,,TRUE,Female,,Some College,
17,31,,TRUE,Male,Second,Some College,
17,22,,TRUE,Female,Third,Some College,
17,69,,TRUE,Female,Second,Some College,
17,14,,TRUE,Male,Second,Some College,
17,14,,TRUE,Female,First,Some College,
17,52,,TRUE,Female,First,Some College,
17,26,,TRUE,Male,Second,Some College,
17,35,,TRUE,Male,First,Some College,
17,137,,TRUE,Female,First,Some College,
17,15,,TRUE,Male,First,Some College,
17,22,,TRUE,Female,Third,Some College,
17,41,,TRUE,Female,First,Some College,
16,29,,TRUE,Male,Second,Some College,
16,12,,TRUE,Male,First,Some College,
16,11,,TRUE,Male,First,Some College,
16,8,,TRUE,Male,Second,Some College,
16,2,,TRUE,Female,First,Some College,
16,14,,TRUE,Male,First,Some College,
16,43,,TRUE,Male,Second,Some College,
16,32,,TRUE,Female,Second,Some College,
16,40,,TRUE,Female,First,Some College,
16,49,,TRUE,Male,First,Some College,
16,22,,TRUE,Male,First,Some College,
16,10,,TRUE,Male,First,Some College,
16,2,,TRUE,Male,Third,Some College,
30,239,,TRUE,Male,Third,Some College,
30,402,,TRUE,Male,First,Some College,
30,271,,TRUE,Male,Second,Some College,
29,314,,TRUE,Male,First,Some College,
29,532,,TRUE,Male,Second,Some College,
29,306,,TRUE,Male,First,Some College,
29,575,,TRUE,Female,Second,Some College,
29,382,,TRUE,Female,Second,Some College,
28,286,,TRUE,Female,First,Some College,
28,493,,TRUE,Female,Second,Some College,
28,116,,TRUE,Male,First,Some College,
28,423,,TRUE,Male,First,Some College,
28,476,,TRUE,Female,Second,Some College,
28,396,,TRUE,Female,First,Some College,
27,419,,TRUE,Female,Second,Some College,
26,357,,TRUE,Male,Second,Some College,
26,482,,TRUE,Male,First,Some College,
26,109,,TRUE,Male,Second,Some College,
25,395,,TRUE,Female,Second,Some College,
25,251,,TRUE,Male,Third,Some College,
25,168,,TRUE,Male,Third,Some College,
25,206,,TRUE,Female,First,Some College,
24,300,,TRUE,Male,First,Some College,
24,365,,TRUE,Male,Third,Some College,
24,244,,TRUE,Male,First,Some College,
24,62,,TRUE,Male,Fourth,Some College,
24,307,,TRUE,Female,First,Some College,
24,109,,TRUE,Female,Third,Some College,
23,358,,TRUE,Female,Second,Some College,
23,512,,TRUE,Female,Third,Some College,
23,315,,TRUE,Male,First,Some College,
23,346,,TRUE,Male,Third,Some College,
23,38,,TRUE,Male,First,Some College,
23,210,,TRUE,Male,First,Some College,
23,209,,TRUE,Male,First,Some College,
23,239,,TRUE,Female,First,Some College,
22,197,,TRUE,Female,First,Some College,
22,297,,TRUE,Male,First,Some College,
22,42,,TRUE,Male,First,Some College,
22,156,,TRUE,Male,First,Some College,
22,161,,TRUE,Female,First,Some College,
21,45,,TRUE,Male,First,Some College,
21,160,,TRUE,Female,First,Some College,
21,416,,TRUE,Female,Second,Some College,
21,291,,TRUE,Female,First,Some College,
20,41,,TRUE,Male,Fourth,Some College,
20,151,,TRUE,Male,First,Some College,
20,22,,TRUE,Male,First,Some College,
20,61,,TRUE,Female,Second,Some College,
20,15,,TRUE,Female,First,Some College,
20,59,,TRUE,Female,First,Some College,
19,74,,TRUE,Male,First,Some College,
19,183,,TRUE,Female,Second,Some College,
19,48,,TRUE,Female,Second,Some College,
19,126,,TRUE,Male,First,Some College,
18,27,,TRUE,Male,First,Some College,
18,28,,TRUE,Female,First,Some College,
18,39,,TRUE,Female,Fourth,Some College,
18,26,,TRUE,Female,Second,Some College,
17,66,,TRUE,Male,First,Some College,
17,8,,TRUE,Male,Second,Some College,
17,21,,TRUE,Male,Second,Some College,
17,8,,TRUE,Female,Second,Some College,
17,15,,TRUE,Male,First,Some College,
17,3,,TRUE,Male,Second,Some College,
17,37,,TRUE,Female,First,Some College,
16,13,,TRUE,Male,First,Some College,
29,392,,TRUE,Male,Third,Some College,
28,715,,TRUE,Male,First,Some College,
27,305,,TRUE,Male,Second,Some College,
27,458,,TRUE,Male,Second,Some College,
26,184,,TRUE,Male,Third,Some College,
26,492,,TRUE,Male,First,Some College,
26,342,,TRUE,Male,Second,Some College,
25,333,,TRUE,Male,Second,Some College,
24,35,,TRUE,Male,Second,Some College,
24,139,,TRUE,Male,Second,Some College,
24,240,,TRUE,Male,First,Some College,
22,304,,TRUE,Male,Third,Some College,
22,390,,TRUE,Male,First,Some College,
21,39,,TRUE,Male,Second,Some College,
21,127,,TRUE,Male,First,Some College,
21,15,,TRUE,Male,First,Some College,
21,69,,TRUE,Male,First,Some College,
20,34,,TRUE,Male,Third,Some College,
20,29,,TRUE,Male,First,Some College,
20,8,,TRUE,Male,Second,Some College,
19,18,,TRUE,Male,Second,Some College,
19,47,,TRUE,Male,Second,Some College,
19,136,,TRUE,Male,First,Some College,
17,6,,TRUE,Male,First,Some College,
17,3,,TRUE,Male,Third,Some College,
17,5,,TRUE,Male,Third,Some College,
16,3,,TRUE,Male,Second,Some College,
16,11,,TRUE,Male,Third,Some College,
30,304,,TRUE,Male,First,Some College,
30,395,,TRUE,Male,Fourth,Some College,
29,528,,TRUE,Male,Third,Some College,
29,235,,TRUE,Male,Third,Some College,
28,356,,TRUE,Male,First,Some College,
28,517,,TRUE,Female,Third,Some College,
28,228,,TRUE,Male,Second,Some College,
28,212,,TRUE,Female,Second,Some College,
27,377,,TRUE,Male,Third,Some College,
27,206,,TRUE,Male,First,Some College,
26,286,,TRUE,Female,Second,Some College,
26,311,,TRUE,Male,,Some College,
26,349,,TRUE,Male,Second,Some College,
24,301,,TRUE,Male,First,Some College,
24,157,,TRUE,Male,First,Some College,
24,259,,TRUE,Male,First,Some College,
24,231,,TRUE,Male,Second,Some College,
23,262,,TRUE,Male,Second,Some College,
23,136,,TRUE,Male,First,Some College,
23,21,,TRUE,Female,Second,Some College,
23,24,,TRUE,Male,First,Some College,
22,112,,TRUE,Female,Second,Some College,
22,376,,TRUE,Male,Second,Some College,
21,25,,TRUE,Male,Second,Some College,
20,379,,TRUE,Male,First,Some College,
19,93,,TRUE,Male,First,Some College,
19,33,,TRUE,Male,Second,Some College,
19,169,,TRUE,Female,Second,Some College,
18,52,,TRUE,Female,Second,Some College,
17,70,,TRUE,Male,Fourth,Some College,
17,13,,TRUE,Male,First,Some College,
16,32,,TRUE,Female,Second,Some College,
16,10,,TRUE,Male,First,Some College,
30,564,,TRUE,Male,Second,Some College,
30,560,,TRUE,Male,Second,Some College,
29,217,,TRUE,Female,First,Some College,
29,352,,TRUE,Female,First,Some College,
29,374,,TRUE,Female,Third,Some College,
29,416,,TRUE,Male,Third,Some College,
28,305,,TRUE,Male,First,Some College,
28,220,,TRUE,Female,Fourth,Some College,
28,326,,TRUE,Male,First,Some College,
27,571,,TRUE,Female,Second,Some College,
27,239,,TRUE,Female,Second,Some College,
27,296,,TRUE,Female,Third,Some College,
25,450,,TRUE,Female,First,Some College,
26,226,,TRUE,Male,Second,Some College,
25,441,,TRUE,Female,Third,Some College,
25,271,,TRUE,Male,Third,Some College,
24,59,,TRUE,Female,Second,Some College,
24,377,,TRUE,Female,First,Some College,
24,120,,TRUE,Female,Second,Some College,
24,222,,TRUE,Male,Second,Some College,
24,293,,TRUE,Male,First,Some College,
24,87,,TRUE,Male,First,Some College,
23,179,,TRUE,Male,Third,Some College,
23,262,,TRUE,Male,First,Some College,
23,29,,TRUE,Male,Second,Some College,
23,176,,TRUE,Female,Second,Some College,
22,19,,TRUE,Female,Third,Some College,
22,160,,TRUE,Male,First,Some College,
21,354,,TRUE,Male,First,Some College,
21,28,,TRUE,Male,Fourth,Some College,
20,30,,TRUE,Male,Second,Some College,
20,46,,TRUE,Male,Second,Some College,
20,116,,TRUE,Male,First,Some College,
20,131,,TRUE,Male,Second,Some College,
19,115,,TRUE,Male,Third,Some College,
19,65,,TRUE,Male,First,Some College,
19,6,,TRUE,Male,Third,Some College,
19,16,,TRUE,Male,First,Some College,
17,10,,TRUE,Male,First,Some College,
17,47,,TRUE,Female,Second,Some College,
17,3,,TRUE,Male,Third,Some College,
17,27,,TRUE,Male,Third,Some College,
16,4,,TRUE,Male,First,Some College,
16,9,,TRUE,Male,First,Some College,
30,452,,TRUE,Female,Second,Some College,
30,509,,TRUE,Male,First,Some College,
30,410,,TRUE,Female,First,Some College,
30,525,,TRUE,Female,Second,Some College,
30,510,,TRUE,Male,,Some College,
29,474,,TRUE,Female,First,Some College,
29,695,,TRUE,Male,Second,Some College,
29,504,,TRUE,Female,Second,Some College,
29,697,,TRUE,Female,First,Some College,
29,580,,TRUE,Female,First,Some College,
29,218,,TRUE,Female,Second,Some College,
29,623,,TRUE,Female,First,Some College,
28,396,,TRUE,Female,Third,Some College,
28,376,,TRUE,Male,Fourth,Some College,
28,68,,TRUE,Male,Second,Some College,
28,435,,TRUE,Female,Second,Some College,
28,498,,TRUE,Female,First,Some College,
27,411,,TRUE,Female,Second,Some College,
27,482,,TRUE,Female,First,Some College,
27,573,,TRUE,Female,Second,Some College,
27,477,,TRUE,Male,First,Some College,
27,339,,TRUE,Female,Third,Some College,
27,495,,TRUE,Female,First,Some College,
27,482,,TRUE,Female,First,Some College,
27,583,,TRUE,Female,First,Some College,
26,456,,TRUE,Female,First,Some College,
26,535,,TRUE,Female,Fifth,Some College,
26,286,,TRUE,Female,First,Some College,
26,246,,TRUE,Female,Second,Some College,
27,491,,TRUE,Female,,Some College,
26,378,,TRUE,Female,First,Some College,
26,253,,TRUE,Female,Second,Some College,
26,368,,TRUE,Female,Second,Some College,
26,537,,TRUE,Female,First,Some College,
26,378,,TRUE,Female,First,Some College,
27,416,,TRUE,Female,First,Some College,
26,489,,TRUE,Female,First,Some College,
26,487,,TRUE,Female,First,Some College,
26,240,,TRUE,Female,Second,Some College,
25,398,,TRUE,Female,Second,Some College,
25,314,,TRUE,Female,Second,Some College,
25,366,,TRUE,Male,Second,Some College,
24,145,,TRUE,Male,Fourth,Some College,
24,203,,TRUE,Male,Third,Some College,
24,180,,TRUE,Male,Second,Some College,
24,296,,TRUE,Female,First,Some College,
24,381,,TRUE,Male,Second,Some College,
24,77,,TRUE,Female,First,Some College,
24,106,,TRUE,Female,First,Some College,
24,28,,TRUE,Male,First,Some College,
23,216,,TRUE,Male,First,Some College,
23,213,,TRUE,Female,Third,Some College,
23,215,,TRUE,Female,Second,Some College,
23,155,,TRUE,Male,Fifth,Some College,
23,72,,TRUE,Female,Third,Some College,
22,413,,TRUE,Female,Second,Some College,
22,133,,TRUE,Male,First,Some College,
22,218,,TRUE,Female,Third,Some College,
22,191,,TRUE,Female,Second,Some College,
22,68,,TRUE,Female,First,Some College,
22,55,,TRUE,Male,Second,Some College,
22,69,,TRUE,Male,Second,Some College,
22,198,,TRUE,Male,First,Some College,
22,32,,TRUE,Male,Second,Some College,
22,83,,TRUE,Male,Second,Some College,
22,82,,TRUE,Female,First,Some College,
21,394,,TRUE,Female,Second,Some College,
21,181,,TRUE,Female,First,Some College,
21,34,,TRUE,Female,Second,Some College,
21,119,,TRUE,Female,Fourth,Some College,
21,16,,TRUE,Male,Second,Some College,
21,116,,TRUE,Female,Second,Some College,
21,315,,TRUE,Female,Fifth,Some College,
20,51,,TRUE,Male,Second,Some College,
20,28,,TRUE,Male,Second,Some College,
20,102,,TRUE,Female,Second,Some College,
20,12,,TRUE,Female,Third,Some College,
20,195,,TRUE,Female,First,Some College,
20,98,,TRUE,Female,Second,Some College,
20,50,,TRUE,Male,Second,Some College,
20,70,,TRUE,Male,First,Some College,
20,98,,TRUE,Male,Second,Some College,
20,64,,TRUE,Female,Third,Some College,
19,186,,TRUE,Female,First,Some College,
19,105,,TRUE,Female,First,Some College,
19,318,,TRUE,Female,Second,Some College,
19,35,,TRUE,Female,Third,Some College,
19,22,,TRUE,Female,Second,Some College,
19,8,,TRUE,Female,Second,Some College,
19,181,,TRUE,Male,,Some College,
19,24,,TRUE,Female,Third,Some College,
19,513,,TRUE,Female,First,Some College,
19,172,,TRUE,Male,Third,Some College,
18,17,,TRUE,Female,First,Some College,
18,51,,TRUE,Female,First,Some College,
18,35,,TRUE,Female,Third,Some College,
18,4,,TRUE,Male,Second,Some College,
18,48,,TRUE,Female,First,Some College,
17,87,,TRUE,Male,First,Some College,
17,79,,TRUE,Female,First,Some College,
17,62,,TRUE,Male,Second,Some College,
17,44,,TRUE,Male,First,Some College,
17,30,,TRUE,Female,Second,Some College,
17,34,,TRUE,Male,Fourth,Some College,
16,30,,TRUE,Female,Second,Some College,
16,16,,TRUE,Female,Second,Some College,
16,13,,TRUE,Female,Second,Some College,
16,15,,TRUE,Female,Second,Some College,
16,6,,TRUE,Female,Second,Some College,
16,82,,TRUE,Male,Third,Some College,
17,17,,TRUE,Male,First,Some College,
16,13,,TRUE,Female,First,Some College,
18,42,,TRUE,Male,Third,Some College,
19,80,,TRUE,Male,First,Some College,
18,23,,TRUE,Male,Second,Some College,
18,13,,TRUE,Male,Third,Some College,
29,397,,TRUE,Male,Second,Some College,
29,163,,TRUE,Female,Second,Some College,
28,172,,TRUE,Male,Second,Some College,
28,611,,TRUE,Male,First,Some College,
28,162,,TRUE,Male,First,Some College,
28,445,,TRUE,Female,Second,Some College,
28,402,,TRUE,Male,Second,Some College,
28,224,,TRUE,Male,Second,Some College,
27,621,,TRUE,Female,First,Some College,
27,145,,TRUE,Female,Third,Some College,
27,344,,TRUE,Female,Second,Some College,
27,365,,TRUE,Male,Second,Some College,
27,318,,TRUE,Male,Second,Some College,
26,700,,TRUE,Male,First,Some College,
26,329,,TRUE,Male,First,Some College,
26,303,,TRUE,Male,Second,Some College,
25,167,,TRUE,Male,First,Some College,
25,389,,TRUE,Male,First,Some College,
25,358,,TRUE,Male,Second,Some College,
24,6,,TRUE,Female,First,Some College,
24,94,,TRUE,Male,Second,Some College,
24,248,,TRUE,Male,First,Some College,
24,288,,TRUE,Female,First,Some College,
23,314,,TRUE,Male,Sixth,Some College,
23,111,,TRUE,Male,First,Some College,
23,53,,TRUE,Female,First,Some College,
23,343,,TRUE,Female,First,Some College,
23,445,,TRUE,Male,Second,Some College,
22,164,,TRUE,Female,Second,Some College,
21,193,,TRUE,Male,Second,Some College,
21,211,,TRUE,Male,Second,Some College,
21,48,,TRUE,Male,Second,Some College,
20,59,,TRUE,Male,Third,Some College,
20,253,,TRUE,Male,First,Some College,
19,27,,TRUE,Male,Second,Some College,
19,42,,TRUE,Female,First,Some College,
19,158,,TRUE,Male,First,Some College,
30,335,,TRUE,Female,Second,Some College,
30,605,,TRUE,Female,Second,Some College,
17,209,,TRUE,Male,Second,Some College,
17,111,,TRUE,Female,Second,Some College,
17,6,,TRUE,Male,First,Some College,
16,15,,TRUE,Female,First,Some College,
16,8,,TRUE,Female,Second,Some College,
16,39,,TRUE,Male,First,Some College,
16,12,,TRUE,Male,Second,Some College,
16,25,,TRUE,Male,Second,Some College,
30,483,,TRUE,Male,First,Some College,
30,530,,TRUE,Male,First,Some College,
17,32,,TRUE,Male,Fourth,Some College,
17,4,,TRUE,Male,Third,Some College,
29,335,,TRUE,Female,Second,Some College,
28,652,,TRUE,Male,First,Some College,
27,510,,TRUE,Male,Second,Some College,
27,221,,TRUE,Male,First,Some College,
27,550,,TRUE,Male,First,Some College,
27,332,,TRUE,Male,First,Some College,
27,227,,TRUE,Female,First,Some College,
26,478,,TRUE,Male,First,Some College,
26,356,,TRUE,Male,Second,Some College,
24,38,,TRUE,Female,Third,Some College,
22,25,,TRUE,Male,Third,Some College,
22,231,,TRUE,Female,Second,Some College,
22,89,,TRUE,Male,First,Some College,
22,82,,TRUE,Male,Second,Some College,
22,304,,TRUE,Female,First,Some College,
21,517,,TRUE,Male,First,Some College,
20,544,,TRUE,Male,First,Some College,
20,64,,TRUE,Female,First,Some College,
20,47,,TRUE,Male,Second,Some College,
20,19,,TRUE,Female,First,Some College,
19,23,,TRUE,Male,First,Some College,
19,60,,TRUE,Female,Third,Some College,
19,87,,TRUE,Female,First,Some College,
19,57,,TRUE,Female,First,Some College,
19,30,,TRUE,Female,First,Some College,
18,18,,TRUE,Female,Second,Some College,
17,19,,TRUE,Male,First,Some College,
17,35,,TRUE,Male,First,Some College,
29,578,,TRUE,Female,Second,Some College,
16,5,,TRUE,Male,Fourth,Some College,
16,11,,TRUE,Male,Second,Some College,
19,140,,TRUE,Male,Fourth,Some College,
36,564,,TRUE,Male,First,Some College,
36,673,,TRUE,Female,Third,Some College,
36,682,,TRUE,Female,Fourth,Some College,
36,619,,TRUE,Female,First,Some College,
36,572,,TRUE,Female,First,Some College,
36,718,,TRUE,Female,Second,Some College,
36,543,,TRUE,Male,First,Some College,
36,620,,TRUE,Female,Third,Some College,
36,606,,TRUE,Male,First,Some College,
36,497,,TRUE,Male,First,Some College,
36,576,,TRUE,Female,Second,Some College,
36,577,,TRUE,Male,Second,Some College,
36,645,,TRUE,Male,Second,Some College,
36,571,,TRUE,Male,Second,Some College,
36,701,,TRUE,Female,Second,Some College,
36,559,,TRUE,Female,Second,Some College,
36,553,,TRUE,Female,Second,Some College,
36,516,,TRUE,Female,Fifth,Some College,
36,644,,TRUE,Male,Third,Some College,
36,567,,TRUE,Female,First,Some College,
36,611,,TRUE,Female,First,Some College,
36,593,,TRUE,Male,First,Some College,
36,470,,TRUE,Male,Second,Some College,
36,670,,TRUE,Male,Third,Some College,
36,623,,TRUE,Female,Second,Some College,
36,568,,TRUE,Male,First,Some College,
36,612,,TRUE,Female,First,Some College,
36,621,,TRUE,Female,First,Some College,
36,561,,TRUE,Male,Second,Some College,
36,701,,TRUE,Male,Second,Some College,
36,552,,TRUE,Male,First,Some College,
36,678,,TRUE,Male,Second,Some College,
36,502,,TRUE,Female,Fourth,Some College,
36,692,,TRUE,Female,First,Some College,
36,585,,TRUE,Male,Third,Some College,
36,435,,TRUE,Male,First,Some College,
36,645,,TRUE,Male,First,Some College,
36,683,,TRUE,Female,First,Some College,
36,673,,TRUE,Male,Second,Some College,
36,616,,TRUE,Female,Second,Some College,
36,441,,TRUE,Female,Third,Some College,
36,537,,TRUE,Male,Second,Some College,
36,648,,TRUE,Female,First,Some College,
36,510,,TRUE,Male,Fourth,Some College,
36,560,,TRUE,Female,Second,Some College,
36,581,,TRUE,Female,First,Some College,
36,634,,TRUE,Male,First,Some College,
36,659,,TRUE,Female,First,Some College,
36,475,,TRUE,Male,Third,Some College,
36,684,,TRUE,Male,First,Some College,
36,521,,TRUE,Male,Second,Some College,
36,259,,TRUE,Male,First,Some College,
36,678,,TRUE,Male,Third,Some College,
36,686,,TRUE,Male,Fourth,Some College,
36,490,,TRUE,Female,First,Some College,
35,348,,TRUE,Male,Second,Some College,
35,526,,TRUE,Male,First,Some College,
35,428,,TRUE,Male,Second,Some College,
35,583,,TRUE,Female,First,Some College,
35,620,,TRUE,Male,First,Some College,
35,611,,TRUE,Female,Third,Some College,
35,671,,TRUE,Female,First,Some College,
35,347,,TRUE,Female,Second,Some College,
35,615,,TRUE,Female,Second,Some College,
35,665,,TRUE,Female,Fourth,Some College,
35,711,,TRUE,Female,First,Some College,
35,695,,TRUE,Female,Third,Some College,
35,597,,TRUE,Male,Second,Some College,
35,635,,TRUE,Female,First,Some College,
35,696,,TRUE,Male,First,Some College,
35,677,,TRUE,Female,Second,Some College,
35,598,,TRUE,Female,First,Some College,
35,465,,TRUE,Male,First,Some College,
35,564,,TRUE,Male,First,Some College,
35,564,,TRUE,Female,First,Some College,
35,549,,TRUE,Female,First,Some College,
35,462,,TRUE,Female,First,Some College,
35,411,,TRUE,Male,Second,Some College,
35,499,,TRUE,Female,Second,Some College,
35,581,,TRUE,Male,Second,Some College,
35,570,,TRUE,Female,First,Some College,
35,642,,TRUE,Female,First,Some College,
35,565,,TRUE,Female,Fourth,Some College,
35,443,,TRUE,Male,Third,Some College,
35,554,,TRUE,Male,First,Some College,
35,692,,TRUE,Female,Third,Some College,
35,596,,TRUE,Male,First,Some College,
35,524,,TRUE,Female,Second,Some College,
35,492,,TRUE,Male,First,Some College,
35,196,,TRUE,Male,First,Some College,
35,588,,TRUE,Female,First,Some College,
35,637,,TRUE,Female,First,Some College,
35,466,,TRUE,Female,Second,Some College,
35,541,,TRUE,Male,First,Some College,
35,597,,TRUE,Male,First,Some College,
35,705,,TRUE,Female,First,Some College,
35,716,,TRUE,Male,First,Some College,
35,548,,TRUE,Female,First,Some College,
35,722,,TRUE,Male,Second,Some College,
35,637,,TRUE,Male,First,Some College,
35,535,,TRUE,Female,Second,Some College,
35,719,,TRUE,Female,Third,Some College,
35,490,,TRUE,Female,First,Some College,
35,699,,TRUE,Male,First,Some College,
35,490,,TRUE,Male,Second,Some College,
35,649,,TRUE,Male,Third,Some College,
35,704,,TRUE,Male,Second,Some College,
34,631,,TRUE,Male,First,Some College,
34,558,,TRUE,Female,Second,Some College,
34,649,,TRUE,Female,First,Some College,
34,564,,TRUE,Male,Third,Some College,
34,476,,TRUE,Female,Third,Some College,
34,480,,TRUE,Female,Second,Some College,
34,467,,TRUE,Male,First,Some College,
34,522,,TRUE,Female,Second,Some College,
34,568,,TRUE,Female,Second,Some College,
34,450,,TRUE,Male,Fourth,Some College,
34,176,,TRUE,Male,Second,Some College,
34,392,,TRUE,Male,First,Some College,
34,613,,TRUE,Male,First,Some College,
34,574,,TRUE,Male,First,Some College,
34,671,,TRUE,Male,Fourth,Some College,
34,652,,TRUE,Male,First,Some College,
34,683,,TRUE,Female,Third,Some College,
34,700,,TRUE,Female,Second,Some College,
34,664,,TRUE,Male,First,Some College,
34,695,,TRUE,Female,First,Some College,
34,440,,TRUE,Female,First,Some College,
34,449,,TRUE,Male,First,Some College,
34,304,,TRUE,Female,Third,Some College,
34,569,,TRUE,Male,Third,Some College,
34,285,,TRUE,Male,First,Some College,
34,500,,TRUE,Female,First,Some College,
34,615,,TRUE,Female,First,Some College,
34,648,,TRUE,Male,First,Some College,
34,516,,TRUE,Female,First,Some College,
34,649,,TRUE,Male,Second,Some College,
34,715,,TRUE,Male,,Some College,
34,621,,TRUE,Male,Second,Some College,
34,694,,TRUE,Female,Second,Some College,
34,615,,TRUE,Male,Fourth,Some College,
34,349,,TRUE,Male,First,Some College,
34,705,,TRUE,Male,Third,Some College,
34,681,,TRUE,Male,Third,Some College,
34,725,,TRUE,Male,First,Some College,
34,542,,TRUE,Female,First,Some College,
34,418,,TRUE,Male,Second,Some College,
34,627,,TRUE,Female,First,Some College,
34,564,,TRUE,Male,Third,Some College,
34,528,,TRUE,Female,Second,Some College,
34,660,,TRUE,Female,Second,Some College,
34,693,,TRUE,Female,Fifth,Some College,
34,502,,TRUE,Male,Second,Some College,
34,621,,TRUE,Female,Second,Some College,
34,424,,TRUE,Female,Fourth,Some College,
34,539,,TRUE,Female,Second,Some College,
34,609,,TRUE,Male,First,Some College,
34,562,,TRUE,Female,First,Some College,
34,595,,TRUE,Female,Second,Some College,
34,629,,TRUE,Male,First,Some College,
34,513,,TRUE,Male,Third,Some College,
34,96,,TRUE,Male,Fourth,Some College,
34,566,,TRUE,Male,Third,Some College,
34,670,,TRUE,Male,First,Some College,
34,711,,TRUE,Male,Second,Some College,
34,643,,TRUE,Male,First,Some College,
34,685,,TRUE,Female,First,Some College,
34,568,,TRUE,Female,Fourth,Some College,
34,662,,TRUE,Female,First,Some College,
34,358,,TRUE,Female,Second,Some College,
34,561,,TRUE,Male,First,Some College,
33,487,,TRUE,Male,Third,Some College,
33,467,,TRUE,Male,Third,Some College,
33,467,,TRUE,Female,Second,Some College,
33,614,,TRUE,Male,Second,Some College,
33,636,,TRUE,Female,First,Some College,
33,650,,TRUE,Female,Second,Some College,
33,496,,TRUE,Male,First,Some College,
33,584,,TRUE,Female,First,Some College,
33,552,,TRUE,Female,First,Some College,
33,623,,TRUE,Male,First,Some College,
33,585,,TRUE,Male,First,Some College,
33,632,,TRUE,Female,First,Some College,
33,440,,TRUE,Male,Third,Some College,
33,629,,TRUE,Female,First,Some College,
33,583,,TRUE,Female,Second,Some College,
33,518,,TRUE,Female,First,Some College,
33,503,,TRUE,Female,Second,Some College,
33,382,,TRUE,Female,First,Some College,
33,633,,TRUE,Female,First,Some College,
33,654,,TRUE,Female,Third,Some College,
33,486,,TRUE,Female,Second,Some College,
33,725,,TRUE,Female,Second,Some College,
33,491,,TRUE,Male,First,Some College,
33,688,,TRUE,Male,Fourth,Some College,
33,589,,TRUE,Male,Third,Some College,
33,637,,TRUE,Female,,Some College,
33,485,,TRUE,Female,Third,Some College,
33,696,,TRUE,Female,First,Some College,
33,509,,TRUE,Male,First,Some College,
33,640,,TRUE,Female,First,Some College,
33,636,,TRUE,Male,Second,Some College,
33,478,,TRUE,Male,First,Some College,
33,511,,TRUE,Female,Third,Some College,
33,545,,TRUE,Female,First,Some College,
33,649,,TRUE,Female,First,Some College,
33,639,,TRUE,Female,First,Some College,
33,423,,TRUE,Female,First,Some College,
33,500,,TRUE,Male,First,Some College,
33,693,,TRUE,Female,Second,Some College,
33,637,,TRUE,Female,Second,Some College,
33,660,,TRUE,Male,Second,Some College,
33,406,,TRUE,Male,First,Some College,
33,671,,TRUE,Male,First,Some College,
33,613,,TRUE,Female,Second,Some College,
33,425,,TRUE,Female,Second,Some College,
33,424,,TRUE,Female,First,Some College,
33,534,,TRUE,Female,Third,Some College,
33,662,,TRUE,Female,First,Some College,
33,379,,TRUE,Male,First,Some College,
33,647,,TRUE,Female,Second,Some College,
33,660,,TRUE,Female,Second,Some College,
33,32,,TRUE,Male,Second,Some College,
33,430,,TRUE,Male,First,Some College,
33,526,,TRUE,Male,Second,Some College,
33,571,,TRUE,Male,First,Some College,
33,504,,TRUE,Male,Second,Some College,
33,401,,TRUE,Male,Second,Some College,
33,296,,TRUE,Male,Fourth,Some College,
33,528,,TRUE,Male,First,Some College,
33,37,,TRUE,Female,Second,Some College,
33,147,,TRUE,Female,First,Some College,
33,462,,TRUE,Male,Second,Some College,
33,720,,TRUE,Male,First,Some College,
33,603,,TRUE,Female,Second,Some College,
33,701,,TRUE,Female,First,Some College,
33,416,,TRUE,Female,First,Some College,
33,522,,TRUE,Female,Second,Some College,
33,357,,TRUE,Male,First,Some College,
33,622,,TRUE,Male,Fourth,Some College,
33,665,,TRUE,Female,Second,Some College,
33,514,,TRUE,Male,First,Some College,
33,502,,TRUE,Male,Third,Some College,
33,655,,TRUE,Female,First,Some College,
33,510,,TRUE,Male,First,Some College,
33,378,,TRUE,Male,Second,Some College,
33,625,,TRUE,Male,First,Some College,
33,548,,TRUE,Male,First,Some College,
33,597,,TRUE,Female,Second,Some College,
32,637,,TRUE,Female,First,Some College,
32,490,,TRUE,Male,Second,Some College,
32,573,,TRUE,Female,Third,Some College,
32,522,,TRUE,Female,Second,Some College,
32,578,,TRUE,Female,Second,Some College,
32,268,,TRUE,Male,First,Some College,
32,608,,TRUE,Male,First,Some College,
32,376,,TRUE,Male,First,Some College,
32,476,,TRUE,Female,First,Some College,
32,416,,TRUE,Male,First,Some College,
32,593,,TRUE,Female,First,Some College,
32,359,,TRUE,Female,Fourth,Some College,
32,725,,TRUE,Female,Second,Some College,
32,618,,TRUE,Female,First,Some College,
32,542,,TRUE,Female,Third,Some College,
32,568,,TRUE,Female,First,Some College,
32,313,,TRUE,Female,Second,Some College,
32,418,,TRUE,Male,Fourth,Some College,
32,545,,TRUE,Female,First,Some College,
32,641,,TRUE,Female,Third,Some College,
32,389,,TRUE,Male,Third,Some College,
32,641,,TRUE,Male,Second,Some College,
32,721,,TRUE,Male,First,Some College,
32,419,,TRUE,Male,Third,Some College,
32,587,,TRUE,Male,,Some College,
32,671,,TRUE,Female,First,Some College,
32,452,,TRUE,Male,First,Some College,
32,628,,TRUE,Female,Third,Some College,
32,393,,TRUE,Male,First,Some College,
32,585,,TRUE,Male,First,Some College,
32,538,,TRUE,Male,Second,Some College,
32,598,,TRUE,Male,Third,Some College,
32,495,,TRUE,Male,First,Some College,
32,539,,TRUE,Male,Third,Some College,
32,673,,TRUE,Male,First,Some College,
32,662,,TRUE,Male,Second,Some College,
32,722,,TRUE,Male,First,Some College,
32,516,,TRUE,Male,First,Some College,
32,433,,TRUE,Female,Second,Some College,
32,644,,TRUE,Female,First,Some College,
32,365,,TRUE,Female,First,Some College,
32,527,,TRUE,Female,First,Some College,
32,341,,TRUE,Female,Third,Some College,
32,463,,TRUE,Male,Second,Some College,
32,489,,TRUE,Female,Second,Some College,
32,470,,TRUE,Female,Second,Some College,
32,379,,TRUE,Female,Second,Some College,
32,220,,TRUE,Female,Third,Some College,
32,624,,TRUE,Female,First,Some College,
32,308,,TRUE,Male,First,Some College,
32,154,,TRUE,Female,Fourth,Some College,
32,702,,TRUE,Female,Second,Some College,
32,649,,TRUE,Male,Second,Some College,
32,369,,TRUE,Male,Third,Some College,
32,234,,TRUE,Male,Second,Some College,
32,666,,TRUE,Female,Third,Some College,
32,556,,TRUE,Male,First,Some College,
32,544,,TRUE,Female,Second,Some College,
31,612,,TRUE,Male,First,Some College,
31,528,,TRUE,Male,Second,Some College,
31,491,,TRUE,Male,Second,Some College,
31,355,,TRUE,Male,Second,Some College,
31,599,,TRUE,Male,Second,Some College,
31,427,,TRUE,Female,First,Some College,
31,652,,TRUE,Male,First,Some College,
31,461,,TRUE,Male,First,Some College,
31,595,,TRUE,Female,First,Some College,
31,419,,TRUE,Male,Second,Some College,
31,68,,TRUE,Male,Second,Some College,
31,644,,TRUE,Female,Second,Some College,
31,526,,TRUE,Female,Third,Some College,
31,323,,TRUE,Female,Second,Some College,
31,365,,TRUE,Male,Third,Some College,
31,220,,TRUE,Male,Second,Some College,
31,517,,TRUE,Male,First,Some College,
31,416,,TRUE,Female,First,Some College,
31,556,,TRUE,Male,First,Some College,
31,434,,TRUE,Female,Second,Some College,
31,393,,TRUE,Female,First,Some College,
31,488,,TRUE,Male,First,Some College,
31,541,,TRUE,Male,First,Some College,
31,86,,TRUE,Female,First,Some College,
31,456,,TRUE,Male,Fifth,Some College,
31,615,,TRUE,Male,Fourth,Some College,
31,529,,TRUE,Female,Third,Some College,
31,504,,TRUE,Female,Second,Some College,
31,549,,TRUE,Female,Fourth,Some College,
31,522,,TRUE,Male,Third,Some College,
31,350,,TRUE,Female,First,Some College,
31,625,,TRUE,Female,First,Some College,
31,390,,TRUE,Male,Third,Some College,
31,415,,TRUE,Male,Second,Some College,
31,444,,TRUE,Female,Second,Some College,
31,377,,TRUE,Female,Second,Some College,
31,365,,TRUE,Male,Second,Some College,
31,460,,TRUE,Male,Third,Some College,
31,330,,TRUE,Male,First,Some College,
31,500,,TRUE,Male,Second,Some College,
31,608,,TRUE,Male,Second,Some College,
31,720,,TRUE,Female,Fourth,Some College,
31,385,,TRUE,Male,Second,Some College,
31,484,,TRUE,Male,First,Some College,
31,64,,TRUE,Female,Fourth,Some College,
31,202,,TRUE,Male,Third,Some College,
31,389,,TRUE,Female,First,Some College,
31,570,,TRUE,Female,Fifth,Some College,
31,361,,TRUE,Male,Third,Some College,
31,713,,TRUE,Female,First,Some College,
31,212,,TRUE,Male,First,Some College,
31,558,,TRUE,Female,First,Some College,
31,400,,TRUE,Female,Second,Some College,
31,581,,TRUE,Female,First,Some College,
31,295,,TRUE,Male,Third,Some College,
31,367,,TRUE,Female,Second,Some College,
31,552,,TRUE,Female,Third,Some College,
31,469,,TRUE,Male,First,Some College,
31,662,,TRUE,Male,Third,Some College,
31,249,,TRUE,Male,First,Some College,
31,425,,TRUE,Female,Second,Some College,
31,657,,TRUE,Female,First,Some College,
31,492,,TRUE,Male,First,Some College,
31,497,,TRUE,Female,Second,Some College,
31,432,,TRUE,Female,Second,Some College,
31,315,,TRUE,Male,Third,Some College,
31,215,,TRUE,Male,First,Some College,
31,611,,TRUE,Female,Second,Some College,
31,473,,TRUE,Male,Second,Some College,
31,400,,TRUE,Male,Second,Some College,
31,549,,TRUE,Male,Second,Some College,
31,668,,TRUE,Female,First,Some College,
31,415,,TRUE,Male,Fifth,Some College,
31,693,,TRUE,Male,First,Some College,
31,596,,TRUE,Male,First,Some College,
31,595,,TRUE,Female,Second,Some College,
31,247,,TRUE,Male,First,Some College,
17,18,,TRUE,Female,Third,Some Graduate,
18,48,,TRUE,Female,Second,Some Graduate,
26,359,,TRUE,Female,First,Some Graduate,
20,70,,TRUE,Male,Third,Some Graduate,
21,118,,TRUE,Female,Third,Some Graduate,
36,412,,TRUE,Female,Second,Some Graduate,
35,128,,TRUE,Female,Fifth,Some Graduate,
35,445,,TRUE,Male,First,Some Graduate,
35,522,,TRUE,Male,Second,Some Graduate,
35,450,,TRUE,Male,Second,Some Graduate,
35,674,,TRUE,Male,Second,Some Graduate,
34,472,,TRUE,Male,First,Some Graduate,
33,623,,TRUE,Male,First,Some Graduate,
33,670,,TRUE,Female,Second,Some Graduate,
33,476,,TRUE,Female,First,Some Graduate,
32,589,,TRUE,Female,Second,Some Graduate,
32,492,,TRUE,Female,,Some Graduate,
32,565,,TRUE,Male,Second,Some Graduate,
32,692,,TRUE,Female,First,Some Graduate,
32,707,,TRUE,Female,Second,Some Graduate,
32,416,,TRUE,Male,Third,Some Graduate,
31,529,,TRUE,Female,Second,Some Graduate,
31,256,,TRUE,Female,Second,Some Graduate,
29,609,,TRUE,Female,Third,Some Secondary,
22,155,,TRUE,Female,Second,Some Secondary,
21,171,,TRUE,Female,First,Some Secondary,
29,423,,TRUE,Female,Fifth,Some Secondary,
22,498,,TRUE,Female,First,Some Secondary,
22,350,,TRUE,Female,First,Some Secondary,
22,110,,TRUE,Male,Third,Some Secondary,
23,108,,TRUE,Male,Third,Some Secondary,
24,281,,TRUE,Female,Second,Some Secondary,
17,41,,TRUE,Female,Fifth,Some Secondary,
21,18,,TRUE,Male,Second,Some Secondary,
25,52,,TRUE,Male,Fifth,Some Secondary,
32,536,,TRUE,Female,Third,Some Secondary,
32,687,,TRUE,Female,First,Some Secondary,
31,362,,TRUE,Male,Second,Some Secondary,
