age,production,comprehension,is_norming,sex,birth_order,caregiver_education,ethnicity
24,99,166,FALSE,Female,Fifth,College,
26,141,310,FALSE,Male,First,College,
24,357,653,FALSE,Male,First,College,
24,72,680,FALSE,Male,Second,College,
29,313,680,FALSE,Male,Second,College,
26,381,441,FALSE,Male,Second,College,
30,273,334,FALSE,Male,First,College,
28,663,678,FALSE,Male,Second,College,
20,252,,FALSE,Male,Fourth,,
27,548,,FALSE,Female,,,
20,76,,FALSE,Male,First,,
25,382,,FALSE,Male,First,,
25,359,,FALSE,Male,First,,
22,130,,FALSE,Female,First,,
24,341,,FALSE,Male,,,
30,63,,FALSE,Male,Third,,
20,252,,FALSE,,,,
17,58,,FALSE,,,,
17,53,,FALSE,,,,
28,336,,FALSE,,,,
23,362,,FALSE,,,,
19,220,,FALSE,,,,
16,143,,FALSE,,,,
16,47,,FALSE,,,,
17,47,,FALSE,,,,
24,474,,FALSE,,,,
17,248,,FALSE,,,,
19,379,,FALSE,,,,
17,39,,FALSE,,,,
18,51,,FALSE,,,,
16,10,,FALSE,,,,
20,28,,FALSE,,,,
28,474,,FALSE,,,,
28,390,,FALSE,,,,
28,389,,FALSE,,,,
17,17,,FALSE,,,,
18,17,,FALSE,,,,
22,71,,FALSE,,,,
18,20,,FALSE,,,,
18,55,,FALSE,,,,
22,247,,FALSE,,,,
24,338,,FALSE,,,,
20,171,,FALSE,,,,
17,113,,FALSE,,,,
19,386,,FALSE,,,,
17,114,,FALSE,,,,
19,339,,FALSE,,,,
18,164,,FALSE,,,,
19,248,,FALSE,,,,
19,246,,FALSE,,,,
29,424,,FALSE,,,,
18,48,,FALSE,,,,
21,107,,FALSE,,,,
24,346,,FALSE,,,,
25,309,,FALSE,,,,
19,290,,FALSE,,,,
17,173,,FALSE,,,,
18,201,,FALSE,,,,
24,35,,FALSE,,,,
19,23,,FALSE,,,,
17,15,,FALSE,,,,
17,13,,FALSE,,,,
17,15,,FALSE,,,,
30,572,,FALSE,,,,
18,83,,FALSE,,,,
18,48,,FALSE,,,,
24,452,,FALSE,,,,
24,356,,FALSE,,,,
18,44,,FALSE,,,,
19,52,,FALSE,,,,
28,648,,FALSE,,,,
18,106,,FALSE,,,,
18,249,,FALSE,,,,
18,249,,FALSE,,,,
17,102,,FALSE,,,,
24,545,,FALSE,,,,
18,200,,FALSE,,,,
19,281,,FALSE,,,,
17,112,,FALSE,,,,
28,649,,FALSE,,,,
29,169,,FALSE,,,,
17,20,,FALSE,,,,
30,629,,FALSE,,,,
30,634,,FALSE,,,,
28,609,,FALSE,,,,
29,675,,FALSE,,,,
28,529,,FALSE,,,,
27,607,,FALSE,,,,
27,548,,FALSE,,,,
27,549,,FALSE,,,,
28,475,,FALSE,,,,
28,602,,FALSE,,,,
28,475,,FALSE,,,,
18,45,,FALSE,,,,
19,74,,FALSE,,,,
25,386,,FALSE,,,,
24,150,,FALSE,,,,
24,358,,FALSE,,,,
25,395,,FALSE,,,,
29,484,,FALSE,,,,
22,55,,FALSE,,,,
25,225,,FALSE,,,,
24,140,,FALSE,,,,
24,139,,FALSE,,,,
30,580,,FALSE,,,,
29,511,,FALSE,,,,
24,490,,FALSE,,,,
26,510,,FALSE,,,,
18,221,,FALSE,,,,
30,639,,FALSE,,,,
29,621,,FALSE,,,,
22,44,,FALSE,,,,
25,48,,FALSE,,,,
30,234,,FALSE,,,,
29,220,,FALSE,,,,
29,220,,FALSE,,,,
29,402,,FALSE,,,,
24,273,,FALSE,,,,
29,639,,FALSE,,,,
25,497,,FALSE,,,,
20,117,,FALSE,,,,
30,590,,FALSE,,,,
28,368,,FALSE,,,,
25,201,,FALSE,,,,
21,87,,FALSE,,,,
21,151,,FALSE,,,,
28,347,,FALSE,,,,
24,97,,FALSE,,,,
23,314,,FALSE,,,,
25,582,,FALSE,,,,
25,474,,FALSE,,,,
20,41,,FALSE,,,,
30,639,,FALSE,,,,
24,46,,FALSE,,,,
30,308,,FALSE,,,,
18,9,,FALSE,,,,
18,3,,FALSE,,,,
28,61,,FALSE,,,,
25,119,,FALSE,,,,
18,146,,FALSE,,,,
24,515,,FALSE,,,,
30,458,,FALSE,,,,
22,363,,FALSE,,,,
28,163,,FALSE,,,,
21,24,,FALSE,,,,
30,254,,FALSE,,,,
18,407,,FALSE,,,,
22,295,,FALSE,,,,
16,34,,FALSE,,,,
20,184,,FALSE,,,,
19,113,,FALSE,,,,
17,181,,FALSE,,,,
30,368,,FALSE,,,,
29,303,,FALSE,,,,
23,217,,FALSE,,,,
25,381,,FALSE,,,,
30,559,,FALSE,,,,
30,557,,FALSE,,,,
22,19,,FALSE,,,,
29,123,,FALSE,,,,
30,150,,FALSE,,,,
24,313,,FALSE,,,,
30,418,,FALSE,,,,
29,453,,FALSE,,,,
22,135,,FALSE,,,,
29,350,,FALSE,,,,
24,378,,FALSE,,,,
18,54,,FALSE,,,,
21,100,,FALSE,,,,
28,589,,FALSE,,,,
16,75,,FALSE,,,,
17,109,,FALSE,,,,
16,69,,FALSE,,,,
17,99,,FALSE,,,,
21,157,,FALSE,,,,
18,50,,FALSE,,,,
17,38,,FALSE,,,,
25,679,,FALSE,,,,
17,27,,FALSE,,,,
23,245,,FALSE,,,,
30,26,,FALSE,,,,
29,478,,FALSE,,,,
23,149,,FALSE,,,,
28,599,,FALSE,,,,
23,273,,FALSE,,,,
26,409,,FALSE,,,,
16,7,,FALSE,,,,
30,567,,FALSE,,,,
23,407,,FALSE,,,,
20,117,,FALSE,,,,
18,62,,FALSE,,,,
26,611,,FALSE,,,,
26,197,,FALSE,,,,
29,447,,FALSE,,,,
30,459,,FALSE,,,,
24,313,,FALSE,,,,
27,556,,FALSE,,,,
30,643,,FALSE,,,,
30,544,,FALSE,,,,
24,452,,FALSE,,,,
24,557,,FALSE,,,,
30,529,,FALSE,,,,
30,290,,FALSE,,,,
22,650,,FALSE,,,,
19,496,,FALSE,,,,
17,8,,FALSE,,,,
24,522,,FALSE,,,,
23,131,,FALSE,,,,
20,50,,FALSE,,,,
26,603,,FALSE,,,,
26,507,,FALSE,,,,
30,537,,FALSE,,,,
30,530,,FALSE,,,,
30,99,,FALSE,,,,
29,606,,FALSE,,,,
30,349,,FALSE,,,,
23,60,,FALSE,,,,
18,44,,FALSE,,,,
17,35,,FALSE,,,,
19,57,,FALSE,,,,
16,13,,FALSE,,,,
17,28,,FALSE,,,,
21,137,,FALSE,,,,
30,680,,FALSE,,,,
26,557,,FALSE,,,,
30,574,,FALSE,,,,
30,658,,FALSE,,,,
18,130,,FALSE,,,,
26,418,,FALSE,,,,
21,54,,FALSE,,,,
19,472,,FALSE,,,,
21,31,,FALSE,,,,
28,289,,FALSE,,,,
21,124,,FALSE,,,,
28,673,,FALSE,,,,
17,33,,FALSE,,,,
22,225,,FALSE,,,,
25,526,,FALSE,,,,
18,334,,FALSE,,,,
27,360,,FALSE,,,,
18,91,,FALSE,,,,
29,369,,FALSE,,,,
26,195,,FALSE,,,,
27,398,,FALSE,,,,
18,54,,FALSE,,,,
24,202,,FALSE,,,,
22,151,,FALSE,,,,
20,196,,FALSE,,,,
29,567,,FALSE,,,,
25,482,,FALSE,,,,
25,482,,FALSE,,,,
20,196,,FALSE,,,,
25,480,,FALSE,,,,
19,227,,FALSE,,,,
16,36,,FALSE,,,,
24,539,,FALSE,,,,
21,165,,FALSE,,,,
17,39,,FALSE,,,,
30,483,,FALSE,,,,
27,378,,FALSE,,,,
23,91,,FALSE,,,,
28,279,,FALSE,,,,
24,47,,FALSE,,,,
17,28,,FALSE,,,,
30,489,,FALSE,,,,
24,377,,FALSE,,,,
20,258,,FALSE,,,,
29,640,,FALSE,,,,
23,106,,FALSE,,,,
24,461,,FALSE,,,,
23,360,,FALSE,,,,
30,474,,FALSE,,,,
30,441,,FALSE,,,,
18,26,,FALSE,,,,
23,259,,FALSE,,,,
27,364,,FALSE,,,,
18,64,,FALSE,,,,
20,137,,FALSE,,,,
19,193,,FALSE,,,,
19,22,,FALSE,,,,
17,59,,FALSE,,,,
17,57,,FALSE,,,,
20,39,,FALSE,,,,
26,191,,FALSE,,,,
24,97,,FALSE,,,,
18,24,,FALSE,,,,
19,14,,FALSE,,,,
23,215,,FALSE,,,,
19,166,,FALSE,,,,
25,257,,FALSE,,,,
25,256,,FALSE,,,,
24,121,,FALSE,,,,
17,6,,FALSE,,,,
30,523,,FALSE,,,,
29,259,,FALSE,,,,
20,17,,FALSE,,,,
30,323,,FALSE,,,,
22,549,,FALSE,,,,
18,91,,FALSE,,,,
30,572,,FALSE,,,,
30,572,,FALSE,,,,
30,117,,FALSE,,,,
29,318,,FALSE,,,,
29,187,,FALSE,,,,
24,178,,FALSE,,,,
17,36,,FALSE,,,,
24,140,,FALSE,,,,
20,70,,FALSE,,,,
21,101,,FALSE,,,,
26,332,,FALSE,,,,
16,28,,FALSE,,,,
17,16,,FALSE,,,,
25,55,,FALSE,,,,
27,595,,FALSE,,,,
27,602,,FALSE,,,,
30,645,,FALSE,,,,
27,233,,FALSE,,,,
28,652,,FALSE,,,,
24,309,,FALSE,,,,
21,103,,FALSE,,,,
17,22,,FALSE,,,,
26,668,,FALSE,,,,
27,554,,FALSE,,,,
24,361,,FALSE,,,,
20,181,,FALSE,,,,
25,542,,FALSE,,,,
25,497,,FALSE,,,,
21,64,,FALSE,,,,
27,187,,FALSE,,,,
24,120,,FALSE,,,,
18,21,,FALSE,,,,
21,65,,FALSE,,,,
19,310,,FALSE,,,,
22,42,,FALSE,,,,
22,313,,FALSE,,,,
23,115,,FALSE,,,,
17,58,,FALSE,,,,
24,231,,FALSE,,,,
17,37,,FALSE,,,,
30,489,,FALSE,,,,
18,44,,FALSE,,,,
19,101,,FALSE,,,,
30,640,,FALSE,,,,
24,251,,FALSE,,,,
19,135,,FALSE,,,,
26,206,,FALSE,,,,
24,164,,FALSE,,,,
20,51,,FALSE,,,,
25,66,,FALSE,,,,
29,653,,FALSE,,,,
29,561,,FALSE,,,,
17,21,,FALSE,,,,
25,238,,FALSE,,,,
17,20,,FALSE,,,,
17,55,,FALSE,,,,
28,565,,FALSE,,,,
22,96,,FALSE,,,,
23,272,,FALSE,,,,
27,160,,FALSE,,,,
27,185,,FALSE,,,,
27,342,,FALSE,,,,
27,238,,FALSE,,,,
30,670,,FALSE,,,,
30,666,,FALSE,,,,
22,210,,FALSE,,,,
27,286,,FALSE,,,,
25,338,,FALSE,,,,
26,7,,FALSE,,,,
26,7,,FALSE,,,,
26,437,,FALSE,,,,
24,228,,FALSE,,,,
25,395,,FALSE,,,,
24,341,,FALSE,,,,
23,81,,FALSE,,,,
24,399,,FALSE,,,,
23,324,,FALSE,,,,
23,347,,FALSE,,,,
16,35,,FALSE,,,,
23,512,,FALSE,,,,
22,401,,FALSE,,,,
30,529,,FALSE,,,,
20,151,,FALSE,,,,
21,137,,FALSE,,,,
30,666,,FALSE,,,,
16,50,,FALSE,,,,
23,200,,FALSE,,,,
19,100,,FALSE,,,,
24,248,,FALSE,,,,
17,17,,FALSE,,,,
30,555,,FALSE,,,,
26,603,,FALSE,,,,
17,142,,FALSE,,,,
21,470,,FALSE,,,,
21,368,,FALSE,,,,
26,553,,FALSE,,,,
23,246,,FALSE,,,,
22,332,,FALSE,,,,
17,643,,FALSE,,,,
17,148,,FALSE,,,,
26,456,,FALSE,,,,
23,332,,FALSE,,,,
21,31,,FALSE,,,,
26,245,,FALSE,,,,
24,623,,FALSE,,,,
16,45,,FALSE,,,,
16,58,,FALSE,,,,
19,535,,FALSE,,,,
21,575,,FALSE,,,,
23,483,,FALSE,,,,
19,266,,FALSE,,,,
18,231,,FALSE,,,,
16,65,,FALSE,,,,
24,534,,FALSE,,,,
20,70,,FALSE,,,,
20,135,,FALSE,,,,
17,21,,FALSE,,,,
18,60,,FALSE,,,,
24,266,,FALSE,,,,
21,34,,FALSE,,,,
16,19,,FALSE,,,,
18,51,,FALSE,,,,
20,62,,FALSE,,,,
16,162,,FALSE,,,,
26,97,,FALSE,,,,
27,191,,FALSE,,,,
17,8,,FALSE,,,,
20,294,,FALSE,,,,
29,625,,FALSE,,,,
16,45,,FALSE,,,,
20,345,,FALSE,,,,
23,472,,FALSE,,,,
21,109,,FALSE,,,,
24,427,,FALSE,,,,
17,214,,FALSE,,,,
17,127,,FALSE,,,,
17,48,,FALSE,,,,
16,12,,FALSE,,,,
20,29,,FALSE,,,,
18,16,,FALSE,,,,
23,274,,FALSE,,,,
28,314,,FALSE,,,,
23,89,,FALSE,,,,
24,156,,FALSE,,,,
26,272,,FALSE,,,,
30,407,,FALSE,,,,
19,259,,FALSE,,,,
17,8,,FALSE,,,,
22,30,,FALSE,,,,
17,6,,FALSE,,,,
23,54,,FALSE,,,,
16,13,,FALSE,,,,
21,297,,FALSE,,,,
24,33,,FALSE,,,,
26,52,,FALSE,,,,
17,82,,FALSE,,,,
16,9,,FALSE,,,,
17,12,,FALSE,,,,
26,36,,FALSE,,,,
21,14,,FALSE,,,,
21,17,,FALSE,,,,
20,36,,FALSE,,,,
25,437,,FALSE,,,,
19,6,,FALSE,,,,
25,288,,FALSE,,,,
19,61,,FALSE,,,,
24,160,,FALSE,,,,
20,70,,FALSE,,,,
30,620,,FALSE,,,,
30,546,,FALSE,,,,
24,463,,FALSE,,,,
24,216,,FALSE,,,,
20,92,,FALSE,,,,
19,56,,FALSE,,,,
25,247,,FALSE,,,,
27,333,,FALSE,,,,
19,40,,FALSE,,,,
21,80,,FALSE,,,,
24,186,,FALSE,,,,
19,78,,FALSE,,,,
24,54,,FALSE,,,,
22,36,,FALSE,,,,
20,18,,FALSE,,,,
22,41,,FALSE,,,,
20,21,,FALSE,,,,
24,56,,FALSE,,,,
24,275,,FALSE,,,,
20,123,,FALSE,,,,
23,247,,FALSE,,,,
19,35,,FALSE,,,,
25,421,,FALSE,,,,
24,395,,FALSE,,,,
23,117,,FALSE,,,,
24,192,,FALSE,,,,
20,31,,FALSE,,,,
19,23,,FALSE,,,,
23,94,,FALSE,,,,
18,15,,FALSE,,,,
22,37,,FALSE,,,,
22,32,,FALSE,,,,
19,19,,FALSE,,,,
24,46,,FALSE,,,,
25,381,,FALSE,,,,
18,145,,FALSE,,,,
19,406,,FALSE,,,,
19,113,,FALSE,,,,
21,69,,FALSE,,,,
17,26,,FALSE,,,,
16,59,,FALSE,,,,
16,13,,FALSE,,,,
27,295,,FALSE,,,,
21,326,,FALSE,,,,
22,78,,FALSE,,,,
21,42,,FALSE,,,,
20,23,,FALSE,,,,
26,612,,FALSE,,,,
20,118,,FALSE,,,,
21,24,,FALSE,,,,
18,23,,FALSE,,,,
19,32,,FALSE,,,,
16,9,,FALSE,,,,
24,29,,FALSE,,,,
22,443,,FALSE,,,,
19,182,,FALSE,,,,
19,58,,FALSE,,,,
28,423,,FALSE,,,,
24,148,,FALSE,,,,
24,34,,FALSE,,,,
25,534,,FALSE,,,,
29,571,,FALSE,,,,
22,342,,FALSE,,,,
16,5,,FALSE,,,,
21,136,,FALSE,,,,
19,492,,FALSE,,,,
16,13,,FALSE,,,,
19,115,,FALSE,,,,
19,119,,FALSE,,,,
22,212,,FALSE,,,,
22,89,,FALSE,,,,
17,8,,FALSE,,,,
17,118,,FALSE,,,,
23,441,,FALSE,,,,
20,278,,FALSE,,,,
18,303,,FALSE,,,,
18,190,,FALSE,,,,
20,569,,FALSE,,,,
18,217,,FALSE,,,,
17,8,,FALSE,,,,
22,86,,FALSE,,,,
20,51,,FALSE,,,,
18,30,,FALSE,,,,
20,230,,FALSE,,,,
25,492,,FALSE,,,,
20,18,,FALSE,,,,
30,494,,FALSE,,,,
23,196,,FALSE,,,,
22,162,,FALSE,,,,
28,502,,FALSE,,,,
25,60,,FALSE,,,,
20,37,,FALSE,,,,
24,398,,FALSE,,,,
22,138,,FALSE,,,,
25,155,,FALSE,,,,
27,205,,FALSE,,,,
24,61,,FALSE,,,,
24,155,,FALSE,,,,
26,271,,FALSE,,,,
19,12,,FALSE,,,,
19,20,,FALSE,,,,
20,37,,FALSE,,,,
16,185,,FALSE,,,,
22,403,,FALSE,,,,
16,24,,FALSE,,,,
16,88,,FALSE,,,,
16,78,,FALSE,,,,
16,98,,FALSE,,,,
18,124,,FALSE,,,,
23,268,,FALSE,,,,
19,173,,FALSE,,,,
17,4,,FALSE,,,,
24,51,,FALSE,,,,
16,39,,FALSE,,,,
24,419,,FALSE,,,,
21,303,,FALSE,,,,
16,17,,FALSE,,,,
22,141,,FALSE,,,,
16,12,,FALSE,,,,
22,107,,FALSE,,,,
22,145,,FALSE,,,,
16,19,,FALSE,,,,
19,337,,FALSE,,,,
17,100,,FALSE,,,,
21,294,,FALSE,,,,
23,429,,FALSE,,,,
24,58,,FALSE,,,,
23,45,,FALSE,,,,
24,266,,FALSE,,,,
26,373,,FALSE,,,,
19,41,,FALSE,,,,
20,200,,FALSE,,,,
19,177,,FALSE,,,,
19,177,,FALSE,,,,
20,25,,FALSE,,,,
20,12,,FALSE,,,,
22,21,,FALSE,,,,
16,29,,FALSE,,,,
16,5,,FALSE,,,,
19,18,,FALSE,,,,
23,290,,FALSE,,,,
19,90,,FALSE,,,,
19,88,,FALSE,,,,
16,9,,FALSE,,,,
17,8,,FALSE,,,,
22,15,,FALSE,,,,
24,532,,FALSE,,,,
20,59,,FALSE,,,,
17,78,,FALSE,,,,
23,537,,FALSE,,,,
22,30,,FALSE,,,,
18,7,,FALSE,,,,
16,29,,FALSE,,,,
21,12,,FALSE,,,,
20,29,,FALSE,,,,
21,72,,FALSE,,,,
20,413,,FALSE,,,,
23,97,,FALSE,,,,
21,40,,FALSE,,,,
26,16,,FALSE,,,,
22,515,,FALSE,,,,
17,16,,FALSE,,,,
16,49,,FALSE,,,,
17,4,,FALSE,,,,
19,10,,FALSE,,,,
16,22,,FALSE,,,,
24,6,,FALSE,,,,
17,26,,FALSE,,,,
24,42,,FALSE,,,,
19,9,,FALSE,,,,
17,183,,FALSE,,,,
17,151,,FALSE,,,,
18,84,,FALSE,,,,
25,427,,FALSE,,,,
17,40,,FALSE,,,,
19,92,,FALSE,,,,
27,260,,FALSE,,,,
20,54,,FALSE,,,,
20,63,,FALSE,,,,
17,32,,FALSE,,,,
23,90,,FALSE,,,,
18,64,,FALSE,,,,
19,192,,FALSE,,,,
16,87,,FALSE,,,,
25,446,,FALSE,,,,
25,447,,FALSE,,,,
25,443,,FALSE,,,,
21,276,,FALSE,,,,
24,510,,FALSE,,,,
24,510,,FALSE,,,,
21,229,,FALSE,,,,
20,320,,FALSE,,,,
21,421,,FALSE,,,,
28,24,,FALSE,,,,
28,534,,FALSE,,,,
25,417,,FALSE,,,,
25,417,,FALSE,,,,
23,104,,FALSE,,,,
25,159,,FALSE,,,,
19,47,,FALSE,,,,
20,52,,FALSE,,,,
24,274,,FALSE,,,,
19,61,,FALSE,,,,
20,139,,FALSE,,,,
20,106,,FALSE,,,,
23,512,,FALSE,,,,
16,66,,FALSE,,,,
24,220,,FALSE,,,,
24,81,,FALSE,,,,
24,59,,FALSE,,,,
20,59,,FALSE,,,,
27,329,,FALSE,,,,
19,22,,FALSE,,,,
22,134,,FALSE,,,,
19,59,,FALSE,,,,
17,20,,FALSE,,,,
21,29,,FALSE,,,,
23,38,,FALSE,,,,
28,100,,FALSE,,,,
24,46,,FALSE,,,,
29,149,,FALSE,,,,
24,331,,FALSE,,,,
21,332,,FALSE,,,,
21,334,,FALSE,,,,
21,209,,FALSE,,,,
21,286,,FALSE,,,,
21,185,,FALSE,,,,
21,286,,FALSE,,,,
28,592,,FALSE,,,,
19,42,,FALSE,,,,
20,124,,FALSE,,,,
21,207,,FALSE,,,,
24,485,,FALSE,,,,
16,7,,FALSE,,,,
19,50,,FALSE,,,,
18,28,,FALSE,,,,
25,532,,FALSE,,,,
17,13,,FALSE,,,,
28,605,,FALSE,,,,
18,55,,FALSE,,,,
20,256,,FALSE,,,,
19,163,,FALSE,,,,
16,1,,FALSE,,,,
28,668,,FALSE,,,,
21,306,,FALSE,,,,
19,84,,FALSE,,,,
20,84,,FALSE,,,,
16,14,,FALSE,,,,
18,34,,FALSE,,,,
17,11,,FALSE,,,,
17,41,,FALSE,,,,
17,185,,FALSE,,,,
29,553,,FALSE,,,,
17,117,,FALSE,,,,
20,395,,FALSE,,,,
19,226,,FALSE,,,,
29,680,,FALSE,,,,
26,671,,FALSE,,,,
23,624,,FALSE,,,,
17,166,,FALSE,,,,
22,551,,FALSE,,,,
20,265,,FALSE,,,,
30,633,,FALSE,,,,
26,609,,FALSE,,,,
26,609,,FALSE,,,,
26,575,,FALSE,,,,
18,52,,FALSE,,,,
20,234,,FALSE,,,,
17,91,,FALSE,,,,
18,150,,FALSE,,,,
30,641,,FALSE,,,,
21,376,,FALSE,,,,
18,166,,FALSE,,,,
24,465,,FALSE,,,,
16,47,,FALSE,,,,
17,92,,FALSE,,,,
21,300,,FALSE,,,,
23,402,,FALSE,,,,
29,413,,FALSE,,,,
18,17,,FALSE,,,,
25,187,,FALSE,,,,
25,266,,FALSE,,,,
29,506,,FALSE,,,,
20,45,,FALSE,,,,
21,105,,FALSE,,,,
24,130,,FALSE,,,,
21,58,,FALSE,,,,
18,17,,FALSE,,,,
30,228,,FALSE,,,,
19,190,,FALSE,,,,
24,398,,FALSE,,,,
21,288,,FALSE,,,,
22,360,,FALSE,,,,
20,37,,FALSE,,,,
18,0,,FALSE,,,,
21,0,,FALSE,,,,
24,356,,FALSE,,,,
18,28,,FALSE,,,,
20,32,,FALSE,,,,
25,423,,FALSE,,,,
22,297,,FALSE,,,,
25,76,,FALSE,,,,
22,184,,FALSE,,,,
28,261,,FALSE,,,,
21,118,,FALSE,,,,
23,185,,FALSE,,,,
17,44,,FALSE,,,,
26,400,,FALSE,,,,
17,13,,FALSE,,,,
21,223,,FALSE,,,,
22,231,,FALSE,,,,
19,84,,FALSE,,,,
19,95,,FALSE,,,,
20,129,,FALSE,,,,
24,212,,FALSE,,,,
23,353,,FALSE,,,,
23,32,,FALSE,,,,
24,52,,FALSE,,,,
20,459,,FALSE,,,,
21,532,,FALSE,,,,
18,234,,FALSE,,,,
16,96,,FALSE,,,,
22,643,,FALSE,,,,
16,96,,FALSE,,,,
23,669,,FALSE,,,,
20,358,,FALSE,,,,
25,679,,FALSE,,,,
19,357,,FALSE,,,,
23,104,,FALSE,,,,
24,155,,FALSE,,,,
30,214,,FALSE,,,,
30,506,,FALSE,,,,
17,57,,FALSE,,,,
26,396,,FALSE,,,,
20,7,,FALSE,,,,
18,7,,FALSE,,,,
21,11,,FALSE,,,,
17,7,,FALSE,,,,
23,12,,FALSE,,,,
21,134,,FALSE,,,,
29,513,,FALSE,,,,
18,40,,FALSE,,,,
16,15,,FALSE,,,,
23,152,,FALSE,,,,
16,16,,FALSE,,,,
28,510,,FALSE,,,,
20,54,,FALSE,,,,
19,29,,FALSE,,,,
23,175,,FALSE,,,,
17,11,,FALSE,,,,
21,86,,FALSE,,,,
20,47,,FALSE,,,,
28,533,,FALSE,,,,
16,22,,FALSE,,,,
25,367,,FALSE,,,,
24,135,,FALSE,,,,
24,41,,FALSE,,,,
24,519,,FALSE,,,,
26,576,,FALSE,,,,
19,39,,FALSE,,,,
18,33,,FALSE,,,,
22,544,,FALSE,,,,
20,310,,FALSE,,,,
30,527,,FALSE,,,,
19,205,,FALSE,,,,
22,327,,FALSE,,,,
20,256,,FALSE,,,,
20,114,,FALSE,,,,
20,158,,FALSE,,,,
24,268,,FALSE,,,,
25,338,,FALSE,,,,
19,547,,FALSE,,,,
19,548,,FALSE,,,,
27,189,,FALSE,,,,
17,56,,FALSE,,,,
24,492,,FALSE,,,,
18,95,,FALSE,,,,
23,257,,FALSE,,,,
17,37,,FALSE,,,,
23,310,,FALSE,,,,
30,674,,FALSE,,,,
20,490,,FALSE,,,,
24,527,,FALSE,,,,
24,405,,FALSE,,,,
18,50,,FALSE,,,,
27,216,,FALSE,,,,
23,88,,FALSE,,,,
23,454,,FALSE,,,,
26,130,,FALSE,,,,
26,461,,FALSE,,,,
19,54,,FALSE,,,,
27,570,,FALSE,,,,
21,112,,FALSE,,,,
30,674,,FALSE,,,,
23,220,,FALSE,,,,
24,403,,FALSE,,,,
21,79,,FALSE,,,,
19,41,,FALSE,,,,
25,373,,FALSE,,,,
29,549,,FALSE,,,,
22,269,,FALSE,,,,
23,126,,FALSE,,,,
24,152,,FALSE,,,,
18,35,,FALSE,,,,
21,61,,FALSE,,,,
29,343,,FALSE,,,,
24,517,,FALSE,,,,
27,592,,FALSE,,,,
17,17,,FALSE,,,,
24,524,,FALSE,,,,
26,610,,FALSE,,,,
16,97,,FALSE,,,,
25,279,,FALSE,,,,
25,148,,FALSE,,,,
20,61,,FALSE,,,,
24,337,,FALSE,,,,
24,278,,FALSE,,,,
25,184,,FALSE,,,,
20,109,,FALSE,,,,
24,171,,FALSE,,,,
19,38,,FALSE,,,,
25,238,,FALSE,,,,
21,55,,FALSE,,,,
20,49,,FALSE,,,,
18,23,,FALSE,,,,
23,319,,FALSE,,,,
25,434,,FALSE,,,,
22,187,,FALSE,,,,
27,556,,FALSE,,,,
16,14,,FALSE,,,,
24,411,,FALSE,,,,
28,520,,FALSE,,,,
25,426,,FALSE,,,,
23,332,,FALSE,,,,
25,309,,FALSE,,,,
23,124,,FALSE,,,,
24,151,,FALSE,,,,
24,102,,FALSE,,,,
25,160,,FALSE,,,,
16,9,,FALSE,,,,
30,373,,FALSE,,,,
19,30,,FALSE,,,,
28,292,,FALSE,,,,
29,587,,FALSE,,,,
24,149,,FALSE,,,,
23,7,,FALSE,,,,
24,219,,FALSE,,,,
30,558,,FALSE,,,,
25,79,,FALSE,,,,
29,541,,FALSE,,,,
16,42,,FALSE,,,,
25,438,,FALSE,,,,
16,49,,FALSE,,,,
18,30,,FALSE,,,,
23,107,,FALSE,,,,
16,28,,FALSE,,,,
24,147,,FALSE,,,,
22,73,,FALSE,,,,
16,25,,FALSE,,,,
21,41,,FALSE,,,,
21,57,,FALSE,,,,
24,636,,FALSE,,,,
19,41,,FALSE,,,,
21,103,,FALSE,,,,
28,387,,FALSE,,,,
17,18,,FALSE,,,,
24,509,,FALSE,,,,
23,61,,FALSE,,,,
23,62,,FALSE,,,,
24,37,,FALSE,,,,
16,8,,FALSE,,,,
24,28,,FALSE,,,,
22,20,,FALSE,,,,
28,124,,FALSE,,,,
24,475,,FALSE,,,,
21,161,,FALSE,,,,
23,184,,FALSE,,,,
20,87,,FALSE,,,,
17,48,,FALSE,,,,
18,61,,FALSE,,,,
24,547,,FALSE,,,,
30,606,,FALSE,,,,
19,51,,FALSE,,,,
17,20,,FALSE,,,,
25,92,,FALSE,,,,
23,192,,FALSE,,,,
30,600,,FALSE,,,,
23,192,,FALSE,,,,
26,25,,FALSE,,,,
17,8,,FALSE,,,,
30,117,,FALSE,,,,
23,645,,FALSE,,,,
22,21,,FALSE,,,,
24,60,,FALSE,,,,
29,370,,FALSE,,,,
23,117,,FALSE,,,,
25,226,,FALSE,,,,
17,65,,FALSE,,,,
17,62,,FALSE,,,,
17,62,,FALSE,,,,
16,56,,FALSE,,,,
26,663,,FALSE,,,,
30,679,,FALSE,,,,
27,678,,FALSE,,,,
22,511,,FALSE,,,,
24,355,,FALSE,,,,
23,307,,FALSE,,,,
30,486,,FALSE,,,,
16,30,,FALSE,,,,
24,196,,FALSE,,,,
18,15,,FALSE,,,,
27,513,,FALSE,,,,
23,401,,FALSE,,,,
26,527,,FALSE,,,,
16,40,,FALSE,,,,
23,299,,FALSE,,,,
25,467,,FALSE,,,,
19,104,,FALSE,,,,
29,498,,FALSE,,,,
27,390,,FALSE,,,,
16,67,,FALSE,,,,
25,679,,FALSE,,,,
21,180,,FALSE,,,,
17,5,,FALSE,,,,
20,206,,FALSE,,,,
24,486,,FALSE,,,,
17,47,,FALSE,,,,
23,409,,FALSE,,,,
19,193,,FALSE,,,,
22,278,,FALSE,,,,
29,596,,FALSE,,,,
25,212,,FALSE,,,,
24,162,,FALSE,,,,
29,373,,FALSE,,,,
23,131,,FALSE,,,,
21,44,,FALSE,,,,
19,29,,FALSE,,,,
24,207,,FALSE,,,,
26,299,,FALSE,,,,
22,86,,FALSE,,,,
16,91,,FALSE,,,,
19,308,,FALSE,,,,
28,672,,FALSE,,,,
19,307,,FALSE,,,,
24,663,,FALSE,,,,
16,18,,FALSE,,,,
29,537,,FALSE,,,,
26,425,,FALSE,,,,
16,247,,FALSE,,,,
22,336,,FALSE,,,,
26,294,,FALSE,,,,
25,259,,FALSE,,,,
18,2,,FALSE,,,,
24,156,,FALSE,,,,
30,483,,FALSE,,,,
25,316,,FALSE,,,,
30,209,,FALSE,,,,
19,48,,FALSE,,,,
27,234,,FALSE,,,,
16,30,,FALSE,,,,
27,314,,FALSE,,,,
26,121,,FALSE,,,,
16,8,,FALSE,,,,
16,7,,FALSE,,,,
24,102,,FALSE,,,,
26,174,,FALSE,,,,
19,14,,FALSE,,,,
16,4,,FALSE,,,,
18,12,,FALSE,,,,
21,26,,FALSE,,,,
20,17,,FALSE,,,,
22,49,,FALSE,,,,
24,79,,FALSE,,,,
16,47,,FALSE,,,,
26,470,,FALSE,,,,
24,417,,FALSE,,,,
20,100,,FALSE,,,,
22,264,,FALSE,,,,
21,181,,FALSE,,,,
23,329,,FALSE,,,,
29,635,,FALSE,,,,
18,46,,FALSE,,,,
16,23,,FALSE,,,,
21,157,,FALSE,,,,
24,313,,FALSE,,,,
21,145,,FALSE,,,,
23,217,,FALSE,,,,
16,15,,FALSE,,,,
24,173,,FALSE,,,,
26,186,,FALSE,,,,
23,15,,FALSE,,,,
24,7,,FALSE,,,,
24,384,,FALSE,,,,
27,166,,FALSE,,,,
16,32,,FALSE,,,,
22,125,,FALSE,,,,
24,275,,FALSE,,,,
21,93,,FALSE,,,,
17,21,,FALSE,,,,
16,17,,FALSE,,,,
24,172,,FALSE,,,,
26,245,,FALSE,,,,
16,37,,FALSE,,,,
18,60,,FALSE,,,,
24,472,,FALSE,,,,
17,25,,FALSE,,,,
24,490,,FALSE,,,,
29,478,,FALSE,,,,
28,429,,FALSE,,,,
22,87,,FALSE,,,,
30,489,,FALSE,,,,
23,159,,FALSE,,,,
23,402,,FALSE,,,,
19,278,,FALSE,,,,
16,123,,FALSE,,,,
24,336,,FALSE,,,,
16,21,,FALSE,,,,
20,177,,FALSE,,,,
18,49,,FALSE,,,,
16,15,,FALSE,,,,
24,127,,FALSE,,,,
23,144,,FALSE,,,,
18,25,,FALSE,,,,
16,25,,FALSE,,,,
25,376,,FALSE,,,,
30,577,,FALSE,,,,
19,99,,FALSE,,,,
16,75,,FALSE,,,,
25,296,,FALSE,,,,
16,39,,FALSE,,,,
17,27,,FALSE,,,,
19,87,,FALSE,,,,
27,6,,FALSE,,,,
26,589,,FALSE,,,,
24,549,,FALSE,,,,
21,106,,FALSE,,,,
21,375,,FALSE,,,,
23,183,,FALSE,,,,
20,123,,FALSE,,,,
17,41,,FALSE,,,,
17,41,,FALSE,,,,
20,182,,FALSE,,,,
25,454,,FALSE,,,,
19,124,,FALSE,,,,
18,342,,FALSE,,,,
24,680,,FALSE,,,,
19,361,,FALSE,,,,
16,139,,FALSE,,,,
22,625,,FALSE,,,,
24,375,,FALSE,,,,
24,340,,FALSE,,,,
24,399,,FALSE,,,,
17,66,,FALSE,,,,
18,87,,FALSE,,,,
16,48,,FALSE,,,,
24,307,,FALSE,,,,
27,464,,FALSE,,,,
19,85,,FALSE,,,,
25,261,,FALSE,,,,
25,97,,FALSE,,,,
19,10,,FALSE,,,,
29,352,,FALSE,,,,
24,63,,FALSE,,,,
21,178,,FALSE,,,,
19,115,,FALSE,,,,
24,211,,FALSE,,,,
30,317,,FALSE,,,,
25,317,,FALSE,,,,
26,405,,FALSE,,,,
23,549,,FALSE,,,,
20,446,,FALSE,,,,
18,313,,FALSE,,,,
23,541,,FALSE,,,,
30,655,,FALSE,,,,
25,504,,FALSE,,,,
23,334,,FALSE,,,,
27,180,,FALSE,,,,
25,180,,FALSE,,,,
18,9,,FALSE,,,,
16,10,,FALSE,,,,
25,49,,FALSE,,,,
24,451,,FALSE,,,,
24,449,,FALSE,,,,
27,638,,FALSE,,,,
24,554,,FALSE,,,,
30,677,,FALSE,,,,
24,80,,FALSE,,,,
29,127,,FALSE,,,,
17,2,,FALSE,,,,
21,4,,FALSE,,,,
22,11,,FALSE,,,,
22,11,,FALSE,,,,
30,555,,FALSE,,,,
29,188,,FALSE,,,,
25,210,,FALSE,,,,
26,278,,FALSE,,,,
29,379,,FALSE,,,,
20,14,,FALSE,,,,
20,14,,FALSE,,,,
19,7,,FALSE,,,,
20,276,,FALSE,,,,
16,1,,FALSE,,,,
17,36,,FALSE,,,,
16,3,,FALSE,,,,
19,292,,FALSE,,,,
25,606,,FALSE,,,,
25,335,,FALSE,,,,
27,262,,FALSE,,,,
27,368,,FALSE,,,,
29,420,,FALSE,,,,
30,401,,FALSE,,,,
25,381,,FALSE,,,,
20,159,,FALSE,,,,
17,15,,FALSE,,,,
27,595,,FALSE,,,,
19,30,,FALSE,,,,
21,159,,FALSE,,,,
16,9,,FALSE,,,,
22,159,,FALSE,,,,
20,63,,FALSE,,,,
17,17,,FALSE,,,,
28,678,,FALSE,,,,
26,428,,FALSE,,,,
16,2,,FALSE,,,,
21,193,,FALSE,,,,
21,193,,FALSE,,,,
17,9,,FALSE,,,,
17,96,,FALSE,,,,
22,368,,FALSE,,,,
18,166,,FALSE,,,,
17,14,,FALSE,,,,
26,435,,FALSE,,,,
20,28,,FALSE,,,,
28,444,,FALSE,,,,
22,280,,FALSE,,,,
23,217,,FALSE,,,,
22,387,,FALSE,,,,
18,203,,FALSE,,,,
18,66,,FALSE,,,,
28,578,,FALSE,,,,
22,135,,FALSE,,,,
17,12,,FALSE,,,,
27,145,,FALSE,,,,
28,474,,FALSE,,,,
25,393,,FALSE,,,,
17,6,,FALSE,,,,
21,29,,FALSE,,,,
21,24,,FALSE,,,,
17,4,,FALSE,,,,
21,24,,FALSE,,,,
20,10,,FALSE,,,,
20,34,,FALSE,,,,
22,44,,FALSE,,,,
24,186,,FALSE,,,,
23,307,,FALSE,,,,
24,440,,FALSE,,,,
27,554,,FALSE,,,,
26,553,,FALSE,,,,
19,64,,FALSE,,,,
17,36,,FALSE,,,,
21,111,,FALSE,,,,
21,97,,FALSE,,,,
22,136,,FALSE,,,,
22,113,,FALSE,,,,
25,174,,FALSE,,,,
16,79,,FALSE,,,,
18,28,,FALSE,,,,
17,49,,FALSE,,,,
23,167,,FALSE,,,,
23,146,,FALSE,,,,
30,552,,FALSE,,,,
22,248,,FALSE,,,,
30,452,,FALSE,,,,
17,13,,FALSE,,,,
22,62,,FALSE,,,,
24,96,,FALSE,,,,
26,589,,FALSE,,,,
24,555,,FALSE,,,,
22,500,,FALSE,,,,
18,326,,FALSE,,,,
26,195,,FALSE,,,,
17,22,,FALSE,,,,
20,101,,FALSE,,,,
22,182,,FALSE,,,,
30,358,,FALSE,,,,
30,308,,FALSE,,,,
22,94,,FALSE,,,,
21,22,,FALSE,,,,
16,30,,FALSE,,,,
19,131,,FALSE,,,,
24,420,,FALSE,,,,
20,242,,FALSE,,,,
16,22,,FALSE,,,,
17,44,,FALSE,,,,
18,84,,FALSE,,,,
19,31,,FALSE,,,,
23,237,,FALSE,,,,
27,377,,FALSE,,,,
25,515,,FALSE,,,,
28,585,,FALSE,,,,
18,143,,FALSE,,,,
17,72,,FALSE,,,,
16,0,,FALSE,,,,
17,19,,FALSE,,,,
16,10,,FALSE,,,,
17,138,,FALSE,,,,
16,48,,FALSE,,,,
20,339,,FALSE,,,,
18,169,,FALSE,,,,
18,17,,FALSE,,,,
16,14,,FALSE,,,,
23,312,,FALSE,,,,
17,9,,FALSE,,,,
18,13,,FALSE,,,,
18,9,,FALSE,,,,
16,190,,FALSE,,,,
16,39,,FALSE,,,,
25,138,,FALSE,,,,
19,11,,FALSE,,,,
23,115,,FALSE,,,,
20,62,,FALSE,,,,
29,159,,FALSE,,,,
29,272,,FALSE,,,,
17,21,,FALSE,,,,
16,11,,FALSE,,,,
16,102,,FALSE,,,,
17,148,,FALSE,,,,
17,100,,FALSE,,,,
17,56,,FALSE,,,,
18,89,,FALSE,,,,
19,110,,FALSE,,,,
19,42,,FALSE,,,,
17,10,,FALSE,,,,
18,15,,FALSE,,,,
23,117,,FALSE,,,,
24,189,,FALSE,,,,
20,46,,FALSE,,,,
22,287,,FALSE,,,,
19,99,,FALSE,,,,
18,224,,FALSE,,,,
26,668,,FALSE,,,,
23,613,,FALSE,,,,
22,571,,FALSE,,,,
20,412,,FALSE,,,,
25,263,,FALSE,,,,
30,426,,FALSE,,,,
17,15,,FALSE,,,,
21,19,,FALSE,,,,
18,21,,FALSE,,,,
25,235,,FALSE,,,,
26,420,,FALSE,,,,
28,635,,FALSE,,,,
24,78,,FALSE,,,,
25,174,,FALSE,,,,
24,119,,FALSE,,,,
24,174,,FALSE,,,,
25,143,,FALSE,,,,
29,187,,FALSE,,,,
26,273,,FALSE,,,,
19,309,,FALSE,,,,
21,34,,FALSE,,,,
25,201,,FALSE,,,,
21,117,,FALSE,,,,
18,27,,FALSE,,,,
30,615,,FALSE,,,,
21,1,,FALSE,,,,
25,1,,FALSE,,,,
17,57,,FALSE,,,,
30,350,,FALSE,,,,
27,270,,FALSE,,,,
24,314,,FALSE,,,,
20,152,,FALSE,,,,
18,67,,FALSE,,,,
27,360,,FALSE,,,,
29,423,,FALSE,,,,
20,166,,FALSE,,,,
18,29,,FALSE,,,,
22,148,,FALSE,,,,
26,336,,FALSE,,,,
21,11,,FALSE,,,,
17,174,,FALSE,,,,
20,252,,FALSE,,,,
20,226,,FALSE,,,,
24,367,,FALSE,,,,
19,231,,FALSE,,,,
18,128,,FALSE,,,,
17,119,,FALSE,,,,
24,46,,FALSE,,,,
22,364,,FALSE,,,,
18,178,,FALSE,,,,
18,8,,FALSE,,,,
23,5,,FALSE,,,,
17,18,,FALSE,,,,
22,50,,FALSE,,,,
22,361,,FALSE,,,,
22,315,,FALSE,,,,
20,216,,FALSE,,,,
21,257,,FALSE,,,,
21,480,,FALSE,,,,
29,581,,FALSE,,,,
18,52,,FALSE,,,,
18,53,,FALSE,,,,
22,115,,FALSE,,,,
24,230,,FALSE,,,,
17,21,,FALSE,,,,
22,85,,FALSE,,,,
24,325,,FALSE,,,,
22,261,,FALSE,,,,
17,44,,FALSE,,,,
30,271,,FALSE,,,,
24,397,,FALSE,,,,
18,26,,FALSE,,,,
17,24,,FALSE,,,,
22,42,,FALSE,,,,
17,25,,FALSE,,,,
19,26,,FALSE,,,,
21,313,,FALSE,,,,
17,16,,FALSE,,,,
18,17,,FALSE,,,,
23,279,,FALSE,,,,
20,5,,FALSE,,,,
18,4,,FALSE,,,,
30,62,,FALSE,,,,
18,37,,FALSE,,,,
17,96,,FALSE,,,,
17,85,,FALSE,,,,
18,204,,FALSE,,,,
25,100,,FALSE,,,,
29,365,,FALSE,,,,
19,17,,FALSE,,,,
18,94,,FALSE,,,,
19,134,,FALSE,,,,
18,15,,FALSE,,,,
19,26,,FALSE,,,,
18,8,,FALSE,,,,
18,109,,FALSE,,,,
18,9,,FALSE,,,,
18,9,,FALSE,,,,
17,10,,FALSE,,,,
18,29,,FALSE,,,,
18,106,,FALSE,,,,
19,32,,FALSE,,,,
18,24,,FALSE,,,,
19,104,,FALSE,,,,
18,128,,FALSE,,,,
29,334,,FALSE,,,,
29,560,,FALSE,,,,
20,197,,FALSE,,,,
19,20,,FALSE,,,,
17,6,,FALSE,,,,
18,39,,FALSE,,,,
22,95,,FALSE,,,,
18,150,,FALSE,,,,
20,42,,FALSE,,,,
25,119,,FALSE,,,,
21,109,,FALSE,,,,
17,21,,FALSE,,,,
16,22,,FALSE,,,,
18,47,,FALSE,,,,
18,63,,FALSE,,,,
20,170,,FALSE,,,,
20,143,,FALSE,,,,
26,321,,FALSE,,,,
16,90,,FALSE,,,,
16,12,,FALSE,,,,
17,39,,FALSE,,,,
16,33,,FALSE,,,,
16,13,,FALSE,,,,
16,16,,FALSE,,,,
26,628,,FALSE,,,,
24,392,,FALSE,,,,
27,599,,FALSE,,,,
27,390,,FALSE,,,,
25,436,,FALSE,,,,
25,282,,FALSE,,,,
25,0,,FALSE,,,,
26,139,,FALSE,,,,
26,140,,FALSE,,,,
24,390,,FALSE,,,,
24,428,,FALSE,,,,
24,350,,FALSE,,,,
25,194,,FALSE,,,,
25,670,,FALSE,,,,
25,555,,FALSE,,,,
25,266,,FALSE,,,,
25,285,,FALSE,,,,
25,426,,FALSE,,,,
24,167,,FALSE,,,,
25,0,,FALSE,,,,
25,498,,FALSE,,,,
24,496,,FALSE,,,,
24,571,,FALSE,,,,
20,103,,FALSE,,,,
28,433,,FALSE,Female,,,
16,24,,FALSE,Female,,,
28,554,,FALSE,Female,,,
16,18,,FALSE,Female,,,
28,598,,FALSE,Male,,,
16,62,,FALSE,Male,,,
28,18,,FALSE,Female,,,
16,15,,FALSE,Female,,,
16,22,,FALSE,Male,,,
28,407,,FALSE,Male,,,
28,394,,FALSE,Female,,,
16,23,,FALSE,Female,,,
16,71,,FALSE,Female,,,
28,608,,FALSE,Female,,,
17,78,,FALSE,Male,,,
28,580,,FALSE,Male,,,
28,589,,FALSE,Male,,,
16,42,,FALSE,Male,,,
16,35,,FALSE,Male,,,
28,555,,FALSE,Male,,,
28,357,,FALSE,Male,,,
17,51,,FALSE,Male,,,
28,671,,FALSE,Female,,,
16,120,,FALSE,Female,,,
28,517,,FALSE,Female,,,
16,31,,FALSE,Female,,,
17,71,,FALSE,Male,,,
28,646,,FALSE,Male,,,
16,138,,FALSE,Female,,,
28,639,,FALSE,Female,,,
16,107,,FALSE,Female,,,
28,553,,FALSE,Female,,,
28,363,,FALSE,Female,,,
16,6,,FALSE,Female,,,
16,6,,FALSE,Female,,,
28,475,,FALSE,Female,,,
28,552,,FALSE,Male,,,
16,41,,FALSE,Male,,,
16,75,,FALSE,Male,,,
28,435,,FALSE,Male,,,
28,622,,FALSE,Female,,,
16,31,,FALSE,Female,,,
28,570,,FALSE,Male,,,
17,12,,FALSE,Male,,,
28,658,,FALSE,Male,,,
16,93,,FALSE,Male,,,
28,400,,FALSE,Male,,,
16,8,,FALSE,Male,,,
16,44,,FALSE,Female,,,
28,556,,FALSE,Female,,,
16,100,,FALSE,Female,,,
28,651,,FALSE,Female,,,
28,648,,FALSE,Female,,,
16,220,,FALSE,Female,,,
16,25,,FALSE,Female,,,
28,369,,FALSE,Female,,,
28,454,,FALSE,Female,,,
16,5,,FALSE,Female,,,
29,580,,FALSE,Male,,,
16,17,,FALSE,Male,,,
28,458,,FALSE,Male,,,
16,10,,FALSE,Male,,,
28,552,,FALSE,Female,,,
16,46,,FALSE,Female,,,
28,462,,FALSE,Female,,,
16,10,,FALSE,Female,,,
16,52,,FALSE,Male,,,
28,439,,FALSE,Male,,,
16,59,,FALSE,Female,,,
28,498,,FALSE,Female,,,
28,178,,FALSE,Male,,,
16,3,,FALSE,Male,,,
28,201,,FALSE,Male,,,
16,4,,FALSE,Male,,,
16,56,,FALSE,Male,,,
28,553,,FALSE,Male,,,
16,41,,FALSE,Male,,,
28,652,,FALSE,Male,,,
28,592,,FALSE,Female,,,
16,47,,FALSE,Female,,,
16,34,,FALSE,Female,,,
28,538,,FALSE,Female,,,
28,678,,FALSE,Male,,,
16,68,,FALSE,Male,,,
16,91,,FALSE,Female,,,
28,615,,FALSE,Female,,,
16,89,,FALSE,Male,,,
28,485,,FALSE,Male,,,
28,666,,FALSE,Male,,,
16,4,,FALSE,Male,,,
17,22,,FALSE,Male,,,
28,557,,FALSE,Male,,,
16,31,,FALSE,Female,,,
28,306,,FALSE,Female,,,
16,81,,FALSE,Female,,,
28,521,,FALSE,Female,,,
16,8,,FALSE,Female,,,
28,148,,FALSE,Female,,,
28,522,,FALSE,Male,,,
16,17,,FALSE,Male,,,
28,680,,FALSE,Male,,,
16,552,,FALSE,Male,,,
28,318,,FALSE,Female,,,
16,11,,FALSE,Female,,,
16,45,,FALSE,Male,,,
28,680,,FALSE,Male,,,
28,442,,FALSE,Male,,,
16,62,,FALSE,Male,,,
28,408,,FALSE,Male,,,
16,21,,FALSE,Male,,,
16,6,,FALSE,Male,,,
28,242,,FALSE,Male,,,
16,24,,FALSE,Female,,,
28,550,,FALSE,Female,,,
28,665,,FALSE,Female,,,
16,242,,FALSE,Female,,,
28,542,,FALSE,Male,,,
16,26,,FALSE,Male,,,
28,596,,FALSE,Male,,,
16,14,,FALSE,Male,,,
28,590,,FALSE,Male,,,
16,37,,FALSE,Male,,,
28,268,,FALSE,Male,,,
16,35,,FALSE,Male,,,
16,51,,FALSE,Female,,,
28,363,,FALSE,Female,,,
16,51,,FALSE,Female,,,
28,680,,FALSE,Female,,,
28,523,,FALSE,Female,,,
16,22,,FALSE,Female,,,
28,595,,FALSE,Male,,,
16,17,,FALSE,Male,,,
16,41,,FALSE,Male,,,
28,536,,FALSE,Male,,,
28,544,,FALSE,Female,,,
16,27,,FALSE,Female,,,
16,26,,FALSE,Female,,,
28,563,,FALSE,Female,,,
29,457,,FALSE,Male,,,
16,52,,FALSE,Male,,,
16,69,,FALSE,Male,,,
28,525,,FALSE,Male,,,
16,6,,FALSE,Female,,,
28,280,,FALSE,Female,,,
16,35,,FALSE,Male,,,
28,473,,FALSE,Male,,,
29,581,,FALSE,Female,,,
16,117,,FALSE,Female,,,
28,661,,FALSE,Male,,,
16,200,,FALSE,Male,,,
28,679,,FALSE,Male,,,
16,25,,FALSE,Male,,,
16,108,,FALSE,Male,,,
28,624,,FALSE,Male,,,
16,42,,FALSE,Female,,,
28,628,,FALSE,Female,,,
16,4,,FALSE,Male,,,
28,434,,FALSE,Male,,,
28,568,,FALSE,Female,,,
16,25,,FALSE,Female,,,
16,45,,FALSE,Male,,,
28,661,,FALSE,Male,,,
16,145,,FALSE,Female,,,
29,657,,FALSE,Female,,,
16,60,,FALSE,Female,,,
28,553,,FALSE,Female,,,
16,85,,FALSE,Female,,,
28,665,,FALSE,Female,,,
28,356,,FALSE,Male,,,
17,6,,FALSE,Male,,,
28,431,,FALSE,Male,,,
16,77,,FALSE,Male,,,
16,74,,FALSE,Male,,,
28,620,,FALSE,Male,,,
28,395,,FALSE,Female,,,
16,7,,FALSE,Female,,,
28,503,,FALSE,Female,,,
16,12,,FALSE,Female,,,
28,647,,FALSE,Female,,,
16,322,,FALSE,Female,,,
16,1,,FALSE,Female,,,
28,604,,FALSE,Female,,,
16,77,,FALSE,Female,,,
28,605,,FALSE,Female,,,
16,50,,FALSE,Female,,,
28,678,,FALSE,Female,,,
28,646,,FALSE,Female,,,
16,7,,FALSE,Female,,,
28,680,,FALSE,Male,,,
16,17,,FALSE,Male,,,
16,46,,FALSE,Female,,,
28,271,,FALSE,Female,,,
28,510,,FALSE,Male,,,
16,59,,FALSE,Male,,,
28,448,,FALSE,Female,,,
16,30,,FALSE,Female,,,
16,99,,FALSE,Male,,,
28,339,,FALSE,Male,,,
16,36,,FALSE,Female,,,
28,619,,FALSE,Female,,,
16,34,,FALSE,Male,,,
28,369,,FALSE,Male,,,
28,475,,FALSE,Female,,,
16,25,,FALSE,Female,,,
28,241,,FALSE,Male,,,
16,7,,FALSE,Male,,,
28,657,,FALSE,Female,,,
16,86,,FALSE,Female,,,
28,424,,FALSE,Male,,,
16,42,,FALSE,Male,,,
16,6,,FALSE,Male,,,
28,506,,FALSE,Male,,,
28,645,,FALSE,Female,,,
16,8,,FALSE,Female,,,
16,8,,FALSE,Female,,,
28,271,,FALSE,Female,,,
16,23,,FALSE,Female,,,
28,610,,FALSE,Female,,,
16,170,,FALSE,Female,,,
28,675,,FALSE,Female,,,
17,11,,FALSE,Male,,,
28,177,,FALSE,Male,,,
16,180,,FALSE,Female,,,
28,673,,FALSE,Female,,,
28,615,,FALSE,Female,,,
16,83,,FALSE,Female,,,
16,167,,FALSE,Female,,,
28,677,,FALSE,Female,,,
28,517,,FALSE,Male,,,
16,5,,FALSE,Male,,,
28,50,,FALSE,Female,,,
16,5,,FALSE,Female,,,
16,18,,FALSE,Female,,,
28,546,,FALSE,Female,,,
16,12,,FALSE,Female,,,
28,615,,FALSE,Female,,,
16,74,,FALSE,Female,,,
28,680,,FALSE,Female,,,
16,20,,FALSE,Male,,,
28,483,,FALSE,Male,,,
16,123,,FALSE,Male,,,
28,620,,FALSE,Male,,,
16,14,,FALSE,Male,,,
28,591,,FALSE,Male,,,
16,32,,FALSE,Female,,,
28,509,,FALSE,Female,,,
28,322,,FALSE,Male,,,
16,25,,FALSE,Male,,,
28,625,,FALSE,Male,,,
16,71,,FALSE,Male,,,
28,295,,FALSE,Male,,,
16,13,,FALSE,Male,,,
28,194,,FALSE,Female,,,
16,14,,FALSE,Female,,,
16,13,,FALSE,Male,,,
28,593,,FALSE,Male,,,
28,425,,FALSE,Female,,,
16,28,,FALSE,Female,,,
16,68,,FALSE,Male,,,
28,650,,FALSE,Male,,,
16,21,,FALSE,Male,,,
28,653,,FALSE,Male,,,
17,16,,FALSE,Male,,,
28,69,,FALSE,Male,,,
16,26,,FALSE,Male,,,
28,585,,FALSE,Male,,,
28,647,,FALSE,Female,,,
16,18,,FALSE,Female,,,
16,48,,FALSE,Female,,,
28,576,,FALSE,Female,,,
16,33,,FALSE,Female,,,
28,444,,FALSE,Female,,,
28,359,,FALSE,Female,,,
16,16,,FALSE,Female,,,
16,74,,FALSE,Male,,,
28,655,,FALSE,Male,,,
28,667,,FALSE,Female,,,
16,83,,FALSE,Female,,,
16,68,,FALSE,Male,,,
28,455,,FALSE,Male,,,
16,6,,FALSE,Female,,,
28,639,,FALSE,Female,,,
16,11,,FALSE,Female,,,
28,426,,FALSE,Female,,,
28,672,,FALSE,Female,,,
16,64,,FALSE,Female,,,
28,625,,FALSE,Male,,,
16,14,,FALSE,Male,,,
28,657,,FALSE,Male,,,
16,60,,FALSE,Male,,,
16,44,,FALSE,Male,,,
28,391,,FALSE,Male,,,
16,32,,FALSE,Male,,,
28,271,,FALSE,Male,,,
28,679,,FALSE,Male,,,
16,14,,FALSE,Male,,,
28,521,,FALSE,Male,,,
16,86,,FALSE,Male,,,
28,546,,FALSE,Male,,,
16,27,,FALSE,Male,,,
28,407,,FALSE,Male,,,
16,45,,FALSE,Male,,,
28,605,,FALSE,Male,,,
16,83,,FALSE,Male,,,
28,653,,FALSE,Male,,,
16,54,,FALSE,Male,,,
16,15,,FALSE,Female,,,
28,637,,FALSE,Female,,,
16,42,,FALSE,Female,,,
28,569,,FALSE,Female,,,
28,447,,FALSE,Male,,,
16,17,,FALSE,Male,,,
16,23,,FALSE,Male,,,
28,522,,FALSE,Male,,,
16,48,,FALSE,Female,,,
28,613,,FALSE,Female,,,
16,33,,FALSE,Female,,,
28,411,,FALSE,Female,,,
28,526,,FALSE,Male,,,
16,54,,FALSE,Male,,,
28,680,,FALSE,Female,,,
16,9,,FALSE,Female,,,
28,656,,FALSE,Male,,,
16,92,,FALSE,Male,,,
28,500,,FALSE,Male,,,
16,86,,FALSE,Male,,,
28,448,,FALSE,Female,,,
17,36,,FALSE,Female,,,
28,253,,FALSE,Female,,,
16,24,,FALSE,Female,,,
16,146,,FALSE,Female,,,
28,562,,FALSE,Female,,,
28,441,,FALSE,Male,,,
16,7,,FALSE,Male,,,
16,18,,FALSE,Female,,,
28,235,,FALSE,Female,,,
16,73,,FALSE,Male,,,
28,679,,FALSE,Male,,,
28,597,,FALSE,Female,,,
16,62,,FALSE,Female,,,
28,569,,FALSE,Female,,,
16,26,,FALSE,Female,,,
28,456,,FALSE,Male,,,
16,9,,FALSE,Male,,,
16,7,,FALSE,Female,,,
28,449,,FALSE,Female,,,
16,21,,FALSE,Female,,,
28,613,,FALSE,Female,,,
28,561,,FALSE,Male,,,
16,18,,FALSE,Male,,,
28,566,,FALSE,Female,,,
16,49,,FALSE,Female,,,
16,45,,FALSE,Male,,,
28,584,,FALSE,Male,,,
16,5,,FALSE,Female,,,
28,96,,FALSE,Female,,,
28,646,,FALSE,Male,,,
16,36,,FALSE,Male,,,
28,572,,FALSE,Female,,,
16,46,,FALSE,Female,,,
16,12,,FALSE,Male,,,
28,198,,FALSE,Male,,,
16,18,,FALSE,Male,,,
28,460,,FALSE,Male,,,
28,458,,FALSE,Female,,,
16,39,,FALSE,Female,,,
28,671,,FALSE,Female,,,
16,174,,FALSE,Female,,,
16,85,,FALSE,Male,,,
28,626,,FALSE,Male,,,
16,304,,FALSE,Female,,,
28,668,,FALSE,Female,,,
28,573,,FALSE,Female,,,
16,55,,FALSE,Female,,,
28,604,,FALSE,Female,,,
16,17,,FALSE,Female,,,
28,680,,FALSE,Female,,,
16,167,,FALSE,Female,,,
28,502,,FALSE,Male,,,
16,59,,FALSE,Male,,,
16,54,,FALSE,Male,,,
28,557,,FALSE,Male,,,
28,202,,FALSE,Male,,,
16,14,,FALSE,Male,,,
28,663,,FALSE,Female,,,
16,101,,FALSE,Female,,,
28,654,,FALSE,Female,,,
16,60,,FALSE,Female,,,
16,157,,FALSE,Female,,,
28,634,,FALSE,Female,,,
16,44,,FALSE,Female,,,
28,590,,FALSE,Female,,,
16,21,,FALSE,Male,,,
28,486,,FALSE,Male,,,
16,27,,FALSE,Female,,,
28,605,,FALSE,Female,,,
28,530,,FALSE,Male,,,
16,41,,FALSE,Male,,,
28,538,,FALSE,Male,,,
16,30,,FALSE,Male,,,
16,27,,FALSE,Female,,,
28,598,,FALSE,Female,,,
28,455,,FALSE,Male,,,
16,90,,FALSE,Male,,,
28,597,,FALSE,Female,,,
16,4,,FALSE,Female,,,
28,448,,FALSE,Male,,,
16,34,,FALSE,Male,,,
16,16,,FALSE,Male,,,
28,437,,FALSE,Male,,,
28,680,,FALSE,Male,,,
16,156,,FALSE,Male,,,
16,179,,FALSE,Female,,,
28,614,,FALSE,Female,,,
28,506,,FALSE,Male,,,
16,30,,FALSE,Male,,,
28,610,,FALSE,Female,,,
16,209,,FALSE,Female,,,
28,648,,FALSE,Male,,,
16,100,,FALSE,Male,,,
28,647,,FALSE,Female,,,
16,165,,FALSE,Female,,,
16,10,,FALSE,Female,,,
28,239,,FALSE,Female,,,
28,334,,FALSE,Female,,,
16,11,,FALSE,Female,,,
28,644,,FALSE,Female,,,
16,404,,FALSE,Female,,,
16,272,,FALSE,Male,,,
28,232,,FALSE,Male,,,
16,311,,FALSE,Male,,,
28,669,,FALSE,Male,,,
28,104,,FALSE,Male,,,
16,57,,FALSE,Male,,,
28,565,,FALSE,Male,,,
16,21,,FALSE,Male,,,
16,58,,FALSE,Male,,,
28,562,,FALSE,Male,,,
16,107,,FALSE,Male,,,
28,530,,FALSE,Male,,,
16,28,,FALSE,Female,,,
28,623,,FALSE,Female,,,
16,39,,FALSE,Male,,,
28,672,,FALSE,Male,,,
16,8,,FALSE,Male,,,
28,260,,FALSE,Male,,,
28,466,,FALSE,Male,,,
16,31,,FALSE,Male,,,
28,680,,FALSE,Male,,,
16,52,,FALSE,Male,,,
28,404,,FALSE,Female,,,
16,12,,FALSE,Female,,,
28,252,,FALSE,Male,,,
16,23,,FALSE,Male,,,
16,19,,FALSE,Male,,,
28,645,,FALSE,Male,,,
16,51,,FALSE,Female,,,
28,582,,FALSE,Female,,,
16,28,,FALSE,Male,,,
28,526,,FALSE,Male,,,
28,598,,FALSE,Female,,,
16,154,,FALSE,Female,,,
28,360,,FALSE,Female,,,
16,26,,FALSE,Female,,,
28,216,,FALSE,Male,,,
16,1,,FALSE,Male,,,
16,78,,FALSE,Female,,,
28,645,,FALSE,Female,,,
17,151,,FALSE,Male,,,
28,636,,FALSE,Male,,,
28,554,,FALSE,Male,,,
16,48,,FALSE,Male,,,
16,85,,FALSE,Male,,,
28,594,,FALSE,Male,,,
16,49,,FALSE,Female,,,
28,402,,FALSE,Female,,,
16,89,,FALSE,Male,,,
28,565,,FALSE,Male,,,
28,479,,FALSE,Female,,,
16,64,,FALSE,Female,,,
16,279,,FALSE,Female,,,
28,666,,FALSE,Female,,,
28,666,,FALSE,Male,,,
16,160,,FALSE,Male,,,
16,74,,FALSE,Female,,,
28,637,,FALSE,Female,,,
16,70,,FALSE,Male,,,
28,569,,FALSE,Male,,,
16,8,,FALSE,Male,,,
28,567,,FALSE,Male,,,
28,626,,FALSE,Male,,,
16,37,,FALSE,Male,,,
28,274,,FALSE,Male,,,
16,10,,FALSE,Male,,,
28,465,,FALSE,Male,,,
16,27,,FALSE,Male,,,
16,41,,FALSE,Male,,,
28,314,,FALSE,Male,,,
16,156,,FALSE,Female,,,
28,639,,FALSE,Female,,,
16,40,,FALSE,Male,,,
28,663,,FALSE,Male,,,
28,605,,FALSE,Male,,,
16,34,,FALSE,Male,,,
28,516,,FALSE,Male,,,
16,8,,FALSE,Male,,,
28,479,,FALSE,Male,,,
16,17,,FALSE,Male,,,
28,363,,FALSE,Male,,,
16,22,,FALSE,Male,,,
16,7,,FALSE,Female,,,
28,274,,FALSE,Female,,,
16,81,,FALSE,Male,,,
28,589,,FALSE,Male,,,
28,519,,FALSE,Female,,,
16,67,,FALSE,Female,,,
16,29,,FALSE,Male,,,
28,382,,FALSE,Male,,,
28,631,,FALSE,Female,,,
16,151,,FALSE,Female,,,
28,73,,FALSE,Male,,,
16,18,,FALSE,Male,,,
16,76,,FALSE,Male,,,
28,638,,FALSE,Male,,,
16,12,,FALSE,Male,,,
28,593,,FALSE,Male,,,
16,66,,FALSE,Male,,,
28,563,,FALSE,Male,,,
28,480,,FALSE,Female,,,
16,28,,FALSE,Female,,,
28,448,,FALSE,Male,,,
16,8,,FALSE,Male,,,
16,32,,FALSE,Female,,,
28,502,,FALSE,Female,,,
16,20,,FALSE,Male,,,
28,353,,FALSE,Male,,,
16,73,,FALSE,Female,,,
28,487,,FALSE,Female,,,
16,129,,FALSE,Female,,,
28,623,,FALSE,Female,,,
28,369,,FALSE,Male,,,
16,6,,FALSE,Male,,,
16,98,,FALSE,Female,,,
28,632,,FALSE,Female,,,
28,680,,FALSE,Female,,,
16,8,,FALSE,Female,,,
28,539,,FALSE,Female,,,
16,47,,FALSE,Female,,,
28,645,,FALSE,Male,,,
16,52,,FALSE,Male,,,
16,58,,FALSE,Male,,,
28,677,,FALSE,Male,,,
16,6,,FALSE,Female,,,
28,259,,FALSE,Female,,,
28,625,,FALSE,Female,,,
16,26,,FALSE,Female,,,
16,60,,FALSE,Male,,,
28,584,,FALSE,Male,,,
28,344,,FALSE,Male,,,
16,8,,FALSE,Male,,,
28,614,,FALSE,Female,,,
16,29,,FALSE,Female,,,
16,30,,FALSE,Female,,,
28,505,,FALSE,Female,,,
16,33,,FALSE,Male,,,
28,464,,FALSE,Male,,,
28,606,,FALSE,Female,,,
16,188,,FALSE,Female,,,
28,461,,FALSE,Male,,,
16,17,,FALSE,Male,,,
16,61,,FALSE,Female,,,
28,463,,FALSE,Female,,,
16,18,,FALSE,Female,,,
28,651,,FALSE,Female,,,
16,240,,FALSE,Female,,,
28,537,,FALSE,Female,,,
28,527,,FALSE,Female,,,
16,49,,FALSE,Female,,,
28,543,,FALSE,Male,,,
16,56,,FALSE,Male,,,
16,82,,FALSE,Female,,,
28,563,,FALSE,Female,,,
28,570,,FALSE,Female,,,
16,155,,FALSE,Female,,,
16,9,,FALSE,Female,,,
28,114,,FALSE,Female,,,
16,3,,FALSE,Female,,,
28,627,,FALSE,Female,,,
16,16,,FALSE,Male,,,
28,630,,FALSE,Male,,,
16,49,,FALSE,Male,,,
28,633,,FALSE,Male,,,
28,550,,FALSE,Male,,,
16,26,,FALSE,Male,,,
28,582,,FALSE,Male,,,
16,56,,FALSE,Male,,,
28,661,,FALSE,Male,,,
16,9,,FALSE,Male,,,
28,436,,FALSE,Male,,,
16,110,,FALSE,Male,,,
16,29,,FALSE,Female,,,
28,502,,FALSE,Female,,,
16,160,,FALSE,Male,,,
28,625,,FALSE,Male,,,
28,204,,FALSE,Male,,,
16,2,,FALSE,Male,,,
16,4,,FALSE,Female,,,
28,455,,FALSE,Female,,,
16,11,,FALSE,Female,,,
28,433,,FALSE,Female,,,
16,278,,FALSE,Female,,,
28,552,,FALSE,Female,,,
16,98,,FALSE,Male,,,
28,623,,FALSE,Male,,,
16,35,,FALSE,Male,,,
28,565,,FALSE,Male,,,
16,10,,FALSE,Female,,,
28,420,,FALSE,Female,,,
28,611,,FALSE,Female,,,
16,47,,FALSE,Female,,,
28,635,,FALSE,Male,,,
16,28,,FALSE,Male,,,
16,36,,FALSE,Male,,,
28,295,,FALSE,Male,,,
16,26,,FALSE,Male,,,
28,268,,FALSE,Male,,,
16,94,,FALSE,Male,,,
28,594,,FALSE,Male,,,
28,376,,FALSE,Male,,,
16,43,,FALSE,Male,,,
16,56,,FALSE,Female,,,
28,504,,FALSE,Female,,,
16,26,,FALSE,Male,,,
28,477,,FALSE,Male,,,
28,593,,FALSE,Male,,,
16,124,,FALSE,Male,,,
16,26,,FALSE,Female,,,
28,617,,FALSE,Female,,,
28,357,,FALSE,Female,,,
16,42,,FALSE,Female,,,
28,680,,FALSE,Female,,,
16,81,,FALSE,Female,,,
28,591,,FALSE,Male,,,
16,23,,FALSE,Male,,,
16,260,,FALSE,Male,,,
28,562,,FALSE,Male,,,
28,215,,FALSE,Male,,,
16,7,,FALSE,Male,,,
16,148,,FALSE,Male,,,
28,680,,FALSE,Male,,,
28,677,,FALSE,Female,,,
16,156,,FALSE,Female,,,
16,23,,FALSE,Male,,,
28,283,,FALSE,Male,,,
28,624,,FALSE,Male,,,
16,26,,FALSE,Male,,,
28,574,,FALSE,Female,,,
16,90,,FALSE,Female,,,
16,45,,FALSE,Female,,,
28,620,,FALSE,Female,,,
16,56,,FALSE,Male,,,
28,615,,FALSE,Male,,,
16,91,,FALSE,Male,,,
28,575,,FALSE,Male,,,
16,14,,FALSE,Male,,,
28,410,,FALSE,Male,,,
16,32,,FALSE,Male,,,
28,490,,FALSE,Male,,,
28,599,,FALSE,Female,,,
16,134,,FALSE,Female,,,
28,397,,FALSE,Male,,,
16,46,,FALSE,Male,,,
16,173,,FALSE,Female,,,
28,397,,FALSE,Female,,,
28,547,,FALSE,Male,,,
16,47,,FALSE,Male,,,
16,4,,FALSE,Male,,,
28,544,,FALSE,Male,,,
16,120,,FALSE,Female,,,
28,634,,FALSE,Female,,,
28,450,,FALSE,Female,,,
16,58,,FALSE,Female,,,
16,60,,FALSE,Female,,,
28,448,,FALSE,Female,,,
28,677,,FALSE,Female,,,
16,73,,FALSE,Female,,,
28,472,,FALSE,Male,,,
16,60,,FALSE,Male,,,
28,572,,FALSE,Male,,,
16,43,,FALSE,Male,,,
16,26,,FALSE,Male,,,
28,405,,FALSE,Male,,,
16,26,,FALSE,Male,,,
28,543,,FALSE,Male,,,
28,497,,FALSE,Female,,,
16,48,,FALSE,Female,,,
16,182,,FALSE,Male,,,
28,308,,FALSE,Male,,,
28,621,,FALSE,Male,,,
16,8,,FALSE,Male,,,
28,417,,FALSE,Male,,,
16,27,,FALSE,Male,,,
28,377,,FALSE,Male,,,
16,17,,FALSE,Male,,,
28,680,,FALSE,Male,,,
16,35,,FALSE,Male,,,
28,561,,FALSE,Male,,,
16,133,,FALSE,Male,,,
28,539,,FALSE,Female,,,
16,101,,FALSE,Female,,,
28,601,,FALSE,Male,,,
16,76,,FALSE,Male,,,
16,153,,FALSE,Female,,,
28,622,,FALSE,Female,,,
28,483,,FALSE,Male,,,
16,76,,FALSE,Male,,,
28,300,,FALSE,Male,,,
16,5,,FALSE,Male,,,
28,657,,FALSE,Female,,,
16,101,,FALSE,Female,,,
17,65,,FALSE,Female,,,
28,578,,FALSE,Female,,,
16,176,,FALSE,Female,,,
28,636,,FALSE,Female,,,
28,15,,FALSE,Male,,,
16,1,,FALSE,Male,,,
16,62,,FALSE,Male,,,
28,393,,FALSE,Male,,,
16,19,,FALSE,Male,,,
28,404,,FALSE,Male,,,
28,513,,FALSE,Female,,,
16,40,,FALSE,Female,,,
16,18,,FALSE,Male,,,
28,466,,FALSE,Male,,,
16,22,,FALSE,Female,,,
28,550,,FALSE,Female,,,
16,3,,FALSE,Female,,,
28,324,,FALSE,Female,,,
16,20,,FALSE,Male,,,
28,569,,FALSE,Male,,,
28,561,,FALSE,Female,,,
16,20,,FALSE,Female,,,
16,48,,FALSE,Male,,,
28,619,,FALSE,Male,,,
28,486,,FALSE,Female,,,
16,6,,FALSE,Female,,,
28,455,,FALSE,Female,,,
16,93,,FALSE,Female,,,
16,23,,FALSE,Male,,,
28,412,,FALSE,Male,,,
28,629,,FALSE,Male,,,
16,82,,FALSE,Male,,,
28,648,,FALSE,Male,,,
16,55,,FALSE,Male,,,
28,592,,FALSE,Female,,,
16,99,,FALSE,Female,,,
16,29,,FALSE,Female,,,
28,541,,FALSE,Female,,,
28,244,,FALSE,Male,,,
16,46,,FALSE,Male,,,
16,9,,FALSE,Male,,,
28,28,,FALSE,Male,,,
16,7,,FALSE,Female,,,
28,341,,FALSE,Female,,,
16,232,,FALSE,Male,,,
28,662,,FALSE,Male,,,
28,196,,FALSE,Female,,,
16,18,,FALSE,Female,,,
16,230,,FALSE,Female,,,
28,666,,FALSE,Female,,,
28,509,,FALSE,Female,,,
16,35,,FALSE,Female,,,
28,644,,FALSE,Female,,,
16,71,,FALSE,Female,,,
16,27,,FALSE,Male,,,
28,419,,FALSE,Male,,,
28,376,,FALSE,Male,,,
16,5,,FALSE,Male,,,
28,592,,FALSE,Female,,,
16,40,,FALSE,Female,,,
16,142,,FALSE,Female,,,
28,652,,FALSE,Female,,,
28,575,,FALSE,Female,,,
16,22,,FALSE,Female,,,
16,7,,FALSE,Female,,,
28,213,,FALSE,Female,,,
16,91,,FALSE,Male,,,
28,461,,FALSE,Male,,,
16,117,,FALSE,Male,,,
28,578,,FALSE,Male,,,
28,576,,FALSE,Female,,,
16,70,,FALSE,Female,,,
28,506,,FALSE,Male,,,
16,18,,FALSE,Male,,,
16,9,,FALSE,Female,,,
28,249,,FALSE,Female,,,
28,387,,FALSE,Male,,,
16,75,,FALSE,Male,,,
28,504,,FALSE,Male,,,
16,26,,FALSE,Male,,,
16,62,,FALSE,Male,,,
28,613,,FALSE,Male,,,
16,3,,FALSE,Female,,,
28,404,,FALSE,Female,,,
16,44,,FALSE,Male,,,
28,647,,FALSE,Male,,,
28,597,,FALSE,Female,,,
16,12,,FALSE,Female,,,
16,54,,FALSE,Female,,,
28,576,,FALSE,Female,,,
16,43,,FALSE,Female,,,
28,490,,FALSE,Female,,,
28,673,,FALSE,Male,,,
16,115,,FALSE,Male,,,
28,578,,FALSE,Male,,,
16,117,,FALSE,Male,,,
28,360,,FALSE,Male,,,
16,38,,FALSE,Male,,,
28,565,,FALSE,Male,,,
16,132,,FALSE,Male,,,
16,49,,FALSE,Female,,,
28,544,,FALSE,Female,,,
28,435,,FALSE,Female,,,
16,39,,FALSE,Female,,,
28,379,,FALSE,Male,,,
16,15,,FALSE,Male,,,
16,42,,FALSE,Male,,,
28,576,,FALSE,Male,,,
16,35,,FALSE,Male,,,
28,386,,FALSE,Male,,,
28,469,,FALSE,Female,,,
16,20,,FALSE,Female,,,
16,86,,FALSE,Male,,,
28,543,,FALSE,Male,,,
28,445,,FALSE,Female,,,
16,152,,FALSE,Female,,,
28,432,,FALSE,Male,,,
16,12,,FALSE,Male,,,
16,65,,FALSE,Male,,,
28,502,,FALSE,Male,,,
16,31,,FALSE,Female,,,
28,547,,FALSE,Female,,,
16,69,,FALSE,Female,,,
28,589,,FALSE,Female,,,
28,413,,FALSE,Female,,,
16,76,,FALSE,Female,,,
16,40,,FALSE,Female,,,
28,439,,FALSE,Female,,,
28,297,,FALSE,Female,,,
16,24,,FALSE,Female,,,
16,17,,FALSE,Male,,,
28,280,,FALSE,Male,,,
16,0,,FALSE,Male,,,
28,324,,FALSE,Male,,,
16,58,,FALSE,Female,,,
28,608,,FALSE,Female,,,
28,444,,FALSE,Female,,,
16,13,,FALSE,Female,,,
16,164,,FALSE,Male,,,
28,623,,FALSE,Male,,,
28,316,,FALSE,Female,,,
16,135,,FALSE,Female,,,
16,37,,FALSE,Female,,,
28,472,,FALSE,Female,,,
16,20,,FALSE,Male,,,
28,471,,FALSE,Male,,,
16,114,,FALSE,Female,,,
28,663,,FALSE,Female,,,
16,11,,FALSE,Female,,,
28,330,,FALSE,Female,,,
16,41,,FALSE,Male,,,
28,223,,FALSE,Male,,,
28,576,,FALSE,Male,,,
16,48,,FALSE,Male,,,
16,122,,FALSE,Male,,,
28,596,,FALSE,Male,,,
28,600,,FALSE,Female,,,
16,35,,FALSE,Female,,,
28,550,,FALSE,Female,,,
16,58,,FALSE,Female,,,
16,64,,FALSE,Male,,,
28,515,,FALSE,Male,,,
28,494,,FALSE,Male,,,
16,6,,FALSE,Male,,,
16,23,,FALSE,Male,,,
28,646,,FALSE,Male,,,
16,70,,FALSE,Male,,,
28,509,,FALSE,Male,,,
16,22,,FALSE,Male,,,
28,586,,FALSE,Male,,,
16,11,,FALSE,Female,,,
28,506,,FALSE,Female,,,
28,665,,FALSE,Female,,,
16,62,,FALSE,Female,,,
16,79,,FALSE,Female,,,
28,674,,FALSE,Female,,,
28,620,,FALSE,Male,,,
16,44,,FALSE,Male,,,
28,499,,FALSE,Female,,,
16,89,,FALSE,Female,,,
28,625,,FALSE,Male,,,
16,68,,FALSE,Male,,,
16,41,,FALSE,Female,,,
28,575,,FALSE,Female,,,
28,492,,FALSE,Male,,,
16,10,,FALSE,Male,,,
16,64,,FALSE,Male,,,
28,458,,FALSE,Male,,,
16,34,,FALSE,Female,,,
28,565,,FALSE,Female,,,
28,380,,FALSE,Male,,,
16,36,,FALSE,Male,,,
16,26,,FALSE,Male,,,
28,86,,FALSE,Male,,,
16,27,,FALSE,Male,,,
28,141,,FALSE,Male,,,
28,527,,FALSE,Female,,,
16,25,,FALSE,Female,,,
28,55,,FALSE,Male,,,
16,8,,FALSE,Male,,,
16,14,,FALSE,Male,,,
28,323,,FALSE,Male,,,
16,18,,FALSE,Female,,,
28,144,,FALSE,Female,,,
28,547,,FALSE,Male,,,
16,85,,FALSE,Male,,,
28,546,,FALSE,Male,,,
16,21,,FALSE,Male,,,
16,56,,FALSE,Female,,,
28,614,,FALSE,Female,,,
28,656,,FALSE,Female,,,
16,39,,FALSE,Female,,,
28,354,,FALSE,Female,,,
16,24,,FALSE,Female,,,
28,597,,FALSE,Female,,,
16,161,,FALSE,Female,,,
28,294,,FALSE,Male,,,
16,13,,FALSE,Male,,,
28,573,,FALSE,Male,,,
16,11,,FALSE,Male,,,
28,608,,FALSE,Female,,,
16,74,,FALSE,Female,,,
16,284,,FALSE,Female,,,
28,639,,FALSE,Female,,,
16,11,,FALSE,Male,,,
28,86,,FALSE,Male,,,
16,33,,FALSE,Female,,,
28,379,,FALSE,Female,,,
28,651,,FALSE,Male,,,
16,37,,FALSE,Male,,,
16,24,,FALSE,Female,,,
28,458,,FALSE,Female,,,
28,623,,FALSE,Male,,,
16,41,,FALSE,Male,,,
16,24,,FALSE,Female,,,
28,361,,FALSE,Female,,,
16,42,,FALSE,Male,,,
28,608,,FALSE,Male,,,
16,21,,FALSE,Male,,,
28,459,,FALSE,Male,,,
16,41,,FALSE,Female,,,
28,495,,FALSE,Female,,,
28,634,,FALSE,Male,,,
16,120,,FALSE,Male,,,
29,275,,FALSE,Male,,,
16,11,,FALSE,Male,,,
16,62,,FALSE,Male,,,
28,559,,FALSE,Male,,,
16,139,,FALSE,Male,,,
28,556,,FALSE,Male,,,
28,470,,FALSE,Male,,,
16,42,,FALSE,Male,,,
28,502,,FALSE,Male,,,
16,43,,FALSE,Male,,,
16,26,,FALSE,Male,,,
28,358,,FALSE,Male,,,
16,96,,FALSE,Male,,,
28,637,,FALSE,Male,,,
28,530,,FALSE,Female,,,
16,13,,FALSE,Female,,,
28,445,,FALSE,Male,,,
16,8,,FALSE,Male,,,
16,30,,FALSE,Female,,,
28,503,,FALSE,Female,,,
28,434,,FALSE,Female,,,
16,27,,FALSE,Female,,,
28,468,,FALSE,Female,,,
16,26,,FALSE,Female,,,
16,24,,FALSE,Female,,,
28,570,,FALSE,Female,,,
28,266,,FALSE,Female,,,
16,9,,FALSE,Female,,,
28,467,,FALSE,Female,,,
16,32,,FALSE,Female,,,
16,97,,FALSE,Female,,,
28,665,,FALSE,Female,,,
28,655,,FALSE,Male,,,
16,13,,FALSE,Male,,,
28,500,,FALSE,Female,,,
16,22,,FALSE,Female,,,
16,21,,FALSE,Female,,,
28,468,,FALSE,Female,,,
28,507,,FALSE,Male,,,
16,55,,FALSE,Male,,,
28,425,,FALSE,Male,,,
16,14,,FALSE,Male,,,
16,17,,FALSE,Male,,,
28,490,,FALSE,Male,,,
28,516,,FALSE,Female,,,
16,58,,FALSE,Female,,,
28,486,,FALSE,Female,,,
16,3,,FALSE,Female,,,
28,630,,FALSE,Female,,,
16,9,,FALSE,Female,,,
28,650,,FALSE,Male,,,
16,49,,FALSE,Male,,,
28,636,,FALSE,Female,,,
16,71,,FALSE,Female,,,
16,56,,FALSE,Female,,,
28,382,,FALSE,Female,,,
28,558,,FALSE,Female,,,
16,52,,FALSE,Female,,,
16,24,,FALSE,Male,,,
28,521,,FALSE,Male,,,
28,432,,FALSE,Female,,,
16,9,,FALSE,Female,,,
16,9,,FALSE,Female,,,
28,616,,FALSE,Female,,,
28,644,,FALSE,Female,,,
16,121,,FALSE,Female,,,
16,87,,FALSE,Male,,,
28,585,,FALSE,Male,,,
28,472,,FALSE,Female,,,
16,37,,FALSE,Female,,,
28,648,,FALSE,Male,,,
16,66,,FALSE,Male,,,
16,29,,FALSE,Male,,,
28,582,,FALSE,Male,,,
16,100,,FALSE,Female,,,
28,622,,FALSE,Female,,,
17,6,,FALSE,Male,,,
28,235,,FALSE,Male,,,
16,17,,FALSE,Male,,,
28,482,,FALSE,Male,,,
28,580,,FALSE,Female,,,
16,64,,FALSE,Female,,,
28,581,,FALSE,Male,,,
16,22,,FALSE,Male,,,
16,7,,FALSE,Female,,,
28,463,,FALSE,Female,,,
16,71,,FALSE,Male,,,
28,290,,FALSE,Male,,,
16,20,,FALSE,Male,,,
28,582,,FALSE,Male,,,
28,624,,FALSE,Female,,,
16,40,,FALSE,Female,,,
28,656,,FALSE,Male,,,
16,216,,FALSE,Male,,,
16,275,,FALSE,Male,,,
28,675,,FALSE,Male,,,
16,7,,FALSE,Male,,,
28,22,,FALSE,Male,,,
28,441,,FALSE,Female,,,
16,2,,FALSE,Female,,,
28,587,,FALSE,Female,,,
16,90,,FALSE,Female,,,
28,414,,FALSE,Female,,,
16,52,,FALSE,Female,,,
28,592,,FALSE,Male,,,
16,20,,FALSE,Male,,,
16,8,,FALSE,Male,,,
28,494,,FALSE,Male,,,
16,3,,FALSE,Female,,,
28,409,,FALSE,Female,,,
28,270,,FALSE,Male,,,
16,8,,FALSE,Male,,,
28,497,,FALSE,Male,,,
16,19,,FALSE,Male,,,
16,58,,FALSE,Female,,,
28,634,,FALSE,Female,,,
28,647,,FALSE,Female,,,
16,33,,FALSE,Female,,,
28,620,,FALSE,Female,,,
16,113,,FALSE,Female,,,
16,38,,FALSE,Male,,,
28,364,,FALSE,Male,,,
28,560,,FALSE,Female,,,
16,75,,FALSE,Female,,,
16,23,,FALSE,Male,,,
28,660,,FALSE,Male,,,
16,117,,FALSE,Female,,,
28,542,,FALSE,Female,,,
16,28,,FALSE,Female,,,
28,662,,FALSE,Female,,,
28,581,,FALSE,Female,,,
16,48,,FALSE,Female,,,
16,8,,FALSE,Male,,,
28,401,,FALSE,Male,,,
16,26,,FALSE,Male,,,
28,462,,FALSE,Male,,,
16,27,,FALSE,Male,,,
28,646,,FALSE,Male,,,
28,531,,FALSE,Female,,,
16,160,,FALSE,Female,,,
28,555,,FALSE,Female,,,
16,97,,FALSE,Female,,,
28,601,,FALSE,Female,,,
16,30,,FALSE,Female,,,
28,679,,FALSE,Female,,,
16,288,,FALSE,Female,,,
16,76,,FALSE,Male,,,
28,474,,FALSE,Male,,,
28,333,,FALSE,Male,,,
16,30,,FALSE,Male,,,
28,540,,FALSE,Female,,,
16,40,,FALSE,Female,,,
16,51,,FALSE,Female,,,
28,219,,FALSE,Female,,,
28,653,,FALSE,Male,,,
16,113,,FALSE,Male,,,
16,9,,FALSE,Female,,,
28,373,,FALSE,Female,,,
16,127,,FALSE,Male,,,
28,604,,FALSE,Male,,,
28,530,,FALSE,Male,,,
16,127,,FALSE,Male,,,
28,680,,FALSE,Female,,,
16,485,,FALSE,Female,,,
16,82,,FALSE,Female,,,
28,452,,FALSE,Female,,,
16,26,,FALSE,Male,,,
28,358,,FALSE,Male,,,
28,373,,FALSE,Male,,,
16,26,,FALSE,Male,,,
28,75,,FALSE,Female,,,
16,35,,FALSE,Female,,,
28,161,,FALSE,Male,,,
16,21,,FALSE,Male,,,
28,588,,FALSE,Male,,,
16,16,,FALSE,Male,,,
28,459,,FALSE,Male,,,
16,39,,FALSE,Male,,,
28,277,,FALSE,Male,,,
16,14,,FALSE,Male,,,
16,71,,FALSE,Male,,,
28,547,,FALSE,Male,,,
28,468,,FALSE,Female,,,
16,10,,FALSE,Female,,,
28,418,,FALSE,Female,,,
16,43,,FALSE,Female,,,
16,11,,FALSE,Male,,,
29,252,,FALSE,Male,,,
28,530,,FALSE,Male,,,
16,103,,FALSE,Male,,,
28,473,,FALSE,Male,,,
16,21,,FALSE,Male,,,
16,38,,FALSE,Male,,,
28,555,,FALSE,Male,,,
28,663,,FALSE,Male,,,
16,35,,FALSE,Male,,,
28,594,,FALSE,Male,,,
16,59,,FALSE,Male,,,
16,46,,FALSE,Female,,,
28,498,,FALSE,Female,,,
16,7,,FALSE,Male,,,
28,610,,FALSE,Male,,,
16,20,,FALSE,Female,,,
28,284,,FALSE,Female,,,
16,16,,FALSE,Male,,,
28,333,,FALSE,Male,,,
16,58,,FALSE,Male,,,
28,451,,FALSE,Male,,,
16,172,,FALSE,Male,,,
28,627,,FALSE,Male,,,
16,31,,FALSE,Male,,,
28,582,,FALSE,Male,,,
28,556,,FALSE,Male,,,
16,37,,FALSE,Male,,,
28,660,,FALSE,Female,,,
16,127,,FALSE,Female,,,
16,17,,FALSE,Male,,,
28,570,,FALSE,Male,,,
16,44,,FALSE,Male,,,
28,573,,FALSE,Male,,,
28,564,,FALSE,Female,,,
16,54,,FALSE,Female,,,
16,35,,FALSE,Female,,,
28,642,,FALSE,Female,,,
28,525,,FALSE,Female,,,
16,88,,FALSE,Female,,,
16,26,,FALSE,Male,,,
28,491,,FALSE,Male,,,
28,624,,FALSE,Male,,,
16,100,,FALSE,Male,,,
16,17,,FALSE,Female,,,
28,562,,FALSE,Female,,,
28,294,,FALSE,Female,,,
16,27,,FALSE,Female,,,
28,434,,FALSE,Male,,,
16,4,,FALSE,Male,,,
17,8,,FALSE,Male,,,
29,424,,FALSE,Male,,,
28,522,,FALSE,Female,,,
16,67,,FALSE,Female,,,
28,525,,FALSE,Male,,,
16,73,,FALSE,Male,,,
28,117,,FALSE,Male,,,
16,20,,FALSE,Male,,,
16,34,,FALSE,Female,,,
28,300,,FALSE,Female,,,
16,76,,FALSE,Male,,,
28,621,,FALSE,Male,,,
16,30,,FALSE,Male,,,
28,253,,FALSE,Male,,,
16,10,,FALSE,Female,,,
28,637,,FALSE,Female,,,
16,14,,FALSE,Male,,,
28,516,,FALSE,Male,,,
16,22,,FALSE,Female,,,
28,307,,FALSE,Female,,,
28,437,,FALSE,Female,,,
16,27,,FALSE,Female,,,
28,626,,FALSE,Male,,,
16,171,,FALSE,Male,,,
28,479,,FALSE,Male,,,
16,185,,FALSE,Male,,,
28,470,,FALSE,Male,,,
16,27,,FALSE,Male,,,
16,133,,FALSE,Male,,,
28,615,,FALSE,Male,,,
28,447,,FALSE,Male,,,
16,56,,FALSE,Male,,,
16,27,,FALSE,Female,,,
28,315,,FALSE,Female,,,
16,342,,FALSE,Female,,,
28,643,,FALSE,Female,,,
28,304,,FALSE,Male,,,
16,9,,FALSE,Male,,,
16,46,,FALSE,Female,,,
28,376,,FALSE,Female,,,
28,480,,FALSE,Male,,,
16,12,,FALSE,Male,,,
16,223,,FALSE,Male,,,
28,617,,FALSE,Male,,,
16,61,,FALSE,Female,,,
28,453,,FALSE,Female,,,
16,54,,FALSE,Male,,,
28,513,,FALSE,Male,,,
28,338,,FALSE,Female,,,
16,61,,FALSE,Female,,,
16,103,,FALSE,Female,,,
28,678,,FALSE,Female,,,
28,606,,FALSE,Female,,,
16,75,,FALSE,Female,,,
16,245,,FALSE,Male,,,
28,679,,FALSE,Male,,,
16,16,,FALSE,Female,,,
28,447,,FALSE,Female,,,
16,18,,FALSE,Male,,,
28,242,,FALSE,Male,,,
16,116,,FALSE,Male,,,
28,620,,FALSE,Male,,,
28,642,,FALSE,Female,,,
16,41,,FALSE,Female,,,
28,635,,FALSE,Male,,,
16,73,,FALSE,Male,,,
16,66,,FALSE,Female,,,
28,679,,FALSE,Female,,,
16,24,,FALSE,Male,,,
28,442,,FALSE,Male,,,
28,497,,FALSE,Male,,,
16,43,,FALSE,Male,,,
16,27,,FALSE,Male,,,
28,94,,FALSE,Male,,,
16,20,,FALSE,Male,,,
28,274,,FALSE,Male,,,
28,570,,FALSE,Female,,,
16,81,,FALSE,Female,,,
16,47,,FALSE,Female,,,
28,506,,FALSE,Female,,,
28,560,,FALSE,Female,,,
16,39,,FALSE,Female,,,
16,28,,FALSE,Female,,,
28,541,,FALSE,Female,,,
16,65,,FALSE,Male,,,
28,591,,FALSE,Male,,,
28,493,,FALSE,Female,,,
16,73,,FALSE,Female,,,
16,95,,FALSE,Male,,,
28,604,,FALSE,Male,,,
28,634,,FALSE,Female,,,
16,89,,FALSE,Female,,,
28,643,,FALSE,Female,,,
16,235,,FALSE,Female,,,
28,352,,FALSE,Male,,,
16,12,,FALSE,Male,,,
16,21,,FALSE,Female,,,
28,460,,FALSE,Female,,,
16,23,,FALSE,Male,,,
28,292,,FALSE,Male,,,
16,241,,FALSE,Female,,,
28,661,,FALSE,Female,,,
16,38,,FALSE,Female,,,
28,550,,FALSE,Female,,,
28,549,,FALSE,Male,,,
16,5,,FALSE,Male,,,
20,114,,FALSE,,,,
25,434,,FALSE,,,,
25,285,,FALSE,,,,
30,365,,FALSE,Male,,,Hispanic
22,121,,FALSE,Male,,,Hispanic
25,282,,FALSE,Male,,,Hispanic
25,407,,FALSE,Female,,,Hispanic
22,240,,FALSE,Female,,,Hispanic
30,611,,FALSE,Female,,,Hispanic
25,283,,FALSE,Female,,,Hispanic
30,511,,FALSE,Female,,,Hispanic
22,253,,FALSE,Female,,,Hispanic
25,226,,FALSE,Male,,,Hispanic
30,385,,FALSE,Male,,,Hispanic
22,155,,FALSE,Male,,,Hispanic
30,308,,FALSE,Female,,,Hispanic
25,107,,FALSE,Female,,,Hispanic
22,40,,FALSE,Female,,,Hispanic
22,40,,FALSE,Female,,,Hispanic
30,314,,FALSE,Female,,,Hispanic
25,106,,FALSE,Female,,,Hispanic
22,183,,FALSE,Male,,,Non-Hispanic
30,411,,FALSE,Male,,,Non-Hispanic
25,0,,FALSE,Male,,,Non-Hispanic
25,314,,FALSE,Male,,,Hispanic
22,132,,FALSE,Male,,,Hispanic
30,456,,FALSE,Male,,,Hispanic
25,519,,FALSE,Male,,,Hispanic
22,405,,FALSE,Male,,,Hispanic
30,625,,FALSE,Male,,,Hispanic
22,145,,FALSE,,,,
30,0,,FALSE,,,,
25,341,,FALSE,,,,
25,131,,FALSE,,,,
22,93,,FALSE,,,,
30,0,,FALSE,,,,
22,116,,FALSE,Female,,,Hispanic
25,223,,FALSE,Female,,,Hispanic
30,414,,FALSE,Female,,,Hispanic
25,230,,FALSE,Female,,,Hispanic
22,37,,FALSE,Female,,,Hispanic
30,406,,FALSE,Female,,,Hispanic
30,108,,FALSE,Female,,,Hispanic
22,11,,FALSE,Female,,,Hispanic
25,66,,FALSE,Female,,,Hispanic
30,66,,FALSE,Male,,,Hispanic
22,60,,FALSE,Male,,,Hispanic
25,65,,FALSE,Male,,,Hispanic
25,101,,FALSE,Female,,,Hispanic
22,57,,FALSE,Female,,,Hispanic
30,221,,FALSE,Female,,,Hispanic
22,115,,FALSE,Female,,,Hispanic
25,296,,FALSE,Female,,,Hispanic
30,456,,FALSE,Female,,,Hispanic
25,54,,FALSE,Male,,,Hispanic
30,80,,FALSE,Male,,,Hispanic
22,11,,FALSE,Male,,,Hispanic
22,62,,FALSE,Male,,,Hispanic
30,262,,FALSE,Male,,,Hispanic
25,158,,FALSE,Male,,,Hispanic
30,306,,FALSE,Female,,,Hispanic
22,101,,FALSE,Female,,,Hispanic
25,138,,FALSE,Female,,,Hispanic
30,409,,FALSE,Female,,,Hispanic
25,129,,FALSE,Female,,,Hispanic
22,27,,FALSE,Female,,,Hispanic
22,62,,FALSE,Female,,,Hispanic
25,250,,FALSE,Female,,,Hispanic
30,564,,FALSE,Female,,,Hispanic
25,26,,FALSE,Male,,,Hispanic
22,22,,FALSE,Male,,,Hispanic
30,77,,FALSE,Male,,,Hispanic
30,387,,FALSE,Female,,,Hispanic
22,129,,FALSE,Female,,,Hispanic
25,322,,FALSE,Female,,,Hispanic
22,76,,FALSE,Female,,,Hispanic
25,264,,FALSE,Female,,,Hispanic
30,472,,FALSE,Female,,,Hispanic
25,0,,FALSE,,,,
30,0,,FALSE,,,,
22,657,,FALSE,,,,
25,334,,FALSE,Male,,,Hispanic
22,228,,FALSE,Male,,,Hispanic
30,389,,FALSE,Male,,,Hispanic
25,189,,FALSE,Male,,,Hispanic
22,91,,FALSE,Male,,,Hispanic
30,382,,FALSE,Male,,,Hispanic
25,24,,FALSE,Male,,,Hispanic
22,18,,FALSE,Male,,,Hispanic
30,61,,FALSE,Male,,,Hispanic
25,115,,FALSE,Female,,,Hispanic
30,257,,FALSE,Female,,,Hispanic
22,58,,FALSE,Female,,,Hispanic
25,78,,FALSE,Male,,,Hispanic
22,44,,FALSE,Male,,,Hispanic
30,131,,FALSE,Male,,,Hispanic
22,178,,FALSE,,,,
30,0,,FALSE,,,,
25,0,,FALSE,,,,
25,658,,FALSE,Female,,,Non-Hispanic
22,584,,FALSE,Female,,,Non-Hispanic
30,675,,FALSE,Female,,,Non-Hispanic
22,80,,FALSE,Male,,,Hispanic
25,79,,FALSE,Male,,,Hispanic
30,163,,FALSE,Male,,,Hispanic
25,251,,FALSE,Male,,,Hispanic
30,366,,FALSE,Male,,,Hispanic
22,100,,FALSE,Male,,,Hispanic
25,497,,FALSE,Female,,,Hispanic
30,620,,FALSE,Female,,,Hispanic
22,448,,FALSE,Female,,,Hispanic
25,302,,FALSE,Male,,,Hispanic
22,127,,FALSE,Male,,,Hispanic
30,548,,FALSE,Male,,,Hispanic
30,0,,FALSE,,,,
22,25,,FALSE,,,,
25,0,,FALSE,,,,
22,6,,FALSE,,,,
30,0,,FALSE,,,,
25,30,,FALSE,,,,
25,128,,FALSE,,,,
22,64,,FALSE,,,,
30,0,,FALSE,,,,
30,189,,FALSE,Female,,,Non-Hispanic
25,0,,FALSE,Female,,,Non-Hispanic
22,54,,FALSE,Female,,,Non-Hispanic
30,617,,FALSE,Female,,,Hispanic
25,387,,FALSE,Female,,,Hispanic
22,63,,FALSE,Female,,,Hispanic
25,132,,FALSE,Female,,,Hispanic
22,6,,FALSE,Female,,,Hispanic
30,49,,FALSE,Female,,,Hispanic
30,281,,FALSE,Female,,,Hispanic
25,133,,FALSE,Female,,,Hispanic
22,64,,FALSE,Female,,,Hispanic
30,535,,FALSE,Female,,,Hispanic
25,413,,FALSE,Female,,,Hispanic
22,128,,FALSE,Female,,,Hispanic
22,36,,FALSE,Male,,,Hispanic
25,101,,FALSE,Male,,,Hispanic
30,401,,FALSE,Male,,,Hispanic
30,36,,FALSE,Female,,,Hispanic
25,23,,FALSE,Female,,,Hispanic
22,8,,FALSE,Female,,,Hispanic
22,9,,FALSE,Male,,,Hispanic
25,0,,FALSE,Male,,,Hispanic
30,44,,FALSE,Male,,,Hispanic
25,483,,FALSE,Male,,,Hispanic
30,628,,FALSE,Male,,,Hispanic
22,283,,FALSE,Male,,,Hispanic
25,48,,FALSE,Female,,,Hispanic
30,0,,FALSE,Female,,,Hispanic
22,24,,FALSE,Female,,,Hispanic
25,185,,FALSE,Male,,,Non-Hispanic
30,504,,FALSE,Male,,,Non-Hispanic
22,22,,FALSE,Male,,,Non-Hispanic
30,0,,FALSE,,,,
25,0,,FALSE,,,,
22,149,,FALSE,,,,
22,217,,FALSE,,,,
25,0,,FALSE,,,,
30,0,,FALSE,,,,
25,0,,FALSE,,,,
22,26,,FALSE,,,,
30,0,,FALSE,,,,
25,190,,FALSE,,,,
22,55,,FALSE,,,,
25,542,,FALSE,,,,
22,222,,FALSE,,,,
25,98,,FALSE,,,,
22,52,,FALSE,,,,
22,135,,FALSE,,,,
25,265,,FALSE,,,,
25,322,,FALSE,Female,,,Non-Hispanic
22,197,,FALSE,Female,,,Non-Hispanic
22,303,,FALSE,,,,
25,0,,FALSE,,,,
25,270,,FALSE,Female,,,Non-Hispanic
22,175,,FALSE,Female,,,Non-Hispanic
22,58,,FALSE,Female,,,Non-Hispanic
25,187,,FALSE,Female,,,Non-Hispanic
25,431,,FALSE,Male,,,Non-Hispanic
22,146,,FALSE,Male,,,Non-Hispanic
22,183,,FALSE,Male,,,Non-Hispanic
25,350,,FALSE,Male,,,Non-Hispanic
22,57,,FALSE,Female,,,Non-Hispanic
25,155,,FALSE,Female,,,Non-Hispanic
25,105,,FALSE,Male,,,Non-Hispanic
22,49,,FALSE,Male,,,Non-Hispanic
25,636,,FALSE,Male,,,Non-Hispanic
22,377,,FALSE,Male,,,Non-Hispanic
22,528,,FALSE,,,,
25,608,,FALSE,,,,
25,439,,FALSE,Male,,,Non-Hispanic
22,295,,FALSE,Male,,,Non-Hispanic
25,381,,FALSE,Male,,,Non-Hispanic
22,248,,FALSE,Male,,,Non-Hispanic
25,345,,FALSE,Male,,,Non-Hispanic
22,146,,FALSE,Male,,,Non-Hispanic
22,284,,FALSE,,,,
25,0,,FALSE,,,,
28,680,,FALSE,Female,,,
29,680,,FALSE,Male,,,
18,21,,FALSE,Male,,,
19,8,,FALSE,Male,,,
23,23,,FALSE,Male,,,
27,57,,FALSE,Female,,,
22,62,,FALSE,Male,,,
21,26,,FALSE,Male,,,
26,454,,FALSE,Male,,,
18,14,,FALSE,Female,,,
30,257,,FALSE,Male,,,
26,190,,TRUE,Female,Fourth,College,
18,4,,TRUE,Male,Eighth,College,
23,237,,TRUE,Male,Fourth,College,
16,72,,TRUE,Female,Third,College,
25,92,,TRUE,Female,Second,College,
24,145,,TRUE,Male,Second,College,
30,324,,TRUE,Female,Second,College,
25,45,,TRUE,Male,Fourth,College,
27,235,,TRUE,Male,Second,College,
26,457,,TRUE,Male,Fourth,College,
25,417,,TRUE,Female,First,College,
24,394,,TRUE,Male,First,College,
18,10,,TRUE,Female,First,College,
18,156,,TRUE,Female,First,College,
17,29,,TRUE,Female,Second,College,
29,349,,TRUE,Male,,College,
19,124,,TRUE,Male,Second,College,
30,314,,TRUE,Male,Second,College,
29,468,,TRUE,Female,Second,College,
21,100,,TRUE,Female,First,College,
29,656,,TRUE,Male,First,College,
21,188,,TRUE,Male,First,College,
26,273,,TRUE,Female,Third,College,
23,76,,TRUE,Male,Second,College,
23,405,,TRUE,Male,Second,College,
27,267,,TRUE,Male,Second,College,
30,386,,TRUE,Male,First,College,
22,483,,TRUE,Female,First,College,
24,339,,TRUE,Female,First,College,Hispanic
27,72,,TRUE,Male,First,College,Hispanic
20,66,,TRUE,Male,First,College,
25,448,,TRUE,Male,First,College,
27,69,,TRUE,Male,First,College,
20,99,,TRUE,Male,Second,College,
18,131,,TRUE,Female,First,College,
17,14,,TRUE,Female,Fourth,College,
22,8,,TRUE,Male,First,College,
20,5,,TRUE,Female,Second,College,
27,141,,TRUE,Female,First,College,
18,119,,TRUE,Female,First,College,
23,67,,TRUE,Male,Second,College,
21,65,,TRUE,Male,First,College,
25,301,,TRUE,Male,First,College,
26,528,,TRUE,Female,First,College,
17,17,,TRUE,Female,Second,College,
30,536,,TRUE,Male,First,College,
26,577,,TRUE,Female,First,College,
19,237,,TRUE,Female,First,College,
30,444,,TRUE,Male,Second,College,
21,481,,TRUE,Male,First,College,
25,210,,TRUE,Female,Second,College,
29,367,,TRUE,Male,First,College,
17,488,,TRUE,Female,First,College,
19,202,,TRUE,Female,First,College,
29,615,,TRUE,Female,First,College,
22,93,,TRUE,Female,Third,College,
26,409,,TRUE,Male,First,College,Hispanic
19,50,,TRUE,Female,First,College,
17,27,,TRUE,Female,First,College,
22,20,,TRUE,Female,First,College,
18,100,,TRUE,Male,Fourth,College,
19,26,,TRUE,Male,Third,College,
30,364,,TRUE,Male,Fourth,College,
24,394,,TRUE,Female,First,College,
22,102,,TRUE,Male,Second,College,
18,124,,TRUE,Female,Second,College,
22,80,,TRUE,Male,Second,College,
28,198,,TRUE,Male,First,College,
22,452,,TRUE,Female,First,College,
19,25,,TRUE,Female,First,College,
22,398,,TRUE,Female,First,College,
24,315,,TRUE,Female,First,College,
24,340,,TRUE,Male,Third,College,
23,473,,TRUE,Male,First,College,
25,350,,TRUE,Male,First,College,
18,8,,TRUE,Female,First,College,
26,183,,TRUE,Male,Third,College,
25,397,,TRUE,Female,Second,College,
25,550,,TRUE,Female,First,College,
24,278,,TRUE,Male,Second,College,
23,175,,TRUE,Female,First,College,
19,63,,TRUE,Female,Second,College,
25,275,,TRUE,Female,Second,College,
27,541,,TRUE,Female,First,College,
25,478,,TRUE,Male,First,College,
29,653,,TRUE,Female,First,College,
30,663,,TRUE,Female,Second,College,Hispanic
16,80,,TRUE,Male,First,College,
16,6,,TRUE,Male,First,College,
19,66,,TRUE,Female,Second,College,
24,46,,TRUE,Male,First,College,
24,450,,TRUE,Female,First,College,
21,104,,TRUE,Male,First,College,
26,344,,TRUE,Female,First,College,
19,163,,TRUE,Male,First,College,
19,76,,TRUE,Female,First,College,
28,20,,TRUE,Male,Second,College,
24,480,,TRUE,Female,First,College,
30,456,,TRUE,Male,First,College,
26,270,,TRUE,Male,First,College,Hispanic
26,304,,TRUE,Male,Second,College,Hispanic
30,503,,TRUE,Male,Second,College,
26,370,,TRUE,Female,Second,College,
25,416,,TRUE,Male,First,College,
17,48,,TRUE,Male,First,College,
23,456,,TRUE,Female,First,College,Hispanic
25,99,,TRUE,Male,Second,College,
29,611,,TRUE,Male,First,College,
28,500,,TRUE,Female,,College,Hispanic
30,394,,TRUE,Female,First,College,
30,208,,TRUE,Female,Second,College,
26,506,,TRUE,Male,First,College,
26,639,,TRUE,Female,First,College,Hispanic
19,101,,TRUE,Male,Second,College,
19,82,,TRUE,Male,Second,College,
18,467,,TRUE,Female,Second,College,Hispanic
19,158,,TRUE,Female,First,College,
19,42,,TRUE,Male,Second,College,
18,114,,TRUE,Male,First,College,
20,323,,TRUE,Female,First,College,
19,91,,TRUE,Female,First,College,
21,20,,TRUE,Female,Second,College,
21,143,,TRUE,Male,First,College,
20,529,,TRUE,Female,Fifth,College,
20,245,,TRUE,Female,Second,College,
28,498,,TRUE,Female,First,College,
29,659,,TRUE,Male,Second,College,
27,597,,TRUE,Male,First,College,
27,225,,TRUE,Male,First,College,
26,393,,TRUE,Female,First,College,
27,391,,TRUE,Female,Second,College,
26,210,,TRUE,Female,Second,College,
26,141,,TRUE,Male,First,College,
25,373,,TRUE,Male,First,College,
21,71,,TRUE,Male,First,College,
21,79,,TRUE,Male,Second,College,
24,119,,TRUE,Female,Second,College,
24,285,,TRUE,Female,First,College,
24,267,,TRUE,Female,Third,College,
25,139,,TRUE,Male,First,College,
25,565,,TRUE,Female,Second,College,
21,289,,TRUE,Male,First,College,
24,287,,TRUE,Female,First,College,
24,144,,TRUE,Male,Second,College,
24,219,,TRUE,Male,First,College,
23,284,,TRUE,Male,First,College,
23,21,,TRUE,Male,Second,College,
21,285,,TRUE,Male,First,College,
21,211,,TRUE,Male,Second,College,
23,199,,TRUE,Female,First,College,Hispanic
25,121,,TRUE,Female,First,College,
16,27,,TRUE,Female,First,College,
28,359,,TRUE,Male,Fourth,College,
17,56,,TRUE,Male,First,College,
18,252,,TRUE,Female,First,College,
16,115,,TRUE,Female,First,College,
18,181,,TRUE,Female,Third,College,
29,311,,TRUE,Female,First,College,
28,388,,TRUE,Male,Second,College,
28,551,,TRUE,Male,First,College,
27,459,,TRUE,Female,First,College,
27,530,,TRUE,Female,Second,College,
27,583,,TRUE,Male,First,College,
28,532,,TRUE,Female,First,College,
26,435,,TRUE,Male,First,College,
17,28,,TRUE,Female,Second,College,
27,601,,TRUE,Female,First,College,
19,283,,TRUE,Male,First,College,
26,143,,TRUE,Male,First,College,
26,452,,TRUE,Male,First,College,
26,178,,TRUE,Female,Third,College,
26,574,,TRUE,Female,First,College,
25,652,,TRUE,Female,Second,College,
25,363,,TRUE,Male,Second,College,
25,533,,TRUE,Female,Second,College,
25,184,,TRUE,Male,First,College,
18,374,,TRUE,Female,First,College,
27,484,,TRUE,Male,Second,College,
25,475,,TRUE,Female,First,College,
18,131,,TRUE,Male,Second,College,
18,120,,TRUE,Female,Third,College,
25,471,,TRUE,Male,First,College,
24,66,,TRUE,Female,First,College,
23,259,,TRUE,Female,First,College,
23,391,,TRUE,Female,Second,College,
23,531,,TRUE,Male,Third,College,
23,42,,TRUE,Female,First,College,
22,80,,TRUE,Female,First,College,
20,170,,TRUE,Female,First,College,
19,136,,TRUE,Female,First,College,
19,42,,TRUE,Male,First,College,
28,559,,TRUE,Female,Second,College,
30,641,,TRUE,Female,Second,College,
24,427,,TRUE,Male,First,College,
21,42,,TRUE,Female,Second,College,
22,320,,TRUE,Male,Second,College,
20,285,,TRUE,Male,First,College,
20,81,,TRUE,Male,Second,College,
20,167,,TRUE,Female,Second,College,
21,164,,TRUE,Female,Second,College,
29,460,,TRUE,Female,Second,College,
18,281,,TRUE,Female,Second,College,
30,629,,TRUE,Female,First,College,
30,482,,TRUE,Female,Second,College,
16,15,,TRUE,Male,First,College,
16,107,,TRUE,Male,First,College,
25,319,,TRUE,Male,Second,College,
20,78,,TRUE,Male,Second,College,
24,35,,TRUE,Male,First,College,
21,36,,TRUE,Male,Second,College,
21,117,,TRUE,Female,First,College,
25,201,,TRUE,Female,Fifth,College,
20,184,,TRUE,Male,Second,College,
29,614,,TRUE,Female,First,College,
17,89,,TRUE,Male,First,College,
17,74,,TRUE,Male,First,College,
17,88,,TRUE,Male,First,College,
16,10,,TRUE,Female,First,College,
16,90,,TRUE,Female,First,College,
17,57,,TRUE,Male,First,College,
18,118,,TRUE,Female,First,College,
17,28,,TRUE,Female,Second,College,
17,193,,TRUE,Female,Second,College,
16,21,,TRUE,Male,First,College,
19,140,,TRUE,Female,First,College,
19,382,,TRUE,Female,Second,College,
19,503,,TRUE,Female,First,College,
19,108,,TRUE,Male,Third,College,
20,156,,TRUE,Male,Second,College,
17,62,,TRUE,Male,Second,College,
17,58,,TRUE,Female,Third,College,
18,37,,TRUE,Female,Second,College,
17,16,,TRUE,Male,First,College,
24,108,,TRUE,Female,Third,College,
26,296,,TRUE,Male,First,College,
17,36,,TRUE,Male,First,College,
21,232,,TRUE,Female,Second,College,
20,11,,TRUE,Male,First,College,
23,189,,FALSE,Male,Second,College,
28,139,,TRUE,Male,Second,College,
18,118,,TRUE,Male,Second,College,
18,45,,TRUE,Male,First,College,
19,98,,TRUE,Female,First,College,
21,53,,TRUE,Male,Second,College,
21,203,,TRUE,Female,Second,College,
23,99,,TRUE,Female,First,College,
23,448,,TRUE,Female,First,College,
24,539,,TRUE,Male,First,College,
24,245,,TRUE,Male,Second,College,
25,57,,TRUE,Male,Second,College,
26,89,,TRUE,Female,Third,College,
26,581,,TRUE,Male,Third,College,
26,428,,TRUE,Female,Second,College,
26,382,,TRUE,Female,First,College,
27,396,,TRUE,Female,Second,College,
28,488,,TRUE,Male,First,College,
28,629,,TRUE,Female,First,College,
21,237,,TRUE,Male,First,College,
21,110,,TRUE,Male,Third,College,
22,400,,TRUE,Male,First,College,
22,226,,TRUE,Male,First,College,
23,290,,TRUE,Female,First,College,
24,160,,TRUE,Male,Second,College,
24,397,,TRUE,Female,Second,College,
25,360,,TRUE,Male,First,College,
24,264,,TRUE,Female,First,College,
27,678,,TRUE,Male,First,College,
27,651,,TRUE,Female,Second,College,
27,76,,TRUE,Female,Second,College,
27,494,,TRUE,Male,Second,College,
23,178,,TRUE,Female,First,College,
22,281,,TRUE,Male,First,College,
22,363,,TRUE,Female,First,College,
30,234,,TRUE,Male,First,College,
23,273,,TRUE,Male,First,College,
23,334,,TRUE,Female,First,College,
24,502,,TRUE,Male,First,College,
24,492,,TRUE,Female,Second,College,
24,623,,TRUE,Female,First,College,
23,307,,TRUE,Male,First,College,
21,432,,TRUE,Female,First,College,
26,378,,TRUE,Male,First,College,
19,144,,TRUE,Female,First,College,
19,71,,TRUE,Female,First,College,
26,459,,TRUE,Male,First,College,
18,98,,TRUE,Male,First,College,
22,600,,TRUE,Female,First,College,
20,141,,TRUE,Male,First,College,
26,449,,TRUE,Male,First,College,
23,54,,TRUE,Female,Second,College,
24,255,,TRUE,Male,First,College,
28,577,,TRUE,Male,Second,College,
18,41,,TRUE,Male,Second,College,
27,602,,TRUE,Female,First,College,
30,536,,TRUE,Female,Second,College,
28,543,,TRUE,Female,First,College,
27,531,,TRUE,Female,Second,College,
27,490,,TRUE,Female,Second,College,
29,480,,TRUE,Male,First,College,
26,442,,TRUE,Male,First,College,
25,494,,TRUE,Female,First,College,
24,176,,TRUE,Female,Second,College,
23,446,,TRUE,Female,Second,College,
24,371,,TRUE,Male,First,College,
22,81,,TRUE,Male,First,College,
20,47,,TRUE,Male,Third,College,
18,15,,TRUE,Female,Second,College,
18,52,,TRUE,Male,First,College,
17,43,,TRUE,Male,First,College,
25,366,,TRUE,Male,First,College,
16,50,,TRUE,Female,Second,College,
16,60,,TRUE,Female,First,College,
18,13,,TRUE,Male,First,College,
19,50,,TRUE,Female,First,College,
22,344,,TRUE,Male,Third,College,
24,262,,TRUE,Male,First,College,
24,193,,TRUE,Male,Second,College,
16,10,,TRUE,Male,Second,College,
16,42,,TRUE,Female,Second,College,
17,97,,TRUE,Female,First,College,
25,42,,TRUE,Male,Second,College,
24,57,,TRUE,Female,Second,College,
25,610,,TRUE,Female,Second,College,
28,461,,TRUE,Male,First,College,
25,619,,TRUE,Male,First,College,
19,65,,TRUE,Male,First,College,
17,21,,TRUE,Female,First,College,
18,44,,TRUE,Male,First,College,
21,96,,TRUE,Female,First,College,
22,361,,TRUE,Male,First,College,
22,465,,TRUE,Male,First,College,
26,303,,TRUE,Male,First,College,
26,444,,TRUE,Male,First,College,
28,416,,TRUE,Male,First,College,
28,578,,TRUE,Female,First,College,
29,520,,TRUE,Female,Second,College,
25,43,,TRUE,Male,Second,College,
25,300,,TRUE,Male,First,College,
28,416,,TRUE,Male,Second,College,
25,383,,TRUE,Female,First,College,
22,55,,TRUE,Female,Fourth,College,
22,289,,TRUE,Female,First,College,
22,295,,TRUE,Male,Second,College,
20,34,,TRUE,Male,Second,College,
19,50,,TRUE,Male,First,College,
19,26,,TRUE,Male,First,College,
22,131,,TRUE,Male,First,College,
27,648,,TRUE,Male,First,College,
24,308,,TRUE,Female,First,College,
19,306,,TRUE,Male,Third,College,
24,389,,TRUE,Female,Fourth,College,
24,517,,TRUE,Female,First,College,
25,390,,TRUE,Male,First,College,
29,483,,TRUE,Male,First,College,
24,504,,TRUE,Female,First,College,
18,98,,TRUE,Female,First,College,
28,17,,TRUE,Male,Second,College,
23,243,,TRUE,Female,Third,College,
29,237,,TRUE,Female,First,College,
26,186,,TRUE,Male,Second,College,
25,371,,TRUE,Female,First,College,
24,132,,TRUE,Male,Second,College,
24,197,,TRUE,Male,First,College,
24,317,,TRUE,Male,Second,College,
17,49,,TRUE,Male,Second,College,
17,15,,TRUE,Male,First,College,
16,67,,TRUE,Male,Third,College,
21,72,,TRUE,Male,First,College,
20,261,,TRUE,Female,Second,College,
18,36,,TRUE,Female,Second,College,
20,221,,TRUE,Female,First,College,
20,8,,TRUE,Male,Second,College,
21,188,,TRUE,Male,First,College,
21,98,,TRUE,Male,First,College,
16,294,,FALSE,Female,First,College,
16,51,,FALSE,Female,Second,College,
17,21,,FALSE,Female,First,College,
16,49,,FALSE,Female,First,College,
18,67,,FALSE,Male,First,College,
16,20,,FALSE,Male,First,College,
27,623,,FALSE,Male,First,College,
16,49,,FALSE,Female,Third,College,
18,127,,FALSE,Female,Third,College,
20,44,,FALSE,Female,Second,College,
18,87,,FALSE,Female,Second,College,
17,18,,FALSE,Female,Second,College,
17,45,,FALSE,Female,Third,College,
24,420,,FALSE,Female,Third,College,
19,89,,FALSE,Female,Third,College,
16,185,,FALSE,Male,First,College,
17,344,,FALSE,Male,First,College,
16,1,,FALSE,Male,First,College,
17,44,,FALSE,Male,First,College,
19,51,,FALSE,Male,First,College,
16,48,,FALSE,Female,First,College,
16,45,,FALSE,Male,First,College,
16,15,,FALSE,Female,Third,College,
16,82,,FALSE,Male,Second,College,
17,265,,FALSE,Male,First,College,
18,322,,FALSE,Male,First,College,
19,5,,FALSE,Female,Third,College,
16,1,,FALSE,Female,Third,College,
16,32,,FALSE,Female,Third,College,
16,101,,FALSE,Female,Second,College,
17,243,,FALSE,Male,First,College,
16,36,,FALSE,Female,Second,College,
16,24,,FALSE,Female,Third,College,
16,118,,FALSE,Male,First,College,
24,531,,FALSE,Male,First,College,
16,117,,FALSE,Female,First,College,
19,123,,FALSE,Female,First,College,
16,36,,FALSE,Male,Second,College,
18,75,,FALSE,Male,Second,College,
30,448,,FALSE,Female,Second,College,
16,21,,FALSE,Female,Second,College,
24,234,,FALSE,Male,First,College,
17,1,,FALSE,Male,First,College,
16,167,,FALSE,Male,Third,College,
30,646,,FALSE,Male,Third,College,
16,252,,FALSE,Female,Second,College,
16,17,,FALSE,Male,Second,College,
19,18,,FALSE,Male,Second,College,
17,46,,FALSE,Male,First,College,
18,50,,FALSE,Female,Second,College,
25,464,,FALSE,Female,Second,College,
19,77,,FALSE,Female,Second,College,
17,99,,FALSE,Female,First,College,
30,569,,FALSE,Male,First,College,
17,18,,FALSE,Male,First,College,
18,54,,FALSE,Female,First,College,
25,126,,FALSE,Female,Second,College,Hispanic
18,11,,FALSE,Female,Second,College,Hispanic
21,356,,FALSE,Female,First,College,
24,542,,FALSE,Female,First,College,
18,221,,FALSE,Female,First,College,
30,630,,FALSE,Female,First,College,
17,22,,FALSE,Male,Second,College,
25,139,,FALSE,Male,Second,College,
28,295,,FALSE,Male,Second,College,
18,6,,FALSE,Female,Seventh,College,
19,5,,FALSE,Female,Seventh,College,
23,24,,FALSE,Female,Seventh,College,
17,48,,FALSE,Male,Third,College,
18,88,,FALSE,Female,Second,College,
17,38,,FALSE,Female,Second,College,
17,118,,FALSE,Female,Second,College,
18,43,,FALSE,Female,First,College,
25,141,,FALSE,Female,Third,College,
18,33,,FALSE,Female,Third,College,
18,0,,FALSE,Male,Third,College,
26,224,,FALSE,Male,First,College,
18,16,,FALSE,Male,First,College,
19,223,,FALSE,Male,First,College,
19,478,,FALSE,Female,First,College,
18,45,,FALSE,Male,First,College,
18,28,,FALSE,Female,First,College,
18,59,,FALSE,Female,First,College,
18,90,,FALSE,Male,First,College,
19,44,,FALSE,Female,Third,College,
19,170,,FALSE,Male,First,College,
18,185,,FALSE,Male,Second,College,
24,352,,FALSE,Male,First,College,
18,91,,FALSE,Male,First,College,
18,159,,FALSE,Male,Fifth,College,
21,34,,FALSE,Male,First,College,
19,11,,FALSE,Male,First,College,
18,49,,FALSE,Male,First,College,
19,69,,FALSE,Female,Second,College,
18,183,,FALSE,Female,Second,College,
18,77,,FALSE,Female,First,College,
18,301,,FALSE,Female,Second,College,
18,250,,FALSE,Male,Second,College,
19,239,,FALSE,Female,First,College,
19,18,,TRUE,Female,First,College,
18,26,,FALSE,Male,Second,College,
19,280,,FALSE,Male,First,College,
19,109,,FALSE,Male,Third,College,
18,145,,FALSE,Female,First,College,
18,23,,TRUE,Male,First,College,
18,85,,FALSE,Male,First,College,
19,209,,FALSE,Female,Second,College,
20,29,,FALSE,Male,First,College,
19,73,,FALSE,Male,First,College,
19,18,,FALSE,Female,First,College,
26,295,,FALSE,Female,First,College,
20,261,,FALSE,Male,Third,College,
19,466,,FALSE,Female,First,College,
20,135,,FALSE,Male,First,College,
20,36,,FALSE,Male,First,College,
20,135,,FALSE,Female,First,College,
19,16,,FALSE,Male,First,College,
24,146,,FALSE,Male,First,College,
19,50,,TRUE,Male,Second,College,
21,77,,FALSE,Male,First,College,
28,300,,FALSE,Male,First,College,
21,291,,FALSE,Female,Second,College,
20,538,,FALSE,Female,Second,College,
21,77,,FALSE,Female,Second,College,
20,89,,FALSE,Male,First,College,
20,78,,FALSE,Female,First,College,Hispanic
20,63,,FALSE,Male,First,College,
21,372,,FALSE,Male,Second,College,
23,466,,FALSE,Male,First,College,
24,328,,FALSE,Male,Second,College,
24,551,,FALSE,Female,First,College,
24,520,,FALSE,Male,Second,College,
24,535,,FALSE,Female,First,College,
23,23,,FALSE,Female,Second,College,
24,124,,FALSE,Male,First,College,
24,442,,FALSE,Male,First,College,
25,469,,FALSE,Female,Second,College,
24,323,,FALSE,Male,Third,College,
24,122,,FALSE,Male,Second,College,
24,122,,FALSE,Female,First,College,
25,522,,FALSE,Female,First,College,
25,107,,FALSE,Male,Third,College,
24,120,,FALSE,Male,Second,College,
24,168,,FALSE,Female,Second,College,
24,202,,FALSE,Male,Second,College,
24,38,,FALSE,Male,First,College,
25,285,,FALSE,Male,Second,College,
25,449,,FALSE,Female,Second,College,
24,47,,FALSE,Male,Second,College,
25,382,,FALSE,Female,Second,College,
25,509,,FALSE,Male,First,College,
26,21,,FALSE,Male,First,College,
25,4,,FALSE,Female,Second,College,
25,45,,TRUE,Male,First,College,
25,221,,FALSE,Male,Second,College,
26,267,,FALSE,Male,First,College,
26,379,,FALSE,Male,First,College,
29,86,,FALSE,Female,First,College,Hispanic
28,599,,FALSE,Male,Second,College,
29,26,,FALSE,Female,First,College,Hispanic
29,388,,FALSE,Male,First,College,
25,415,,FALSE,Female,Second,College,
30,599,,FALSE,Female,Second,College,
19,131,,FALSE,Female,Second,College,
20,45,,FALSE,Male,First,College,
27,290,,FALSE,Male,First,College,
20,83,,FALSE,Female,Second,College,
25,352,,FALSE,Female,Second,College,
18,23,,FALSE,Male,First,College,
24,154,,FALSE,Male,First,College,
19,503,,FALSE,Female,Second,College,
24,647,,FALSE,Female,Second,College,
26,272,,FALSE,Male,First,College,
30,583,,FALSE,Male,First,College,
25,182,,FALSE,Male,First,College,
30,636,,FALSE,Male,First,College,
24,218,,FALSE,Female,First,College,
30,591,,FALSE,Female,First,College,
18,84,,FALSE,Female,First,College,
24,364,,FALSE,Female,First,College,
23,501,,FALSE,Female,Second,College,
19,66,,FALSE,Female,First,College,
25,548,,FALSE,Male,First,College,
25,72,,FALSE,Female,First,College,
20,11,,FALSE,Female,First,College,
25,379,,FALSE,Male,First,College,
20,191,,FALSE,Male,First,College,
20,384,,TRUE,Female,Second,College,
21,358,,FALSE,Female,First,College,
25,520,,FALSE,Female,First,College,
20,111,,FALSE,Male,Second,College,
25,381,,FALSE,Male,Second,College,
25,435,,FALSE,Male,Second,College,
25,331,,FALSE,Male,Second,College,
25,412,,FALSE,Male,Second,College,
24,362,,FALSE,Female,Second,College,
18,89,,FALSE,Female,Second,College,
30,555,,TRUE,Female,First,College,
18,176,,FALSE,Male,Second,College,
26,598,,FALSE,Male,Second,College,
30,634,,FALSE,Male,Second,College,
24,363,,FALSE,Male,Second,College,
18,50,,FALSE,Male,Second,College,
20,281,,FALSE,Male,First,College,
30,569,,FALSE,Male,First,College,
30,666,,FALSE,Female,First,College,
22,575,,FALSE,Female,First,College,
24,390,,FALSE,Male,First,College,
19,104,,FALSE,Male,First,College,
20,103,,FALSE,Female,Second,College,
26,455,,FALSE,Female,Second,College,
30,644,,FALSE,Female,First,College,
26,373,,FALSE,Female,First,College,
30,511,,FALSE,Female,Second,College,
24,138,,FALSE,Female,Second,College,
18,21,,FALSE,Female,Second,College,
24,586,,FALSE,Male,Second,College,
19,262,,FALSE,Male,Second,College,
25,558,,FALSE,Female,First,College,
19,257,,FALSE,Female,First,College,
25,604,,FALSE,Female,First,College,
19,59,,FALSE,Female,First,College,
30,646,,FALSE,Male,First,College,
18,77,,FALSE,Male,First,College,
26,453,,FALSE,Male,First,College,
18,218,,FALSE,Male,First,College,
19,133,,FALSE,Male,First,College,
25,563,,FALSE,Male,First,College,
25,369,,FALSE,Male,Second,College,
30,586,,FALSE,Male,Second,College,
19,85,,FALSE,Male,First,College,
25,199,,FALSE,Male,First,College,
21,148,,FALSE,Male,Second,College,
25,513,,FALSE,Male,First,College,
30,620,,FALSE,Male,First,College,
18,278,,FALSE,Male,First,College,
30,522,,FALSE,Female,First,College,
19,165,,FALSE,Female,First,College,
25,528,,FALSE,Female,First,College,
21,54,,FALSE,Male,Second,College,
26,110,,FALSE,Male,Second,College,
18,120,,FALSE,Female,First,College,
28,444,,FALSE,Female,First,College,
26,196,,FALSE,Male,First,College,
18,42,,FALSE,Male,First,College,
29,480,,FALSE,Male,First,College,
22,95,,FALSE,Male,First,College,
25,298,,FALSE,Male,First,College,
20,107,,FALSE,Male,First,College,
19,98,,FALSE,Female,First,College,
26,508,,FALSE,Female,First,College,
25,103,,FALSE,Male,First,College,
20,43,,FALSE,Male,First,College,
19,19,,FALSE,Male,First,College,
26,454,,FALSE,Female,First,College,
25,305,,FALSE,Female,First,College,
24,472,,FALSE,Female,First,College,
18,121,,FALSE,Female,First,College,
24,600,,FALSE,Female,First,College,
20,348,,FALSE,Female,First,College,
25,440,,FALSE,Female,First,College,
29,558,,FALSE,Male,Third,College,
25,569,,FALSE,Female,First,College,
25,115,,FALSE,Male,First,College,
24,657,,FALSE,Male,First,College,
20,413,,FALSE,Male,First,College,
25,273,,FALSE,Male,Second,College,
19,79,,FALSE,Male,First,College,
26,343,,FALSE,Male,First,College,
29,658,,FALSE,Female,First,College,
25,589,,FALSE,Female,First,College,
19,106,,FALSE,Female,Third,College,
24,346,,FALSE,Female,Third,College,
30,548,,FALSE,Female,Third,College,
27,646,,FALSE,Female,First,College,
19,383,,FALSE,Female,First,College,
25,517,,FALSE,Female,First,College,
19,216,,FALSE,Female,First,College,
29,530,,FALSE,Male,First,College,
18,244,,FALSE,Male,First,College,
24,269,,FALSE,Male,First,College,
22,17,,FALSE,Female,Third,College,
29,244,,FALSE,Female,Third,College,
18,5,,FALSE,Female,Third,College,
20,226,,FALSE,Female,Second,College,
25,508,,FALSE,Female,Second,College,
25,653,,FALSE,Female,First,College,
18,127,,FALSE,Female,First,College,
30,582,,FALSE,Female,First,College,
19,175,,TRUE,Female,First,College,
30,552,,FALSE,Female,First,College,
25,426,,FALSE,Female,First,College,
18,128,,FALSE,Male,First,College,
25,523,,FALSE,Male,First,College,
20,13,,FALSE,Male,Fourth,College,
24,25,,FALSE,Male,Fourth,College,
24,577,,FALSE,Male,Second,College,
29,655,,FALSE,Male,Second,College,
18,414,,FALSE,Male,Second,College,
19,286,,FALSE,Male,Second,College,
24,534,,FALSE,Male,Second,College,
25,346,,FALSE,Female,Second,College,
19,86,,FALSE,Female,Second,College,
30,588,,FALSE,Female,Second,College,
24,253,,FALSE,Male,Second,College,
24,291,,FALSE,Male,Second,College,
18,176,,FALSE,Female,Second,College,
25,460,,FALSE,Female,Second,College,
18,119,,FALSE,Female,First,College,
24,573,,FALSE,Female,First,College,
24,630,,FALSE,Male,Second,College,
19,76,,FALSE,Male,Second,College,
25,410,,FALSE,Female,Second,College,
25,413,,FALSE,Female,Third,College,
30,484,,FALSE,Male,First,College,
25,292,,FALSE,Male,First,College,
18,85,,FALSE,Male,First,College,
25,658,,FALSE,Female,Third,College,
25,450,,FALSE,Female,Second,College,
19,26,,FALSE,Female,Second,College,
18,21,,FALSE,Female,Second,College,
25,448,,FALSE,Female,Second,College,
30,401,,FALSE,Female,Second,College,
25,305,,FALSE,Female,First,College,
24,419,,FALSE,Female,First,College,
19,222,,FALSE,Female,First,College,
20,18,,FALSE,Female,Third,College,
24,54,,FALSE,Female,Third,College,
19,260,,FALSE,Male,Second,College,
24,573,,FALSE,Male,Second,College,
30,667,,FALSE,Male,Second,College,
19,320,,FALSE,Female,First,College,
24,546,,FALSE,Female,First,College,
26,607,,FALSE,Female,First,College,
30,627,,FALSE,Female,First,College,
25,545,,FALSE,Female,First,College,
20,82,,FALSE,Female,First,College,
25,354,,FALSE,Female,First,College,
24,68,,FALSE,Female,First,College,
19,147,,FALSE,Female,Second,College,
24,427,,FALSE,Female,Second,College,
19,40,,FALSE,Female,Second,College,
25,589,,FALSE,Female,Second,College,
18,56,,FALSE,Female,Second,College,
30,588,,FALSE,Female,Second,College,
25,329,,FALSE,Female,Second,College,
25,605,,FALSE,Male,First,College,
30,655,,FALSE,Male,First,College,
20,302,,FALSE,Male,First,College,
25,155,,FALSE,Male,Second,College,
26,389,,FALSE,Female,Second,College,
30,552,,FALSE,Female,Second,College,
24,10,,FALSE,Female,Second,College,
20,370,,FALSE,Male,Second,College,
21,47,,FALSE,Female,First,College,Hispanic
20,53,,FALSE,Female,Second,College,
26,370,,FALSE,Female,Second,College,
18,334,,FALSE,Female,Second,College,
24,556,,FALSE,Female,Second,College,
25,331,,FALSE,Female,Second,College,
27,396,,FALSE,Female,First,College,
25,430,,FALSE,Male,First,College,
18,98,,FALSE,Female,First,College,
26,520,,FALSE,Female,First,College,
24,135,,FALSE,Male,First,College,
19,229,,FALSE,Male,Second,College,
25,446,,FALSE,Male,Second,College,
22,125,,FALSE,Female,Second,College,
19,105,,FALSE,Male,Third,College,
30,570,,FALSE,Male,Third,College,
24,423,,FALSE,Male,Third,College,
30,611,,FALSE,Male,Second,College,
26,352,,FALSE,Male,Second,College,
19,300,,FALSE,Male,First,College,
24,204,,FALSE,Male,Second,College,
20,107,,FALSE,Male,Second,College,
25,152,,FALSE,Male,Second,College,
25,40,,FALSE,Male,Second,College,
25,257,,FALSE,Male,First,College,
20,23,,FALSE,Male,First,College,
18,150,,FALSE,Male,First,College,
24,381,,FALSE,Male,First,College,
25,298,,FALSE,Male,Second,College,
24,545,,FALSE,Male,First,College,
19,104,,FALSE,Female,First,College,
24,380,,FALSE,Female,First,College,
19,51,,FALSE,Male,First,College,Hispanic
19,253,,FALSE,Female,First,College,
24,564,,FALSE,Female,First,College,
26,172,,FALSE,Male,First,College,
25,495,,TRUE,Female,First,College,
25,379,,FALSE,Female,Second,College,
25,349,,FALSE,Male,Second,College,
30,597,,FALSE,Male,Second,College,
25,355,,FALSE,Male,First,College,
19,184,,FALSE,Female,First,College,
30,627,,FALSE,Female,First,College,
24,474,,FALSE,Female,First,College,
30,519,,FALSE,Female,Third,College,
23,260,,FALSE,Female,Third,College,
26,590,,FALSE,Female,First,College,
23,244,,FALSE,Female,First,College,
18,73,,FALSE,Female,First,College,
30,631,,FALSE,Female,First,College,
20,104,,FALSE,Female,Third,College,
30,553,,FALSE,Female,Third,College,
24,329,,FALSE,Female,Third,College,
25,414,,FALSE,Female,Third,College,
25,486,,FALSE,Female,First,College,
25,161,,FALSE,Male,First,College,
21,192,,FALSE,Male,First,College,
24,267,,FALSE,Male,First,College,
19,177,,FALSE,Female,Third,College,
24,425,,FALSE,Female,Third,College,
22,307,,FALSE,Male,First,College,
30,651,,FALSE,Male,First,College,
25,391,,FALSE,Male,Third,College,
19,82,,FALSE,Male,Third,College,
18,27,,FALSE,Male,First,College,
24,213,,FALSE,Male,First,College,
19,359,,FALSE,Female,First,College,
26,647,,FALSE,Female,First,College,
25,136,,FALSE,Female,First,College,
19,64,,FALSE,Female,First,College,
26,133,,FALSE,Male,First,College,
25,248,,FALSE,Female,Second,College,
20,79,,FALSE,Female,Second,College,
27,660,,FALSE,Male,First,College,
18,7,,FALSE,Female,First,College,
24,76,,FALSE,Female,First,College,
25,127,,FALSE,Male,Second,College,
19,75,,FALSE,Male,Second,College,
25,402,,FALSE,Male,Second,College,
30,531,,FALSE,Male,First,College,
19,75,,FALSE,Male,First,College,
25,421,,FALSE,Male,First,College,
29,242,,FALSE,Male,Third,College,Hispanic
26,34,,FALSE,Male,Fourth,College,Hispanic
23,323,,FALSE,Female,First,College,
28,611,,FALSE,Female,First,College,
25,371,,FALSE,Male,First,College,
26,324,,FALSE,Female,First,College,
24,116,,FALSE,Female,Second,College,Hispanic
18,25,,FALSE,Male,First,College,Hispanic
30,17,,FALSE,Female,Second,College,Hispanic
25,25,,FALSE,Female,Second,College,Hispanic
21,25,,FALSE,Female,Second,College,
29,188,,FALSE,Female,First,College,Hispanic
24,105,,FALSE,Male,First,College,
17,53,,FALSE,Male,First,College,
28,334,,FALSE,Male,First,College,
30,145,,FALSE,Female,Second,College,
29,405,,FALSE,Male,Second,College,Hispanic
24,131,,FALSE,Male,Second,College,Hispanic
24,82,,FALSE,Male,First,College,Hispanic
25,2,,FALSE,Female,Second,College,Hispanic
19,18,,FALSE,Female,Second,College,
28,680,,FALSE,Female,Second,College,
25,392,,FALSE,Female,First,College,
19,98,,FALSE,Female,Second,College,
25,371,,FALSE,Female,Second,College,
19,30,,FALSE,Male,First,College,Hispanic
30,367,,FALSE,Male,Second,College,
24,136,,FALSE,Male,Second,College,
21,18,,FALSE,Male,Second,College,
26,24,,FALSE,Male,Second,College,Hispanic
25,127,,FALSE,Female,First,College,Hispanic
26,28,,FALSE,Female,Fifth,College,Hispanic
21,32,,FALSE,Female,First,College,
30,396,,FALSE,Female,First,College,
25,163,,FALSE,Female,First,College,
23,0,,FALSE,Male,First,College,
26,552,,FALSE,Female,First,College,
26,272,,FALSE,Male,Second,College,
22,351,,FALSE,Male,First,College,
25,546,,FALSE,Male,Second,College,
24,485,,FALSE,Female,First,College,
25,127,,FALSE,Female,Second,College,
24,562,,FALSE,Male,Second,College,
25,273,,FALSE,Male,First,College,
25,489,,FALSE,Male,Second,College,
25,389,,FALSE,Female,Third,College,
24,428,,FALSE,Male,First,College,
24,385,,FALSE,Female,First,College,
24,319,,FALSE,Female,First,College,
26,157,,FALSE,Female,First,College,
24,114,,FALSE,Female,Third,College,
24,105,,FALSE,Male,Second,College,
25,293,,FALSE,Male,Second,College,
23,262,,FALSE,Female,First,College,
25,486,,FALSE,Male,First,College,
25,441,,FALSE,Male,First,College,
24,242,,FALSE,Male,Second,College,
24,217,,FALSE,Female,Third,College,
24,105,,FALSE,Female,Fourth,College,
24,367,,FALSE,Female,Second,College,
23,439,,FALSE,Female,Second,College,
22,233,,FALSE,Female,First,College,
25,402,,FALSE,Female,Second,College,
20,81,,FALSE,Male,First,College,
25,143,,FALSE,Male,Third,College,
30,476,,FALSE,Male,Second,College,
23,111,,FALSE,Male,Second,College,
23,72,,FALSE,Male,First,College,
30,147,,FALSE,Male,First,College,
23,266,,FALSE,Male,First,College,
30,425,,FALSE,Male,First,College,
24,54,,FALSE,Male,First,College,
30,615,,FALSE,Female,First,College,
23,406,,FALSE,Female,First,College,
22,11,,FALSE,Female,First,College,
30,441,,FALSE,Male,Second,College,
23,87,,FALSE,Male,Second,College,
24,68,,FALSE,Male,Second,College,
23,53,,FALSE,Male,Second,College,
30,231,,FALSE,Male,Second,College,
25,83,,FALSE,Male,First,College,
23,274,,FALSE,Male,First,College,
30,567,,FALSE,Female,First,College,
22,351,,FALSE,Female,First,College,
23,37,,FALSE,Male,First,College,
29,88,,FALSE,Male,First,College,
29,567,,FALSE,Female,First,College,
23,421,,FALSE,Female,First,College,
28,308,,FALSE,Male,First,College,
21,90,,FALSE,Male,First,College,
28,398,,FALSE,Female,Second,College,
23,354,,FALSE,Female,Second,College,
30,404,,FALSE,Male,Third,College,
25,57,,FALSE,Male,,College,Hispanic
30,198,,FALSE,Male,,College,Hispanic
22,66,,FALSE,Male,,College,Hispanic
25,462,,FALSE,Male,,College,Non-Hispanic
22,175,,FALSE,Male,,College,Non-Hispanic
22,99,,FALSE,Female,,College,Non-Hispanic
25,238,,FALSE,Female,,College,Non-Hispanic
30,645,,FALSE,Male,,College,Hispanic
30,411,,FALSE,Male,,College,Hispanic
30,57,,FALSE,Male,,College,Hispanic
30,191,,FALSE,Male,,College,Hispanic
30,382,,FALSE,Female,,College,Hispanic
30,336,,FALSE,Male,,College,Hispanic
30,188,,FALSE,Male,,College,Hispanic
29,459,,FALSE,Female,,College,Hispanic
30,59,,FALSE,Female,,College,Hispanic
30,383,,FALSE,Female,,College,Hispanic
30,388,,FALSE,Female,,College,Hispanic
30,462,,FALSE,Female,,College,Hispanic
29,536,,FALSE,Female,,College,Non-Hispanic
30,431,,FALSE,Female,,College,Hispanic
30,25,,FALSE,Female,,College,Hispanic
30,346,,FALSE,Female,,College,Hispanic
30,68,,FALSE,Female,,College,Hispanic
30,23,,FALSE,Female,,College,Hispanic
29,401,,FALSE,Female,,College,Hispanic
29,301,,FALSE,Male,,College,Hispanic
30,89,,FALSE,Female,,College,Hispanic
29,46,,FALSE,Female,,College,Hispanic
30,102,,FALSE,Male,,College,Hispanic
30,573,,FALSE,Female,,College,Hispanic
30,151,,FALSE,Female,,College,Hispanic
30,132,,FALSE,Male,,College,Hispanic
30,66,,FALSE,Male,,College,Hispanic
30,656,,FALSE,Male,,College,Non-Hispanic
30,647,,FALSE,Female,,College,Non-Hispanic
30,310,,FALSE,Male,,College,Hispanic
30,371,,FALSE,Female,,College,Non-Hispanic
30,680,,FALSE,Male,,College,
28,680,,FALSE,Male,,College,
24,680,,FALSE,Male,,College,
30,680,,FALSE,Male,,College,Hispanic
17,656,,FALSE,Female,,College,
23,12,,FALSE,Female,,College,
23,13,,FALSE,Male,,College,
18,8,,FALSE,Male,,College,
24,3,,FALSE,Male,,College,
19,1,,FALSE,Male,,College,
18,2,,FALSE,Male,,College,
24,9,,FALSE,Male,,College,
18,10,,FALSE,Male,,College,
24,13,,FALSE,Female,,College,
17,5,,FALSE,Female,,College,
24,15,,FALSE,Male,,College,
18,3,,FALSE,Male,,College,
18,7,,FALSE,Male,,College,
23,385,,FALSE,Male,,College,
23,406,,FALSE,Female,,College,
17,1,,FALSE,Female,,College,
23,5,,FALSE,Female,,College,
24,13,,FALSE,Female,,College,
18,10,,FALSE,Female,,College,
24,4,,FALSE,Female,,College,
17,641,,FALSE,Female,,College,
23,0,,FALSE,Female,,College,
17,0,,FALSE,Female,,College,
17,19,,FALSE,Male,,College,
24,30,,FALSE,Male,,College,
23,1,,FALSE,Male,,College,
17,1,,FALSE,Male,,College,
23,23,,FALSE,Female,,College,
18,11,,FALSE,Female,,College,
24,8,,FALSE,Female,,College,
17,0,,FALSE,Female,,College,
17,6,,FALSE,Female,,College,
23,5,,FALSE,Female,,College,
24,22,,FALSE,Male,,College,
18,4,,FALSE,Male,,College,
24,11,,FALSE,Male,,College,
23,34,,FALSE,Male,,College,
17,10,,FALSE,Male,,College,
24,55,,FALSE,Female,,College,
17,0,,FALSE,Female,,College,
17,5,,FALSE,Female,,College,
23,9,,FALSE,Female,,College,
23,2,,FALSE,Male,,College,
18,454,,FALSE,Female,,College,
24,35,,FALSE,Female,,College,
27,86,,FALSE,Male,,College,
18,24,,FALSE,Male,,College,
23,5,,FALSE,Male,,College,
17,680,,FALSE,Male,,College,
23,210,,FALSE,Male,,College,
19,6,,FALSE,Male,,College,
17,41,,FALSE,Male,,College,
23,177,,FALSE,Male,,College,
18,43,,FALSE,Male,,College,
18,53,,FALSE,Male,,College,
24,382,,FALSE,Male,,College,
19,483,,FALSE,Female,,College,
23,381,,FALSE,Female,,College,
23,92,,FALSE,Male,,College,
18,30,,FALSE,Male,,College,
23,472,,FALSE,Male,,College,
17,149,,FALSE,Male,,College,
17,16,,FALSE,Female,,College,
23,240,,FALSE,Female,,College,
17,20,,FALSE,Female,,College,
23,237,,FALSE,Female,,College,
17,10,,FALSE,Male,,College,
23,79,,FALSE,Male,,College,
23,43,,FALSE,Male,,College,
17,0,,FALSE,Male,,College,
17,13,,FALSE,Female,,College,Hispanic
24,32,,FALSE,Female,,College,Hispanic
24,350,,FALSE,Female,,College,
18,34,,FALSE,Female,,College,
18,14,,FALSE,Male,,College,
24,171,,FALSE,Male,,College,
17,1,,FALSE,Male,,College,
23,87,,FALSE,Male,,College,
17,18,,FALSE,Female,,College,
23,78,,FALSE,Female,,College,
18,76,,FALSE,Female,,College,
24,302,,FALSE,Female,,College,
17,55,,FALSE,Male,,College,
23,284,,FALSE,Male,,College,
24,465,,FALSE,Female,,College,
18,97,,FALSE,Female,,College,
17,71,,FALSE,Male,,College,
23,560,,FALSE,Male,,College,
24,297,,FALSE,Female,,College,
17,57,,FALSE,Female,,College,
17,63,,FALSE,Male,,College,
25,212,,TRUE,Female,,College,Non-Hispanic
21,25,,TRUE,Female,,College,Non-Hispanic
18,44,,TRUE,Female,,College,Hispanic
27,124,,TRUE,Female,,College,Non-Hispanic
22,29,,TRUE,Female,,College,Non-Hispanic
28,192,,TRUE,Female,,College,Non-Hispanic
21,60,,TRUE,Female,,College,Non-Hispanic
20,53,,TRUE,Female,,College,Non-Hispanic
20,185,,TRUE,Male,,College,Non-Hispanic
27,35,,TRUE,Male,,College,Non-Hispanic
26,9,,TRUE,Female,,College,Non-Hispanic
26,117,,TRUE,Female,,College,Non-Hispanic
20,109,,TRUE,Male,,College,Non-Hispanic
23,181,,TRUE,Female,,College,Non-Hispanic
29,9,,TRUE,Male,,College,Non-Hispanic
20,31,,TRUE,Male,,College,Non-Hispanic
17,18,,TRUE,Female,,College,Non-Hispanic
26,19,,TRUE,Male,,College,Non-Hispanic
18,5,,TRUE,Male,,College,Non-Hispanic
20,26,,TRUE,Male,,College,Non-Hispanic
18,31,,TRUE,Female,,College,Non-Hispanic
19,36,,TRUE,Female,,College,Non-Hispanic
19,18,,TRUE,Male,,College,Non-Hispanic
26,52,,TRUE,Male,,College,Non-Hispanic
19,65,,TRUE,Male,,College,Non-Hispanic
19,8,,TRUE,Male,,College,Non-Hispanic
16,4,,TRUE,Male,,College,Non-Hispanic
19,202,,TRUE,Female,,College,Non-Hispanic
24,26,,TRUE,Male,,College,Non-Hispanic
22,95,,TRUE,Male,,College,Non-Hispanic
25,108,,TRUE,Male,,College,Non-Hispanic
25,182,,TRUE,Male,,College,Non-Hispanic
20,50,,TRUE,Female,,College,Non-Hispanic
19,106,,TRUE,Male,,College,Non-Hispanic
19,18,,TRUE,Male,,College,Non-Hispanic
18,113,,TRUE,Female,,College,Non-Hispanic
17,11,,TRUE,Female,,College,Non-Hispanic
17,108,,TRUE,Female,,College,Non-Hispanic
18,2,,TRUE,Male,,College,Non-Hispanic
18,7,,TRUE,Male,,College,Non-Hispanic
18,45,,TRUE,Female,,College,Non-Hispanic
18,32,,TRUE,Female,,College,Non-Hispanic
18,29,,TRUE,Female,,College,Non-Hispanic
18,22,,TRUE,Female,,College,Non-Hispanic
18,3,,TRUE,Female,,College,Non-Hispanic
18,3,,TRUE,Female,,College,Non-Hispanic
17,3,,TRUE,Male,,College,Non-Hispanic
16,18,,TRUE,Female,,College,Non-Hispanic
17,64,,TRUE,Female,,College,Non-Hispanic
18,38,,TRUE,Female,,College,Non-Hispanic
18,122,,TRUE,Male,,College,Non-Hispanic
22,95,,TRUE,Male,,College,Non-Hispanic
17,17,,TRUE,Male,,College,Non-Hispanic
18,21,,TRUE,Male,,College,Non-Hispanic
17,7,,TRUE,Male,,College,Non-Hispanic
17,33,,TRUE,Male,,College,Non-Hispanic
24,198,,TRUE,Male,,College,Non-Hispanic
19,34,,TRUE,Male,,College,Non-Hispanic
19,28,,TRUE,Male,,College,Non-Hispanic
23,29,,TRUE,Male,,College,Non-Hispanic
21,39,,TRUE,Male,,College,Non-Hispanic
23,6,,TRUE,Male,,College,Non-Hispanic
23,4,,TRUE,Male,,College,Non-Hispanic
18,9,,TRUE,Female,,College,Non-Hispanic
17,62,,TRUE,Male,,College,Non-Hispanic
25,31,,TRUE,Female,,College,Non-Hispanic
18,82,,TRUE,Male,,College,Non-Hispanic
17,78,,TRUE,Female,,College,Hispanic
18,89,,TRUE,Male,,College,Non-Hispanic
17,21,,TRUE,Female,,College,Non-Hispanic
17,15,,TRUE,Male,,College,Non-Hispanic
18,6,,TRUE,Female,,College,Non-Hispanic
19,48,,TRUE,Female,,College,Non-Hispanic
16,15,,TRUE,Female,,College,Non-Hispanic
20,32,,TRUE,Female,,College,Non-Hispanic
28,65,,TRUE,Male,,College,Non-Hispanic
17,14,,TRUE,Female,,College,Non-Hispanic
20,32,,TRUE,Male,,College,Non-Hispanic
16,31,,TRUE,Male,,College,Non-Hispanic
18,20,,TRUE,Male,,College,Non-Hispanic
16,33,,TRUE,Female,,College,Non-Hispanic
16,11,,TRUE,Female,,College,Non-Hispanic
16,7,,TRUE,Male,,College,Non-Hispanic
16,8,,TRUE,Male,,College,Non-Hispanic
18,35,,TRUE,Male,,College,Non-Hispanic
16,12,,TRUE,Male,,College,Non-Hispanic
16,16,,TRUE,Female,,College,Non-Hispanic
16,9,,TRUE,Female,,College,Non-Hispanic
16,11,,TRUE,Male,,College,Non-Hispanic
16,11,,TRUE,Male,,College,Non-Hispanic
16,33,,TRUE,Female,,College,Non-Hispanic
23,48,,TRUE,Male,,College,Non-Hispanic
22,45,,TRUE,Female,,College,Non-Hispanic
17,33,,TRUE,Female,,College,Non-Hispanic
16,177,,TRUE,Female,,College,Non-Hispanic
16,105,,TRUE,Female,,College,Non-Hispanic
16,17,,TRUE,Female,,College,Non-Hispanic
27,265,,TRUE,Male,,College,Non-Hispanic
16,8,,TRUE,Female,,College,Non-Hispanic
17,11,,TRUE,Female,,College,Non-Hispanic
18,100,,TRUE,Female,,College,Non-Hispanic
17,38,,TRUE,Female,,College,Non-Hispanic
30,192,,TRUE,Male,,College,Hispanic
29,40,,TRUE,Male,,College,Non-Hispanic
17,127,,TRUE,Male,,College,Non-Hispanic
17,21,,TRUE,Male,,College,Non-Hispanic
29,11,,TRUE,Male,,College,Non-Hispanic
23,29,,TRUE,Male,,College,Non-Hispanic
18,17,,TRUE,Male,,College,Non-Hispanic
26,396,,TRUE,Female,,College,Non-Hispanic
24,222,,TRUE,Male,,College,Non-Hispanic
24,83,,TRUE,Male,,College,Non-Hispanic
22,44,,TRUE,Female,,College,Non-Hispanic
17,8,,TRUE,Female,,College,Hispanic
24,50,,TRUE,Male,,College,Non-Hispanic
24,11,,TRUE,Male,,College,Non-Hispanic
18,11,,TRUE,Female,,College,Non-Hispanic
16,8,,TRUE,Female,,College,Non-Hispanic
17,10,,TRUE,Female,,College,Non-Hispanic
17,20,,TRUE,Male,,College,Non-Hispanic
24,146,,TRUE,Male,,College,Non-Hispanic
17,142,,TRUE,Male,,College,Non-Hispanic
16,12,,TRUE,Male,,College,Hispanic
27,10,,TRUE,Male,,College,Hispanic
23,438,,TRUE,Male,,College,Hispanic
17,114,,TRUE,Female,,College,Non-Hispanic
20,18,,TRUE,Male,,College,Non-Hispanic
17,2,,TRUE,Male,,College,Non-Hispanic
24,100,,TRUE,Female,,College,Non-Hispanic
17,66,,TRUE,Female,,College,Non-Hispanic
17,21,,TRUE,Male,,College,Non-Hispanic
23,75,,TRUE,Male,,College,Non-Hispanic
25,29,,TRUE,Male,,College,Non-Hispanic
20,2,,TRUE,Male,,College,Non-Hispanic
21,112,,TRUE,Female,,College,Non-Hispanic
27,255,,TRUE,Male,,College,Non-Hispanic
22,23,,TRUE,Male,,College,Non-Hispanic
19,4,,TRUE,Female,,College,Non-Hispanic
30,13,,TRUE,Male,,College,Non-Hispanic
23,64,,TRUE,Female,,College,Non-Hispanic
20,70,,TRUE,Female,,College,Non-Hispanic
24,43,,TRUE,Male,,College,Non-Hispanic
29,225,,TRUE,Male,,College,Non-Hispanic
21,75,,TRUE,Female,,College,Non-Hispanic
28,151,,TRUE,Male,,College,Non-Hispanic
22,52,,TRUE,Female,,College,Non-Hispanic
22,15,,TRUE,Female,,College,Non-Hispanic
21,14,,TRUE,Female,,College,Non-Hispanic
24,6,,TRUE,Male,,College,Hispanic
24,77,,TRUE,Male,,College,Non-Hispanic
18,14,,TRUE,Female,,College,Non-Hispanic
25,219,,TRUE,Female,,College,Non-Hispanic
18,19,,TRUE,Male,,College,Non-Hispanic
16,26,,TRUE,Female,,College,Non-Hispanic
16,116,,TRUE,Female,,College,Non-Hispanic
27,59,,TRUE,Female,,College,Non-Hispanic
26,95,,TRUE,Male,,College,Non-Hispanic
23,8,,TRUE,Female,,College,Non-Hispanic
17,13,,TRUE,Male,,College,Non-Hispanic
22,15,,TRUE,Female,,College,Non-Hispanic
17,15,,TRUE,Female,,College,Non-Hispanic
21,80,,TRUE,Female,,College,Non-Hispanic
22,43,,TRUE,Female,,College,Non-Hispanic
16,107,,TRUE,Female,,College,Non-Hispanic
18,40,,TRUE,Female,,College,Non-Hispanic
21,25,,TRUE,Male,,College,Non-Hispanic
17,108,,TRUE,Female,,College,Non-Hispanic
28,627,,TRUE,Female,,College,Non-Hispanic
18,34,,TRUE,Female,,College,Non-Hispanic
27,220,,TRUE,Male,,College,Non-Hispanic
20,105,,TRUE,Female,,College,Non-Hispanic
20,1,,TRUE,Male,,College,Non-Hispanic
30,497,,TRUE,Male,,College,Non-Hispanic
23,49,,TRUE,Male,,College,Non-Hispanic
30,452,,TRUE,Female,,College,Non-Hispanic
18,67,,TRUE,Female,,College,Non-Hispanic
18,8,,TRUE,Female,,College,Non-Hispanic
18,32,,TRUE,Female,,College,Non-Hispanic
30,394,,TRUE,Male,,College,Hispanic
24,21,,TRUE,Male,,College,Non-Hispanic
16,421,,TRUE,Male,,College,Non-Hispanic
21,118,,TRUE,Female,,College,Non-Hispanic
26,394,,TRUE,Female,,College,Non-Hispanic
21,34,,TRUE,Female,,College,Non-Hispanic
20,187,,TRUE,Male,,College,Non-Hispanic
21,137,,TRUE,Male,,College,Non-Hispanic
25,252,,TRUE,Male,,College,Non-Hispanic
20,221,,TRUE,Male,,College,Non-Hispanic
27,71,,TRUE,Male,,College,Non-Hispanic
27,91,,TRUE,Male,,College,Hispanic
24,444,,TRUE,Male,,College,Non-Hispanic
20,234,,TRUE,Female,,College,Non-Hispanic
22,162,,TRUE,Male,,College,Non-Hispanic
22,168,,TRUE,Female,,College,Non-Hispanic
22,68,,TRUE,Male,,College,Non-Hispanic
25,148,,TRUE,Male,,College,Non-Hispanic
26,76,,TRUE,Male,,College,Non-Hispanic
29,649,,TRUE,Female,,College,Non-Hispanic
21,354,,TRUE,Male,,College,Non-Hispanic
25,565,,TRUE,Male,,College,Non-Hispanic
25,629,,TRUE,Male,,College,Non-Hispanic
24,114,,TRUE,Male,,College,Non-Hispanic
29,544,,TRUE,Male,,College,Non-Hispanic
29,372,,TRUE,Female,,College,Hispanic
27,227,,TRUE,Female,,College,Non-Hispanic
29,558,,TRUE,Male,,College,Non-Hispanic
28,148,,TRUE,Male,,College,Non-Hispanic
25,135,,TRUE,Female,,College,Non-Hispanic
22,445,,TRUE,Male,,College,Non-Hispanic
24,84,,TRUE,Male,,College,Non-Hispanic
25,174,,TRUE,Male,,College,Non-Hispanic
20,122,,TRUE,Male,,College,Non-Hispanic
28,482,,TRUE,Male,,College,Non-Hispanic
27,131,,TRUE,Female,,College,Non-Hispanic
19,352,,TRUE,Female,,College,Non-Hispanic
19,49,,TRUE,Male,,College,Non-Hispanic
29,117,,TRUE,Male,,College,Non-Hispanic
28,144,,TRUE,Female,,College,Non-Hispanic
26,105,,TRUE,Female,,College,Non-Hispanic
30,631,,TRUE,Male,,College,Non-Hispanic
26,119,,TRUE,Female,,College,Non-Hispanic
23,616,,TRUE,Male,,College,Non-Hispanic
27,492,,TRUE,Female,,College,Non-Hispanic
18,122,,TRUE,Male,,College,Hispanic
20,65,,TRUE,Female,,College,Non-Hispanic
21,310,,TRUE,Male,,College,Non-Hispanic
25,345,,TRUE,Female,,College,Non-Hispanic
25,457,,TRUE,Male,,College,Hispanic
29,198,,TRUE,Female,,College,Non-Hispanic
26,92,,TRUE,Female,,College,Non-Hispanic
30,671,,TRUE,Male,,College,Non-Hispanic
24,209,,TRUE,Female,,College,Non-Hispanic
28,416,,TRUE,Female,,College,Non-Hispanic
23,128,,TRUE,Male,,College,Non-Hispanic
22,173,,TRUE,Female,,College,Non-Hispanic
24,317,,TRUE,Female,,College,Non-Hispanic
23,387,,TRUE,Male,,College,Non-Hispanic
29,86,,TRUE,Female,,College,Non-Hispanic
26,265,,TRUE,Female,,College,Non-Hispanic
22,355,,TRUE,Male,,College,Non-Hispanic
28,624,,TRUE,Female,,College,Non-Hispanic
24,650,,TRUE,Female,,College,Non-Hispanic
23,107,,TRUE,Male,,College,Non-Hispanic
30,164,,TRUE,Female,,College,Non-Hispanic
30,96,,TRUE,Male,,College,Hispanic
28,144,,TRUE,Male,,College,Non-Hispanic
21,117,,TRUE,Female,,College,Non-Hispanic
29,405,,TRUE,Male,,College,Non-Hispanic
26,502,,TRUE,Female,,College,Hispanic
24,514,,TRUE,Female,,College,Non-Hispanic
30,602,,TRUE,Male,,College,Non-Hispanic
27,318,,TRUE,Female,,College,Non-Hispanic
29,624,,TRUE,Male,,College,Non-Hispanic
22,142,,TRUE,Female,,College,Non-Hispanic
19,242,,TRUE,Male,,College,Non-Hispanic
28,448,,TRUE,Male,,College,Non-Hispanic
21,111,,TRUE,Female,,College,Non-Hispanic
20,257,,TRUE,Female,,College,Non-Hispanic
25,98,,TRUE,Male,,College,Non-Hispanic
26,400,,TRUE,Male,,College,Non-Hispanic
19,35,,TRUE,Male,,College,Non-Hispanic
27,480,,TRUE,Male,,College,Non-Hispanic
27,262,,TRUE,Female,,College,Non-Hispanic
30,131,,TRUE,Male,,College,Non-Hispanic
17,55,,TRUE,Female,,College,Non-Hispanic
21,66,,TRUE,Male,,College,Non-Hispanic
29,371,,TRUE,Female,,College,Non-Hispanic
25,528,,TRUE,Male,,College,Non-Hispanic
21,36,,TRUE,Male,,College,Non-Hispanic
30,657,,TRUE,Male,,College,Non-Hispanic
20,68,,TRUE,Male,,College,Non-Hispanic
28,177,,TRUE,Male,,College,Non-Hispanic
26,34,,TRUE,Male,,College,Non-Hispanic
30,480,,TRUE,Male,,College,Non-Hispanic
28,514,,TRUE,Female,,College,Non-Hispanic
24,291,,TRUE,Female,,College,Non-Hispanic
27,617,,TRUE,Female,,College,Non-Hispanic
22,49,,TRUE,Male,,College,Non-Hispanic
19,34,,TRUE,Female,,College,Non-Hispanic
28,0,,TRUE,Female,,College,Non-Hispanic
25,186,,TRUE,Female,,College,Non-Hispanic
27,532,,TRUE,Female,,College,Non-Hispanic
24,317,,TRUE,Male,,College,Non-Hispanic
24,336,,TRUE,Male,,College,Non-Hispanic
30,441,,TRUE,Female,,College,Non-Hispanic
28,652,,TRUE,Female,,College,Non-Hispanic
30,676,,TRUE,Male,,College,Non-Hispanic
20,157,,TRUE,Male,,College,Hispanic
23,196,,TRUE,Female,,College,Non-Hispanic
29,292,,TRUE,Female,,College,Non-Hispanic
24,65,,TRUE,Male,,College,Hispanic
21,208,,TRUE,Male,,College,Non-Hispanic
30,517,,TRUE,Male,,College,Non-Hispanic
22,87,,TRUE,Female,,College,Non-Hispanic
19,91,,TRUE,Female,,College,Non-Hispanic
22,234,,TRUE,Male,,College,Non-Hispanic
25,324,,TRUE,Male,,College,Non-Hispanic
23,64,,TRUE,Male,,College,Non-Hispanic
23,300,,TRUE,Female,,College,Non-Hispanic
24,121,,TRUE,Male,,College,Non-Hispanic
27,521,,TRUE,Female,,College,Non-Hispanic
24,431,,TRUE,Male,,College,Non-Hispanic
25,210,,TRUE,Male,,College,Non-Hispanic
28,588,,TRUE,Male,,College,Non-Hispanic
24,484,,TRUE,Female,,College,Non-Hispanic
24,262,,TRUE,Male,,College,Non-Hispanic
25,439,,TRUE,Female,,College,Non-Hispanic
24,424,,TRUE,Female,,College,Non-Hispanic
30,543,,TRUE,Male,,College,Non-Hispanic
26,27,,TRUE,Male,,College,Non-Hispanic
25,224,,TRUE,Male,,College,Non-Hispanic
27,413,,TRUE,Female,,College,Non-Hispanic
26,516,,TRUE,Female,,College,Non-Hispanic
24,433,,TRUE,Female,,College,Non-Hispanic
29,53,,TRUE,Male,,College,Non-Hispanic
27,552,,TRUE,Male,,College,Non-Hispanic
29,143,,TRUE,Male,,College,Non-Hispanic
20,24,,TRUE,Male,,College,Non-Hispanic
26,589,,TRUE,Female,,College,Non-Hispanic
19,259,,TRUE,Male,,College,Non-Hispanic
18,209,,TRUE,Male,,College,Non-Hispanic
24,128,,TRUE,Female,,College,Non-Hispanic
26,361,,TRUE,Male,,College,Non-Hispanic
24,352,,TRUE,Female,,College,Non-Hispanic
26,617,,TRUE,Female,,College,Non-Hispanic
18,19,,TRUE,Female,,College,Hispanic
27,425,,TRUE,Male,,College,Non-Hispanic
24,92,,TRUE,Female,,College,Non-Hispanic
26,406,,TRUE,Male,,College,Non-Hispanic
24,452,,TRUE,Male,,College,Hispanic
17,53,,TRUE,Female,,College,Non-Hispanic
16,47,,TRUE,Female,,College,Non-Hispanic
24,545,,TRUE,Male,,College,Non-Hispanic
24,455,,TRUE,Male,,College,Non-Hispanic
25,598,,TRUE,Male,,College,Non-Hispanic
28,370,,TRUE,Male,,College,Non-Hispanic
25,366,,TRUE,Male,,College,Non-Hispanic
19,126,,TRUE,Male,,College,Non-Hispanic
30,636,,TRUE,Male,,College,Non-Hispanic
28,77,,TRUE,Male,,College,Non-Hispanic
18,83,,TRUE,Male,,College,Hispanic
18,30,,TRUE,Female,,College,Non-Hispanic
26,417,,TRUE,Male,,College,Non-Hispanic
24,295,,TRUE,Female,,College,Non-Hispanic
17,66,,TRUE,Female,,College,Hispanic
17,241,,TRUE,Female,,College,Non-Hispanic
27,225,,TRUE,Female,,College,Non-Hispanic
18,135,,TRUE,Female,,College,Non-Hispanic
24,306,,TRUE,Female,,College,Non-Hispanic
24,461,,TRUE,Male,,College,Non-Hispanic
30,625,,TRUE,Female,,College,Non-Hispanic
18,129,,TRUE,Female,,College,Hispanic
28,473,,TRUE,Male,,College,Non-Hispanic
24,429,,TRUE,Female,,College,Non-Hispanic
18,72,,TRUE,Male,,College,Non-Hispanic
20,256,,TRUE,Male,,College,Non-Hispanic
27,548,,TRUE,Female,,College,Non-Hispanic
28,530,,TRUE,Female,,College,Non-Hispanic
24,44,,TRUE,Female,,College,Non-Hispanic
23,353,,TRUE,Female,,College,Non-Hispanic
19,451,,TRUE,Female,,College,Non-Hispanic
24,127,,TRUE,Female,,College,Non-Hispanic
18,42,,TRUE,Female,,College,Non-Hispanic
26,416,,TRUE,Female,,College,Non-Hispanic
24,236,,TRUE,Female,,College,Non-Hispanic
26,498,,TRUE,Female,,College,Non-Hispanic
24,487,,TRUE,Female,,College,Non-Hispanic
20,64,,TRUE,Male,,College,Non-Hispanic
28,245,,TRUE,Male,,College,Non-Hispanic
30,618,,TRUE,Male,,College,Non-Hispanic
29,563,,TRUE,Female,,College,Non-Hispanic
24,233,,TRUE,Male,,College,Non-Hispanic
19,115,,TRUE,Female,,College,Non-Hispanic
25,405,,TRUE,Male,,College,Non-Hispanic
27,544,,TRUE,Male,,College,Non-Hispanic
24,367,,TRUE,Male,,College,Non-Hispanic
17,98,,TRUE,Male,,College,Non-Hispanic
25,323,,TRUE,Female,,College,Non-Hispanic
26,158,,TRUE,Male,,College,Non-Hispanic
26,301,,TRUE,Male,,College,Non-Hispanic
30,629,,TRUE,Male,,College,Hispanic
21,131,,TRUE,Male,,College,Non-Hispanic
22,320,,TRUE,Male,,College,Non-Hispanic
24,226,,TRUE,Female,,College,Non-Hispanic
29,441,,TRUE,Female,,College,Non-Hispanic
22,62,,TRUE,Female,,College,Non-Hispanic
26,338,,TRUE,Male,,College,Non-Hispanic
23,311,,TRUE,Female,,College,Non-Hispanic
27,334,,TRUE,Male,,College,Non-Hispanic
29,208,,TRUE,Female,,College,Non-Hispanic
27,318,,TRUE,Male,,College,Non-Hispanic
17,37,,TRUE,Female,,College,Non-Hispanic
18,101,,TRUE,Male,,College,Non-Hispanic
23,293,,TRUE,Female,,College,Non-Hispanic
23,485,,TRUE,Female,,College,Non-Hispanic
28,468,,TRUE,Male,,College,Non-Hispanic
26,382,,TRUE,Male,,College,Non-Hispanic
25,313,,TRUE,Female,,College,Non-Hispanic
25,323,,TRUE,Female,,College,Non-Hispanic
19,480,,TRUE,Female,,College,Non-Hispanic
24,191,,TRUE,Male,,College,Non-Hispanic
20,152,,TRUE,Male,,College,Non-Hispanic
29,615,,TRUE,Female,,College,Non-Hispanic
25,548,,TRUE,Female,,College,Non-Hispanic
24,71,,TRUE,Male,,College,Non-Hispanic
30,520,,TRUE,Female,,College,Non-Hispanic
27,550,,TRUE,Male,,College,Non-Hispanic
26,231,,TRUE,Male,,College,Non-Hispanic
26,431,,TRUE,Male,,College,Non-Hispanic
27,565,,TRUE,Male,,College,Non-Hispanic
24,91,,TRUE,Female,,College,Non-Hispanic
25,118,,TRUE,Female,,College,Non-Hispanic
28,364,,TRUE,Male,,College,Non-Hispanic
27,84,,TRUE,Male,,College,Non-Hispanic
17,75,,TRUE,Male,,College,Non-Hispanic
24,402,,TRUE,Male,,College,Non-Hispanic
24,409,,TRUE,Female,,College,Non-Hispanic
24,288,,TRUE,Male,,College,Non-Hispanic
27,452,,TRUE,Male,,College,Non-Hispanic
28,556,,TRUE,Female,,College,Non-Hispanic
20,62,,TRUE,Female,,College,Non-Hispanic
27,424,,TRUE,Female,,College,Non-Hispanic
17,169,,TRUE,Female,,College,Non-Hispanic
29,45,,TRUE,Male,,College,Non-Hispanic
18,83,,TRUE,Female,,College,Non-Hispanic
24,127,,TRUE,Male,,College,Non-Hispanic
20,168,,TRUE,Male,,College,Non-Hispanic
21,401,,TRUE,Male,,College,Non-Hispanic
26,438,,TRUE,Male,,College,Non-Hispanic
29,475,,TRUE,Female,,College,Non-Hispanic
18,60,,TRUE,Female,,College,Non-Hispanic
23,619,,TRUE,Male,,College,Non-Hispanic
18,55,,TRUE,Male,,College,Non-Hispanic
18,59,,TRUE,Female,,College,Non-Hispanic
22,566,,TRUE,Male,,College,Non-Hispanic
22,383,,TRUE,Female,,College,Non-Hispanic
29,588,,TRUE,Female,,College,Non-Hispanic
26,91,,TRUE,Male,,College,Non-Hispanic
26,421,,TRUE,Male,,College,Non-Hispanic
21,275,,TRUE,Female,,College,Non-Hispanic
19,137,,TRUE,Female,,College,Non-Hispanic
18,59,,TRUE,Male,,College,Hispanic
24,263,,TRUE,Male,,College,Non-Hispanic
19,296,,TRUE,Female,,College,Non-Hispanic
29,532,,TRUE,Female,,College,Non-Hispanic
18,33,,TRUE,Male,,College,Non-Hispanic
16,5,,TRUE,Female,,College,Non-Hispanic
23,356,,TRUE,Female,,College,Non-Hispanic
23,258,,TRUE,Male,,College,Non-Hispanic
16,34,,TRUE,Male,,College,Non-Hispanic
16,67,,TRUE,Female,,College,Hispanic
27,343,,TRUE,Male,,College,Non-Hispanic
16,65,,TRUE,Male,,College,Non-Hispanic
21,60,,TRUE,Male,,College,Non-Hispanic
27,503,,TRUE,Female,,College,Non-Hispanic
20,67,,TRUE,Male,,College,Non-Hispanic
30,541,,TRUE,Female,,College,Non-Hispanic
30,630,,TRUE,Male,,College,Non-Hispanic
23,377,,TRUE,Female,,College,Non-Hispanic
23,245,,TRUE,Female,,College,Non-Hispanic
30,615,,TRUE,Male,,College,Non-Hispanic
30,656,,TRUE,Female,,College,Non-Hispanic
30,576,,TRUE,Female,,College,Non-Hispanic
30,559,,TRUE,Male,,College,Non-Hispanic
26,527,,TRUE,Male,,College,Non-Hispanic
23,337,,TRUE,Male,,College,Non-Hispanic
24,301,,TRUE,Female,,College,Non-Hispanic
24,318,,TRUE,Male,,College,Non-Hispanic
24,306,,TRUE,Female,,College,Non-Hispanic
24,228,,TRUE,Female,,College,Non-Hispanic
24,341,,TRUE,Male,,College,Non-Hispanic
30,488,,TRUE,Male,,College,Non-Hispanic
23,195,,TRUE,Male,,College,Non-Hispanic
27,349,,TRUE,Male,,College,Non-Hispanic
24,485,,TRUE,Male,,College,Non-Hispanic
30,459,,TRUE,Female,,College,Non-Hispanic
23,544,,TRUE,Female,,College,Non-Hispanic
23,123,,TRUE,Male,,College,Non-Hispanic
30,508,,TRUE,Female,,College,Non-Hispanic
29,481,,TRUE,Male,,College,Non-Hispanic
24,346,,TRUE,Male,,College,Non-Hispanic
23,251,,TRUE,Male,,College,Non-Hispanic
24,184,,TRUE,Male,,College,Non-Hispanic
23,563,,TRUE,Female,,College,Non-Hispanic
23,591,,TRUE,Female,,College,Non-Hispanic
30,459,,TRUE,Male,,College,Non-Hispanic
22,391,,TRUE,Male,,College,Non-Hispanic
25,600,,TRUE,Male,,College,Non-Hispanic
22,328,,TRUE,Male,,College,Non-Hispanic
24,277,,TRUE,Male,,College,Non-Hispanic
24,122,,TRUE,Female,,College,Non-Hispanic
27,432,,TRUE,Male,,College,Non-Hispanic
22,496,,TRUE,Male,,College,Non-Hispanic
30,610,,TRUE,Female,,College,Non-Hispanic
26,376,,TRUE,Female,,College,Non-Hispanic
25,604,,TRUE,Male,,College,Non-Hispanic
27,199,,TRUE,Male,,College,Non-Hispanic
25,446,,TRUE,Female,,College,Non-Hispanic
24,601,,TRUE,Male,,College,Non-Hispanic
24,527,,TRUE,Female,,College,Non-Hispanic
24,336,,TRUE,Female,,College,Non-Hispanic
29,665,,TRUE,Male,,College,Non-Hispanic
21,433,,TRUE,Female,,College,Non-Hispanic
27,117,,TRUE,Female,,College,Non-Hispanic
21,116,,TRUE,Male,,College,Non-Hispanic
20,311,,TRUE,Male,,College,Non-Hispanic
24,265,,TRUE,Male,,College,Non-Hispanic
24,391,,TRUE,Male,,College,Non-Hispanic
23,585,,TRUE,Male,,College,Non-Hispanic
30,306,,TRUE,Male,,College,Non-Hispanic
24,570,,TRUE,Female,,College,Non-Hispanic
24,355,,TRUE,Male,,College,Non-Hispanic
19,73,,TRUE,Male,,College,Non-Hispanic
19,160,,TRUE,Female,,College,Non-Hispanic
30,544,,TRUE,Female,,College,Hispanic
24,295,,TRUE,Male,,College,Hispanic
24,432,,TRUE,Male,,College,Non-Hispanic
24,72,,TRUE,Female,,College,Non-Hispanic
24,79,,TRUE,Female,,College,Non-Hispanic
18,93,,TRUE,Male,,College,Hispanic
30,613,,TRUE,Female,,College,Non-Hispanic
30,591,,TRUE,Female,,College,Non-Hispanic
30,639,,TRUE,Male,,College,Hispanic
30,305,,TRUE,Female,,College,Non-Hispanic
26,406,,TRUE,Male,,College,Non-Hispanic
19,26,,TRUE,Female,,College,Non-Hispanic
24,224,,TRUE,Male,,College,Non-Hispanic
23,587,,TRUE,Male,,College,Non-Hispanic
29,631,,TRUE,Female,,College,Non-Hispanic
30,539,,TRUE,Male,,College,Non-Hispanic
24,289,,TRUE,Female,,College,Non-Hispanic
24,115,,TRUE,Male,,College,Non-Hispanic
23,118,,TRUE,Male,,College,Non-Hispanic
29,506,,TRUE,Female,,College,Non-Hispanic
24,393,,TRUE,Male,,College,Non-Hispanic
29,469,,TRUE,Male,,College,Non-Hispanic
30,553,,TRUE,Female,,College,Non-Hispanic
30,572,,TRUE,Male,,College,Non-Hispanic
30,457,,TRUE,Male,,College,Non-Hispanic
25,198,,TRUE,Female,,College,Non-Hispanic
30,491,,TRUE,Male,,College,Non-Hispanic
24,438,,TRUE,Male,,College,Non-Hispanic
30,545,,TRUE,Female,,College,Non-Hispanic
29,104,,TRUE,Female,,College,Non-Hispanic
29,571,,TRUE,Female,,College,Non-Hispanic
30,421,,TRUE,Male,,College,Non-Hispanic
29,649,,TRUE,Female,,College,Non-Hispanic
24,582,,TRUE,Female,,College,Non-Hispanic
19,111,,TRUE,Male,,College,Non-Hispanic
27,303,,TRUE,Male,,College,Non-Hispanic
27,653,,TRUE,Female,,College,Non-Hispanic
30,671,,TRUE,Female,,College,Non-Hispanic
24,338,,TRUE,Female,,College,Non-Hispanic
24,88,,TRUE,Male,,College,Non-Hispanic
24,174,,TRUE,Male,,College,Non-Hispanic
24,119,,TRUE,Female,,College,Non-Hispanic
30,631,,TRUE,Female,,College,Non-Hispanic
30,651,,TRUE,Male,,College,Non-Hispanic
24,185,,TRUE,Male,,College,Non-Hispanic
28,615,,TRUE,Male,,College,Non-Hispanic
24,184,,TRUE,Female,,College,Non-Hispanic
30,412,,TRUE,Male,,College,Non-Hispanic
23,199,,TRUE,Female,,College,Hispanic
24,141,,TRUE,Female,,College,Non-Hispanic
27,78,,TRUE,Female,,College,Non-Hispanic
27,317,,TRUE,Female,,College,Non-Hispanic
30,531,,TRUE,Female,,College,Non-Hispanic
30,453,,TRUE,Male,,College,Non-Hispanic
30,507,,TRUE,Female,,College,Non-Hispanic
26,447,,TRUE,Male,,College,Non-Hispanic
30,469,,TRUE,Male,,College,Non-Hispanic
23,477,,TRUE,Male,,College,Non-Hispanic
29,37,,TRUE,Male,,College,Non-Hispanic
24,154,,TRUE,Female,,College,Non-Hispanic
30,434,,TRUE,Female,,College,Non-Hispanic
30,522,,TRUE,Female,,College,Non-Hispanic
27,623,,TRUE,Female,,College,Non-Hispanic
24,322,,TRUE,Female,,College,Non-Hispanic
25,231,,TRUE,Female,,College,Non-Hispanic
26,146,,TRUE,Male,,College,Non-Hispanic
30,536,,TRUE,Male,,College,Non-Hispanic
24,192,,TRUE,Male,,College,Non-Hispanic
24,435,,TRUE,Female,,College,Non-Hispanic
23,491,,TRUE,Female,,College,Non-Hispanic
23,156,,TRUE,Female,,College,Non-Hispanic
16,61,,TRUE,Female,,College,Non-Hispanic
29,315,,TRUE,Female,,College,Non-Hispanic
21,242,,TRUE,Male,,College,Non-Hispanic
26,381,,TRUE,Female,,College,Non-Hispanic
30,578,,TRUE,Female,,College,Non-Hispanic
24,144,,TRUE,Male,,College,Non-Hispanic
30,436,,TRUE,Female,,College,Non-Hispanic
22,550,,TRUE,Female,,College,Non-Hispanic
30,527,,TRUE,Male,,College,Non-Hispanic
24,232,,TRUE,Female,,College,Non-Hispanic
30,651,,TRUE,Male,,College,Non-Hispanic
26,522,,TRUE,Female,,College,Non-Hispanic
24,377,,TRUE,Female,,College,Hispanic
24,124,,TRUE,Male,,College,Non-Hispanic
24,262,,TRUE,Female,,College,Non-Hispanic
30,194,,TRUE,Female,,College,Non-Hispanic
30,541,,TRUE,Female,,College,Non-Hispanic
24,437,,TRUE,Male,,College,Non-Hispanic
19,57,,TRUE,Male,,College,Non-Hispanic
24,202,,TRUE,Male,,College,Non-Hispanic
24,365,,TRUE,Male,,College,Non-Hispanic
30,559,,TRUE,Male,,College,Non-Hispanic
30,547,,TRUE,Female,,College,Non-Hispanic
23,393,,TRUE,Female,,College,Non-Hispanic
29,316,,TRUE,Male,,College,Non-Hispanic
21,369,,TRUE,Female,,College,Non-Hispanic
26,252,,TRUE,Male,,College,Non-Hispanic
30,646,,TRUE,Male,,College,Non-Hispanic
30,590,,TRUE,Male,,College,Non-Hispanic
29,629,,TRUE,Female,,College,Non-Hispanic
22,213,,TRUE,Male,,College,Non-Hispanic
21,288,,TRUE,Male,,College,Non-Hispanic
28,321,,TRUE,Male,,College,Non-Hispanic
24,209,,TRUE,Male,,College,Non-Hispanic
29,479,,TRUE,Male,,College,Non-Hispanic
27,112,,TRUE,Male,,College,Non-Hispanic
28,618,,TRUE,Male,,College,Non-Hispanic
27,70,,TRUE,Male,,College,Non-Hispanic
29,487,,TRUE,Male,,College,Non-Hispanic
24,52,,TRUE,Male,,College,Non-Hispanic
25,48,,TRUE,Male,,College,Hispanic
25,249,,TRUE,Female,,College,Non-Hispanic
24,56,,TRUE,Male,,College,Non-Hispanic
22,426,,TRUE,Female,,College,Non-Hispanic
26,362,,TRUE,Female,,College,Non-Hispanic
28,469,,TRUE,Male,,College,Non-Hispanic
23,412,,TRUE,Male,,College,Non-Hispanic
19,31,,TRUE,Female,,College,Non-Hispanic
21,96,,TRUE,Female,,College,Non-Hispanic
29,600,,TRUE,Female,,College,Non-Hispanic
22,113,,TRUE,Male,,College,Non-Hispanic
27,313,,TRUE,Male,,College,Non-Hispanic
24,307,,TRUE,Male,,College,Non-Hispanic
23,58,,TRUE,Male,,College,Non-Hispanic
29,457,,TRUE,Male,,College,Non-Hispanic
18,80,,TRUE,Male,,College,Non-Hispanic
29,197,,TRUE,Male,,College,Non-Hispanic
25,534,,TRUE,Male,,College,Non-Hispanic
24,301,,TRUE,Male,,College,Non-Hispanic
24,103,,TRUE,Male,,College,Non-Hispanic
29,505,,TRUE,Male,,College,Non-Hispanic
23,154,,TRUE,Male,,College,Non-Hispanic
24,332,,TRUE,Female,,College,Non-Hispanic
23,61,,TRUE,Male,,College,Non-Hispanic
23,499,,TRUE,Male,,College,Hispanic
22,7,,TRUE,Female,,College,Non-Hispanic
26,75,,TRUE,Male,,College,Non-Hispanic
19,76,,TRUE,Male,,College,Non-Hispanic
23,503,,TRUE,Female,,College,Non-Hispanic
23,504,,TRUE,Female,,College,Hispanic
29,522,,TRUE,Female,,College,Non-Hispanic
22,102,,TRUE,Female,,College,Non-Hispanic
20,83,,TRUE,Female,,College,Non-Hispanic
29,656,,TRUE,Female,,College,Non-Hispanic
21,455,,TRUE,Female,,College,Non-Hispanic
30,131,,TRUE,Male,,College,Non-Hispanic
19,129,,TRUE,Female,,College,Non-Hispanic
28,587,,TRUE,Male,,College,Non-Hispanic
30,236,,TRUE,Male,,College,Non-Hispanic
29,398,,TRUE,Male,,College,Non-Hispanic
30,479,,TRUE,Male,,College,Non-Hispanic
30,557,,TRUE,Male,,College,Non-Hispanic
25,535,,TRUE,Female,,College,Non-Hispanic
24,664,,TRUE,Female,,College,Non-Hispanic
24,300,,TRUE,Male,,College,Non-Hispanic
18,156,,TRUE,Male,,College,Non-Hispanic
18,74,,TRUE,Female,,College,Non-Hispanic
18,94,,TRUE,Female,,College,Non-Hispanic
25,410,,TRUE,Female,,College,Non-Hispanic
28,453,,TRUE,Female,,College,Hispanic
30,264,,TRUE,Female,,College,Non-Hispanic
17,41,,TRUE,Male,,College,Non-Hispanic
26,141,,TRUE,Female,,College,Non-Hispanic
23,65,,TRUE,Male,,College,Hispanic
28,512,,TRUE,Male,,College,Non-Hispanic
29,569,,TRUE,Male,,College,Non-Hispanic
24,511,,TRUE,Female,,College,Non-Hispanic
27,478,,TRUE,Female,,College,Non-Hispanic
17,152,,TRUE,Male,,College,Non-Hispanic
26,300,,TRUE,Male,,College,Non-Hispanic
27,85,,TRUE,Male,,College,Non-Hispanic
24,293,,TRUE,Male,,College,Non-Hispanic
25,168,,TRUE,Male,,College,Non-Hispanic
24,381,,TRUE,Male,,College,Non-Hispanic
24,248,,TRUE,Male,,College,Non-Hispanic
25,629,,TRUE,Female,,College,Non-Hispanic
20,49,,TRUE,Female,,College,Non-Hispanic
27,265,,TRUE,Female,,College,Non-Hispanic
22,89,,TRUE,Male,,College,Non-Hispanic
23,327,,TRUE,Male,,College,Non-Hispanic
29,633,,TRUE,Female,,College,Non-Hispanic
19,27,,TRUE,Female,,College,Non-Hispanic
30,145,,TRUE,Male,,College,Non-Hispanic
28,306,,TRUE,Male,,College,Non-Hispanic
21,302,,TRUE,Male,,College,Non-Hispanic
27,433,,TRUE,Male,,College,Non-Hispanic
21,132,,TRUE,Female,,College,Non-Hispanic
28,606,,TRUE,Female,,College,Non-Hispanic
21,175,,TRUE,Female,,College,Non-Hispanic
29,510,,TRUE,Male,,College,Non-Hispanic
30,370,,TRUE,Female,,College,Non-Hispanic
29,304,,TRUE,Female,,College,Non-Hispanic
29,490,,TRUE,Female,,College,Hispanic
22,176,,TRUE,Male,,College,Non-Hispanic
25,134,,TRUE,Female,,College,Non-Hispanic
23,170,,TRUE,Female,,College,Hispanic
19,35,,TRUE,Male,,College,Non-Hispanic
18,47,,TRUE,Female,,College,Non-Hispanic
29,401,,TRUE,Male,,College,Non-Hispanic
28,381,,TRUE,Male,,College,Non-Hispanic
30,369,,TRUE,Male,,College,Non-Hispanic
29,463,,TRUE,Male,,College,Non-Hispanic
29,490,,TRUE,Male,,College,Non-Hispanic
30,587,,TRUE,Male,,College,Non-Hispanic
28,629,,TRUE,Male,,College,Non-Hispanic
29,107,,TRUE,Male,,College,Non-Hispanic
29,581,,TRUE,Female,,College,Non-Hispanic
30,651,,TRUE,Female,,College,Non-Hispanic
23,542,,TRUE,Male,,College,Non-Hispanic
24,72,,TRUE,Male,,College,Non-Hispanic
24,234,,TRUE,Male,,College,Non-Hispanic
24,126,,TRUE,Male,,College,Non-Hispanic
24,107,,TRUE,Male,,College,Non-Hispanic
24,502,,TRUE,Female,,College,Non-Hispanic
26,584,,TRUE,Female,,College,Non-Hispanic
25,377,,TRUE,Male,,College,Non-Hispanic
30,269,,TRUE,Female,,College,Non-Hispanic
24,523,,TRUE,Female,,College,Non-Hispanic
30,554,,TRUE,Female,,College,Non-Hispanic
24,432,,TRUE,Male,,College,Non-Hispanic
28,646,,TRUE,Male,,College,Non-Hispanic
23,161,,TRUE,Female,,College,Non-Hispanic
29,100,,TRUE,Male,,College,Non-Hispanic
26,643,,TRUE,Female,,College,Non-Hispanic
30,372,,TRUE,Female,,College,Non-Hispanic
28,372,,TRUE,Female,,College,Non-Hispanic
24,50,,TRUE,Female,,College,Non-Hispanic
23,382,,TRUE,Male,,College,Non-Hispanic
23,323,,TRUE,Male,,College,Non-Hispanic
23,20,,TRUE,Male,,College,Non-Hispanic
27,495,,TRUE,Male,,College,Hispanic
29,631,,TRUE,Female,,College,Non-Hispanic
30,641,,TRUE,Male,,College,Non-Hispanic
21,290,,TRUE,Female,,College,Non-Hispanic
25,203,,FALSE,Male,,College,
20,104,,FALSE,Female,,College,
25,351,,FALSE,Female,,College,
25,355,,FALSE,Male,,College,
26,123,,FALSE,Male,,College,
20,597,,FALSE,Female,,College,
26,417,,FALSE,Female,,College,
20,6,,FALSE,Female,,College,
24,43,,FALSE,Female,,College,
25,555,,FALSE,Male,,College,
24,350,,FALSE,Female,,College,
27,408,,FALSE,Male,,College,
24,294,,FALSE,Female,,College,
19,6,,FALSE,Male,,College,
24,114,,FALSE,Male,,College,
21,12,,FALSE,Male,,College,
20,23,,FALSE,Female,,College,
20,49,,FALSE,Female,,College,
24,33,,FALSE,Male,,College,
20,104,,FALSE,Female,,College,
26,293,,FALSE,Female,,College,
20,114,,FALSE,Male,,College,
26,390,,FALSE,Male,,College,
20,6,,FALSE,Male,,College,
24,23,,FALSE,Male,,College,
24,167,,FALSE,Male,,College,
24,200,,FALSE,Male,,College,
29,580,,FALSE,Female,,College,
20,49,,FALSE,Female,,College,
20,491,,FALSE,Female,,College,
20,43,,FALSE,Male,,College,
20,85,,FALSE,Male,,College,
18,73,,FALSE,Male,,College,
18,6,,FALSE,Male,,College,
18,25,,FALSE,Female,,College,
18,40,,FALSE,Male,,College,
20,3,,FALSE,Male,,College,
20,26,,FALSE,Male,,College,
24,44,,FALSE,Male,,College,
20,16,,FALSE,Male,,College,
20,25,,FALSE,Male,,College,
24,149,,FALSE,Female,,College,
18,2,,FALSE,Male,,College,
19,61,,FALSE,Female,,College,
27,157,,FALSE,Female,,College,
18,70,,FALSE,Female,,College,
25,234,,FALSE,Male,,College,
20,33,,FALSE,Male,,College,
20,133,,FALSE,Female,,College,
17,47,,FALSE,Female,,College,
18,17,,FALSE,Female,,College,
21,45,,FALSE,Female,,College,
20,11,,FALSE,Male,,College,
19,145,,FALSE,Female,,College,
17,28,,FALSE,Female,,College,
20,148,,TRUE,Female,Sixth,Graduate,
25,151,,TRUE,Male,First,Graduate,
27,111,,TRUE,Male,Second,Graduate,
26,199,,TRUE,Male,Second,Graduate,
29,639,,TRUE,Female,First,Graduate,Hispanic
22,312,,TRUE,Male,First,Graduate,
23,551,,TRUE,Female,First,Graduate,
20,345,,TRUE,Male,First,Graduate,
22,317,,TRUE,Male,First,Graduate,
26,40,,TRUE,Male,Third,Graduate,
21,84,,TRUE,Male,First,Graduate,
17,58,,TRUE,Female,First,Graduate,
26,64,,TRUE,Male,Second,Graduate,Hispanic
22,410,,TRUE,Female,Second,Graduate,
27,612,,TRUE,Male,Third,Graduate,
25,473,,TRUE,Female,First,Graduate,
22,327,,TRUE,Female,First,Graduate,
26,451,,TRUE,Female,First,Graduate,
30,640,,TRUE,Female,First,Graduate,
21,409,,TRUE,Female,First,Graduate,
26,298,,TRUE,Male,First,Graduate,
18,147,,TRUE,Male,Second,Graduate,
21,311,,TRUE,Male,First,Graduate,Hispanic
27,667,,TRUE,Female,First,Graduate,
30,553,,TRUE,Female,Third,Graduate,
19,128,,TRUE,Female,First,Graduate,
30,480,,TRUE,Male,Second,Graduate,
24,601,,TRUE,Female,First,Graduate,
19,471,,TRUE,Female,First,Graduate,
27,562,,TRUE,Female,Second,Graduate,
30,584,,TRUE,Male,First,Graduate,
28,519,,TRUE,Female,First,Graduate,
22,185,,TRUE,Female,First,Graduate,
24,391,,TRUE,Male,First,Graduate,
23,569,,TRUE,Male,Second,Graduate,
24,427,,TRUE,Female,First,Graduate,
19,61,,TRUE,Female,Second,Graduate,
24,352,,TRUE,Male,Second,Graduate,
19,154,,TRUE,Male,First,Graduate,
24,26,,TRUE,Female,Second,Graduate,
24,304,,TRUE,Female,Second,Graduate,
29,434,,TRUE,Male,Fourth,Graduate,Hispanic
18,93,,TRUE,Female,First,Graduate,
30,630,,TRUE,Female,First,Graduate,
30,512,,TRUE,Female,First,Graduate,
26,283,,TRUE,Female,Fourth,Graduate,
29,324,,TRUE,Male,First,Graduate,
26,579,,TRUE,Female,First,Graduate,
26,411,,TRUE,Female,Second,Graduate,
21,89,,TRUE,Female,Third,Graduate,
20,328,,TRUE,Male,First,Graduate,
29,525,,TRUE,Female,Third,Graduate,
27,190,,TRUE,Male,Second,Graduate,
25,491,,TRUE,Female,First,Graduate,
24,615,,TRUE,Female,First,Graduate,
19,314,,TRUE,Male,First,Graduate,
24,515,,TRUE,Female,First,Graduate,
23,490,,TRUE,Female,Third,Graduate,
22,58,,TRUE,Female,First,Graduate,
21,158,,TRUE,Female,First,Graduate,
23,191,,TRUE,Male,First,Graduate,
17,42,,TRUE,Male,Second,Graduate,
18,40,,TRUE,Male,First,Graduate,
18,72,,TRUE,Male,Third,Graduate,
18,57,,TRUE,Male,First,Graduate,
18,439,,TRUE,Female,First,Graduate,
28,476,,TRUE,Male,First,Graduate,
28,663,,TRUE,Male,Third,Graduate,
26,121,,TRUE,Female,Third,Graduate,
27,541,,TRUE,Male,First,Graduate,
27,583,,TRUE,Female,Sixth,Graduate,
26,405,,TRUE,Female,First,Graduate,
18,191,,TRUE,Female,First,Graduate,
19,19,,TRUE,Male,First,Graduate,
25,246,,TRUE,Female,Second,Graduate,
25,503,,TRUE,Male,Third,Graduate,
18,14,,TRUE,Female,Second,Graduate,
23,545,,TRUE,Female,Second,Graduate,
25,521,,TRUE,Female,First,Graduate,
23,456,,TRUE,Female,Second,Graduate,
24,196,,TRUE,Female,Third,Graduate,
24,440,,TRUE,Female,Second,Graduate,
24,454,,TRUE,Male,First,Graduate,
23,210,,TRUE,Male,First,Graduate,
22,255,,TRUE,Female,First,Graduate,
23,238,,TRUE,Female,Second,Graduate,
23,442,,TRUE,Male,Second,Graduate,
23,286,,TRUE,Male,First,Graduate,
18,34,,TRUE,Female,First,Graduate,
17,65,,TRUE,Female,Third,Graduate,
22,396,,TRUE,Female,Second,Graduate,
20,292,,TRUE,Male,Second,Graduate,
30,255,,TRUE,Male,Second,Graduate,
17,71,,TRUE,Female,Second,Graduate,
18,50,,TRUE,Female,First,Graduate,
21,154,,TRUE,Male,First,Graduate,Hispanic
27,539,,TRUE,Female,Second,Graduate,
23,327,,TRUE,Female,First,Graduate,
30,576,,TRUE,Female,Second,Graduate,
16,112,,TRUE,Male,Second,Graduate,
16,11,,TRUE,Male,Second,Graduate,
19,191,,TRUE,Male,First,Graduate,
18,222,,TRUE,Female,First,Graduate,
20,123,,TRUE,Female,First,Graduate,
29,609,,TRUE,Female,First,Graduate,Hispanic
29,375,,TRUE,Male,First,Graduate,
18,44,,TRUE,Female,Third,Graduate,
19,77,,TRUE,Male,Second,Graduate,
22,476,,TRUE,Female,First,Graduate,
24,87,,TRUE,Female,Second,Graduate,
25,251,,TRUE,Female,First,Graduate,
25,7,,TRUE,Male,First,Graduate,
26,543,,TRUE,Female,First,Graduate,
26,582,,TRUE,Female,First,Graduate,
27,644,,TRUE,Male,Third,Graduate,
30,633,,TRUE,Female,First,Graduate,
18,44,,TRUE,Female,Second,Graduate,
22,340,,TRUE,Male,First,Graduate,
23,432,,TRUE,Male,First,Graduate,
25,495,,TRUE,Female,First,Graduate,
29,527,,TRUE,Female,Second,Graduate,
30,221,,TRUE,Male,Second,Graduate,
28,317,,TRUE,Male,First,Graduate,
29,548,,TRUE,Male,Second,Graduate,
21,6,,TRUE,Female,Second,Graduate,
28,312,,TRUE,Male,First,Graduate,
30,613,,TRUE,Male,First,Graduate,
28,501,,TRUE,Male,Second,Graduate,
21,426,,TRUE,Male,First,Graduate,
26,446,,TRUE,Female,First,Graduate,
21,75,,TRUE,Female,First,Graduate,
27,571,,TRUE,Female,Second,Graduate,
25,479,,TRUE,Female,Second,Graduate,
18,14,,TRUE,Male,First,Graduate,
27,507,,TRUE,Male,First,Graduate,Hispanic
29,442,,TRUE,Male,First,Graduate,
28,426,,TRUE,Male,First,Graduate,
23,442,,TRUE,Male,Second,Graduate,
28,626,,TRUE,Male,First,Graduate,
25,522,,TRUE,Male,First,Graduate,
17,118,,TRUE,Female,First,Graduate,
17,104,,TRUE,Female,First,Graduate,
19,25,,TRUE,Male,Third,Graduate,
18,45,,TRUE,Male,First,Graduate,
23,488,,TRUE,Male,Second,Graduate,
27,410,,TRUE,Male,Second,Graduate,
28,407,,TRUE,Female,First,Graduate,
29,468,,TRUE,Female,Second,Graduate,
26,569,,TRUE,Male,Second,Graduate,
26,546,,TRUE,Female,Second,Graduate,
21,452,,TRUE,Male,First,Graduate,
27,590,,TRUE,Male,First,Graduate,
24,262,,TRUE,Male,Second,Graduate,
17,167,,TRUE,Female,Second,Graduate,
17,9,,TRUE,Male,First,Graduate,
20,32,,TRUE,Male,Second,Graduate,
20,169,,TRUE,Female,Third,Graduate,
20,60,,TRUE,Male,First,Graduate,
17,26,,FALSE,Male,Second,Graduate,
16,24,,FALSE,Female,Second,Graduate,
20,244,,FALSE,Male,First,Graduate,
16,75,,FALSE,Male,First,Graduate,
18,102,,FALSE,Male,First,Graduate,
16,74,,FALSE,Female,First,Graduate,
19,15,,FALSE,Female,Second,Graduate,
16,8,,FALSE,Female,Second,Graduate,
16,106,,FALSE,Female,First,Graduate,
18,33,,FALSE,Female,First,Graduate,
16,13,,FALSE,Female,First,Graduate,
25,240,,FALSE,Female,First,Graduate,
17,52,,FALSE,Male,Second,Graduate,
17,129,,FALSE,Female,Second,Graduate,
16,57,,FALSE,Male,Third,Graduate,
24,415,,FALSE,Male,Third,Graduate,
16,71,,FALSE,Male,First,Graduate,
16,20,,FALSE,Female,Second,Graduate,
17,261,,FALSE,Male,First,Graduate,
19,375,,FALSE,Male,First,Graduate,
16,104,,FALSE,Female,First,Graduate,
24,76,,FALSE,Female,First,Graduate,
17,8,,FALSE,Female,First,Graduate,
16,28,,FALSE,Female,Second,Graduate,
25,540,,FALSE,Female,Second,Graduate,
18,4,,FALSE,Female,Second,Graduate,
16,5,,FALSE,Female,Second,Graduate,
16,17,,FALSE,Male,First,Graduate,
20,37,,FALSE,Female,Second,Graduate,
17,7,,FALSE,Female,Second,Graduate,
17,25,,FALSE,Male,First,Graduate,
20,85,,FALSE,Male,First,Graduate,
17,16,,FALSE,Female,First,Graduate,
19,56,,FALSE,Female,First,Graduate,
18,25,,FALSE,Male,First,Graduate,
16,10,,FALSE,Male,First,Graduate,
25,524,,FALSE,Male,First,Graduate,
30,574,,FALSE,Male,Second,Graduate,
26,231,,FALSE,Male,Second,Graduate,
16,18,,FALSE,Male,Second,Graduate,
17,119,,FALSE,Female,Second,Graduate,
16,18,,FALSE,Male,Second,Graduate,
16,33,,FALSE,Male,Third,Graduate,
19,160,,FALSE,Female,Second,Graduate,
16,62,,FALSE,Female,Second,Graduate,
21,262,,FALSE,Female,Second,Graduate,
17,182,,FALSE,Female,Second,Graduate,
27,586,,FALSE,Female,Second,Graduate,
16,74,,FALSE,Female,Second,Graduate,
16,9,,FALSE,Male,Fifth,Graduate,
25,257,,FALSE,Male,Fifth,Graduate,
16,29,,FALSE,Female,Second,Graduate,
18,85,,FALSE,Female,Second,Graduate,
16,5,,FALSE,Male,First,Graduate,
19,18,,FALSE,Female,Third,Graduate,
17,7,,FALSE,Female,Third,Graduate,
30,548,,FALSE,Male,First,Graduate,
16,82,,FALSE,Male,First,Graduate,
16,73,,FALSE,Female,Third,Graduate,
16,241,,FALSE,Female,First,Graduate,
18,502,,FALSE,Female,First,Graduate,
16,18,,FALSE,Female,Second,Graduate,
23,415,,FALSE,Female,Second,Graduate,
17,145,,FALSE,Female,First,Graduate,
17,20,,FALSE,Male,First,Graduate,
16,9,,FALSE,Male,First,Graduate,
16,23,,FALSE,Male,Second,Graduate,
19,46,,FALSE,Male,Second,Graduate,
16,22,,FALSE,Male,First,Graduate,Hispanic
30,535,,FALSE,Male,First,Graduate,Hispanic
30,680,,FALSE,Female,Second,Graduate,
16,315,,FALSE,Female,Second,Graduate,
24,680,,FALSE,Female,Second,Graduate,
16,10,,FALSE,Female,Second,Graduate,
18,75,,FALSE,Female,Second,Graduate,
17,62,,FALSE,Female,Second,Graduate,
17,336,,FALSE,Female,First,Graduate,
16,3,,FALSE,Male,Second,Graduate,
25,127,,FALSE,Male,Second,Graduate,
19,76,,FALSE,Female,Second,Graduate,
16,41,,FALSE,Female,Second,Graduate,
27,482,,FALSE,Female,Second,Graduate,
17,243,,FALSE,Male,Second,Graduate,
21,142,,FALSE,Female,Third,Graduate,
16,10,,FALSE,Female,Third,Graduate,
18,65,,FALSE,Female,First,Graduate,
23,161,,FALSE,Female,First,Graduate,
17,11,,FALSE,Female,First,Graduate,
17,2,,FALSE,Male,First,Graduate,
18,32,,FALSE,Male,First,Graduate,Hispanic
17,79,,FALSE,Female,Third,Graduate,
18,24,,FALSE,Female,First,Graduate,
18,18,,FALSE,Female,Second,Graduate,
25,360,,FALSE,Female,First,Graduate,
28,519,,FALSE,Female,First,Graduate,
17,27,,FALSE,Female,First,Graduate,
18,25,,FALSE,Female,First,Graduate,
24,135,,FALSE,Female,First,Graduate,
18,13,,FALSE,Male,First,Graduate,
19,21,,FALSE,Male,First,Graduate,
25,223,,FALSE,Male,First,Graduate,
17,53,,FALSE,Male,First,Graduate,
17,18,,FALSE,Female,First,Graduate,Hispanic
17,46,,FALSE,Male,First,Graduate,
17,62,,FALSE,Female,Second,Graduate,
17,36,,FALSE,Female,Second,Graduate,
20,89,,FALSE,Female,Second,Graduate,
17,5,,FALSE,Female,Second,Graduate,
18,11,,FALSE,Female,Second,Graduate,
17,5,,FALSE,Female,First,Graduate,Hispanic
18,44,,FALSE,Male,First,Graduate,
18,33,,FALSE,Female,First,Graduate,
19,31,,FALSE,Male,Second,Graduate,
18,123,,FALSE,Female,Second,Graduate,
19,210,,FALSE,Male,First,Graduate,
19,191,,FALSE,Male,First,Graduate,
18,18,,FALSE,Male,First,Graduate,
18,52,,FALSE,Female,Second,Graduate,
19,18,,FALSE,Female,Second,Graduate,
24,187,,FALSE,Female,Second,Graduate,
18,97,,FALSE,Male,First,Graduate,
18,30,,FALSE,Male,First,Graduate,
18,28,,FALSE,Female,First,Graduate,
25,352,,FALSE,Female,First,Graduate,
19,103,,FALSE,Female,First,Graduate,
19,27,,FALSE,Female,First,Graduate,
18,242,,FALSE,Male,First,Graduate,
18,20,,FALSE,Male,First,Graduate,
24,364,,FALSE,Male,First,Graduate,
18,33,,FALSE,Male,Second,Graduate,
18,17,,FALSE,Male,First,Graduate,
18,16,,FALSE,Female,Second,Graduate,
18,86,,FALSE,Female,First,Graduate,
22,91,,FALSE,Female,First,Graduate,
24,474,,FALSE,Male,Second,Graduate,
21,180,,FALSE,Male,Second,Graduate,
19,141,,FALSE,Male,Second,Graduate,
24,243,,FALSE,Male,First,Graduate,
18,114,,FALSE,Male,First,Graduate,
18,121,,FALSE,Female,Second,Graduate,
18,64,,FALSE,Female,First,Graduate,
24,300,,FALSE,Male,Second,Graduate,
18,22,,FALSE,Male,Second,Graduate,
21,420,,FALSE,Male,First,Graduate,
18,347,,FALSE,Male,First,Graduate,
18,193,,FALSE,Male,First,Graduate,
18,105,,FALSE,Male,Second,Graduate,
20,40,,FALSE,Male,First,Graduate,
24,433,,FALSE,Male,First,Graduate,
20,245,,FALSE,Female,Second,Graduate,
20,130,,FALSE,Female,First,Graduate,
19,239,,FALSE,Male,First,Graduate,
19,79,,FALSE,Female,First,Graduate,
19,42,,FALSE,Male,Third,Graduate,
19,151,,FALSE,Female,First,Graduate,
20,246,,FALSE,Male,First,Graduate,
19,53,,FALSE,Female,Second,Graduate,
30,666,,FALSE,Male,First,Graduate,
20,17,,FALSE,Male,First,Graduate,
19,33,,FALSE,Male,First,Graduate,
19,72,,FALSE,Female,First,Graduate,
19,84,,FALSE,Male,Second,Graduate,
26,614,,FALSE,Female,First,Graduate,
20,435,,FALSE,Female,First,Graduate,
20,28,,FALSE,Female,Second,Graduate,
20,51,,FALSE,Male,Second,Graduate,
20,207,,FALSE,Male,First,Graduate,
21,69,,FALSE,Female,First,Graduate,
20,631,,FALSE,Male,First,Graduate,
20,122,,TRUE,Female,Second,Graduate,
20,40,,FALSE,Male,First,Graduate,
21,153,,FALSE,Male,Second,Graduate,
27,290,,FALSE,Female,First,Graduate,
21,29,,FALSE,Female,First,Graduate,
21,42,,FALSE,Female,Third,Graduate,
22,97,,FALSE,Female,First,Graduate,
22,50,,FALSE,Female,First,Graduate,
28,402,,FALSE,Female,First,Graduate,
24,175,,FALSE,Female,First,Graduate,
23,72,,FALSE,Male,First,Graduate,Hispanic
24,434,,FALSE,Male,First,Graduate,
23,346,,FALSE,Male,Second,Graduate,
25,337,,TRUE,Female,First,Graduate,
24,500,,FALSE,Female,First,Graduate,
24,421,,FALSE,Female,First,Graduate,
25,136,,FALSE,Female,First,Graduate,
24,82,,FALSE,Male,Second,Graduate,
24,85,,FALSE,Female,First,Graduate,
24,179,,FALSE,Male,Second,Graduate,
24,395,,FALSE,Female,First,Graduate,
25,572,,FALSE,Male,Second,Graduate,
24,381,,FALSE,Male,First,Graduate,
24,182,,FALSE,Male,First,Graduate,
24,119,,FALSE,Male,Second,Graduate,
24,610,,FALSE,Male,Second,Graduate,
24,505,,FALSE,Female,Second,Graduate,
24,361,,FALSE,Female,First,Graduate,
24,365,,FALSE,Female,First,Graduate,
25,417,,FALSE,Female,Second,Graduate,
24,519,,FALSE,Male,First,Graduate,Hispanic
24,413,,FALSE,Male,First,Graduate,
24,195,,FALSE,Female,First,Graduate,
24,659,,FALSE,Female,First,Graduate,
24,316,,FALSE,Male,Second,Graduate,
25,39,,FALSE,Male,Second,Graduate,
25,452,,FALSE,Male,First,Graduate,
26,282,,FALSE,Male,Second,Graduate,
25,217,,FALSE,Male,First,Graduate,
25,152,,FALSE,Male,Second,Graduate,
25,484,,FALSE,Female,First,Graduate,
26,66,,FALSE,Female,First,Graduate,Hispanic
25,456,,FALSE,Male,First,Graduate,
26,174,,FALSE,Male,Third,Graduate,
25,344,,FALSE,Female,First,Graduate,
26,643,,FALSE,Female,First,Graduate,
27,377,,FALSE,Male,Second,Graduate,
27,423,,FALSE,Male,First,Graduate,
27,644,,FALSE,Female,First,Graduate,
27,257,,FALSE,Female,First,Graduate,
27,216,,FALSE,Male,First,Graduate,
27,326,,FALSE,Female,Second,Graduate,
27,538,,FALSE,Male,Second,Graduate,
29,227,,FALSE,Male,First,Graduate,
28,531,,FALSE,Male,First,Graduate,
28,449,,FALSE,Male,Second,Graduate,
25,522,,FALSE,Female,First,Graduate,
19,221,,FALSE,Female,First,Graduate,
18,126,,FALSE,Male,First,Graduate,
24,485,,FALSE,Male,First,Graduate,
24,75,,FALSE,Male,First,Graduate,
18,31,,FALSE,Male,First,Graduate,
30,394,,FALSE,Male,First,Graduate,
19,187,,FALSE,Male,Second,Graduate,
27,628,,FALSE,Male,Second,Graduate,
18,517,,FALSE,Female,First,Graduate,
25,480,,FALSE,Male,Third,Graduate,
20,45,,FALSE,Male,Third,Graduate,
29,544,,FALSE,Male,Second,Graduate,
30,524,,FALSE,Female,First,Graduate,
19,145,,FALSE,Female,First,Graduate,
25,274,,FALSE,Male,Second,Graduate,
20,62,,FALSE,Female,Second,Graduate,
25,454,,FALSE,Female,Second,Graduate,
30,329,,FALSE,Male,Third,Graduate,
26,488,,FALSE,Male,Third,Graduate,
25,358,,FALSE,Female,Second,Graduate,
24,178,,FALSE,Male,First,Graduate,
30,284,,FALSE,Male,First,Graduate,
26,368,,FALSE,Male,First,Graduate,
19,207,,FALSE,Male,Second,Graduate,
25,477,,FALSE,Female,Second,Graduate,
20,225,,FALSE,Female,Second,Graduate,
23,181,,FALSE,Female,First,Graduate,
30,639,,FALSE,Male,Second,Graduate,
24,518,,FALSE,Male,Second,Graduate,
19,104,,FALSE,Male,Second,Graduate,
30,598,,FALSE,Male,First,Graduate,
18,129,,FALSE,Male,First,Graduate,
22,269,,FALSE,Male,First,Graduate,
19,302,,FALSE,Female,First,Graduate,
27,524,,FALSE,Female,First,Graduate,
19,25,,FALSE,Male,Second,Graduate,
23,101,,FALSE,Male,Second,Graduate,
24,368,,FALSE,Female,Second,Graduate,
22,317,,FALSE,Female,Second,Graduate,
25,252,,FALSE,Male,First,Graduate,
21,48,,FALSE,Male,Second,Graduate,
23,262,,FALSE,Male,Second,Graduate,
29,668,,FALSE,Male,Second,Graduate,
18,21,,FALSE,Male,Second,Graduate,
24,90,,FALSE,Male,First,Graduate,
25,550,,FALSE,Female,Fourth,Graduate,
18,219,,FALSE,Female,First,Graduate,
24,554,,FALSE,Female,First,Graduate,
20,217,,FALSE,Male,First,Graduate,
26,477,,FALSE,Male,First,Graduate,
30,616,,FALSE,Male,First,Graduate,
21,243,,FALSE,Male,Second,Graduate,
25,657,,FALSE,Female,First,Graduate,
30,655,,FALSE,Female,First,Graduate,
18,187,,FALSE,Female,First,Graduate,
20,104,,FALSE,Female,First,Graduate,
19,81,,FALSE,Male,Second,Graduate,
30,653,,FALSE,Male,First,Graduate,
23,331,,FALSE,Male,First,Graduate,
20,255,,FALSE,Female,First,Graduate,
25,551,,FALSE,Female,First,Graduate,
22,256,,FALSE,Female,First,Graduate,
25,565,,FALSE,Male,First,Graduate,
30,643,,FALSE,Male,First,Graduate,
19,226,,FALSE,Male,First,Graduate,
25,191,,FALSE,Female,First,Graduate,
19,96,,FALSE,Female,Second,Graduate,
24,507,,FALSE,Female,Second,Graduate,
25,489,,FALSE,Female,Second,Graduate,
19,244,,FALSE,Female,Second,Graduate,
19,41,,FALSE,Male,First,Graduate,
25,412,,FALSE,Male,First,Graduate,
26,646,,FALSE,Male,First,Graduate,
24,494,,FALSE,Male,First,Graduate,
19,180,,FALSE,Male,First,Graduate,
20,242,,FALSE,Female,First,Graduate,
19,46,,FALSE,Male,Second,Graduate,
25,412,,FALSE,Male,First,Graduate,
20,90,,FALSE,Male,First,Graduate,
30,632,,FALSE,Male,First,Graduate,
19,336,,FALSE,Male,First,Graduate,
24,595,,FALSE,Male,First,Graduate,
26,280,,FALSE,Female,First,Graduate,
26,468,,FALSE,Male,First,Graduate,
25,72,,FALSE,Male,Second,Graduate,
24,188,,FALSE,Female,First,Graduate,
19,230,,FALSE,Female,First,Graduate,
24,581,,FALSE,Female,Second,Graduate,
18,269,,FALSE,Female,Second,Graduate,
30,625,,FALSE,Female,Second,Graduate,
26,587,,FALSE,Female,Third,Graduate,
19,230,,FALSE,Male,First,Graduate,
30,665,,FALSE,Male,First,Graduate,
18,125,,FALSE,Male,Second,Graduate,
30,558,,FALSE,Male,Second,Graduate,
25,452,,FALSE,Male,Second,Graduate,
19,471,,FALSE,Female,First,Graduate,
24,150,,FALSE,Female,,Graduate,
29,429,,FALSE,Female,First,Graduate,
19,228,,FALSE,Female,First,Graduate,
25,605,,FALSE,Female,First,Graduate,
19,342,,FALSE,Female,First,Graduate,
25,650,,FALSE,Female,Second,Graduate,
19,380,,FALSE,Female,First,Graduate,
30,590,,FALSE,Female,First,Graduate,
26,414,,FALSE,Male,First,Graduate,
20,150,,FALSE,Male,First,Graduate,
24,251,,FALSE,Male,Third,Graduate,
19,458,,FALSE,Male,First,Graduate,
24,49,,FALSE,Male,Second,Graduate,
24,527,,FALSE,Male,First,Graduate,
19,151,,FALSE,Male,First,Graduate,
19,12,,FALSE,Female,Second,Graduate,
24,69,,FALSE,Female,Second,Graduate,
25,466,,FALSE,Male,First,Graduate,
27,565,,FALSE,Male,First,Graduate,
18,226,,FALSE,Male,First,Graduate,
24,475,,FALSE,Male,First,Graduate,
30,555,,FALSE,Male,First,Graduate,
25,381,,FALSE,Male,First,Graduate,
24,424,,FALSE,Male,First,Graduate,
20,159,,FALSE,Male,First,Graduate,
25,478,,FALSE,Female,First,Graduate,
25,126,,FALSE,Female,Third,Graduate,
25,420,,FALSE,Female,First,Graduate,
20,217,,FALSE,Female,First,Graduate,
25,420,,FALSE,Male,First,Graduate,
19,182,,FALSE,Female,First,Graduate,
30,625,,FALSE,Female,First,Graduate,
24,454,,FALSE,Female,First,Graduate,
30,508,,FALSE,Female,First,Graduate,
25,295,,FALSE,Male,First,Graduate,
18,273,,FALSE,Female,Second,Graduate,
24,492,,FALSE,Female,Second,Graduate,
30,632,,FALSE,Female,Second,Graduate,
19,284,,FALSE,Female,Second,Graduate,
20,139,,FALSE,Female,Second,Graduate,
18,60,,FALSE,Female,First,Graduate,
25,330,,FALSE,Female,First,Graduate,
30,612,,FALSE,Female,First,Graduate,
19,251,,FALSE,Female,First,Graduate,
25,470,,FALSE,Female,First,Graduate,
19,273,,FALSE,Female,First,Graduate,
18,187,,FALSE,Female,First,Graduate,
24,550,,FALSE,Female,First,Graduate,
20,146,,FALSE,Female,Second,Graduate,
18,11,,FALSE,Male,First,Graduate,
30,72,,FALSE,Male,First,Graduate,
24,45,,FALSE,Male,First,Graduate,
18,56,,FALSE,Male,First,Graduate,
25,234,,FALSE,Male,First,Graduate,
24,657,,FALSE,Female,Second,Graduate,
30,669,,FALSE,Female,Second,Graduate,
18,224,,FALSE,Female,Second,Graduate,
26,619,,FALSE,Male,Second,Graduate,
19,234,,FALSE,Male,Second,Graduate,
19,58,,FALSE,Male,First,Graduate,
24,274,,FALSE,Male,First,Graduate,
20,407,,FALSE,Male,Third,Graduate,
30,574,,FALSE,Male,Second,Graduate,
18,136,,FALSE,Male,Second,Graduate,
18,47,,FALSE,Female,First,Graduate,
24,291,,FALSE,Female,First,Graduate,
30,634,,FALSE,Female,First,Graduate,
30,680,,FALSE,Female,First,Graduate,
18,301,,FALSE,Female,First,Graduate,
23,530,,FALSE,Female,First,Graduate,
24,555,,FALSE,Female,First,Graduate,
24,62,,FALSE,Male,First,Graduate,
27,120,,FALSE,Female,First,Graduate,Hispanic
30,255,,FALSE,Female,First,Graduate,Hispanic
21,45,,FALSE,Male,First,Graduate,
27,376,,FALSE,Male,First,Graduate,
29,77,,FALSE,Female,Second,Graduate,Hispanic
23,2,,FALSE,Female,Second,Graduate,Hispanic
24,314,,FALSE,Male,Second,Graduate,
30,487,,FALSE,Male,Second,Graduate,
19,46,,FALSE,Female,First,Graduate,Hispanic
18,334,,FALSE,Male,First,Graduate,Hispanic
27,57,,FALSE,Female,First,Graduate,Hispanic
18,44,,FALSE,Male,First,Graduate,Hispanic
22,266,,FALSE,Female,First,Graduate,
23,34,,FALSE,Male,Third,Graduate,
25,497,,FALSE,Male,First,Graduate,Hispanic
30,496,,FALSE,Male,First,Graduate,Hispanic
29,121,,FALSE,Male,First,Graduate,
19,12,,FALSE,Male,First,Graduate,
28,267,,FALSE,Male,Second,Graduate,
22,99,,FALSE,Male,Second,Graduate,
23,140,,FALSE,Female,First,Graduate,
30,368,,FALSE,Female,First,Graduate,
25,658,,FALSE,Male,Second,Graduate,
24,504,,FALSE,Female,Second,Graduate,
24,350,,FALSE,Male,Third,Graduate,
25,217,,FALSE,Male,Second,Graduate,
25,141,,FALSE,Male,First,Graduate,
25,360,,FALSE,Female,First,Graduate,
25,647,,FALSE,Female,First,Graduate,
25,58,,FALSE,Female,First,Graduate,
24,485,,FALSE,Female,Second,Graduate,
24,151,,FALSE,Female,Second,Graduate,
23,6,,FALSE,Male,First,Graduate,
23,133,,FALSE,Male,First,Graduate,
29,271,,FALSE,Male,First,Graduate,
29,48,,FALSE,Male,Second,Graduate,
22,17,,FALSE,Male,Second,Graduate,
30,206,,FALSE,Male,First,Graduate,
22,4,,FALSE,Male,First,Graduate,
28,70,,FALSE,Male,First,Graduate,
23,142,,FALSE,Male,First,Graduate,
30,456,,FALSE,Male,First,Graduate,
29,221,,FALSE,Male,Third,Graduate,
22,231,,FALSE,Male,Third,Graduate,
24,55,,FALSE,Female,First,Graduate,
23,55,,FALSE,Male,Second,Graduate,
24,42,,FALSE,Female,First,Graduate,
30,34,,FALSE,Female,First,Graduate,
30,293,,FALSE,Female,Second,Graduate,
23,42,,FALSE,Female,Second,Graduate,
25,311,,FALSE,Male,Third,Graduate,
30,235,,FALSE,Female,First,Graduate,
23,111,,FALSE,Female,First,Graduate,
24,504,,FALSE,Female,Third,Graduate,
25,449,,FALSE,Male,Second,Graduate,
24,86,,FALSE,Female,First,Graduate,
24,270,,FALSE,Female,First,Graduate,
24,111,,FALSE,Male,Second,Graduate,
29,12,,FALSE,Female,First,Graduate,
22,285,,FALSE,Male,,Graduate,Hispanic
25,538,,FALSE,Male,,Graduate,Hispanic
30,582,,FALSE,Male,,Graduate,Hispanic
22,55,,FALSE,Male,,Graduate,Hispanic
25,235,,FALSE,Male,,Graduate,Hispanic
30,666,,FALSE,Male,,Graduate,Hispanic
30,281,,FALSE,Female,,Graduate,Hispanic
25,232,,FALSE,Female,,Graduate,Hispanic
22,62,,FALSE,Female,,Graduate,Hispanic
25,102,,FALSE,Male,,Graduate,Hispanic
30,258,,FALSE,Male,,Graduate,Hispanic
22,40,,FALSE,Male,,Graduate,Hispanic
22,51,,FALSE,Male,,Graduate,Hispanic
25,70,,FALSE,Male,,Graduate,Hispanic
30,277,,FALSE,Male,,Graduate,Hispanic
30,328,,FALSE,Female,,Graduate,Hispanic
25,277,,FALSE,Female,,Graduate,Hispanic
22,62,,FALSE,Female,,Graduate,Hispanic
30,604,,FALSE,Female,,Graduate,Hispanic
25,470,,FALSE,Female,,Graduate,Hispanic
22,383,,FALSE,Female,,Graduate,Hispanic
25,104,,FALSE,Male,,Graduate,Hispanic
22,58,,FALSE,Male,,Graduate,Hispanic
30,192,,FALSE,Male,,Graduate,Hispanic
25,397,,FALSE,Male,,Graduate,Non-Hispanic
22,302,,FALSE,Male,,Graduate,Non-Hispanic
22,208,,FALSE,Female,,Graduate,Non-Hispanic
25,464,,FALSE,Female,,Graduate,Non-Hispanic
22,275,,FALSE,Female,,Graduate,Non-Hispanic
25,499,,FALSE,Female,,Graduate,Non-Hispanic
25,364,,FALSE,Female,,Graduate,Hispanic
22,201,,FALSE,Female,,Graduate,Hispanic
25,383,,FALSE,Female,,Graduate,Non-Hispanic
22,124,,FALSE,Female,,Graduate,Non-Hispanic
22,151,,FALSE,Male,,Graduate,Non-Hispanic
25,327,,FALSE,Male,,Graduate,Non-Hispanic
25,476,,FALSE,Female,,Graduate,Non-Hispanic
22,249,,FALSE,Female,,Graduate,Non-Hispanic
25,187,,FALSE,Male,,Graduate,Non-Hispanic
22,80,,FALSE,Male,,Graduate,Non-Hispanic
25,610,,FALSE,Male,,Graduate,Non-Hispanic
22,367,,FALSE,Male,,Graduate,Non-Hispanic
25,361,,FALSE,Female,,Graduate,Non-Hispanic
22,159,,FALSE,Female,,Graduate,Non-Hispanic
22,433,,FALSE,Female,,Graduate,Non-Hispanic
25,679,,FALSE,Female,,Graduate,Non-Hispanic
22,451,,FALSE,Male,,Graduate,Non-Hispanic
25,596,,FALSE,Male,,Graduate,Non-Hispanic
22,442,,FALSE,Male,,Graduate,Hispanic
25,507,,FALSE,Male,,Graduate,Hispanic
25,560,,FALSE,Female,,Graduate,Non-Hispanic
22,284,,FALSE,Female,,Graduate,Non-Hispanic
25,235,,FALSE,Female,,Graduate,Non-Hispanic
22,127,,FALSE,Female,,Graduate,Non-Hispanic
22,146,,FALSE,Female,,Graduate,Non-Hispanic
25,260,,FALSE,Female,,Graduate,Non-Hispanic
25,610,,FALSE,Female,,Graduate,Non-Hispanic
22,524,,FALSE,Female,,Graduate,Non-Hispanic
22,215,,FALSE,Male,,Graduate,Non-Hispanic
25,468,,FALSE,Male,,Graduate,Non-Hispanic
22,349,,FALSE,Female,,Graduate,Non-Hispanic
25,442,,FALSE,Female,,Graduate,Non-Hispanic
25,421,,FALSE,Male,,Graduate,Non-Hispanic
22,273,,FALSE,Male,,Graduate,Non-Hispanic
25,395,,FALSE,Female,,Graduate,Non-Hispanic
22,252,,FALSE,Female,,Graduate,Non-Hispanic
25,401,,FALSE,Female,,Graduate,Non-Hispanic
22,258,,FALSE,Female,,Graduate,Non-Hispanic
22,50,,FALSE,Male,,Graduate,Non-Hispanic
25,103,,FALSE,Male,,Graduate,Non-Hispanic
25,338,,FALSE,Male,,Graduate,Hispanic
22,100,,FALSE,Male,,Graduate,Hispanic
25,608,,FALSE,Male,,Graduate,Non-Hispanic
22,373,,FALSE,Male,,Graduate,Non-Hispanic
22,133,,FALSE,Male,,Graduate,Non-Hispanic
25,253,,FALSE,Male,,Graduate,Non-Hispanic
22,199,,FALSE,Male,,Graduate,Non-Hispanic
25,307,,FALSE,Male,,Graduate,Non-Hispanic
22,422,,FALSE,Male,,Graduate,Non-Hispanic
25,496,,FALSE,Male,,Graduate,Non-Hispanic
25,163,,FALSE,Female,,Graduate,Non-Hispanic
22,109,,FALSE,Female,,Graduate,Non-Hispanic
29,420,,FALSE,Female,,Graduate,Hispanic
30,582,,FALSE,Female,,Graduate,Hispanic
30,200,,FALSE,Female,,Graduate,Hispanic
30,25,,FALSE,Male,,Graduate,Hispanic
30,421,,FALSE,Female,,Graduate,Hispanic
30,127,,FALSE,Male,,Graduate,Hispanic
30,172,,FALSE,Male,,Graduate,Hispanic
30,24,,FALSE,Female,,Graduate,Hispanic
30,157,,FALSE,Male,,Graduate,Hispanic
30,119,,FALSE,Male,,Graduate,Hispanic
30,209,,FALSE,Male,,Graduate,Hispanic
30,580,,FALSE,Male,,Graduate,Hispanic
30,113,,FALSE,Male,,Graduate,Hispanic
30,43,,FALSE,Female,,Graduate,Hispanic
30,231,,FALSE,Female,,Graduate,Hispanic
30,78,,FALSE,Male,,Graduate,Hispanic
30,580,,FALSE,Female,,Graduate,Hispanic
29,196,,FALSE,Male,,Graduate,Hispanic
30,67,,FALSE,Female,,Graduate,Hispanic
30,193,,FALSE,Female,,Graduate,Hispanic
30,482,,FALSE,Male,,Graduate,Hispanic
30,296,,FALSE,Female,,Graduate,Hispanic
30,60,,FALSE,Male,,Graduate,Hispanic
29,455,,FALSE,Female,,Graduate,Hispanic
30,267,,FALSE,Male,,Graduate,Hispanic
29,438,,FALSE,Female,,Graduate,Hispanic
30,267,,FALSE,Male,,Graduate,Hispanic
29,673,,FALSE,Female,,Graduate,Hispanic
30,128,,FALSE,Male,,Graduate,Hispanic
30,144,,FALSE,Female,,Graduate,Hispanic
30,323,,FALSE,Female,,Graduate,Hispanic
30,215,,FALSE,Male,,Graduate,Hispanic
30,42,,FALSE,Male,,Graduate,Hispanic
30,424,,FALSE,Female,,Graduate,Hispanic
30,169,,FALSE,Male,,Graduate,Hispanic
30,241,,FALSE,Female,,Graduate,Hispanic
30,103,,FALSE,Female,,Graduate,Hispanic
30,356,,FALSE,Male,,Graduate,Hispanic
29,144,,FALSE,Male,,Graduate,Hispanic
30,132,,FALSE,Male,,Graduate,Hispanic
29,245,,FALSE,Female,,Graduate,Hispanic
30,200,,FALSE,Male,,Graduate,Hispanic
29,247,,FALSE,Female,,Graduate,Hispanic
30,222,,FALSE,Male,,Graduate,Hispanic
29,587,,FALSE,Female,,Graduate,Hispanic
30,276,,FALSE,Female,,Graduate,Hispanic
30,275,,FALSE,Female,,Graduate,Hispanic
30,537,,FALSE,Male,,Graduate,Hispanic
30,340,,FALSE,Male,,Graduate,Hispanic
29,589,,FALSE,Female,,Graduate,Hispanic
30,125,,FALSE,Female,,Graduate,Hispanic
29,132,,FALSE,Female,,Graduate,Hispanic
30,48,,FALSE,Female,,Graduate,Hispanic
30,121,,FALSE,Male,,Graduate,Hispanic
30,97,,FALSE,Male,,Graduate,Hispanic
30,53,,FALSE,Male,,Graduate,Hispanic
30,17,,FALSE,Male,,Graduate,Hispanic
30,70,,FALSE,Female,,Graduate,Hispanic
29,545,,FALSE,Female,,Graduate,Hispanic
30,134,,FALSE,Male,,Graduate,Hispanic
30,517,,FALSE,Male,,Graduate,Non-Hispanic
30,175,,FALSE,Female,,Graduate,Non-Hispanic
30,512,,FALSE,Male,,Graduate,Non-Hispanic
30,664,,FALSE,Female,,Graduate,Non-Hispanic
30,582,,FALSE,Female,,Graduate,Non-Hispanic
30,655,,FALSE,Male,,Graduate,Non-Hispanic
30,400,,FALSE,Male,,Graduate,Non-Hispanic
30,559,,FALSE,Female,,Graduate,Non-Hispanic
30,590,,FALSE,Male,,Graduate,Non-Hispanic
30,470,,FALSE,Female,,Graduate,Non-Hispanic
29,607,,FALSE,Male,,Graduate,Non-Hispanic
30,517,,FALSE,Female,,Graduate,Non-Hispanic
30,660,,FALSE,Female,,Graduate,Non-Hispanic
30,635,,FALSE,Female,,Graduate,Non-Hispanic
30,589,,FALSE,Female,,Graduate,Non-Hispanic
30,625,,FALSE,Male,,Graduate,Non-Hispanic
30,497,,FALSE,Male,,Graduate,Non-Hispanic
30,623,,FALSE,Male,,Graduate,Non-Hispanic
30,244,,FALSE,Male,,Graduate,Hispanic
30,655,,FALSE,Female,,Graduate,Non-Hispanic
30,618,,FALSE,Female,,Graduate,Non-Hispanic
29,680,,FALSE,Male,,Graduate,
26,680,,FALSE,Female,,Graduate,Hispanic
28,680,,FALSE,Male,,Graduate,
27,680,,FALSE,Female,,Graduate,
29,680,,FALSE,Male,,Graduate,
24,680,,FALSE,Male,,Graduate,Hispanic
24,680,,FALSE,Female,,Graduate,
24,680,,FALSE,Female,,Graduate,
18,680,,FALSE,Male,,Graduate,
24,13,,FALSE,Male,,Graduate,
17,6,,FALSE,Male,,Graduate,
23,10,,FALSE,Male,,Graduate,
17,4,,FALSE,Male,,Graduate,
23,1,,FALSE,Male,,Graduate,
19,1,,FALSE,Male,,Graduate,
24,14,,FALSE,Male,,Graduate,
17,3,,FALSE,Male,,Graduate,
17,3,,FALSE,Male,,Graduate,
24,35,,FALSE,Male,,Graduate,
24,67,,FALSE,Female,,Graduate,
23,3,,FALSE,Male,,Graduate,
18,3,,FALSE,Male,,Graduate,
18,668,,FALSE,Female,,Graduate,
23,3,,FALSE,Female,,Graduate,
24,19,,FALSE,Female,,Graduate,
18,5,,FALSE,Female,,Graduate,
18,680,,FALSE,Female,,Graduate,
24,25,,FALSE,Female,,Graduate,
17,6,,FALSE,Female,,Graduate,
26,7,,FALSE,Female,,Graduate,
17,30,,FALSE,Male,,Graduate,
24,248,,FALSE,Male,,Graduate,
17,6,,FALSE,Male,,Graduate,Hispanic
23,134,,FALSE,Male,,Graduate,Hispanic
23,272,,FALSE,Female,,Graduate,
17,225,,FALSE,Female,,Graduate,
24,0,,FALSE,Male,,Graduate,
17,2,,FALSE,Male,,Graduate,
24,87,,FALSE,Male,,Graduate,
17,17,,FALSE,Male,,Graduate,
17,30,,FALSE,Male,,Graduate,
23,303,,FALSE,Male,,Graduate,
18,106,,FALSE,Male,,Graduate,
24,232,,FALSE,Male,,Graduate,
18,209,,FALSE,Male,,Graduate,
24,670,,FALSE,Male,,Graduate,
18,30,,FALSE,Male,,Graduate,
25,58,,FALSE,Male,,Graduate,
24,663,,FALSE,Male,,Graduate,
18,680,,FALSE,Male,,Graduate,
24,428,,FALSE,Female,,Graduate,
18,33,,FALSE,Female,,Graduate,
23,532,,FALSE,Female,,Graduate,
23,336,,FALSE,Female,,Graduate,
17,93,,FALSE,Female,,Graduate,
17,39,,FALSE,Female,,Graduate,
24,145,,FALSE,Female,,Graduate,
24,643,,FALSE,Male,,Graduate,
17,185,,FALSE,Male,,Graduate,
18,13,,FALSE,Male,,Graduate,
24,30,,FALSE,Male,,Graduate,
23,15,,FALSE,Male,,Graduate,
17,5,,FALSE,Male,,Graduate,
17,5,,FALSE,Female,,Graduate,
18,2,,FALSE,Female,,Graduate,
17,34,,FALSE,Female,,Graduate,
23,194,,FALSE,Female,,Graduate,
17,145,,FALSE,Female,,Graduate,
23,579,,FALSE,Female,,Graduate,
24,315,,FALSE,Male,,Graduate,
18,87,,FALSE,Male,,Graduate,
18,169,,FALSE,Male,,Graduate,
24,456,,FALSE,Male,,Graduate,
18,8,,FALSE,Female,,Graduate,
24,460,,FALSE,Male,,Graduate,
17,197,,FALSE,Male,,Graduate,
23,307,,FALSE,Female,,Graduate,
17,57,,FALSE,Female,,Graduate,
17,324,,FALSE,Male,,Graduate,
23,661,,FALSE,Male,,Graduate,
23,356,,FALSE,Male,,Graduate,
17,118,,FALSE,Male,,Graduate,
18,84,,FALSE,Female,,Graduate,
23,472,,FALSE,Female,,Graduate,
24,350,,FALSE,Male,,Graduate,
18,31,,FALSE,Male,,Graduate,
17,85,,FALSE,Female,,Graduate,
24,410,,FALSE,Female,,Graduate,
18,42,,FALSE,Female,,Graduate,
23,475,,FALSE,Female,,Graduate,
18,203,,FALSE,Male,,Graduate,
24,630,,FALSE,Male,,Graduate,
27,227,,TRUE,Female,,Graduate,Non-Hispanic
24,228,,TRUE,Female,,Graduate,Non-Hispanic
21,49,,TRUE,Female,,Graduate,Non-Hispanic
18,8,,TRUE,Male,,Graduate,Non-Hispanic
20,12,,TRUE,Female,,Graduate,Non-Hispanic
23,25,,TRUE,Female,,Graduate,Non-Hispanic
26,96,,TRUE,Male,,Graduate,Non-Hispanic
19,43,,TRUE,Female,,Graduate,Non-Hispanic
23,20,,TRUE,Female,,Graduate,Non-Hispanic
22,85,,TRUE,Male,,Graduate,Non-Hispanic
29,41,,TRUE,Male,,Graduate,Non-Hispanic
20,61,,TRUE,Male,,Graduate,Non-Hispanic
19,53,,TRUE,Female,,Graduate,Non-Hispanic
21,45,,TRUE,Male,,Graduate,Non-Hispanic
25,25,,TRUE,Male,,Graduate,Non-Hispanic
30,17,,TRUE,Male,,Graduate,Non-Hispanic
25,165,,TRUE,Male,,Graduate,Non-Hispanic
19,22,,TRUE,Female,,Graduate,Non-Hispanic
19,70,,TRUE,Female,,Graduate,Non-Hispanic
18,48,,TRUE,Female,,Graduate,Non-Hispanic
18,159,,TRUE,Male,,Graduate,Non-Hispanic
26,231,,TRUE,Male,,Graduate,Non-Hispanic
17,26,,TRUE,Female,,Graduate,Non-Hispanic
27,624,,TRUE,Female,,Graduate,Non-Hispanic
19,91,,TRUE,Male,,Graduate,Non-Hispanic
18,6,,TRUE,Male,,Graduate,Non-Hispanic
17,21,,TRUE,Male,,Graduate,Non-Hispanic
17,41,,TRUE,Female,,Graduate,Non-Hispanic
20,3,,TRUE,Male,,Graduate,Non-Hispanic
18,88,,TRUE,Female,,Graduate,Non-Hispanic
17,77,,TRUE,Male,,Graduate,Non-Hispanic
18,29,,TRUE,Female,,Graduate,Non-Hispanic
16,65,,TRUE,Male,,Graduate,Non-Hispanic
17,163,,TRUE,Female,,Graduate,Non-Hispanic
17,6,,TRUE,Male,,Graduate,Non-Hispanic
19,17,,TRUE,Female,,Graduate,Non-Hispanic
17,18,,TRUE,Male,,Graduate,Non-Hispanic
18,43,,TRUE,Female,,Graduate,Non-Hispanic
24,67,,TRUE,Male,,Graduate,Non-Hispanic
23,51,,TRUE,Female,,Graduate,Non-Hispanic
19,37,,TRUE,Male,,Graduate,Non-Hispanic
19,65,,TRUE,Male,,Graduate,Non-Hispanic
18,21,,TRUE,Male,,Graduate,Non-Hispanic
24,6,,TRUE,Male,,Graduate,Non-Hispanic
18,27,,TRUE,Female,,Graduate,Non-Hispanic
26,395,,TRUE,Male,,Graduate,Non-Hispanic
18,47,,TRUE,Male,,Graduate,Non-Hispanic
18,16,,TRUE,Male,,Graduate,Non-Hispanic
19,5,,TRUE,Male,,Graduate,Hispanic
17,41,,TRUE,Male,,Graduate,Hispanic
17,9,,TRUE,Male,,Graduate,Non-Hispanic
17,18,,TRUE,Male,,Graduate,Non-Hispanic
18,21,,TRUE,Male,,Graduate,Non-Hispanic
23,148,,TRUE,Female,,Graduate,Non-Hispanic
18,97,,TRUE,Male,,Graduate,Non-Hispanic
17,14,,TRUE,Male,,Graduate,Non-Hispanic
17,79,,TRUE,Male,,Graduate,Non-Hispanic
18,19,,TRUE,Male,,Graduate,Non-Hispanic
18,57,,TRUE,Male,,Graduate,Non-Hispanic
17,27,,TRUE,Male,,Graduate,Non-Hispanic
22,171,,TRUE,Female,,Graduate,Non-Hispanic
20,30,,TRUE,Female,,Graduate,Non-Hispanic
16,46,,TRUE,Male,,Graduate,Non-Hispanic
17,22,,TRUE,Female,,Graduate,Non-Hispanic
19,16,,TRUE,Male,,Graduate,Non-Hispanic
20,80,,TRUE,Female,,Graduate,Non-Hispanic
16,22,,TRUE,Male,,Graduate,Non-Hispanic
27,32,,TRUE,Male,,Graduate,Non-Hispanic
25,294,,TRUE,Male,,Graduate,Non-Hispanic
16,85,,TRUE,Male,,Graduate,Non-Hispanic
20,72,,TRUE,Female,,Graduate,Non-Hispanic
21,11,,TRUE,Female,,Graduate,Non-Hispanic
20,77,,TRUE,Female,,Graduate,Non-Hispanic
19,6,,TRUE,Male,,Graduate,Non-Hispanic
18,21,,TRUE,Female,,Graduate,Non-Hispanic
16,0,,TRUE,Male,,Graduate,Non-Hispanic
23,220,,TRUE,Female,,Graduate,Hispanic
16,154,,TRUE,Female,,Graduate,Non-Hispanic
16,15,,TRUE,Male,,Graduate,Non-Hispanic
18,117,,TRUE,Male,,Graduate,Non-Hispanic
17,21,,TRUE,Female,,Graduate,Non-Hispanic
19,129,,TRUE,Female,,Graduate,Non-Hispanic
17,10,,TRUE,Male,,Graduate,Non-Hispanic
16,77,,TRUE,Female,,Graduate,Non-Hispanic
16,5,,TRUE,Male,,Graduate,Non-Hispanic
18,50,,TRUE,Female,,Graduate,Non-Hispanic
17,74,,TRUE,Male,,Graduate,Non-Hispanic
18,6,,TRUE,Male,,Graduate,Non-Hispanic
17,51,,TRUE,Female,,Graduate,Non-Hispanic
18,22,,TRUE,Female,,Graduate,Non-Hispanic
26,341,,TRUE,Male,,Graduate,Non-Hispanic
21,165,,TRUE,Female,,Graduate,Non-Hispanic
27,527,,TRUE,Male,,Graduate,Non-Hispanic
24,31,,TRUE,Male,,Graduate,Non-Hispanic
24,432,,TRUE,Female,,Graduate,Non-Hispanic
19,29,,TRUE,Male,,Graduate,Non-Hispanic
24,6,,TRUE,Male,,Graduate,Non-Hispanic
26,539,,TRUE,Female,,Graduate,Non-Hispanic
16,27,,TRUE,Female,,Graduate,Non-Hispanic
18,37,,TRUE,Female,,Graduate,Non-Hispanic
30,561,,TRUE,Female,,Graduate,Non-Hispanic
24,10,,TRUE,Male,,Graduate,Non-Hispanic
18,11,,TRUE,Male,,Graduate,Non-Hispanic
20,75,,TRUE,Female,,Graduate,Non-Hispanic
18,77,,TRUE,Male,,Graduate,Non-Hispanic
28,559,,TRUE,Male,,Graduate,Non-Hispanic
17,10,,TRUE,Male,,Graduate,Non-Hispanic
27,201,,TRUE,Male,,Graduate,Hispanic
21,16,,TRUE,Male,,Graduate,Non-Hispanic
18,3,,TRUE,Male,,Graduate,Non-Hispanic
30,487,,TRUE,Female,,Graduate,Non-Hispanic
18,40,,TRUE,Male,,Graduate,Non-Hispanic
16,14,,TRUE,Male,,Graduate,Non-Hispanic
18,27,,TRUE,Male,,Graduate,Non-Hispanic
17,18,,TRUE,Male,,Graduate,Non-Hispanic
17,37,,TRUE,Female,,Graduate,Non-Hispanic
30,554,,TRUE,Female,,Graduate,Non-Hispanic
24,217,,TRUE,Male,,Graduate,Non-Hispanic
26,226,,TRUE,Female,,Graduate,Non-Hispanic
19,20,,TRUE,Female,,Graduate,Non-Hispanic
21,60,,TRUE,Male,,Graduate,Non-Hispanic
26,316,,TRUE,Female,,Graduate,Non-Hispanic
22,4,,TRUE,Female,,Graduate,Non-Hispanic
27,94,,TRUE,Male,,Graduate,Non-Hispanic
30,135,,TRUE,Male,,Graduate,Non-Hispanic
19,269,,TRUE,Female,,Graduate,Non-Hispanic
19,28,,TRUE,Female,,Graduate,Non-Hispanic
22,26,,TRUE,Female,,Graduate,Non-Hispanic
21,19,,TRUE,Male,,Graduate,Non-Hispanic
21,44,,TRUE,Male,,Graduate,Non-Hispanic
19,31,,TRUE,Male,,Graduate,Non-Hispanic
20,134,,TRUE,Male,,Graduate,Non-Hispanic
19,1,,TRUE,Male,,Graduate,Non-Hispanic
19,15,,TRUE,Female,,Graduate,Non-Hispanic
22,203,,TRUE,Male,,Graduate,Non-Hispanic
19,221,,TRUE,Female,,Graduate,Non-Hispanic
18,10,,TRUE,Male,,Graduate,Non-Hispanic
20,9,,TRUE,Male,,Graduate,Non-Hispanic
24,5,,TRUE,Female,,Graduate,Non-Hispanic
24,182,,TRUE,Male,,Graduate,Non-Hispanic
18,76,,TRUE,Male,,Graduate,Non-Hispanic
19,153,,TRUE,Female,,Graduate,Non-Hispanic
18,123,,TRUE,Female,,Graduate,Non-Hispanic
20,60,,TRUE,Female,,Graduate,Non-Hispanic
19,137,,TRUE,Female,,Graduate,Non-Hispanic
22,24,,TRUE,Female,,Graduate,Non-Hispanic
19,42,,TRUE,Female,,Graduate,Non-Hispanic
30,27,,TRUE,Male,,Graduate,Non-Hispanic
30,443,,TRUE,Male,,Graduate,Non-Hispanic
18,53,,TRUE,Male,,Graduate,Non-Hispanic
18,141,,TRUE,Male,,Graduate,Non-Hispanic
18,2,,TRUE,Male,,Graduate,Non-Hispanic
18,40,,TRUE,Male,,Graduate,Non-Hispanic
18,4,,TRUE,Male,,Graduate,Non-Hispanic
18,6,,TRUE,Female,,Graduate,Non-Hispanic
18,22,,TRUE,Male,,Graduate,Non-Hispanic
18,47,,TRUE,Male,,Graduate,Hispanic
17,211,,TRUE,Male,,Graduate,Non-Hispanic
28,504,,TRUE,Female,,Graduate,Non-Hispanic
20,82,,TRUE,Female,,Graduate,Non-Hispanic
16,14,,TRUE,Female,,Graduate,Non-Hispanic
17,8,,TRUE,Male,,Graduate,Non-Hispanic
19,28,,TRUE,Male,,Graduate,Non-Hispanic
22,344,,TRUE,Female,,Graduate,Non-Hispanic
27,263,,TRUE,Male,,Graduate,Non-Hispanic
18,2,,TRUE,Male,,Graduate,Non-Hispanic
18,18,,TRUE,Female,,Graduate,Non-Hispanic
21,20,,TRUE,Female,,Graduate,Non-Hispanic
18,134,,TRUE,Female,,Graduate,Non-Hispanic
18,7,,TRUE,Male,,Graduate,Non-Hispanic
18,47,,TRUE,Male,,Graduate,Non-Hispanic
27,352,,TRUE,Female,,Graduate,Non-Hispanic
24,202,,TRUE,Female,,Graduate,Non-Hispanic
22,56,,TRUE,Female,,Graduate,Non-Hispanic
21,78,,TRUE,Female,,Graduate,Hispanic
18,16,,TRUE,Female,,Graduate,Non-Hispanic
26,23,,TRUE,Male,,Graduate,Non-Hispanic
24,70,,TRUE,Male,,Graduate,Non-Hispanic
27,602,,TRUE,Female,,Graduate,Non-Hispanic
19,133,,TRUE,Male,,Graduate,Non-Hispanic
23,91,,TRUE,Male,,Graduate,Non-Hispanic
18,206,,TRUE,Male,,Graduate,Hispanic
19,31,,TRUE,Male,,Graduate,Non-Hispanic
25,492,,TRUE,Female,,Graduate,Non-Hispanic
25,223,,TRUE,Male,,Graduate,Non-Hispanic
21,577,,TRUE,Female,,Graduate,Non-Hispanic
18,47,,TRUE,Male,,Graduate,Non-Hispanic
28,574,,TRUE,Female,,Graduate,Non-Hispanic
25,552,,TRUE,Male,,Graduate,Non-Hispanic
26,372,,TRUE,Female,,Graduate,Non-Hispanic
24,116,,TRUE,Male,,Graduate,Hispanic
29,239,,TRUE,Female,,Graduate,Non-Hispanic
26,95,,TRUE,Male,,Graduate,Hispanic
29,69,,TRUE,Female,,Graduate,Non-Hispanic
26,203,,TRUE,Male,,Graduate,Non-Hispanic
25,68,,TRUE,Female,,Graduate,Non-Hispanic
20,144,,TRUE,Female,,Graduate,Non-Hispanic
28,433,,TRUE,Male,,Graduate,Non-Hispanic
23,197,,TRUE,Male,,Graduate,Non-Hispanic
28,460,,TRUE,Female,,Graduate,Non-Hispanic
30,639,,TRUE,Female,,Graduate,Non-Hispanic
27,230,,TRUE,Female,,Graduate,Non-Hispanic
24,318,,TRUE,Male,,Graduate,Non-Hispanic
21,117,,TRUE,Female,,Graduate,Non-Hispanic
26,548,,TRUE,Female,,Graduate,Non-Hispanic
20,99,,TRUE,Female,,Graduate,Hispanic
28,396,,TRUE,Male,,Graduate,Non-Hispanic
24,279,,TRUE,Male,,Graduate,Non-Hispanic
30,639,,TRUE,Female,,Graduate,Non-Hispanic
27,93,,TRUE,Male,,Graduate,Non-Hispanic
20,20,,TRUE,Male,,Graduate,Non-Hispanic
22,109,,TRUE,Male,,Graduate,Non-Hispanic
30,571,,TRUE,Male,,Graduate,Non-Hispanic
19,298,,TRUE,Female,,Graduate,Hispanic
23,396,,TRUE,Male,,Graduate,Non-Hispanic
29,507,,TRUE,Male,,Graduate,Non-Hispanic
21,498,,TRUE,Female,,Graduate,Non-Hispanic
30,628,,TRUE,Male,,Graduate,Non-Hispanic
28,605,,TRUE,Male,,Graduate,Non-Hispanic
27,584,,TRUE,Female,,Graduate,Hispanic
25,480,,TRUE,Male,,Graduate,Hispanic
21,445,,TRUE,Female,,Graduate,Non-Hispanic
26,360,,TRUE,Male,,Graduate,Non-Hispanic
26,302,,TRUE,Male,,Graduate,Non-Hispanic
25,198,,TRUE,Female,,Graduate,Non-Hispanic
22,153,,TRUE,Female,,Graduate,Non-Hispanic
18,131,,TRUE,Female,,Graduate,Non-Hispanic
22,362,,TRUE,Male,,Graduate,Non-Hispanic
28,615,,TRUE,Male,,Graduate,Non-Hispanic
24,163,,TRUE,Female,,Graduate,Hispanic
30,498,,TRUE,Male,,Graduate,Non-Hispanic
29,240,,TRUE,Female,,Graduate,Non-Hispanic
16,79,,TRUE,Male,,Graduate,Non-Hispanic
27,459,,TRUE,Male,,Graduate,Non-Hispanic
27,0,,TRUE,Male,,Graduate,Non-Hispanic
21,235,,TRUE,Female,,Graduate,Non-Hispanic
26,288,,TRUE,Female,,Graduate,Non-Hispanic
25,566,,TRUE,Female,,Graduate,Non-Hispanic
28,608,,TRUE,Male,,Graduate,Non-Hispanic
21,454,,TRUE,Female,,Graduate,Non-Hispanic
26,478,,TRUE,Male,,Graduate,Non-Hispanic
22,90,,TRUE,Female,,Graduate,Non-Hispanic
19,67,,TRUE,Female,,Graduate,Non-Hispanic
21,203,,TRUE,Female,,Graduate,Non-Hispanic
18,103,,TRUE,Male,,Graduate,Non-Hispanic
22,292,,TRUE,Female,,Graduate,Non-Hispanic
29,406,,TRUE,Female,,Graduate,Non-Hispanic
25,549,,TRUE,Male,,Graduate,Non-Hispanic
24,141,,TRUE,Male,,Graduate,Non-Hispanic
25,548,,TRUE,Female,,Graduate,Non-Hispanic
28,645,,TRUE,Male,,Graduate,Non-Hispanic
27,385,,TRUE,Male,,Graduate,Non-Hispanic
24,90,,TRUE,Male,,Graduate,Non-Hispanic
29,594,,TRUE,Male,,Graduate,Non-Hispanic
27,69,,TRUE,Male,,Graduate,Non-Hispanic
25,493,,TRUE,Male,,Graduate,Non-Hispanic
26,563,,TRUE,Male,,Graduate,Hispanic
25,675,,TRUE,Female,,Graduate,Non-Hispanic
25,255,,TRUE,Male,,Graduate,Non-Hispanic
24,514,,TRUE,Male,,Graduate,Non-Hispanic
30,642,,TRUE,Male,,Graduate,Non-Hispanic
28,303,,TRUE,Male,,Graduate,Non-Hispanic
27,302,,TRUE,Male,,Graduate,Hispanic
25,221,,TRUE,Female,,Graduate,Non-Hispanic
25,446,,TRUE,Male,,Graduate,Non-Hispanic
28,439,,TRUE,Female,,Graduate,Non-Hispanic
24,232,,TRUE,Female,,Graduate,Non-Hispanic
27,494,,TRUE,Female,,Graduate,Non-Hispanic
26,509,,TRUE,Male,,Graduate,Non-Hispanic
25,77,,TRUE,Male,,Graduate,Non-Hispanic
26,333,,TRUE,Female,,Graduate,Non-Hispanic
29,636,,TRUE,Female,,Graduate,Non-Hispanic
26,545,,TRUE,Male,,Graduate,Non-Hispanic
25,350,,TRUE,Female,,Graduate,Non-Hispanic
24,444,,TRUE,Female,,Graduate,Non-Hispanic
24,396,,TRUE,Female,,Graduate,Non-Hispanic
30,312,,TRUE,Female,,Graduate,Non-Hispanic
19,53,,TRUE,Female,,Graduate,Non-Hispanic
19,102,,TRUE,Female,,Graduate,Non-Hispanic
26,179,,TRUE,Male,,Graduate,Non-Hispanic
25,306,,TRUE,Male,,Graduate,Hispanic
24,391,,TRUE,Male,,Graduate,Non-Hispanic
19,53,,TRUE,Female,,Graduate,Non-Hispanic
26,566,,TRUE,Male,,Graduate,Non-Hispanic
27,472,,TRUE,Male,,Graduate,Non-Hispanic
24,568,,TRUE,Female,,Graduate,Non-Hispanic
26,250,,TRUE,Male,,Graduate,Non-Hispanic
24,306,,TRUE,Male,,Graduate,Non-Hispanic
24,519,,TRUE,Male,,Graduate,Non-Hispanic
26,325,,TRUE,Male,,Graduate,Non-Hispanic
26,455,,TRUE,Male,,Graduate,Non-Hispanic
25,414,,TRUE,Male,,Graduate,Non-Hispanic
21,622,,TRUE,Female,,Graduate,Non-Hispanic
28,445,,TRUE,Female,,Graduate,Non-Hispanic
18,95,,TRUE,Female,,Graduate,Non-Hispanic
18,91,,TRUE,Female,,Graduate,Non-Hispanic
26,436,,TRUE,Female,,Graduate,Non-Hispanic
25,587,,TRUE,Female,,Graduate,Non-Hispanic
23,102,,TRUE,Male,,Graduate,Non-Hispanic
18,95,,TRUE,Female,,Graduate,Non-Hispanic
19,566,,TRUE,Female,,Graduate,Non-Hispanic
19,47,,TRUE,Female,,Graduate,Non-Hispanic
28,254,,TRUE,Male,,Graduate,Non-Hispanic
19,661,,TRUE,Female,,Graduate,Non-Hispanic
29,343,,TRUE,Male,,Graduate,Non-Hispanic
25,468,,TRUE,Male,,Graduate,Non-Hispanic
29,552,,TRUE,Female,,Graduate,Non-Hispanic
24,336,,TRUE,Male,,Graduate,Non-Hispanic
28,495,,TRUE,Female,,Graduate,Non-Hispanic
24,267,,TRUE,Female,,Graduate,Non-Hispanic
18,40,,TRUE,Male,,Graduate,Non-Hispanic
27,116,,TRUE,Male,,Graduate,Non-Hispanic
17,46,,TRUE,Female,,Graduate,Non-Hispanic
28,590,,TRUE,Male,,Graduate,Non-Hispanic
29,563,,TRUE,Male,,Graduate,Non-Hispanic
17,641,,TRUE,Female,,Graduate,Non-Hispanic
17,38,,TRUE,Male,,Graduate,Non-Hispanic
24,397,,TRUE,Female,,Graduate,Non-Hispanic
28,401,,TRUE,Male,,Graduate,Hispanic
30,578,,TRUE,Male,,Graduate,Non-Hispanic
20,71,,TRUE,Male,,Graduate,Non-Hispanic
30,594,,TRUE,Male,,Graduate,Non-Hispanic
27,649,,TRUE,Male,,Graduate,Hispanic
17,107,,TRUE,Male,,Graduate,Non-Hispanic
28,508,,TRUE,Male,,Graduate,Non-Hispanic
29,404,,TRUE,Male,,Graduate,Hispanic
28,399,,TRUE,Male,,Graduate,Non-Hispanic
29,527,,TRUE,Male,,Graduate,Non-Hispanic
24,206,,TRUE,Male,,Graduate,Non-Hispanic
18,91,,TRUE,Female,,Graduate,Non-Hispanic
18,47,,TRUE,Female,,Graduate,Non-Hispanic
23,101,,TRUE,Male,,Graduate,Non-Hispanic
30,518,,TRUE,Female,,Graduate,Non-Hispanic
29,443,,TRUE,Male,,Graduate,Non-Hispanic
24,286,,TRUE,Female,,Graduate,Non-Hispanic
24,66,,TRUE,Male,,Graduate,Non-Hispanic
24,642,,TRUE,Female,,Graduate,Non-Hispanic
29,583,,TRUE,Female,,Graduate,Non-Hispanic
25,124,,TRUE,Male,,Graduate,Non-Hispanic
24,163,,TRUE,Male,,Graduate,Hispanic
23,235,,TRUE,Female,,Graduate,Non-Hispanic
27,304,,TRUE,Male,,Graduate,Non-Hispanic
26,462,,TRUE,Male,,Graduate,Non-Hispanic
28,263,,TRUE,Male,,Graduate,Hispanic
28,445,,TRUE,Male,,Graduate,Non-Hispanic
17,9,,TRUE,Male,,Graduate,Non-Hispanic
29,206,,TRUE,Male,,Graduate,Hispanic
19,22,,TRUE,Male,,Graduate,Non-Hispanic
18,96,,TRUE,Female,,Graduate,Non-Hispanic
19,276,,TRUE,Female,,Graduate,Non-Hispanic
25,240,,TRUE,Male,,Graduate,Non-Hispanic
28,297,,TRUE,Female,,Graduate,Non-Hispanic
24,283,,TRUE,Male,,Graduate,Non-Hispanic
26,383,,TRUE,Female,,Graduate,Non-Hispanic
27,525,,TRUE,Female,,Graduate,Non-Hispanic
24,76,,TRUE,Female,,Graduate,Non-Hispanic
29,289,,TRUE,Male,,Graduate,Non-Hispanic
23,245,,TRUE,Male,,Graduate,Non-Hispanic
22,116,,TRUE,Female,,Graduate,Non-Hispanic
23,68,,TRUE,Male,,Graduate,Non-Hispanic
30,626,,TRUE,Male,,Graduate,Non-Hispanic
24,357,,TRUE,Female,,Graduate,Non-Hispanic
24,432,,TRUE,Male,,Graduate,Non-Hispanic
27,420,,TRUE,Male,,Graduate,Non-Hispanic
25,377,,TRUE,Female,,Graduate,Non-Hispanic
20,259,,TRUE,Female,,Graduate,Non-Hispanic
24,336,,TRUE,Male,,Graduate,Non-Hispanic
22,675,,TRUE,Female,,Graduate,Non-Hispanic
21,62,,TRUE,Female,,Graduate,Non-Hispanic
25,521,,TRUE,Female,,Graduate,Non-Hispanic
24,88,,TRUE,Male,,Graduate,Non-Hispanic
18,166,,TRUE,Female,,Graduate,Hispanic
25,504,,TRUE,Female,,Graduate,Non-Hispanic
17,115,,TRUE,Male,,Graduate,Non-Hispanic
24,128,,TRUE,Female,,Graduate,Non-Hispanic
21,315,,TRUE,Male,,Graduate,Non-Hispanic
25,215,,TRUE,Male,,Graduate,Non-Hispanic
23,346,,TRUE,Female,,Graduate,Non-Hispanic
23,51,,TRUE,Male,,Graduate,Non-Hispanic
24,80,,TRUE,Female,,Graduate,Non-Hispanic
25,117,,TRUE,Male,,Graduate,Non-Hispanic
18,76,,TRUE,Male,,Graduate,Non-Hispanic
24,175,,TRUE,Male,,Graduate,Non-Hispanic
24,244,,TRUE,Male,,Graduate,Non-Hispanic
26,373,,TRUE,Male,,Graduate,Non-Hispanic
27,127,,TRUE,Male,,Graduate,Non-Hispanic
27,604,,TRUE,Female,,Graduate,Non-Hispanic
19,28,,TRUE,Female,,Graduate,Non-Hispanic
21,256,,TRUE,Male,,Graduate,Non-Hispanic
25,285,,TRUE,Female,,Graduate,Non-Hispanic
28,369,,TRUE,Female,,Graduate,Non-Hispanic
26,95,,TRUE,Female,,Graduate,Non-Hispanic
26,340,,TRUE,Male,,Graduate,Non-Hispanic
25,233,,TRUE,Male,,Graduate,Non-Hispanic
29,388,,TRUE,Male,,Graduate,Hispanic
19,63,,TRUE,Male,,Graduate,Non-Hispanic
23,334,,TRUE,Female,,Graduate,Non-Hispanic
27,355,,TRUE,Female,,Graduate,Non-Hispanic
27,366,,TRUE,Female,,Graduate,Non-Hispanic
19,21,,TRUE,Female,,Graduate,Non-Hispanic
28,183,,TRUE,Male,,Graduate,Non-Hispanic
25,231,,TRUE,Male,,Graduate,Non-Hispanic
23,96,,TRUE,Male,,Graduate,Non-Hispanic
28,384,,TRUE,Female,,Graduate,Non-Hispanic
25,673,,TRUE,Female,,Graduate,Non-Hispanic
27,575,,TRUE,Female,,Graduate,Non-Hispanic
29,644,,TRUE,Female,,Graduate,Non-Hispanic
27,523,,TRUE,Female,,Graduate,Non-Hispanic
26,317,,TRUE,Female,,Graduate,Non-Hispanic
27,331,,TRUE,Male,,Graduate,Non-Hispanic
26,545,,TRUE,Male,,Graduate,Non-Hispanic
24,417,,TRUE,Female,,Graduate,Hispanic
24,531,,TRUE,Male,,Graduate,Non-Hispanic
27,507,,TRUE,Male,,Graduate,Non-Hispanic
28,181,,TRUE,Male,,Graduate,Non-Hispanic
25,251,,TRUE,Female,,Graduate,Non-Hispanic
29,589,,TRUE,Female,,Graduate,Non-Hispanic
19,242,,TRUE,Male,,Graduate,Non-Hispanic
17,42,,TRUE,Female,,Graduate,Non-Hispanic
17,25,,TRUE,Female,,Graduate,Non-Hispanic
24,367,,TRUE,Male,,Graduate,Non-Hispanic
23,181,,TRUE,Female,,Graduate,Non-Hispanic
23,82,,TRUE,Female,,Graduate,Non-Hispanic
22,243,,TRUE,Female,,Graduate,Non-Hispanic
23,533,,TRUE,Female,,Graduate,Non-Hispanic
26,268,,TRUE,Female,,Graduate,Non-Hispanic
17,51,,TRUE,Male,,Graduate,Non-Hispanic
17,19,,TRUE,Female,,Graduate,Non-Hispanic
23,194,,TRUE,Male,,Graduate,Non-Hispanic
17,24,,TRUE,Female,,Graduate,Non-Hispanic
17,25,,TRUE,Male,,Graduate,Non-Hispanic
24,310,,TRUE,Female,,Graduate,Non-Hispanic
26,405,,TRUE,Female,,Graduate,Non-Hispanic
27,644,,TRUE,Male,,Graduate,Non-Hispanic
24,423,,TRUE,Female,,Graduate,Non-Hispanic
22,124,,TRUE,Female,,Graduate,Non-Hispanic
19,103,,TRUE,Male,,Graduate,Non-Hispanic
18,230,,TRUE,Female,,Graduate,Non-Hispanic
29,553,,TRUE,Male,,Graduate,Non-Hispanic
17,32,,TRUE,Female,,Graduate,Non-Hispanic
17,123,,TRUE,Female,,Graduate,Non-Hispanic
25,587,,TRUE,Male,,Graduate,Non-Hispanic
27,307,,TRUE,Female,,Graduate,Non-Hispanic
26,338,,TRUE,Female,,Graduate,Non-Hispanic
28,112,,TRUE,Male,,Graduate,Non-Hispanic
27,368,,TRUE,Male,,Graduate,Non-Hispanic
21,168,,TRUE,Male,,Graduate,Non-Hispanic
22,98,,TRUE,Female,,Graduate,Non-Hispanic
19,281,,TRUE,Male,,Graduate,Non-Hispanic
20,108,,TRUE,Male,,Graduate,Non-Hispanic
29,667,,TRUE,Male,,Graduate,Non-Hispanic
29,247,,TRUE,Female,,Graduate,Non-Hispanic
19,194,,TRUE,Female,,Graduate,Non-Hispanic
19,221,,TRUE,Male,,Graduate,Non-Hispanic
28,168,,TRUE,Male,,Graduate,Non-Hispanic
27,665,,TRUE,Male,,Graduate,Non-Hispanic
20,76,,TRUE,Female,,Graduate,Non-Hispanic
26,159,,TRUE,Male,,Graduate,Non-Hispanic
28,551,,TRUE,Male,,Graduate,Non-Hispanic
17,174,,TRUE,Female,,Graduate,Non-Hispanic
25,216,,TRUE,Male,,Graduate,Non-Hispanic
17,232,,TRUE,Male,,Graduate,Non-Hispanic
19,107,,TRUE,Male,,Graduate,Non-Hispanic
25,307,,TRUE,Female,,Graduate,Non-Hispanic
16,29,,TRUE,Female,,Graduate,Non-Hispanic
21,402,,TRUE,Female,,Graduate,Non-Hispanic
18,109,,TRUE,Female,,Graduate,Non-Hispanic
24,173,,TRUE,Male,,Graduate,Non-Hispanic
16,38,,TRUE,Female,,Graduate,Non-Hispanic
24,276,,TRUE,Female,,Graduate,Non-Hispanic
25,558,,TRUE,Male,,Graduate,Non-Hispanic
17,60,,TRUE,Female,,Graduate,Non-Hispanic
22,202,,TRUE,Male,,Graduate,Non-Hispanic
19,263,,TRUE,Male,,Graduate,Non-Hispanic
17,78,,TRUE,Male,,Graduate,Non-Hispanic
18,52,,TRUE,Female,,Graduate,Non-Hispanic
17,118,,TRUE,Female,,Graduate,Non-Hispanic
17,28,,TRUE,Male,,Graduate,Non-Hispanic
30,471,,TRUE,Male,,Graduate,Non-Hispanic
23,472,,TRUE,Male,,Graduate,Non-Hispanic
27,381,,TRUE,Female,,Graduate,Non-Hispanic
29,545,,TRUE,Male,,Graduate,Non-Hispanic
20,231,,TRUE,Female,,Graduate,Non-Hispanic
26,114,,TRUE,Female,,Graduate,Non-Hispanic
30,639,,TRUE,Male,,Graduate,Non-Hispanic
30,637,,TRUE,Male,,Graduate,Non-Hispanic
30,646,,TRUE,Female,,Graduate,Non-Hispanic
24,390,,TRUE,Male,,Graduate,Non-Hispanic
29,423,,TRUE,Male,,Graduate,Non-Hispanic
29,655,,TRUE,Female,,Graduate,Non-Hispanic
29,638,,TRUE,Male,,Graduate,Non-Hispanic
29,627,,TRUE,Male,,Graduate,Non-Hispanic
29,282,,TRUE,Male,,Graduate,Non-Hispanic
29,417,,TRUE,Male,,Graduate,Non-Hispanic
23,254,,TRUE,Male,,Graduate,Non-Hispanic
29,679,,TRUE,Male,,Graduate,Non-Hispanic
30,669,,TRUE,Female,,Graduate,Non-Hispanic
24,207,,TRUE,Male,,Graduate,Non-Hispanic
24,461,,TRUE,Male,,Graduate,Non-Hispanic
23,242,,TRUE,Female,,Graduate,Non-Hispanic
24,91,,TRUE,Male,,Graduate,Non-Hispanic
25,326,,TRUE,Male,,Graduate,Non-Hispanic
25,474,,TRUE,Female,,Graduate,Hispanic
24,286,,TRUE,Female,,Graduate,Non-Hispanic
30,484,,TRUE,Female,,Graduate,Non-Hispanic
27,596,,TRUE,Female,,Graduate,Non-Hispanic
29,373,,TRUE,Male,,Graduate,Non-Hispanic
18,128,,TRUE,Female,,Graduate,Non-Hispanic
30,678,,TRUE,Female,,Graduate,Non-Hispanic
17,101,,TRUE,Female,,Graduate,Non-Hispanic
25,385,,TRUE,Male,,Graduate,Non-Hispanic
25,96,,TRUE,Male,,Graduate,Non-Hispanic
27,213,,TRUE,Female,,Graduate,Non-Hispanic
23,147,,TRUE,Female,,Graduate,Non-Hispanic
23,561,,TRUE,Male,,Graduate,Non-Hispanic
25,333,,TRUE,Female,,Graduate,Non-Hispanic
29,618,,TRUE,Female,,Graduate,Non-Hispanic
29,610,,TRUE,Male,,Graduate,Non-Hispanic
26,503,,TRUE,Male,,Graduate,Non-Hispanic
27,555,,TRUE,Male,,Graduate,Hispanic
25,550,,TRUE,Male,,Graduate,Non-Hispanic
22,111,,TRUE,Male,,Graduate,Non-Hispanic
22,274,,TRUE,Male,,Graduate,Non-Hispanic
24,257,,TRUE,Female,,Graduate,Non-Hispanic
24,562,,TRUE,Male,,Graduate,Non-Hispanic
21,140,,TRUE,Male,,Graduate,Non-Hispanic
27,461,,TRUE,Male,,Graduate,Non-Hispanic
29,589,,TRUE,Male,,Graduate,Non-Hispanic
23,148,,TRUE,Male,,Graduate,Non-Hispanic
25,139,,TRUE,Male,,Graduate,Non-Hispanic
26,152,,TRUE,Female,,Graduate,Non-Hispanic
22,148,,TRUE,Female,,Graduate,Non-Hispanic
25,571,,TRUE,Male,,Graduate,Non-Hispanic
30,624,,TRUE,Female,,Graduate,Non-Hispanic
30,474,,TRUE,Male,,Graduate,Non-Hispanic
24,366,,TRUE,Male,,Graduate,Hispanic
22,208,,TRUE,Female,,Graduate,Non-Hispanic
26,447,,TRUE,Female,,Graduate,Non-Hispanic
27,636,,TRUE,Female,,Graduate,Non-Hispanic
22,92,,TRUE,Female,,Graduate,Non-Hispanic
22,167,,TRUE,Male,,Graduate,Non-Hispanic
26,170,,TRUE,Male,,Graduate,Non-Hispanic
24,640,,TRUE,Female,,Graduate,Non-Hispanic
26,582,,TRUE,Female,,Graduate,Non-Hispanic
28,445,,TRUE,Female,,Graduate,Hispanic
21,69,,TRUE,Male,,Graduate,Non-Hispanic
21,106,,TRUE,Male,,Graduate,Non-Hispanic
22,263,,TRUE,Female,,Graduate,Non-Hispanic
30,610,,TRUE,Female,,Graduate,Non-Hispanic
24,254,,TRUE,Male,,Graduate,Hispanic
24,472,,TRUE,Female,,Graduate,Non-Hispanic
22,482,,TRUE,Female,,Graduate,Non-Hispanic
24,228,,TRUE,Male,,Graduate,Non-Hispanic
17,120,,TRUE,Male,,Graduate,Non-Hispanic
24,249,,TRUE,Male,,Graduate,Non-Hispanic
30,668,,TRUE,Female,,Graduate,Non-Hispanic
17,49,,TRUE,Female,,Graduate,Non-Hispanic
24,277,,TRUE,Male,,Graduate,Non-Hispanic
24,314,,TRUE,Male,,Graduate,Non-Hispanic
24,469,,TRUE,Female,,Graduate,Non-Hispanic
30,575,,TRUE,Male,,Graduate,Non-Hispanic
30,626,,TRUE,Female,,Graduate,Non-Hispanic
26,568,,TRUE,Male,,Graduate,Non-Hispanic
24,491,,TRUE,Female,,Graduate,Non-Hispanic
24,204,,TRUE,Male,,Graduate,Non-Hispanic
24,396,,TRUE,Female,,Graduate,Non-Hispanic
25,324,,TRUE,Male,,Graduate,Non-Hispanic
30,604,,TRUE,Female,,Graduate,Non-Hispanic
30,330,,TRUE,Male,,Graduate,Non-Hispanic
19,263,,TRUE,Male,,Graduate,Non-Hispanic
19,156,,TRUE,Female,,Graduate,Non-Hispanic
29,552,,TRUE,Male,,Graduate,Non-Hispanic
24,291,,TRUE,Male,,Graduate,Non-Hispanic
23,245,,TRUE,Female,,Graduate,Non-Hispanic
24,525,,TRUE,Female,,Graduate,Non-Hispanic
24,239,,TRUE,Male,,Graduate,Non-Hispanic
30,653,,TRUE,Female,,Graduate,Non-Hispanic
30,273,,TRUE,Male,,Graduate,Non-Hispanic
30,474,,TRUE,Female,,Graduate,Non-Hispanic
30,591,,TRUE,Female,,Graduate,Non-Hispanic
30,594,,TRUE,Female,,Graduate,Non-Hispanic
30,586,,TRUE,Female,,Graduate,Non-Hispanic
30,590,,TRUE,Female,,Graduate,Non-Hispanic
30,643,,TRUE,Female,,Graduate,Non-Hispanic
25,404,,TRUE,Male,,Graduate,Non-Hispanic
27,397,,TRUE,Male,,Graduate,Non-Hispanic
30,591,,TRUE,Female,,Graduate,Non-Hispanic
30,554,,TRUE,Female,,Graduate,Hispanic
30,590,,TRUE,Female,,Graduate,Non-Hispanic
25,280,,TRUE,Male,,Graduate,Non-Hispanic
30,554,,TRUE,Female,,Graduate,Hispanic
30,661,,TRUE,Male,,Graduate,Non-Hispanic
29,576,,TRUE,Female,,Graduate,Non-Hispanic
30,557,,TRUE,Male,,Graduate,Non-Hispanic
30,558,,TRUE,Male,,Graduate,Non-Hispanic
30,352,,TRUE,Male,,Graduate,Non-Hispanic
30,419,,TRUE,Female,,Graduate,Non-Hispanic
24,82,,TRUE,Male,,Graduate,Non-Hispanic
24,592,,TRUE,Female,,Graduate,Non-Hispanic
30,625,,TRUE,Female,,Graduate,Non-Hispanic
29,653,,TRUE,Male,,Graduate,Non-Hispanic
29,613,,TRUE,Male,,Graduate,Non-Hispanic
24,505,,TRUE,Male,,Graduate,Non-Hispanic
24,205,,TRUE,Male,,Graduate,Non-Hispanic
30,639,,TRUE,Female,,Graduate,Hispanic
25,496,,TRUE,Female,,Graduate,Non-Hispanic
25,507,,TRUE,Female,,Graduate,Non-Hispanic
30,485,,TRUE,Male,,Graduate,Non-Hispanic
24,380,,TRUE,Female,,Graduate,Non-Hispanic
24,530,,TRUE,Female,,Graduate,Non-Hispanic
29,450,,TRUE,Male,,Graduate,Non-Hispanic
24,247,,TRUE,Male,,Graduate,Non-Hispanic
24,495,,TRUE,Male,,Graduate,Non-Hispanic
24,568,,TRUE,Male,,Graduate,Non-Hispanic
30,228,,TRUE,Male,,Graduate,Non-Hispanic
30,327,,TRUE,Male,,Graduate,Non-Hispanic
24,550,,TRUE,Female,,Graduate,Non-Hispanic
30,572,,TRUE,Female,,Graduate,Non-Hispanic
30,442,,TRUE,Male,,Graduate,Non-Hispanic
30,609,,TRUE,Male,,Graduate,Non-Hispanic
29,423,,TRUE,Female,,Graduate,Non-Hispanic
26,342,,TRUE,Male,,Graduate,Non-Hispanic
24,561,,TRUE,Male,,Graduate,Non-Hispanic
28,288,,TRUE,Male,,Graduate,Non-Hispanic
30,639,,TRUE,Male,,Graduate,Non-Hispanic
30,542,,TRUE,Male,,Graduate,Non-Hispanic
19,454,,TRUE,Female,,Graduate,Non-Hispanic
28,367,,TRUE,Female,,Graduate,Non-Hispanic
24,278,,TRUE,Male,,Graduate,Non-Hispanic
30,150,,TRUE,Female,,Graduate,Non-Hispanic
24,320,,TRUE,Female,,Graduate,Non-Hispanic
27,431,,TRUE,Male,,Graduate,Non-Hispanic
30,675,,TRUE,Male,,Graduate,Non-Hispanic
26,428,,TRUE,Female,,Graduate,Non-Hispanic
23,415,,TRUE,Female,,Graduate,Non-Hispanic
23,212,,TRUE,Female,,Graduate,Non-Hispanic
23,226,,TRUE,Male,,Graduate,Non-Hispanic
27,641,,TRUE,Female,,Graduate,Non-Hispanic
24,493,,TRUE,Male,,Graduate,Non-Hispanic
24,274,,TRUE,Male,,Graduate,Non-Hispanic
24,338,,TRUE,Female,,Graduate,Non-Hispanic
24,366,,TRUE,Male,,Graduate,Non-Hispanic
30,445,,TRUE,Female,,Graduate,Non-Hispanic
24,398,,TRUE,Male,,Graduate,Non-Hispanic
24,223,,TRUE,Female,,Graduate,Non-Hispanic
24,105,,TRUE,Female,,Graduate,Non-Hispanic
24,479,,TRUE,Female,,Graduate,Non-Hispanic
24,63,,TRUE,Male,,Graduate,Non-Hispanic
24,435,,TRUE,Male,,Graduate,Non-Hispanic
24,240,,TRUE,Male,,Graduate,Non-Hispanic
30,457,,TRUE,Male,,Graduate,Non-Hispanic
30,598,,TRUE,Female,,Graduate,Non-Hispanic
24,175,,TRUE,Female,,Graduate,Non-Hispanic
23,222,,TRUE,Female,,Graduate,Non-Hispanic
28,73,,TRUE,Female,,Graduate,Non-Hispanic
26,612,,TRUE,Female,,Graduate,Non-Hispanic
23,479,,TRUE,Male,,Graduate,Non-Hispanic
24,411,,TRUE,Female,,Graduate,Non-Hispanic
30,620,,TRUE,Female,,Graduate,Non-Hispanic
30,532,,TRUE,Male,,Graduate,Non-Hispanic
24,50,,TRUE,Female,,Graduate,Non-Hispanic
30,598,,TRUE,Female,,Graduate,Non-Hispanic
30,285,,TRUE,Male,,Graduate,Hispanic
17,47,,TRUE,Female,,Graduate,Non-Hispanic
16,42,,TRUE,Female,,Graduate,Non-Hispanic
30,575,,TRUE,Male,,Graduate,Non-Hispanic
23,431,,TRUE,Male,,Graduate,Non-Hispanic
30,649,,TRUE,Female,,Graduate,Non-Hispanic
30,418,,TRUE,Female,,Graduate,Non-Hispanic
26,123,,TRUE,Female,,Graduate,Non-Hispanic
22,443,,TRUE,Female,,Graduate,Non-Hispanic
30,506,,TRUE,Female,,Graduate,Non-Hispanic
25,407,,TRUE,Male,,Graduate,Non-Hispanic
18,152,,TRUE,Male,,Graduate,Non-Hispanic
30,613,,TRUE,Female,,Graduate,Non-Hispanic
30,539,,TRUE,Male,,Graduate,Non-Hispanic
30,361,,TRUE,Male,,Graduate,Non-Hispanic
22,459,,TRUE,Male,,Graduate,Non-Hispanic
30,478,,TRUE,Male,,Graduate,Non-Hispanic
25,246,,TRUE,Female,,Graduate,Non-Hispanic
27,173,,TRUE,Female,,Graduate,Non-Hispanic
24,436,,TRUE,Male,,Graduate,Non-Hispanic
24,423,,TRUE,Male,,Graduate,Non-Hispanic
24,461,,TRUE,Male,,Graduate,Non-Hispanic
23,306,,TRUE,Male,,Graduate,Non-Hispanic
24,183,,TRUE,Male,,Graduate,Non-Hispanic
23,680,,TRUE,Male,,Graduate,Non-Hispanic
22,105,,TRUE,Male,,Graduate,Non-Hispanic
23,342,,TRUE,Male,,Graduate,Non-Hispanic
21,124,,TRUE,Male,,Graduate,Non-Hispanic
29,651,,TRUE,Male,,Graduate,Non-Hispanic
29,373,,TRUE,Female,,Graduate,Non-Hispanic
30,565,,TRUE,Female,,Graduate,Non-Hispanic
22,382,,TRUE,Female,,Graduate,Non-Hispanic
19,46,,TRUE,Male,,Graduate,Non-Hispanic
20,377,,TRUE,Female,,Graduate,Non-Hispanic
30,173,,TRUE,Male,,Graduate,Non-Hispanic
30,317,,TRUE,Male,,Graduate,Non-Hispanic
24,237,,TRUE,Male,,Graduate,Non-Hispanic
24,357,,TRUE,Male,,Graduate,Non-Hispanic
28,489,,TRUE,Male,,Graduate,Non-Hispanic
29,627,,TRUE,Female,,Graduate,Non-Hispanic
23,584,,TRUE,Female,,Graduate,Non-Hispanic
25,411,,TRUE,Female,,Graduate,Non-Hispanic
30,480,,TRUE,Male,,Graduate,Non-Hispanic
24,543,,TRUE,Female,,Graduate,Non-Hispanic
24,635,,TRUE,Female,,Graduate,Non-Hispanic
30,508,,TRUE,Female,,Graduate,Non-Hispanic
30,460,,TRUE,Male,,Graduate,Non-Hispanic
29,633,,TRUE,Female,,Graduate,Hispanic
24,671,,TRUE,Male,,Graduate,Non-Hispanic
16,117,,TRUE,Male,,Graduate,Non-Hispanic
30,28,,TRUE,Male,,Graduate,Non-Hispanic
27,324,,TRUE,Male,,Graduate,Non-Hispanic
30,281,,TRUE,Female,,Graduate,Non-Hispanic
23,249,,TRUE,Male,,Graduate,Non-Hispanic
26,459,,TRUE,Male,,Graduate,Non-Hispanic
19,100,,TRUE,Male,,Graduate,Non-Hispanic
30,613,,TRUE,Male,,Graduate,Non-Hispanic
23,407,,TRUE,Female,,Graduate,Non-Hispanic
30,618,,TRUE,Female,,Graduate,Non-Hispanic
19,255,,TRUE,Male,,Graduate,Non-Hispanic
29,470,,TRUE,Male,,Graduate,Non-Hispanic
27,499,,TRUE,Female,,Graduate,Non-Hispanic
30,415,,TRUE,Male,,Graduate,Non-Hispanic
30,582,,TRUE,Male,,Graduate,Non-Hispanic
23,467,,TRUE,Male,,Graduate,Non-Hispanic
23,437,,TRUE,Female,,Graduate,Non-Hispanic
23,578,,TRUE,Female,,Graduate,Non-Hispanic
23,478,,TRUE,Male,,Graduate,Non-Hispanic
23,382,,TRUE,Female,,Graduate,Non-Hispanic
23,323,,TRUE,Male,,Graduate,Non-Hispanic
23,562,,TRUE,Male,,Graduate,Non-Hispanic
25,402,,TRUE,Male,,Graduate,Non-Hispanic
21,66,,TRUE,Male,,Graduate,Non-Hispanic
30,639,,TRUE,Female,,Graduate,Non-Hispanic
22,153,,TRUE,Male,,Graduate,Non-Hispanic
30,242,,TRUE,Male,,Graduate,Non-Hispanic
21,91,,TRUE,Female,,Graduate,Non-Hispanic
29,537,,TRUE,Male,,Graduate,Non-Hispanic
21,81,,TRUE,Male,,Graduate,Hispanic
21,393,,TRUE,Male,,Graduate,Hispanic
23,363,,TRUE,Female,,Graduate,Non-Hispanic
21,182,,TRUE,Female,,Graduate,Non-Hispanic
26,404,,TRUE,Female,,Graduate,Non-Hispanic
25,294,,TRUE,Female,,Graduate,Non-Hispanic
21,375,,TRUE,Female,,Graduate,Non-Hispanic
25,412,,TRUE,Female,,Graduate,Non-Hispanic
21,86,,TRUE,Male,,Graduate,Non-Hispanic
22,156,,TRUE,Female,,Graduate,Non-Hispanic
24,348,,TRUE,Male,,Graduate,Non-Hispanic
22,58,,TRUE,Female,,Graduate,Non-Hispanic
24,597,,TRUE,Male,,Graduate,Non-Hispanic
22,171,,TRUE,Female,,Graduate,Non-Hispanic
20,295,,TRUE,Female,,Graduate,Non-Hispanic
25,104,,TRUE,Female,,Graduate,Non-Hispanic
21,587,,TRUE,Female,,Graduate,Non-Hispanic
20,63,,TRUE,Female,,Graduate,Non-Hispanic
25,92,,TRUE,Female,,Graduate,Non-Hispanic
29,534,,TRUE,Male,,Graduate,Non-Hispanic
27,456,,TRUE,Female,,Graduate,Non-Hispanic
29,344,,TRUE,Female,,Graduate,Non-Hispanic
21,360,,TRUE,Female,,Graduate,Non-Hispanic
23,221,,TRUE,Female,,Graduate,Non-Hispanic
23,620,,TRUE,Male,,Graduate,Non-Hispanic
21,353,,TRUE,Male,,Graduate,Non-Hispanic
18,65,,TRUE,Male,,Graduate,Non-Hispanic
19,77,,TRUE,Female,,Graduate,Non-Hispanic
18,153,,TRUE,Female,,Graduate,Non-Hispanic
19,175,,TRUE,Female,,Graduate,Non-Hispanic
22,410,,TRUE,Female,,Graduate,Hispanic
23,336,,TRUE,Female,,Graduate,Non-Hispanic
20,180,,TRUE,Male,,Graduate,Non-Hispanic
29,417,,TRUE,Male,,Graduate,Non-Hispanic
29,581,,TRUE,Male,,Graduate,Non-Hispanic
26,444,,TRUE,Male,,Graduate,Hispanic
23,151,,TRUE,Male,,Graduate,Hispanic
25,446,,TRUE,Female,,Graduate,Non-Hispanic
23,118,,TRUE,Male,,Graduate,Hispanic
22,126,,TRUE,Female,,Graduate,Non-Hispanic
20,126,,TRUE,Female,,Graduate,Non-Hispanic
24,286,,TRUE,Female,,Graduate,Non-Hispanic
22,483,,TRUE,Female,,Graduate,Hispanic
28,566,,TRUE,Female,,Graduate,Non-Hispanic
27,338,,TRUE,Female,,Graduate,Non-Hispanic
26,310,,TRUE,Female,,Graduate,Non-Hispanic
29,102,,TRUE,Male,,Graduate,Non-Hispanic
23,182,,TRUE,Female,,Graduate,Non-Hispanic
24,274,,TRUE,Female,,Graduate,Non-Hispanic
20,404,,TRUE,Female,,Graduate,Non-Hispanic
27,230,,TRUE,Female,,Graduate,Non-Hispanic
24,454,,TRUE,Female,,Graduate,Non-Hispanic
24,457,,TRUE,Female,,Graduate,Non-Hispanic
29,486,,TRUE,Female,,Graduate,Non-Hispanic
21,162,,TRUE,Female,,Graduate,Non-Hispanic
21,402,,TRUE,Female,,Graduate,Non-Hispanic
19,363,,TRUE,Female,,Graduate,Non-Hispanic
28,579,,TRUE,Female,,Graduate,Non-Hispanic
23,537,,TRUE,Female,,Graduate,Non-Hispanic
29,276,,TRUE,Female,,Graduate,Non-Hispanic
25,98,,TRUE,Female,,Graduate,Non-Hispanic
23,340,,TRUE,Female,,Graduate,Non-Hispanic
27,136,,TRUE,Female,,Graduate,Non-Hispanic
20,257,,TRUE,Female,,Graduate,Non-Hispanic
28,288,,TRUE,Female,,Graduate,Non-Hispanic
29,632,,TRUE,Male,,Graduate,Non-Hispanic
21,161,,TRUE,Female,,Graduate,Non-Hispanic
29,625,,TRUE,Female,,Graduate,Non-Hispanic
18,45,,TRUE,Male,,Graduate,Non-Hispanic
23,442,,TRUE,Female,,Graduate,Non-Hispanic
19,142,,TRUE,Female,,Graduate,Non-Hispanic
29,660,,TRUE,Female,,Graduate,Non-Hispanic
29,462,,TRUE,Female,,Graduate,Non-Hispanic
25,360,,TRUE,Female,,Graduate,Non-Hispanic
20,265,,TRUE,Female,,Graduate,Non-Hispanic
19,25,,TRUE,Male,,Graduate,Non-Hispanic
18,55,,TRUE,Male,,Graduate,Non-Hispanic
23,179,,TRUE,Male,,Graduate,Hispanic
25,237,,TRUE,Male,,Graduate,Non-Hispanic
23,613,,TRUE,Male,,Graduate,Non-Hispanic
23,296,,TRUE,Male,,Graduate,Non-Hispanic
24,229,,TRUE,Male,,Graduate,Non-Hispanic
29,614,,TRUE,Male,,Graduate,Non-Hispanic
19,45,,TRUE,Male,,Graduate,Non-Hispanic
24,260,,TRUE,Male,,Graduate,Non-Hispanic
30,611,,TRUE,Male,,Graduate,Non-Hispanic
30,601,,TRUE,Female,,Graduate,Non-Hispanic
30,556,,TRUE,Female,,Graduate,Non-Hispanic
29,592,,TRUE,Male,,Graduate,Non-Hispanic
27,296,,TRUE,Male,,Graduate,Non-Hispanic
28,520,,TRUE,Female,,Graduate,Non-Hispanic
29,659,,TRUE,Male,,Graduate,Non-Hispanic
30,649,,TRUE,Male,,Graduate,Non-Hispanic
30,562,,TRUE,Male,,Graduate,Non-Hispanic
26,632,,TRUE,Female,,Graduate,Non-Hispanic
27,397,,TRUE,Male,,Graduate,Hispanic
26,481,,TRUE,Male,,Graduate,Non-Hispanic
26,162,,TRUE,Female,,Graduate,Non-Hispanic
25,599,,TRUE,Male,,Graduate,Non-Hispanic
25,288,,TRUE,Male,,Graduate,Non-Hispanic
25,543,,TRUE,Female,,Graduate,Non-Hispanic
24,424,,TRUE,Male,,Graduate,Non-Hispanic
23,197,,TRUE,Female,,Graduate,Hispanic
30,666,,TRUE,Male,,Graduate,Non-Hispanic
26,458,,TRUE,Male,,Graduate,Non-Hispanic
29,561,,TRUE,Female,,Graduate,Non-Hispanic
18,49,,TRUE,Male,,Graduate,Non-Hispanic
26,326,,TRUE,Female,,Graduate,Non-Hispanic
25,539,,TRUE,Female,,Graduate,Non-Hispanic
30,600,,TRUE,Female,,Graduate,Non-Hispanic
26,380,,TRUE,Female,,Graduate,Non-Hispanic
22,518,,TRUE,Female,,Graduate,Non-Hispanic
29,354,,TRUE,Female,,Graduate,Non-Hispanic
20,165,,TRUE,Male,,Graduate,Non-Hispanic
20,34,,TRUE,Male,,Graduate,Non-Hispanic
26,55,,TRUE,Male,,Graduate,Non-Hispanic
28,47,,TRUE,Female,,Graduate,Non-Hispanic
22,138,,TRUE,Male,,Graduate,Non-Hispanic
26,451,,TRUE,Male,,Graduate,Non-Hispanic
27,52,,TRUE,Female,,Graduate,Non-Hispanic
28,124,,TRUE,Female,,Graduate,Non-Hispanic
30,514,,TRUE,Female,,Graduate,Non-Hispanic
30,543,,TRUE,Female,,Graduate,Non-Hispanic
22,132,,TRUE,Male,,Graduate,Non-Hispanic
27,97,,TRUE,Female,,Graduate,Non-Hispanic
18,233,,TRUE,Female,,Graduate,Non-Hispanic
19,210,,TRUE,Male,,Graduate,Non-Hispanic
26,579,,TRUE,Female,,Graduate,Non-Hispanic
24,157,,TRUE,Female,,Graduate,Non-Hispanic
22,464,,TRUE,Female,,Graduate,Non-Hispanic
18,144,,TRUE,Female,,Graduate,Non-Hispanic
25,105,,TRUE,Male,,Graduate,Non-Hispanic
30,559,,TRUE,Female,,Graduate,Non-Hispanic
25,554,,TRUE,Female,,Graduate,Non-Hispanic
22,329,,TRUE,Male,,Graduate,Non-Hispanic
28,598,,TRUE,Male,,Graduate,Non-Hispanic
24,508,,TRUE,Male,,Graduate,Non-Hispanic
26,555,,TRUE,Female,,Graduate,Non-Hispanic
30,508,,TRUE,Male,,Graduate,Non-Hispanic
25,182,,TRUE,Male,,Graduate,Hispanic
28,369,,TRUE,Male,,Graduate,Non-Hispanic
20,246,,TRUE,Male,,Graduate,Non-Hispanic
20,10,,TRUE,Female,,Graduate,Non-Hispanic
19,235,,TRUE,Male,,Graduate,Non-Hispanic
30,672,,TRUE,Female,,Graduate,Non-Hispanic
16,51,,TRUE,Female,,Graduate,Non-Hispanic
29,312,,TRUE,Female,,Graduate,Non-Hispanic
21,112,,TRUE,Male,,Graduate,Non-Hispanic
24,120,,TRUE,Female,,Graduate,Non-Hispanic
29,320,,TRUE,Female,,Graduate,Non-Hispanic
20,162,,TRUE,Male,,Graduate,Non-Hispanic
28,621,,TRUE,Female,,Graduate,Non-Hispanic
29,349,,TRUE,Male,,Graduate,Non-Hispanic
29,267,,TRUE,Female,,Graduate,Non-Hispanic
29,507,,TRUE,Female,,Graduate,Non-Hispanic
29,610,,TRUE,Male,,Graduate,Non-Hispanic
29,476,,TRUE,Male,,Graduate,Non-Hispanic
30,605,,TRUE,Male,,Graduate,Non-Hispanic
30,638,,TRUE,Male,,Graduate,Non-Hispanic
26,405,,TRUE,Male,,Graduate,Non-Hispanic
30,603,,TRUE,Female,,Graduate,Non-Hispanic
30,574,,TRUE,Female,,Graduate,Hispanic
28,255,,TRUE,Male,,Graduate,Non-Hispanic
30,544,,TRUE,Male,,Graduate,Non-Hispanic
25,322,,TRUE,Male,,Graduate,Non-Hispanic
30,282,,TRUE,Male,,Graduate,Non-Hispanic
27,631,,TRUE,Male,,Graduate,Non-Hispanic
28,391,,TRUE,Male,,Graduate,Non-Hispanic
28,647,,TRUE,Female,,Graduate,Non-Hispanic
24,135,,TRUE,Male,,Graduate,Non-Hispanic
29,389,,TRUE,Male,,Graduate,Non-Hispanic
30,634,,TRUE,Female,,Graduate,Non-Hispanic
30,492,,TRUE,Male,,Graduate,Non-Hispanic
23,459,,TRUE,Female,,Graduate,Non-Hispanic
29,389,,TRUE,Female,,Graduate,Non-Hispanic
23,599,,TRUE,Female,,Graduate,Non-Hispanic
25,244,,TRUE,Female,,Graduate,Non-Hispanic
26,592,,TRUE,Male,,Graduate,Non-Hispanic
26,439,,TRUE,Female,,Graduate,Non-Hispanic
27,561,,TRUE,Female,,Graduate,Non-Hispanic
24,502,,TRUE,Female,,Graduate,Non-Hispanic
23,122,,TRUE,Male,,Graduate,Non-Hispanic
29,604,,TRUE,Female,,Graduate,Non-Hispanic
30,609,,TRUE,Female,,Graduate,Non-Hispanic
24,213,,TRUE,Female,,Graduate,Non-Hispanic
29,543,,TRUE,Male,,Graduate,Non-Hispanic
30,581,,TRUE,Female,,Graduate,Non-Hispanic
25,467,,TRUE,Male,,Graduate,Non-Hispanic
25,296,,TRUE,Male,,Graduate,Non-Hispanic
23,318,,TRUE,Male,,Graduate,Non-Hispanic
30,517,,TRUE,Male,,Graduate,Non-Hispanic
30,668,,TRUE,Male,,Graduate,Non-Hispanic
24,461,,TRUE,Male,,Graduate,Non-Hispanic
29,419,,TRUE,Male,,Graduate,Non-Hispanic
21,315,,TRUE,Female,,Graduate,Non-Hispanic
22,68,,TRUE,Male,,Graduate,Non-Hispanic
27,505,,TRUE,Male,,Graduate,Non-Hispanic
28,290,,TRUE,Female,,Graduate,Non-Hispanic
29,613,,TRUE,Female,,Graduate,Non-Hispanic
30,402,,TRUE,Male,,Graduate,Non-Hispanic
28,381,,TRUE,Male,,Graduate,Non-Hispanic
29,490,,TRUE,Male,,Graduate,Non-Hispanic
25,328,,TRUE,Female,,Graduate,Non-Hispanic
23,615,,TRUE,Male,,Graduate,Non-Hispanic
29,627,,TRUE,Female,,Graduate,Non-Hispanic
22,244,,TRUE,Male,,Graduate,Non-Hispanic
25,12,,TRUE,Male,,Graduate,Non-Hispanic
25,518,,TRUE,Female,,Graduate,Non-Hispanic
22,22,,TRUE,Male,,Graduate,Non-Hispanic
29,422,,TRUE,Female,,Graduate,Non-Hispanic
18,66,,TRUE,Male,,Graduate,Non-Hispanic
22,120,,TRUE,Male,,Graduate,Non-Hispanic
29,676,,TRUE,Male,,Graduate,Non-Hispanic
22,170,,TRUE,Male,,Graduate,Non-Hispanic
28,313,,TRUE,Female,,Graduate,Non-Hispanic
23,238,,TRUE,Female,,Graduate,Non-Hispanic
20,19,,FALSE,Female,,Graduate,
24,23,,FALSE,Female,,Graduate,
20,76,,FALSE,Female,,Graduate,
24,25,,FALSE,Male,,Graduate,
24,202,,FALSE,Female,,Graduate,
19,55,,FALSE,Male,,Graduate,
24,57,,FALSE,Male,,Graduate,
20,252,,FALSE,Female,,Graduate,
25,466,,FALSE,Female,,Graduate,
20,104,,FALSE,Male,,Graduate,
30,618,,FALSE,Female,,Graduate,
29,173,,FALSE,Female,,Graduate,
30,288,,FALSE,Female,,Graduate,
20,71,,FALSE,Female,,Graduate,
19,144,,FALSE,Female,,Graduate,
20,19,,FALSE,Female,,Graduate,
29,129,,FALSE,Female,,Graduate,
20,36,,FALSE,Female,,Graduate,
30,294,,FALSE,Female,,Graduate,
20,38,,FALSE,Female,,Graduate,
21,59,,FALSE,Male,,Graduate,
19,191,,FALSE,Female,,Graduate,
20,236,,FALSE,Female,,Graduate,
20,24,,FALSE,Female,,Graduate,
19,79,,FALSE,Female,,Graduate,
20,14,,FALSE,Female,,Graduate,
24,124,,FALSE,Male,,Graduate,
24,65,,FALSE,Male,,Graduate,
20,103,,FALSE,Female,,Graduate,
24,54,,FALSE,Female,,Graduate,
18,10,,FALSE,Male,,Graduate,
19,40,,FALSE,Male,,Graduate,
20,18,,FALSE,Female,,Graduate,
18,41,,FALSE,Male,,Graduate,
20,63,,FALSE,Female,,Graduate,
17,13,,FALSE,Female,,Graduate,
21,8,,FALSE,Male,,Graduate,
20,164,,FALSE,Male,,Graduate,
27,485,,FALSE,Male,,Graduate,
21,93,,FALSE,Male,,Graduate,
20,90,,FALSE,Male,,Graduate,
24,298,,FALSE,Male,,Graduate,
26,439,,FALSE,Male,,Graduate,
23,447,,FALSE,Male,,Graduate,
24,193,,FALSE,Male,,Graduate,
24,146,,FALSE,Male,,Graduate,
26,464,,FALSE,Male,,Graduate,
24,174,,FALSE,Female,,Graduate,
22,53,,FALSE,Male,,Graduate,
26,78,,FALSE,Male,,Graduate,
21,31,,FALSE,Male,,Graduate,
26,529,,FALSE,Male,,Graduate,
26,418,,FALSE,Female,,Graduate,
22,97,,FALSE,Female,,Graduate,
26,242,,FALSE,Male,,Graduate,
26,161,,FALSE,Male,,Graduate,
26,383,,FALSE,Male,,Graduate,
26,574,,FALSE,Female,,Graduate,
27,60,,FALSE,Female,,Graduate,
26,59,,FALSE,Female,,Graduate,
22,13,,FALSE,Female,,Graduate,
21,109,,FALSE,Male,,Graduate,
24,42,,FALSE,Male,,Graduate,
21,338,,FALSE,Female,,Graduate,
21,337,,FALSE,Female,,Graduate,
26,159,,FALSE,Male,,Graduate,
22,64,,FALSE,Female,,Graduate,
23,131,,FALSE,Female,,Graduate,
22,25,,FALSE,Male,,Graduate,
24,17,,FALSE,Female,,Graduate,
19,8,,FALSE,Female,,Graduate,
22,343,,FALSE,Female,,Graduate,
26,90,,FALSE,Male,,Graduate,
27,153,,FALSE,Female,,Graduate,
21,204,,FALSE,Female,,Graduate,
21,25,,FALSE,Female,,Graduate,
20,49,,FALSE,Female,,Graduate,
20,19,,FALSE,Female,,Graduate,
25,45,,FALSE,Male,,Graduate,
20,4,,FALSE,Male,,Graduate,
26,248,,FALSE,Male,,Graduate,
25,628,,FALSE,Male,,Graduate,
26,599,,FALSE,Male,,Graduate,
20,46,,FALSE,Male,,Graduate,
19,8,,FALSE,Male,,Graduate,
20,44,,FALSE,Male,,Graduate,
24,188,,FALSE,Male,,Graduate,
20,19,,FALSE,Male,,Graduate,
25,149,,FALSE,Male,,Graduate,
25,670,,FALSE,Male,,Graduate,
24,515,,FALSE,Female,,Graduate,
24,172,,FALSE,Male,,Graduate,
25,227,,FALSE,Female,,Graduate,
24,136,,FALSE,Male,,Graduate,
20,36,,FALSE,Female,,Graduate,
20,25,,FALSE,Female,,Graduate,
20,21,,FALSE,Female,,Graduate,
24,39,,FALSE,Male,,Graduate,
24,472,,FALSE,Male,,Graduate,
21,60,,FALSE,Female,,Graduate,
24,571,,FALSE,Female,,Graduate,
24,111,,FALSE,Female,,Graduate,
24,266,,FALSE,Female,,Graduate,
23,291,,FALSE,Female,,Graduate,
25,140,,FALSE,Female,,Graduate,
25,36,,FALSE,Male,,Graduate,
24,434,,FALSE,Male,,Graduate,
24,82,,FALSE,Male,,Graduate,
20,72,,FALSE,Male,,Graduate,
21,53,,FALSE,Male,,Graduate,
24,111,,FALSE,Male,,Graduate,
30,103,,FALSE,Female,,Graduate,
20,39,,FALSE,Female,,Graduate,
25,285,,FALSE,Male,,Graduate,
19,128,,FALSE,Male,,Graduate,
30,271,,FALSE,Male,,Graduate,
20,16,,FALSE,Male,,Graduate,
20,136,,FALSE,Female,,Graduate,
21,297,,FALSE,Female,,Graduate,
30,30,,FALSE,Male,,Graduate,
21,15,,FALSE,Male,,Graduate,
23,38,,FALSE,Male,,Graduate,
20,87,,FALSE,Male,,Graduate,
18,11,,FALSE,Male,,Graduate,
29,524,,FALSE,Female,,Graduate,
19,22,,FALSE,Male,,Graduate,
20,54,,FALSE,Female,,Graduate,
18,16,,FALSE,Male,,Graduate,
18,18,,FALSE,Female,,Graduate,
18,61,,FALSE,Female,,Graduate,
18,14,,FALSE,Female,,Graduate,
30,49,,FALSE,Female,,Graduate,
18,41,,FALSE,Male,,Graduate,
26,33,,FALSE,Female,,Graduate,
20,15,,FALSE,Male,,Graduate,
21,49,,FALSE,Female,,Graduate,
20,47,,FALSE,Male,,Graduate,
20,88,,FALSE,Male,,Graduate,
23,357,,FALSE,Male,,Graduate,
19,72,,FALSE,Female,,Graduate,
28,438,,FALSE,Female,,Graduate,
18,148,,FALSE,Male,,Graduate,
27,159,,FALSE,Female,,Graduate,
20,23,,FALSE,Female,,Graduate,
21,89,,FALSE,Male,,Graduate,
20,19,,FALSE,Male,,Graduate,
28,78,,FALSE,Male,,Graduate,
19,189,,FALSE,Male,,Graduate,
25,26,,FALSE,Male,,Graduate,
18,103,,FALSE,Female,,Graduate,
27,351,,FALSE,Male,,Graduate,
30,45,,FALSE,Male,,Graduate,
28,135,,FALSE,Female,,Graduate,
18,44,,FALSE,Female,,Graduate,
20,9,,FALSE,Male,,Graduate,
24,33,,FALSE,Male,,Graduate,
17,8,,FALSE,Male,,Graduate,
24,218,,FALSE,Female,,Graduate,
24,159,,FALSE,Female,,Graduate,
20,53,,FALSE,Male,,Graduate,
24,527,,FALSE,Male,,Graduate,
20,12,,FALSE,Male,,Graduate,
19,14,,FALSE,Female,,Graduate,
20,63,,FALSE,Female,,Graduate,
24,270,,FALSE,Female,,Graduate,
18,25,,FALSE,Female,,Graduate,
18,72,,FALSE,Female,,Graduate,
25,226,,FALSE,Male,,Graduate,
18,385,,FALSE,Female,,Graduate,
18,43,,FALSE,Female,,Graduate,
20,17,,FALSE,Male,,Graduate,
24,50,,FALSE,Male,,Graduate,
18,45,,FALSE,Female,,Graduate,
19,32,,FALSE,Male,,Graduate,
18,120,,FALSE,Female,,Graduate,
18,25,,FALSE,Female,,Graduate,
16,16,,TRUE,Male,Third,Primary,Hispanic
27,150,,TRUE,Female,Second,Primary,Hispanic
22,3,,TRUE,Female,Third,Primary,
19,92,,TRUE,Male,Third,Primary,Hispanic
28,106,,TRUE,Male,First,Primary,
28,116,,TRUE,Male,Second,Primary,
28,554,,FALSE,Male,First,Primary,
20,119,,FALSE,Male,Second,Primary,
29,8,,FALSE,Female,Fifth,Primary,Hispanic
30,297,,FALSE,Male,Second,Primary,
29,58,,FALSE,Female,Second,Primary,Hispanic
24,39,,FALSE,Male,First,Primary,Hispanic
19,45,,FALSE,Male,First,Primary,Hispanic
19,169,,FALSE,Female,First,Primary,Hispanic
27,33,,FALSE,Female,First,Primary,Hispanic
23,106,,FALSE,Male,Second,Primary,Hispanic
22,13,,FALSE,Female,Second,Primary,
25,84,,FALSE,Male,First,Primary,Hispanic
28,86,,FALSE,Female,Fourth,Primary,Hispanic
21,11,,FALSE,Female,Third,Primary,Hispanic
22,299,,FALSE,Female,First,Primary,
16,80,,TRUE,Male,,Primary,Non-Hispanic
22,369,,TRUE,Female,Second,Secondary,
27,264,,TRUE,Male,Second,Secondary,
19,159,,TRUE,Female,Second,Secondary,
30,513,,TRUE,Female,Second,Secondary,
18,7,,TRUE,Female,Fourth,Secondary,
25,126,,TRUE,Male,Second,Secondary,Hispanic
27,181,,TRUE,Male,Second,Secondary,
19,143,,TRUE,Female,Second,Secondary,
28,644,,TRUE,Male,Second,Secondary,
24,251,,TRUE,Female,Second,Secondary,Hispanic
30,569,,TRUE,Female,Second,Secondary,
25,672,,TRUE,Female,Third,Secondary,
17,60,,TRUE,Female,Third,Secondary,
24,292,,TRUE,Female,Third,Secondary,
25,234,,TRUE,Female,Second,Secondary,
17,57,,FALSE,Female,Fifth,Secondary,
20,22,,TRUE,Female,Second,Secondary,
18,8,,TRUE,Male,Third,Secondary,
19,47,,TRUE,Male,Third,Secondary,Hispanic
19,27,,TRUE,Female,Fourth,Secondary,
24,397,,TRUE,Female,Fourth,Secondary,
17,25,,TRUE,Male,Second,Secondary,
20,97,,TRUE,Female,Second,Secondary,
28,215,,TRUE,Male,Second,Secondary,Hispanic
26,141,,TRUE,Female,Second,Secondary,Hispanic
21,206,,TRUE,Male,Third,Secondary,
23,91,,TRUE,Female,Fourth,Secondary,
27,183,,TRUE,Male,Second,Secondary,
28,226,,TRUE,Female,Second,Secondary,Hispanic
28,289,,TRUE,Female,Second,Secondary,
27,65,,TRUE,Female,Fourth,Secondary,Hispanic
28,301,,TRUE,Male,Fourth,Secondary,Hispanic
29,201,,TRUE,Female,Third,Secondary,Hispanic
25,220,,TRUE,Male,Second,Secondary,
26,229,,TRUE,Male,Second,Secondary,Hispanic
27,532,,TRUE,Male,Fourth,Secondary,
21,13,,TRUE,Male,Second,Secondary,
23,535,,TRUE,Male,Second,Secondary,
25,671,,TRUE,Female,Second,Secondary,
22,362,,TRUE,Male,Third,Secondary,
28,414,,TRUE,Female,Second,Secondary,
17,319,,TRUE,Male,Second,Secondary,
26,407,,TRUE,Male,Second,Secondary,
30,514,,TRUE,Female,Second,Secondary,
27,270,,TRUE,Male,Fourth,Secondary,
18,293,,TRUE,Male,Second,Secondary,Hispanic
23,31,,TRUE,Male,Third,Secondary,Hispanic
21,139,,TRUE,Male,Second,Secondary,Hispanic
26,144,,TRUE,Female,Second,Secondary,
28,144,,TRUE,Male,Second,Secondary,
27,228,,TRUE,Male,Fifth,Secondary,
27,124,,TRUE,Male,Third,Secondary,
19,32,,TRUE,Male,Second,Secondary,
29,189,,TRUE,Female,Second,Secondary,Hispanic
24,233,,TRUE,Female,Fourth,Secondary,Hispanic
21,173,,TRUE,Male,Second,Secondary,
28,457,,TRUE,Female,Fourth,Secondary,Hispanic
23,175,,TRUE,Male,Third,Secondary,
26,87,,TRUE,Female,Second,Secondary,
17,55,,TRUE,Male,Second,Secondary,
17,16,,TRUE,Female,Third,Secondary,Hispanic
30,63,,TRUE,Male,Second,Secondary,Hispanic
21,131,,TRUE,Male,Fourth,Secondary,Hispanic
28,370,,TRUE,Female,Fourth,Secondary,Hispanic
17,226,,TRUE,Male,Fourth,Secondary,
27,456,,TRUE,Male,Third,Secondary,
16,36,,TRUE,Male,Third,Secondary,
23,327,,TRUE,Female,Third,Secondary,
29,369,,TRUE,Male,Second,Secondary,Hispanic
24,34,,TRUE,Male,Second,Secondary,
21,190,,TRUE,Female,Second,Secondary,
21,73,,TRUE,Male,Third,Secondary,
25,138,,TRUE,Male,Second,Secondary,Hispanic
30,496,,TRUE,Male,Third,Secondary,
28,350,,TRUE,Male,Fourth,Secondary,
30,315,,TRUE,Male,Third,Secondary,
25,41,,TRUE,Male,Third,Secondary,Hispanic
26,415,,TRUE,Female,Third,Secondary,
21,68,,TRUE,Male,Second,Secondary,
23,109,,TRUE,Female,Second,Secondary,
24,160,,TRUE,Male,Fourth,Secondary,
27,247,,TRUE,Male,Second,Secondary,
26,564,,TRUE,Male,Fourth,Secondary,
19,111,,TRUE,Female,Second,Secondary,
25,178,,TRUE,Male,Second,Secondary,
22,49,,TRUE,Female,Second,Secondary,
28,262,,TRUE,Male,Fifth,Secondary,
18,23,,TRUE,Male,Third,Secondary,
23,259,,TRUE,Male,Third,Secondary,
27,131,,TRUE,Male,Second,Secondary,
28,503,,TRUE,Male,Fourth,Secondary,
28,522,,TRUE,Female,First,Secondary,
26,547,,TRUE,Female,Fourth,Secondary,
21,476,,TRUE,Male,Third,Secondary,
28,451,,TRUE,Female,First,Secondary,
27,47,,TRUE,Male,Third,Secondary,
27,570,,TRUE,Male,Second,Secondary,
29,75,,TRUE,Male,Second,Secondary,
26,541,,TRUE,Female,Second,Secondary,
30,603,,TRUE,Male,Second,Secondary,
26,139,,TRUE,Female,First,Secondary,
27,215,,TRUE,Female,First,Secondary,
28,677,,TRUE,Female,First,Secondary,
25,23,,TRUE,Female,Third,Secondary,
28,414,,TRUE,Male,Third,Secondary,
28,134,,TRUE,Female,Fourth,Secondary,
25,163,,TRUE,Female,Third,Secondary,
25,479,,TRUE,Male,First,Secondary,
27,366,,TRUE,Female,Second,Secondary,
28,433,,TRUE,Male,Second,Secondary,
28,29,,TRUE,Male,Fourth,Secondary,
28,424,,TRUE,Male,First,Secondary,
27,295,,TRUE,Female,Third,Secondary,
22,554,,TRUE,Male,First,Secondary,
30,357,,TRUE,Male,Third,Secondary,
18,21,,TRUE,Female,Second,Secondary,
22,425,,TRUE,Female,Third,Secondary,
22,179,,TRUE,Female,First,Secondary,
20,29,,TRUE,Female,First,Secondary,
28,516,,TRUE,Female,Third,Secondary,
29,173,,TRUE,Male,First,Secondary,
22,76,,TRUE,Male,First,Secondary,
28,276,,TRUE,Female,First,Secondary,
20,475,,TRUE,Female,First,Secondary,
17,290,,TRUE,Male,First,Secondary,
23,326,,TRUE,Male,First,Secondary,
21,10,,TRUE,Male,Third,Secondary,
26,77,,TRUE,Male,Second,Secondary,
25,245,,TRUE,Male,Third,Secondary,
20,25,,TRUE,Male,First,Secondary,
26,430,,TRUE,Male,Second,Secondary,
22,302,,TRUE,Female,Second,Secondary,
24,87,,TRUE,Female,Third,Secondary,
18,34,,TRUE,Male,First,Secondary,
17,176,,TRUE,Male,First,Secondary,
30,449,,TRUE,Male,First,Secondary,Hispanic
29,528,,TRUE,Female,Second,Secondary,
24,379,,TRUE,Female,First,Secondary,
21,205,,TRUE,Male,First,Secondary,
18,7,,TRUE,Male,Third,Secondary,
23,568,,TRUE,Male,First,Secondary,
24,128,,TRUE,Female,Third,Secondary,
29,106,,TRUE,Male,Second,Secondary,
18,219,,TRUE,Female,First,Secondary,Hispanic
25,238,,TRUE,Female,First,Secondary,
30,459,,TRUE,Male,First,Secondary,
17,103,,TRUE,Female,First,Secondary,
19,42,,TRUE,Female,Second,Secondary,
29,680,,TRUE,Female,First,Secondary,
19,313,,TRUE,Female,First,Secondary,
21,289,,TRUE,Female,Third,Secondary,
20,344,,TRUE,Female,Second,Secondary,
17,42,,TRUE,Female,First,Secondary,
20,229,,TRUE,Female,First,Secondary,
25,242,,TRUE,Female,First,Secondary,Hispanic
27,381,,TRUE,Male,First,Secondary,
29,256,,TRUE,Male,First,Secondary,
20,22,,TRUE,Female,Second,Secondary,
28,585,,TRUE,Female,First,Secondary,
16,182,,TRUE,Female,First,Secondary,
21,20,,TRUE,Male,First,Secondary,
27,229,,TRUE,Male,First,Secondary,
24,210,,TRUE,Male,Second,Secondary,
26,404,,TRUE,Male,First,Secondary,
29,564,,TRUE,Female,First,Secondary,
22,443,,TRUE,Female,Second,Secondary,Hispanic
22,44,,TRUE,Male,Second,Secondary,
29,674,,TRUE,Female,First,Secondary,
18,34,,TRUE,Female,First,Secondary,
20,357,,TRUE,Female,Second,Secondary,
22,140,,TRUE,Male,Third,Secondary,
30,519,,TRUE,Male,First,Secondary,
27,490,,TRUE,Female,Second,Secondary,Hispanic
25,494,,TRUE,Male,First,Secondary,
20,63,,TRUE,Female,Fourth,Secondary,
28,549,,TRUE,Female,Second,Secondary,
27,650,,TRUE,Female,First,Secondary,
18,16,,TRUE,Male,First,Secondary,Hispanic
25,400,,TRUE,Female,First,Secondary,
22,159,,TRUE,Female,Second,Secondary,
17,121,,TRUE,Male,First,Secondary,
18,21,,TRUE,Female,Second,Secondary,
22,296,,TRUE,Female,First,Secondary,
25,528,,TRUE,Male,First,Secondary,
27,168,,TRUE,Male,Second,Secondary,
21,112,,TRUE,Male,Second,Secondary,
27,514,,TRUE,Female,Second,Secondary,
29,579,,TRUE,Female,First,Secondary,
17,75,,TRUE,Female,Third,Secondary,
26,217,,TRUE,Female,Fourth,Secondary,
26,83,,TRUE,Male,First,Secondary,
26,471,,TRUE,Male,First,Secondary,
26,471,,TRUE,Female,First,Secondary,
19,204,,TRUE,Female,Second,Secondary,
22,205,,TRUE,Male,Second,Secondary,
20,377,,TRUE,Female,Second,Secondary,
20,111,,TRUE,Male,Third,Secondary,
19,77,,TRUE,Male,First,Secondary,
20,66,,TRUE,Female,Third,Secondary,
29,158,,TRUE,Female,First,Secondary,
28,278,,TRUE,Female,First,Secondary,
28,387,,TRUE,Female,Second,Secondary,
27,528,,TRUE,Female,First,Secondary,
27,364,,TRUE,Female,First,Secondary,
27,502,,TRUE,Female,Second,Secondary,
26,359,,TRUE,Male,Second,Secondary,
26,402,,TRUE,Male,First,Secondary,Hispanic
26,152,,TRUE,Female,First,Secondary,
25,430,,TRUE,Female,Second,Secondary,
27,414,,TRUE,Female,First,Secondary,
21,525,,TRUE,Male,First,Secondary,
20,378,,TRUE,Female,First,Secondary,
24,539,,TRUE,Male,Second,Secondary,
24,63,,TRUE,Male,Second,Secondary,
24,68,,TRUE,Male,First,Secondary,
24,119,,TRUE,Male,Second,Secondary,
25,505,,TRUE,Female,First,Secondary,
25,308,,TRUE,Male,First,Secondary,
24,129,,TRUE,Male,Second,Secondary,
26,178,,TRUE,Female,First,Secondary,
20,450,,TRUE,Female,First,Secondary,
25,392,,TRUE,Male,Second,Secondary,
24,346,,TRUE,Male,First,Secondary,
22,278,,TRUE,Male,First,Secondary,
24,367,,TRUE,Female,First,Secondary,
28,429,,TRUE,Female,Second,Secondary,
30,609,,TRUE,Female,Second,Secondary,
18,104,,TRUE,Male,Second,Secondary,
26,257,,TRUE,Male,Third,Secondary,
28,633,,TRUE,Male,First,Secondary,
27,542,,TRUE,Female,Second,Secondary,
18,199,,TRUE,Female,First,Secondary,
26,539,,TRUE,Male,First,Secondary,
24,474,,TRUE,Female,First,Secondary,
26,483,,TRUE,Female,First,Secondary,
25,394,,TRUE,Female,First,Secondary,
18,206,,TRUE,Female,Second,Secondary,
17,40,,TRUE,Female,Second,Secondary,
27,548,,TRUE,Male,First,Secondary,
25,269,,TRUE,Female,Second,Secondary,
23,310,,TRUE,Female,Fourth,Secondary,
23,583,,TRUE,Female,First,Secondary,
23,68,,TRUE,Female,Third,Secondary,
23,317,,TRUE,Male,First,Secondary,
23,316,,TRUE,Female,First,Secondary,
20,99,,TRUE,Female,First,Secondary,
19,476,,TRUE,Male,First,Secondary,
29,550,,TRUE,Male,Second,Secondary,
29,618,,TRUE,Female,Second,Secondary,
28,264,,TRUE,Female,Second,Secondary,
25,445,,TRUE,Female,Second,Secondary,
29,526,,TRUE,Male,Second,Secondary,
21,193,,TRUE,Male,Third,Secondary,
20,544,,TRUE,Male,Third,Secondary,
20,116,,TRUE,Male,Second,Secondary,
20,36,,TRUE,Female,First,Secondary,
29,473,,TRUE,Female,First,Secondary,
20,314,,TRUE,Female,First,Secondary,
21,310,,TRUE,Female,First,Secondary,
21,471,,TRUE,Female,First,Secondary,
18,127,,TRUE,Male,First,Secondary,
16,17,,TRUE,Male,Second,Secondary,
29,510,,TRUE,Female,First,Secondary,
24,184,,TRUE,Male,Second,Secondary,Hispanic
18,220,,TRUE,Male,Fourth,Secondary,
27,227,,TRUE,Male,Second,Secondary,
24,244,,TRUE,Male,Third,Secondary,
17,93,,TRUE,Male,Second,Secondary,
18,340,,TRUE,Female,Second,Secondary,
29,583,,TRUE,Female,First,Secondary,
22,471,,TRUE,Female,First,Secondary,
29,417,,TRUE,Female,First,Secondary,
22,213,,TRUE,Female,Second,Secondary,
20,49,,TRUE,Male,First,Secondary,
25,399,,TRUE,Female,Third,Secondary,
19,156,,TRUE,Female,Fourth,Secondary,
19,230,,TRUE,Female,First,Secondary,
23,38,,TRUE,Male,First,Secondary,
29,603,,TRUE,Male,Second,Secondary,
19,260,,TRUE,Male,First,Secondary,
20,51,,TRUE,Male,Third,Secondary,
21,249,,TRUE,Female,First,Secondary,
21,430,,TRUE,Male,First,Secondary,
24,417,,TRUE,Male,First,Secondary,
29,565,,TRUE,Male,First,Secondary,
29,341,,TRUE,Female,First,Secondary,
29,617,,TRUE,Male,Second,Secondary,
17,38,,TRUE,Female,First,Secondary,
17,33,,TRUE,Male,Third,Secondary,
18,21,,TRUE,Female,First,Secondary,
26,178,,TRUE,Female,Second,Secondary,
29,650,,TRUE,Female,Second,Secondary,
30,390,,TRUE,Male,Second,Secondary,
24,182,,TRUE,Male,First,Secondary,
24,179,,TRUE,Female,Second,Secondary,
26,463,,TRUE,Female,Fifth,Secondary,
28,302,,TRUE,Male,Third,Secondary,
30,540,,TRUE,Male,First,Secondary,
22,60,,TRUE,Male,Second,Secondary,
24,172,,TRUE,Male,First,Secondary,
24,563,,TRUE,Male,First,Secondary,
29,496,,TRUE,Male,First,Secondary,
22,102,,TRUE,Male,First,Secondary,
21,182,,TRUE,Male,Second,Secondary,
27,563,,TRUE,Female,Fourth,Secondary,
20,86,,TRUE,Male,Fourth,Secondary,
20,373,,TRUE,Male,First,Secondary,
24,622,,TRUE,Female,Fourth,Secondary,
24,621,,TRUE,Female,Third,Secondary,
27,590,,TRUE,Female,First,Secondary,
25,148,,TRUE,Female,Third,Secondary,
22,73,,TRUE,Female,Fourth,Secondary,
29,625,,TRUE,Female,First,Secondary,
24,402,,TRUE,Male,First,Secondary,
24,540,,TRUE,Female,First,Secondary,
20,110,,TRUE,Female,First,Secondary,
29,475,,TRUE,Male,Third,Secondary,
25,415,,TRUE,Female,Second,Secondary,
24,386,,TRUE,Female,Second,Secondary,
24,338,,TRUE,Female,First,Secondary,
24,254,,TRUE,Female,Second,Secondary,
27,580,,TRUE,Female,First,Secondary,
24,479,,TRUE,Female,First,Secondary,
20,264,,TRUE,Female,First,Secondary,
16,25,,FALSE,Male,Third,Secondary,
17,60,,FALSE,Male,First,Secondary,
16,30,,FALSE,Female,First,Secondary,
16,66,,TRUE,Female,First,Secondary,
16,0,,FALSE,Male,Second,Secondary,
24,115,,FALSE,Male,Second,Secondary,
16,27,,FALSE,Male,Second,Secondary,
18,17,,TRUE,Female,First,Secondary,
18,52,,FALSE,Male,First,Secondary,
18,19,,TRUE,Male,First,Secondary,
24,201,,FALSE,Male,First,Secondary,
18,346,,TRUE,Female,First,Secondary,
18,82,,TRUE,Female,Second,Secondary,
18,8,,FALSE,Male,Second,Secondary,
19,42,,FALSE,Male,First,Secondary,
19,109,,TRUE,Male,Third,Secondary,
20,204,,TRUE,Female,Second,Secondary,
20,24,,TRUE,Male,Second,Secondary,
20,439,,TRUE,Female,First,Secondary,
21,76,,FALSE,Female,Second,Secondary,Hispanic
20,50,,TRUE,Female,Second,Secondary,
28,71,,FALSE,Male,First,Secondary,
22,3,,TRUE,Male,First,Secondary,
23,634,,FALSE,Male,Second,Secondary,
24,156,,TRUE,Male,First,Secondary,
24,570,,TRUE,Male,First,Secondary,
23,247,,TRUE,Male,First,Secondary,
24,213,,TRUE,Female,Second,Secondary,
24,480,,TRUE,Female,First,Secondary,
24,215,,TRUE,Female,First,Secondary,
24,96,,TRUE,Male,First,Secondary,
26,230,,TRUE,Male,First,Secondary,
27,141,,FALSE,Male,First,Secondary,
25,680,,FALSE,Male,Second,Secondary,
25,60,,FALSE,Male,First,Secondary,
18,121,,FALSE,Female,First,Secondary,
26,169,,FALSE,Male,First,Secondary,
29,542,,FALSE,Male,First,Secondary,
19,238,,FALSE,Male,First,Secondary,
30,518,,FALSE,Male,First,Secondary,
25,364,,FALSE,Male,First,Secondary,
25,332,,FALSE,Female,Second,Secondary,
23,321,,FALSE,Male,Third,Secondary,
19,82,,FALSE,Female,Second,Secondary,
24,423,,FALSE,Female,Second,Secondary,
24,28,,FALSE,Male,First,Secondary,Hispanic
25,323,,FALSE,Female,Second,Secondary,
24,592,,TRUE,Male,Second,Secondary,
21,628,,FALSE,Male,Second,Secondary,
23,466,,FALSE,Male,First,Secondary,
21,208,,FALSE,Female,Third,Secondary,
25,392,,FALSE,Female,Third,Secondary,
25,292,,FALSE,Female,First,Secondary,
26,98,,FALSE,Male,First,Secondary,
30,613,,FALSE,Female,First,Secondary,
19,85,,FALSE,Female,First,Secondary,
24,467,,FALSE,Female,First,Secondary,
26,139,,FALSE,Male,Second,Secondary,
18,443,,FALSE,Male,Third,Secondary,
25,204,,FALSE,Male,Second,Secondary,Hispanic
20,73,,FALSE,Male,Second,Secondary,Hispanic
20,485,,FALSE,Male,First,Secondary,
30,633,,FALSE,Male,First,Secondary,
25,621,,FALSE,Male,First,Secondary,
24,9,,FALSE,Female,Sixth,Secondary,
30,15,,FALSE,Female,Sixth,Secondary,
19,25,,FALSE,Female,Sixth,Secondary,
21,117,,TRUE,Female,Second,Secondary,
30,634,,FALSE,Female,Second,Secondary,
20,330,,FALSE,Female,Second,Secondary,
24,522,,FALSE,Female,Second,Secondary,
19,320,,FALSE,Female,Third,Secondary,
30,635,,FALSE,Female,First,Secondary,
24,569,,FALSE,Female,First,Secondary,
19,490,,FALSE,Female,First,Secondary,
30,152,,FALSE,Male,First,Secondary,
24,55,,FALSE,Male,First,Secondary,
30,668,,FALSE,Male,First,Secondary,
24,471,,FALSE,Male,First,Secondary,
18,39,,FALSE,Male,First,Secondary,Hispanic
29,94,,FALSE,Male,First,Secondary,Hispanic
24,60,,FALSE,Male,First,Secondary,Hispanic
24,35,,FALSE,Male,Third,Secondary,Hispanic
28,147,,FALSE,Female,First,Secondary,Hispanic
30,353,,FALSE,Male,Second,Secondary,Hispanic
24,11,,FALSE,Male,First,Secondary,Hispanic
19,11,,FALSE,Male,First,Secondary,Hispanic
26,157,,FALSE,Male,Second,Secondary,Hispanic
29,124,,FALSE,Female,First,Secondary,Hispanic
26,236,,FALSE,Male,First,Secondary,
18,42,,FALSE,Male,First,Secondary,
25,226,,FALSE,Male,First,Secondary,
18,83,,FALSE,Male,Third,Secondary,
30,427,,FALSE,Male,Third,Secondary,
24,59,,FALSE,Male,First,Secondary,
27,132,,FALSE,Male,First,Secondary,Hispanic
26,78,,FALSE,Male,Third,Secondary,Hispanic
27,115,,FALSE,Female,Second,Secondary,Hispanic
18,73,,FALSE,Male,Third,Secondary,Hispanic
23,168,,FALSE,Male,Third,Secondary,Hispanic
24,141,,FALSE,Male,First,Secondary,Hispanic
30,638,,FALSE,Male,First,Secondary,
23,28,,FALSE,Male,Second,Secondary,Hispanic
27,48,,FALSE,Female,Third,Secondary,Hispanic
22,13,,FALSE,Male,First,Secondary,Hispanic
30,25,,FALSE,Female,Second,Secondary,Hispanic
29,26,,FALSE,Female,First,Secondary,Hispanic
24,33,,FALSE,Female,First,Secondary,Hispanic
27,452,,FALSE,Female,Second,Secondary,Hispanic
24,86,,FALSE,Female,Third,Secondary,
21,41,,FALSE,Male,Third,Secondary,Hispanic
26,227,,FALSE,Male,Second,Secondary,
25,327,,FALSE,Male,Second,Secondary,
25,537,,FALSE,Female,Third,Secondary,
24,322,,FALSE,Male,First,Secondary,
24,477,,FALSE,Female,First,Secondary,
29,280,,FALSE,Male,First,Secondary,
22,33,,FALSE,Male,First,Secondary,
22,25,,FALSE,Male,,Secondary,Hispanic
25,31,,FALSE,Male,,Secondary,Hispanic
30,79,,FALSE,Male,,Secondary,Hispanic
22,175,,FALSE,Female,,Secondary,Non-Hispanic
25,479,,FALSE,Female,,Secondary,Non-Hispanic
25,146,,FALSE,Male,,Secondary,Non-Hispanic
22,71,,FALSE,Male,,Secondary,Non-Hispanic
25,117,,FALSE,Male,,Secondary,Non-Hispanic
22,82,,FALSE,Male,,Secondary,Non-Hispanic
22,141,,FALSE,Male,,Secondary,Non-Hispanic
25,306,,FALSE,Male,,Secondary,Non-Hispanic
22,104,,FALSE,Female,,Secondary,Non-Hispanic
25,125,,FALSE,Female,,Secondary,Non-Hispanic
25,592,,FALSE,Female,,Secondary,Non-Hispanic
22,361,,FALSE,Female,,Secondary,Non-Hispanic
30,148,,FALSE,Female,,Secondary,Hispanic
30,85,,FALSE,Female,,Secondary,Hispanic
30,271,,FALSE,Female,,Secondary,Hispanic
30,45,,FALSE,Male,,Secondary,Hispanic
30,93,,FALSE,Male,,Secondary,Non-Hispanic
30,44,,FALSE,Male,,Secondary,Hispanic
29,92,,FALSE,Female,,Secondary,Hispanic
30,398,,FALSE,Male,,Secondary,Hispanic
30,646,,FALSE,Female,,Secondary,Hispanic
30,211,,FALSE,Female,,Secondary,Hispanic
29,85,,FALSE,Female,,Secondary,Hispanic
30,355,,FALSE,Female,,Secondary,Hispanic
29,148,,FALSE,Male,,Secondary,Hispanic
30,590,,FALSE,Female,,Secondary,Hispanic
30,74,,FALSE,Female,,Secondary,Hispanic
30,66,,FALSE,Male,,Secondary,Hispanic
30,72,,FALSE,Female,,Secondary,Hispanic
30,191,,FALSE,Male,,Secondary,Hispanic
30,201,,FALSE,Male,,Secondary,Hispanic
30,36,,FALSE,Female,,Secondary,Hispanic
30,84,,FALSE,Female,,Secondary,Hispanic
30,298,,FALSE,Male,,Secondary,Non-Hispanic
30,505,,FALSE,Female,,Secondary,Non-Hispanic
30,406,,FALSE,Female,,Secondary,Non-Hispanic
25,680,,FALSE,Female,,Secondary,Hispanic
20,177,,TRUE,Male,,Secondary,Non-Hispanic
24,23,,TRUE,Female,,Secondary,Non-Hispanic
22,29,,TRUE,Male,,Secondary,Non-Hispanic
20,33,,TRUE,Female,,Secondary,Non-Hispanic
20,50,,TRUE,Female,,Secondary,Non-Hispanic
27,163,,TRUE,Female,,Secondary,Non-Hispanic
21,0,,TRUE,Male,,Secondary,Non-Hispanic
25,389,,TRUE,Female,,Secondary,Non-Hispanic
28,71,,TRUE,Male,,Secondary,Non-Hispanic
28,260,,TRUE,Female,,Secondary,Non-Hispanic
22,221,,TRUE,Male,,Secondary,Non-Hispanic
25,14,,TRUE,Female,,Secondary,Non-Hispanic
22,8,,TRUE,Male,,Secondary,Non-Hispanic
18,51,,TRUE,Female,,Secondary,Non-Hispanic
18,23,,TRUE,Female,,Secondary,Non-Hispanic
18,95,,TRUE,Male,,Secondary,Non-Hispanic
16,9,,TRUE,Male,,Secondary,Non-Hispanic
16,12,,TRUE,Male,,Secondary,Non-Hispanic
16,25,,TRUE,Male,,Secondary,Non-Hispanic
19,146,,TRUE,Male,,Secondary,Non-Hispanic
16,29,,TRUE,Female,,Secondary,Hispanic
16,18,,TRUE,Male,,Secondary,Non-Hispanic
24,67,,TRUE,Female,,Secondary,Non-Hispanic
17,16,,TRUE,Male,,Secondary,Non-Hispanic
20,8,,TRUE,Male,,Secondary,Hispanic
20,13,,TRUE,Female,,Secondary,Non-Hispanic
26,146,,TRUE,Male,,Secondary,Non-Hispanic
26,5,,TRUE,Female,,Secondary,Non-Hispanic
17,56,,TRUE,Male,,Secondary,Non-Hispanic
29,354,,TRUE,Male,,Secondary,Non-Hispanic
17,17,,TRUE,Female,,Secondary,Hispanic
19,57,,TRUE,Female,,Secondary,Hispanic
18,51,,TRUE,Female,,Secondary,Non-Hispanic
16,38,,TRUE,Female,,Secondary,Non-Hispanic
28,100,,TRUE,Female,,Secondary,Non-Hispanic
25,107,,TRUE,Male,,Secondary,Hispanic
27,161,,TRUE,Male,,Secondary,Hispanic
18,61,,TRUE,Female,,Secondary,Hispanic
30,317,,TRUE,Male,,Secondary,Non-Hispanic
22,114,,TRUE,Female,,Secondary,Non-Hispanic
30,162,,TRUE,Male,,Secondary,Non-Hispanic
19,19,,TRUE,Female,,Secondary,Non-Hispanic
23,79,,TRUE,Male,,Secondary,Non-Hispanic
27,422,,TRUE,Male,,Secondary,Non-Hispanic
19,131,,TRUE,Male,,Secondary,Non-Hispanic
25,187,,TRUE,Female,,Secondary,Non-Hispanic
20,242,,TRUE,Female,,Secondary,Non-Hispanic
25,115,,TRUE,Female,,Secondary,Non-Hispanic
24,77,,TRUE,Female,,Secondary,Non-Hispanic
24,47,,TRUE,Male,,Secondary,Non-Hispanic
23,160,,TRUE,Female,,Secondary,Non-Hispanic
25,204,,TRUE,Male,,Secondary,Non-Hispanic
19,46,,TRUE,Male,,Secondary,Non-Hispanic
18,88,,TRUE,Male,,Secondary,Non-Hispanic
27,76,,TRUE,Male,,Secondary,Non-Hispanic
18,74,,TRUE,Female,,Secondary,Non-Hispanic
23,174,,TRUE,Female,,Secondary,Non-Hispanic
30,486,,TRUE,Male,,Secondary,Non-Hispanic
25,488,,TRUE,Female,,Secondary,Non-Hispanic
30,546,,TRUE,Female,,Secondary,Non-Hispanic
20,368,,TRUE,Female,,Secondary,Non-Hispanic
29,578,,TRUE,Female,,Secondary,Non-Hispanic
22,162,,TRUE,Female,,Secondary,Non-Hispanic
19,113,,TRUE,Female,,Secondary,Non-Hispanic
28,364,,TRUE,Male,,Secondary,Non-Hispanic
23,189,,TRUE,Male,,Secondary,Non-Hispanic
30,120,,TRUE,Female,,Secondary,Non-Hispanic
24,253,,TRUE,Female,,Secondary,Non-Hispanic
20,307,,TRUE,Female,,Secondary,Non-Hispanic
26,35,,TRUE,Male,,Secondary,Non-Hispanic
18,174,,TRUE,Female,,Secondary,Non-Hispanic
22,210,,TRUE,Male,,Secondary,Non-Hispanic
23,28,,TRUE,Female,,Secondary,Hispanic
28,447,,TRUE,Female,,Secondary,Non-Hispanic
19,33,,TRUE,Male,,Secondary,Non-Hispanic
24,248,,TRUE,Male,,Secondary,Non-Hispanic
24,306,,TRUE,Female,,Secondary,Non-Hispanic
26,154,,TRUE,Female,,Secondary,Non-Hispanic
24,51,,TRUE,Male,,Secondary,Non-Hispanic
24,147,,TRUE,Male,,Secondary,Non-Hispanic
25,586,,TRUE,Female,,Secondary,Non-Hispanic
26,401,,TRUE,Female,,Secondary,Non-Hispanic
23,38,,TRUE,Male,,Secondary,Non-Hispanic
16,54,,TRUE,Male,,Secondary,Non-Hispanic
16,117,,TRUE,Male,,Secondary,Non-Hispanic
16,48,,TRUE,Male,,Secondary,Non-Hispanic
20,37,,TRUE,Male,,Secondary,Non-Hispanic
29,359,,TRUE,Female,,Secondary,Non-Hispanic
23,396,,TRUE,Female,,Secondary,Non-Hispanic
24,541,,TRUE,Male,,Secondary,Non-Hispanic
23,255,,TRUE,Female,,Secondary,Non-Hispanic
23,309,,TRUE,Female,,Secondary,Non-Hispanic
28,27,,TRUE,Male,,Secondary,Hispanic
30,462,,TRUE,Female,,Secondary,Non-Hispanic
24,446,,TRUE,Male,,Secondary,Non-Hispanic
18,294,,TRUE,Male,,Secondary,Non-Hispanic
29,523,,TRUE,Female,,Secondary,Non-Hispanic
30,368,,TRUE,Female,,Secondary,Non-Hispanic
30,622,,TRUE,Female,,Secondary,Non-Hispanic
30,581,,TRUE,Female,,Secondary,Non-Hispanic
30,612,,TRUE,Male,,Secondary,Non-Hispanic
24,181,,TRUE,Male,,Secondary,Non-Hispanic
29,434,,TRUE,Female,,Secondary,Non-Hispanic
27,679,,TRUE,Female,,Secondary,Non-Hispanic
22,248,,TRUE,Female,,Secondary,Non-Hispanic
27,301,,TRUE,Female,,Secondary,Non-Hispanic
16,94,,TRUE,Male,,Secondary,Non-Hispanic
27,212,,TRUE,Male,,Secondary,Non-Hispanic
30,597,,TRUE,Male,,Secondary,Non-Hispanic
23,371,,TRUE,Male,,Secondary,Non-Hispanic
27,325,,TRUE,Female,,Secondary,Non-Hispanic
30,601,,TRUE,Male,,Secondary,Non-Hispanic
24,501,,TRUE,Male,,Secondary,Non-Hispanic
19,174,,TRUE,Male,,Secondary,Non-Hispanic
27,568,,TRUE,Male,,Secondary,Non-Hispanic
26,553,,TRUE,Female,,Secondary,Non-Hispanic
29,258,,TRUE,Male,,Secondary,Non-Hispanic
20,219,,TRUE,Male,,Secondary,Non-Hispanic
23,268,,TRUE,Male,,Secondary,Non-Hispanic
23,387,,TRUE,Female,,Secondary,Non-Hispanic
23,145,,TRUE,Female,,Secondary,Non-Hispanic
22,290,,TRUE,Female,,Secondary,Non-Hispanic
30,648,,TRUE,Male,,Secondary,Non-Hispanic
26,552,,TRUE,Male,,Secondary,Non-Hispanic
21,121,,TRUE,Female,,Secondary,Non-Hispanic
28,108,,TRUE,Male,,Secondary,Non-Hispanic
28,432,,TRUE,Female,,Secondary,Non-Hispanic
25,641,,TRUE,Female,,Secondary,Non-Hispanic
30,517,,TRUE,Male,,Secondary,Non-Hispanic
25,667,,TRUE,Female,,Secondary,Non-Hispanic
19,463,,TRUE,Female,,Secondary,Non-Hispanic
19,19,,TRUE,Male,,Secondary,Hispanic
29,560,,TRUE,Male,,Secondary,Non-Hispanic
27,103,,TRUE,Female,,Secondary,Non-Hispanic
23,110,,TRUE,Male,,Secondary,Hispanic
27,263,,FALSE,Female,,Secondary,
23,75,,FALSE,Male,,Secondary,
26,357,,FALSE,Male,,Secondary,
24,317,,FALSE,Female,,Secondary,
25,444,,TRUE,Male,Second,Some College,
24,582,,TRUE,Male,Second,Some College,
29,526,,TRUE,Female,Second,Some College,
17,166,,TRUE,Male,Sixth,Some College,
26,379,,TRUE,Male,Second,Some College,
22,208,,TRUE,Female,Third,Some College,
25,514,,TRUE,Male,First,Some College,
24,181,,TRUE,Male,Fourth,Some College,
24,117,,TRUE,Female,Second,Some College,Hispanic
25,266,,TRUE,Female,Third,Some College,Hispanic
30,603,,TRUE,Male,Second,Some College,
24,25,,TRUE,Female,Third,Some College,
24,219,,TRUE,Female,Seventh,Some College,
29,338,,TRUE,Female,Third,Some College,Hispanic
22,264,,TRUE,Female,Second,Some College,
21,20,,TRUE,Female,Second,Some College,
30,462,,TRUE,Male,Second,Some College,
21,149,,TRUE,Male,Third,Some College,
26,296,,TRUE,Male,Second,Some College,
25,517,,TRUE,Male,Second,Some College,
21,118,,TRUE,Female,Third,Some College,
25,371,,TRUE,Female,Second,Some College,
29,611,,TRUE,Female,Fourth,Some College,Hispanic
19,225,,TRUE,Female,Fourth,Some College,
20,141,,TRUE,Female,Fourth,Some College,
18,67,,TRUE,Male,Third,Some College,
26,321,,TRUE,Female,Fifth,Some College,
22,21,,TRUE,Male,Third,Some College,
29,186,,TRUE,Female,Second,Some College,
23,121,,TRUE,Male,Third,Some College,Hispanic
22,18,,TRUE,Female,Third,Some College,
29,361,,TRUE,Female,Third,Some College,
30,182,,TRUE,Female,Fifth,Some College,
17,11,,TRUE,Female,Second,Some College,Hispanic
23,52,,TRUE,Female,Second,Some College,
17,22,,TRUE,Male,Fourth,Some College,Hispanic
17,9,,TRUE,Male,Second,Some College,
20,23,,TRUE,Male,Second,Some College,
19,59,,TRUE,Female,Third,Some College,
21,156,,TRUE,Male,Second,Some College,
27,570,,TRUE,Female,Second,Some College,
22,86,,TRUE,Male,Third,Some College,
21,151,,TRUE,Male,Third,Some College,
27,584,,TRUE,Female,Third,Some College,
25,148,,TRUE,Male,Second,Some College,
21,219,,TRUE,Female,Third,Some College,
30,117,,TRUE,Male,Third,Some College,Hispanic
29,375,,TRUE,Male,Fourth,Some College,
27,300,,TRUE,Male,Sixth,Some College,
30,451,,TRUE,Female,Second,Some College,
23,385,,TRUE,Female,Second,Some College,
26,551,,TRUE,Female,Third,Some College,
20,104,,TRUE,Male,Third,Some College,Hispanic
20,60,,TRUE,Female,Fourth,Some College,
17,83,,TRUE,Male,First,Some College,
21,152,,TRUE,Male,Third,Some College,
18,42,,TRUE,Female,Second,Some College,
19,127,,TRUE,Female,Fourth,Some College,
17,83,,TRUE,Male,First,Some College,
27,607,,TRUE,Male,Second,Some College,
19,52,,TRUE,Male,First,Some College,
20,50,,TRUE,Female,Second,Some College,
30,381,,TRUE,Female,First,Some College,
20,370,,TRUE,Female,First,Some College,
27,585,,TRUE,Female,Second,Some College,
27,331,,TRUE,Male,First,Some College,
21,73,,TRUE,Female,Fourth,Some College,
28,253,,TRUE,Female,Fourth,Some College,
19,28,,TRUE,Female,First,Some College,
30,560,,TRUE,Female,First,Some College,Hispanic
28,305,,TRUE,Male,Second,Some College,
17,90,,TRUE,Female,First,Some College,
21,252,,TRUE,Female,First,Some College,
24,315,,TRUE,Male,First,Some College,
27,429,,TRUE,Female,First,Some College,
27,324,,TRUE,Male,Second,Some College,
21,211,,TRUE,Male,First,Some College,
19,29,,TRUE,Female,First,Some College,Hispanic
26,484,,TRUE,Female,Third,Some College,
24,222,,TRUE,Male,Third,Some College,
17,291,,TRUE,Female,Second,Some College,
21,47,,TRUE,Male,First,Some College,
27,610,,TRUE,Male,First,Some College,
20,159,,TRUE,Female,First,Some College,
25,218,,TRUE,Male,Second,Some College,
21,59,,TRUE,Male,First,Some College,Hispanic
24,159,,TRUE,Male,First,Some College,
27,243,,TRUE,Female,Second,Some College,
27,239,,TRUE,Female,Third,Some College,
27,366,,TRUE,Male,First,Some College,Hispanic
26,351,,TRUE,Female,First,Some College,
22,377,,TRUE,Female,Third,Some College,
24,94,,TRUE,Male,Second,Some College,
20,219,,TRUE,Female,Second,Some College,
24,574,,TRUE,Female,Second,Some College,
21,422,,TRUE,Female,First,Some College,
20,29,,TRUE,Male,First,Some College,
20,67,,TRUE,Male,Second,Some College,
25,203,,TRUE,Male,First,Some College,Hispanic
20,309,,TRUE,Female,First,Some College,
30,508,,TRUE,Male,First,Some College,
19,90,,TRUE,Female,First,Some College,
26,126,,TRUE,Female,Second,Some College,
28,298,,TRUE,Male,First,Some College,Hispanic
23,27,,TRUE,Female,Second,Some College,
19,31,,TRUE,Male,First,Some College,
21,3,,TRUE,Male,First,Some College,
19,33,,TRUE,Male,Third,Some College,
18,26,,TRUE,Male,Second,Some College,
28,442,,TRUE,Male,First,Some College,
30,575,,TRUE,Female,First,Some College,
17,49,,TRUE,Female,First,Some College,
27,490,,TRUE,Male,First,Some College,
29,173,,TRUE,Male,First,Some College,
19,183,,TRUE,Male,First,Some College,
27,508,,TRUE,Female,First,Some College,Hispanic
18,13,,TRUE,Female,Third,Some College,
27,595,,TRUE,Male,First,Some College,
23,522,,TRUE,Male,Second,Some College,
26,531,,TRUE,Female,Second,Some College,
28,513,,TRUE,Female,First,Some College,
26,435,,TRUE,Female,First,Some College,
20,19,,TRUE,Female,First,Some College,Hispanic
18,46,,TRUE,Female,First,Some College,Hispanic
24,322,,TRUE,Female,Second,Some College,
24,235,,TRUE,Female,First,Some College,
18,107,,TRUE,Male,First,Some College,Hispanic
28,648,,TRUE,Female,First,Some College,
21,192,,TRUE,Female,,Some College,
25,371,,TRUE,Male,Third,Some College,
26,584,,TRUE,Male,First,Some College,
30,588,,TRUE,Male,First,Some College,
25,495,,TRUE,Female,First,Some College,
25,89,,TRUE,Female,First,Some College,
20,222,,TRUE,Female,First,Some College,
23,127,,TRUE,Male,First,Some College,
30,622,,TRUE,Female,Second,Some College,
27,170,,TRUE,Female,Second,Some College,
27,94,,TRUE,Female,First,Some College,
26,398,,TRUE,Female,First,Some College,
18,508,,TRUE,Male,Second,Some College,
19,88,,TRUE,Male,First,Some College,Hispanic
23,198,,TRUE,Male,First,Some College,
17,149,,TRUE,Female,First,Some College,
29,672,,TRUE,Female,Second,Some College,
18,52,,TRUE,Female,First,Some College,
20,84,,TRUE,Male,First,Some College,
22,423,,TRUE,Male,Second,Some College,
27,479,,TRUE,Male,First,Some College,
29,590,,TRUE,Female,Second,Some College,
22,514,,TRUE,Female,Second,Some College,
30,442,,TRUE,Female,First,Some College,Hispanic
28,576,,TRUE,Female,First,Some College,
29,438,,TRUE,Female,Third,Some College,Hispanic
17,68,,TRUE,Male,First,Some College,
17,101,,TRUE,Female,First,Some College,
17,13,,TRUE,Male,Second,Some College,
18,103,,TRUE,Male,Second,Some College,
28,2,,TRUE,Male,,Some College,
28,460,,TRUE,Male,First,Some College,
29,463,,TRUE,Male,Second,Some College,
29,363,,TRUE,Male,First,Some College,
22,189,,TRUE,Female,Second,Some College,
28,568,,TRUE,Female,,Some College,
30,366,,TRUE,Female,Second,Some College,Hispanic
30,216,,TRUE,Female,Second,Some College,
30,626,,TRUE,Female,First,Some College,
30,602,,TRUE,Female,First,Some College,
26,213,,TRUE,Male,Second,Some College,
26,324,,TRUE,Female,First,Some College,
26,586,,TRUE,Female,Second,Some College,
26,476,,TRUE,Female,Second,Some College,
18,36,,TRUE,Male,First,Some College,
19,18,,TRUE,Male,First,Some College,
19,72,,TRUE,Male,Second,Some College,
19,392,,TRUE,Male,Second,Some College,
19,3,,TRUE,Male,Second,Some College,
21,546,,TRUE,Male,Second,Some College,
20,278,,FALSE,Female,First,Some College,
21,98,,TRUE,Female,First,Some College,
28,490,,TRUE,Male,Second,Some College,
28,588,,TRUE,Female,First,Some College,
28,608,,TRUE,Male,Third,Some College,
28,185,,TRUE,Female,Third,Some College,
28,465,,TRUE,Female,First,Some College,
27,662,,TRUE,Male,First,Some College,
27,218,,TRUE,Male,First,Some College,
28,144,,TRUE,Male,Second,Some College,
26,172,,TRUE,Female,First,Some College,
21,147,,TRUE,Male,Second,Some College,
20,37,,TRUE,Male,First,Some College,
24,114,,TRUE,Female,Third,Some College,
20,551,,TRUE,Female,Second,Some College,
24,253,,TRUE,Male,First,Some College,
24,314,,TRUE,Male,First,Some College,
24,418,,TRUE,Male,Second,Some College,
22,366,,TRUE,Female,Second,Some College,
21,394,,TRUE,Male,First,Some College,
23,224,,TRUE,Male,Second,Some College,
23,28,,TRUE,Male,First,Some College,
23,199,,TRUE,Female,Third,Some College,
24,12,,TRUE,Female,Second,Some College,
24,272,,TRUE,Male,Second,Some College,
17,13,,TRUE,Male,Third,Some College,
20,108,,TRUE,Male,Second,Some College,
19,120,,TRUE,Male,First,Some College,
18,34,,TRUE,Male,First,Some College,
18,31,,TRUE,Female,First,Some College,
18,89,,TRUE,Female,Second,Some College,
18,123,,TRUE,Female,First,Some College,
17,30,,TRUE,Male,Second,Some College,
17,87,,TRUE,Female,Second,Some College,
19,57,,TRUE,Female,First,Some College,
28,659,,TRUE,Female,Fourth,Some College,
27,478,,TRUE,Male,First,Some College,
16,357,,TRUE,Male,First,Some College,
27,538,,TRUE,Male,First,Some College,
18,17,,TRUE,Male,First,Some College,
27,587,,TRUE,Female,First,Some College,
27,181,,TRUE,Female,Second,Some College,
18,79,,TRUE,Female,First,Some College,
25,642,,TRUE,Female,First,Some College,
19,180,,TRUE,Male,Second,Some College,
22,402,,TRUE,Female,Second,Some College,
28,383,,TRUE,Female,Second,Some College,
20,139,,TRUE,Male,First,Some College,
19,64,,TRUE,Female,Third,Some College,
20,118,,TRUE,Male,Second,Some College,
21,232,,TRUE,Female,Second,Some College,
20,222,,TRUE,Male,First,Some College,
20,176,,TRUE,Male,First,Some College,
22,111,,TRUE,Female,First,Some College,
21,415,,TRUE,Male,Second,Some College,
21,217,,TRUE,Female,First,Some College,
21,485,,TRUE,Female,Second,Some College,
30,560,,TRUE,Female,Second,Some College,
30,657,,TRUE,Female,First,Some College,
18,186,,TRUE,Male,Second,Some College,
28,463,,TRUE,Female,First,Some College,
26,188,,TRUE,Male,First,Some College,
30,284,,TRUE,Male,First,Some College,
20,219,,TRUE,Female,Third,Some College,
20,273,,TRUE,Female,Second,Some College,
26,560,,TRUE,Female,Second,Some College,
27,406,,TRUE,Female,First,Some College,
20,68,,TRUE,Female,First,Some College,
17,71,,TRUE,Male,Second,Some College,
28,409,,TRUE,Male,Second,Some College,
28,325,,TRUE,Male,First,Some College,
21,95,,TRUE,Female,First,Some College,
16,7,,TRUE,Male,Second,Some College,
28,180,,TRUE,Male,First,Some College,
19,48,,TRUE,Female,Fourth,Some College,
16,8,,TRUE,Male,Second,Some College,
17,85,,TRUE,Male,First,Some College,
19,322,,TRUE,Male,First,Some College,
19,96,,TRUE,Female,First,Some College,
20,121,,TRUE,Female,Second,Some College,
20,302,,TRUE,Male,First,Some College,
24,93,,TRUE,Male,First,Some College,
17,63,,TRUE,Female,Second,Some College,Hispanic
19,23,,TRUE,Male,Second,Some College,
27,226,,TRUE,Male,First,Some College,
24,373,,TRUE,Male,Third,Some College,
29,111,,TRUE,Male,Second,Some College,
17,16,,TRUE,Female,Second,Some College,
16,129,,TRUE,Female,First,Some College,
17,129,,TRUE,Male,Second,Some College,
19,117,,TRUE,Male,First,Some College,
19,106,,TRUE,Male,Fourth,Some College,
21,78,,TRUE,Female,First,Some College,
21,310,,TRUE,Female,First,Some College,
22,82,,TRUE,Male,Second,Some College,
22,330,,TRUE,Female,First,Some College,
23,352,,TRUE,Female,First,Some College,
26,357,,TRUE,Female,First,Some College,
26,311,,TRUE,Male,Third,Some College,
30,465,,TRUE,Male,Third,Some College,
24,131,,TRUE,Female,Third,Some College,
23,47,,TRUE,Female,Third,Some College,
25,488,,TRUE,Female,Third,Some College,
27,26,,FALSE,Female,Third,Some College,
27,547,,TRUE,Female,Fourth,Some College,
28,491,,TRUE,Male,Third,Some College,
28,340,,TRUE,Male,First,Some College,
30,514,,TRUE,Female,Second,Some College,
28,324,,TRUE,Female,Second,Some College,
28,411,,TRUE,Male,First,Some College,
29,626,,TRUE,Female,First,Some College,
19,0,,TRUE,Male,First,Some College,
26,63,,TRUE,Male,First,Some College,
19,454,,TRUE,Male,First,Some College,
24,638,,TRUE,Male,First,Some College,
23,298,,TRUE,Male,First,Some College,
29,529,,TRUE,Female,First,Some College,
27,421,,TRUE,Female,First,Some College,
27,147,,TRUE,Male,First,Some College,
24,79,,TRUE,Male,First,Some College,
23,395,,TRUE,Male,Second,Some College,
22,488,,TRUE,Male,First,Some College,
22,388,,TRUE,Female,First,Some College,
22,125,,TRUE,Female,Second,Some College,
20,142,,TRUE,Male,First,Some College,
19,182,,TRUE,Female,First,Some College,
29,462,,TRUE,Male,First,Some College,
30,150,,TRUE,Female,Third,Some College,
22,36,,TRUE,Male,Second,Some College,
30,309,,TRUE,Male,First,Some College,
17,43,,TRUE,Female,Second,Some College,
25,377,,TRUE,Male,Second,Some College,
25,137,,TRUE,Male,Second,Some College,
16,45,,TRUE,Female,First,Some College,
17,38,,TRUE,Male,Third,Some College,
18,72,,TRUE,Male,Second,Some College,
16,82,,TRUE,Male,Second,Some College,
20,18,,TRUE,Male,Second,Some College,
30,33,,TRUE,Male,First,Some College,
20,46,,TRUE,Female,Second,Some College,
21,140,,TRUE,Female,Second,Some College,
23,42,,TRUE,Female,Third,Some College,
29,150,,TRUE,Male,Second,Some College,
26,274,,TRUE,Male,First,Some College,
25,278,,TRUE,Male,First,Some College,
23,471,,TRUE,Female,Second,Some College,
26,605,,TRUE,Male,Second,Some College,
28,424,,TRUE,Female,Second,Some College,
27,629,,TRUE,Female,First,Some College,
18,118,,TRUE,Male,First,Some College,
24,377,,TRUE,Male,First,Some College,
17,34,,TRUE,Female,First,Some College,
24,344,,TRUE,Female,First,Some College,
21,130,,TRUE,Male,First,Some College,
20,145,,TRUE,Female,Second,Some College,
24,498,,TRUE,Male,First,Some College,
24,543,,TRUE,Female,First,Some College,
18,32,,TRUE,Female,First,Some College,
24,262,,TRUE,Female,Second,Some College,
17,51,,TRUE,Female,First,Some College,
20,284,,TRUE,Female,Second,Some College,
20,393,,TRUE,Female,First,Some College,
20,20,,TRUE,Male,Second,Some College,
21,170,,TRUE,Male,First,Some College,
18,174,,FALSE,Male,First,Some College,
16,78,,FALSE,Male,First,Some College,
22,183,,FALSE,Male,First,Some College,Hispanic
16,18,,FALSE,Male,First,Some College,Hispanic
27,337,,FALSE,Male,First,Some College,Hispanic
17,62,,FALSE,Female,Second,Some College,
17,5,,FALSE,Male,Fourth,Some College,
16,24,,FALSE,Female,Fourth,Some College,
16,10,,FALSE,Male,Second,Some College,
19,10,,FALSE,Male,Second,Some College,
30,503,,FALSE,Male,Second,Some College,
24,53,,FALSE,Male,Second,Some College,
19,26,,FALSE,Male,Second,Some College,
16,4,,FALSE,Male,Second,Some College,
30,548,,FALSE,Male,Second,Some College,
16,34,,FALSE,Female,Second,Some College,
17,397,,FALSE,Female,First,Some College,
16,14,,FALSE,Male,Second,Some College,
19,22,,FALSE,Male,Second,Some College,
16,11,,TRUE,Male,Third,Some College,
16,36,,FALSE,Male,First,Some College,
16,14,,FALSE,Male,Third,Some College,
24,94,,FALSE,Male,Third,Some College,
19,26,,FALSE,Male,Third,Some College,
19,14,,FALSE,Male,Second,Some College,
16,6,,FALSE,Male,Second,Some College,
25,139,,FALSE,Male,Second,Some College,
17,137,,FALSE,Female,First,Some College,
17,13,,FALSE,Male,First,Some College,
18,35,,FALSE,Male,First,Some College,
16,92,,FALSE,Female,First,Some College,
17,61,,FALSE,Male,First,Some College,
19,19,,FALSE,Male,First,Some College,
16,6,,FALSE,Male,First,Some College,
16,52,,FALSE,Female,First,Some College,
18,13,,FALSE,Male,Second,Some College,
18,46,,FALSE,Male,First,Some College,
18,39,,FALSE,Male,Third,Some College,
17,16,,FALSE,Male,Second,Some College,
17,39,,FALSE,Male,Second,Some College,
30,466,,FALSE,Male,Second,Some College,
18,269,,FALSE,Female,First,Some College,
24,477,,FALSE,Female,First,Some College,
18,148,,FALSE,Male,Second,Some College,
18,8,,FALSE,Female,Second,Some College,
17,40,,FALSE,Female,First,Some College,
18,20,,FALSE,Male,Second,Some College,
18,49,,FALSE,Female,First,Some College,
18,85,,FALSE,Female,First,Some College,
18,119,,FALSE,Male,First,Some College,
24,451,,FALSE,Male,First,Some College,
18,15,,FALSE,Male,Second,Some College,
24,43,,FALSE,Male,Second,Some College,
18,268,,FALSE,Female,Second,Some College,
18,262,,FALSE,Female,Second,Some College,
19,27,,FALSE,Male,Second,Some College,
19,130,,FALSE,Male,Second,Some College,
18,249,,FALSE,Female,First,Some College,
18,83,,FALSE,Male,Second,Some College,
18,31,,FALSE,Female,First,Some College,
20,19,,FALSE,Female,First,Some College,
25,135,,FALSE,Female,First,Some College,
19,42,,FALSE,Male,First,Some College,
19,65,,FALSE,Female,Third,Some College,
19,59,,TRUE,Female,Second,Some College,
20,72,,FALSE,Female,First,Some College,
19,139,,FALSE,Female,Second,Some College,
20,30,,FALSE,Female,First,Some College,
21,38,,FALSE,Male,Sixth,Some College,
23,357,,FALSE,Female,First,Some College,
24,162,,FALSE,Male,First,Some College,
25,423,,FALSE,Female,First,Some College,
24,318,,FALSE,Female,First,Some College,
25,666,,FALSE,Female,First,Some College,
24,307,,FALSE,Male,Second,Some College,
24,35,,FALSE,Male,First,Some College,Hispanic
25,178,,TRUE,Male,Second,Some College,Hispanic
25,568,,FALSE,Male,First,Some College,
24,23,,FALSE,Male,Second,Some College,
24,170,,FALSE,Male,First,Some College,
24,48,,FALSE,Female,First,Some College,
24,239,,FALSE,Male,First,Some College,
24,268,,FALSE,Male,First,Some College,
25,54,,FALSE,Female,Fourth,Some College,
25,282,,FALSE,Female,First,Some College,
27,641,,FALSE,Female,First,Some College,
26,680,,FALSE,Female,First,Some College,
28,677,,FALSE,Male,Second,Some College,
28,572,,FALSE,Male,First,Some College,
28,86,,FALSE,Female,First,Some College,Hispanic
28,536,,FALSE,Male,Second,Some College,
29,677,,FALSE,Female,Third,Some College,
30,98,,FALSE,Male,First,Some College,Hispanic
18,56,,FALSE,Female,Fourth,Some College,
24,409,,FALSE,Female,Fourth,Some College,
25,124,,FALSE,Female,Third,Some College,
20,34,,FALSE,Female,Third,Some College,
18,30,,FALSE,Female,Third,Some College,
19,381,,FALSE,Male,First,Some College,
26,459,,FALSE,Male,First,Some College,
25,18,,FALSE,Male,First,Some College,
20,202,,FALSE,Male,Third,Some College,
30,522,,FALSE,Male,First,Some College,
26,300,,FALSE,Male,First,Some College,
24,399,,FALSE,Male,Second,Some College,
30,497,,FALSE,Male,Second,Some College,
18,126,,FALSE,Male,Second,Some College,
20,81,,FALSE,Male,First,Some College,
25,189,,FALSE,Male,First,Some College,
25,625,,FALSE,Female,First,Some College,
19,313,,TRUE,Female,First,Some College,
30,652,,FALSE,Female,First,Some College,
25,35,,FALSE,Male,First,Some College,
26,651,,FALSE,Female,First,Some College,
24,286,,FALSE,Male,Second,Some College,
18,151,,FALSE,Male,Second,Some College,
30,503,,FALSE,Male,Second,Some College,
25,421,,FALSE,Female,First,Some College,
30,595,,FALSE,Female,First,Some College,
19,52,,FALSE,Female,First,Some College,
25,98,,FALSE,Male,Third,Some College,
29,298,,FALSE,Female,First,Some College,
18,70,,FALSE,Female,First,Some College,
25,201,,FALSE,Female,First,Some College,
25,220,,FALSE,Female,First,Some College,
20,97,,FALSE,Female,First,Some College,
25,401,,FALSE,Male,First,Some College,
30,592,,FALSE,Male,First,Some College,
19,144,,FALSE,Male,First,Some College,
27,567,,FALSE,Female,First,Some College,
24,579,,FALSE,Female,Second,Some College,
19,432,,FALSE,Female,Second,Some College,
30,398,,FALSE,Male,Second,Some College,
19,39,,FALSE,Male,Fifth,Some College,
30,313,,FALSE,Male,Fifth,Some College,
24,118,,FALSE,Male,Fifth,Some College,
24,663,,FALSE,Female,Second,Some College,
19,513,,FALSE,Female,Second,Some College,
24,632,,FALSE,Female,Second,Some College,
28,217,,FALSE,Male,First,Some College,
24,253,,FALSE,Female,First,Some College,
18,47,,FALSE,Female,First,Some College,
25,403,,TRUE,Male,Second,Some College,
30,533,,FALSE,Male,First,Some College,
24,202,,FALSE,Male,First,Some College,
20,304,,FALSE,Female,First,Some College,
25,455,,FALSE,Female,First,Some College,
25,303,,FALSE,Male,First,Some College,
19,76,,FALSE,Male,First,Some College,
22,412,,FALSE,Female,Second,Some College,
30,643,,FALSE,Female,Second,Some College,
29,110,,FALSE,Male,Second,Some College,
19,126,,FALSE,Female,First,Some College,
25,607,,FALSE,Female,First,Some College,
25,528,,FALSE,Female,Second,Some College,
19,69,,FALSE,Female,First,Some College,
19,340,,FALSE,Female,Second,Some College,
25,490,,FALSE,Male,First,Some College,
30,566,,FALSE,Male,First,Some College,
24,494,,FALSE,Male,Second,Some College,
30,672,,FALSE,Male,Second,Some College,
20,166,,FALSE,Male,Second,Some College,
18,76,,FALSE,Male,Fourth,Some College,
24,308,,FALSE,Male,Fourth,Some College,
26,579,,FALSE,Female,First,Some College,
21,221,,FALSE,Female,First,Some College,
25,448,,FALSE,Male,First,Some College,
30,649,,FALSE,Male,First,Some College,
26,317,,FALSE,Male,First,Some College,
20,34,,FALSE,Male,First,Some College,
24,549,,TRUE,Female,First,Some College,Hispanic
19,14,,FALSE,Male,Third,Some College,
21,113,,FALSE,Female,First,Some College,
28,333,,FALSE,Female,Second,Some College,
18,66,,FALSE,Female,Second,Some College,
19,151,,TRUE,Female,First,Some College,
24,316,,FALSE,Female,First,Some College,
20,334,,FALSE,Female,Second,Some College,
24,556,,FALSE,Female,Second,Some College,
24,165,,FALSE,Male,Fourth,Some College,
30,510,,FALSE,Male,Third,Some College,
19,24,,FALSE,Male,Third,Some College,
24,236,,FALSE,Female,Second,Some College,
27,216,,FALSE,Female,First,Some College,
19,97,,FALSE,Female,Third,Some College,
25,513,,FALSE,Female,Third,Some College,
19,7,,FALSE,Female,First,Some College,Hispanic
30,24,,FALSE,Male,Second,Some College,
30,618,,FALSE,Female,Second,Some College,
24,328,,FALSE,Female,Second,Some College,
21,233,,FALSE,Male,Second,Some College,
25,338,,FALSE,Male,Second,Some College,
25,30,,FALSE,Female,Fourth,Some College,
18,1,,FALSE,Male,Fourth,Some College,
25,194,,FALSE,Male,First,Some College,
19,45,,FALSE,Male,First,Some College,
20,208,,FALSE,Male,First,Some College,
25,390,,FALSE,Male,First,Some College,
20,174,,FALSE,Female,Fourth,Some College,
25,584,,FALSE,Female,Fourth,Some College,
25,316,,FALSE,Male,First,Some College,
20,58,,FALSE,Male,First,Some College,
19,272,,TRUE,Female,Fourth,Some College,
30,623,,FALSE,Female,Fourth,Some College,
20,67,,FALSE,Male,Second,Some College,
24,268,,FALSE,Male,Second,Some College,
25,119,,FALSE,Female,Second,Some College,
20,100,,FALSE,Female,Second,Some College,
29,541,,FALSE,Male,First,Some College,
25,130,,FALSE,Male,Third,Some College,
19,135,,FALSE,Female,Second,Some College,
25,338,,FALSE,Female,,Some College,
24,49,,FALSE,Female,First,Some College,
19,66,,FALSE,Female,Second,Some College,
25,357,,FALSE,Female,Second,Some College,
30,642,,FALSE,Female,Second,Some College,
30,444,,FALSE,Female,First,Some College,
19,202,,FALSE,Female,First,Some College,
26,436,,FALSE,Female,First,Some College,
24,226,,FALSE,Female,First,Some College,
30,475,,FALSE,Female,First,Some College,
30,500,,FALSE,Male,First,Some College,
18,93,,FALSE,Male,First,Some College,
25,369,,FALSE,Male,First,Some College,
18,27,,FALSE,Male,Fifth,Some College,
21,262,,FALSE,Male,First,Some College,
24,474,,FALSE,Male,Second,Some College,
30,608,,FALSE,Male,Second,Some College,
19,113,,FALSE,Male,Second,Some College,
20,148,,FALSE,Male,First,Some College,
25,266,,FALSE,Male,First,Some College,
19,53,,FALSE,Male,Second,Some College,
25,338,,FALSE,Male,Second,Some College,
26,37,,FALSE,Male,Second,Some College,Hispanic
19,10,,FALSE,Male,Second,Some College,Hispanic
22,58,,FALSE,Female,Third,Some College,Hispanic
28,14,,FALSE,Male,First,Some College,Hispanic
22,60,,FALSE,Female,First,Some College,Hispanic
27,234,,FALSE,Female,Second,Some College,Hispanic
18,85,,FALSE,Female,Second,Some College,Hispanic
30,159,,FALSE,Female,Second,Some College,Hispanic
19,326,,FALSE,Female,First,Some College,
23,424,,FALSE,Female,First,Some College,
25,440,,FALSE,Male,Third,Some College,
30,49,,FALSE,Male,First,Some College,Hispanic
24,84,,FALSE,Male,First,Some College,Hispanic
29,131,,FALSE,Male,Third,Some College,Hispanic
25,254,,FALSE,Male,First,Some College,Hispanic
19,135,,FALSE,Male,First,Some College,Hispanic
24,38,,FALSE,Female,First,Some College,
30,147,,FALSE,Male,First,Some College,Hispanic
25,108,,FALSE,Female,First,Some College,
30,197,,FALSE,Female,First,Some College,
30,318,,FALSE,Male,First,Some College,Hispanic
24,53,,FALSE,Female,First,Some College,Hispanic
30,146,,FALSE,Male,Third,Some College,Hispanic
20,41,,FALSE,Male,Third,Some College,Hispanic
19,73,,FALSE,Female,First,Some College,Hispanic
29,108,,FALSE,Female,First,Some College,Hispanic
25,91,,FALSE,Male,First,Some College,Hispanic
19,47,,FALSE,Male,Fourth,Some College,
25,192,,FALSE,Male,Fourth,Some College,
28,134,,FALSE,Male,First,Some College,Hispanic
19,85,,FALSE,Male,Second,Some College,Hispanic
25,90,,FALSE,Male,First,Some College,Hispanic
28,12,,FALSE,Female,First,Some College,Hispanic
24,164,,FALSE,Female,Second,Some College,Hispanic
30,283,,FALSE,Female,Second,Some College,Hispanic
25,72,,FALSE,Male,Second,Some College,Hispanic
19,27,,FALSE,Male,Second,Some College,Hispanic
19,7,,FALSE,Female,First,Some College,Hispanic
25,33,,FALSE,Male,Third,Some College,Hispanic
24,205,,FALSE,Female,First,Some College,
20,10,,FALSE,Male,Fourth,Some College,Hispanic
30,203,,FALSE,Male,First,Some College,Hispanic
18,53,,FALSE,Male,Second,Some College,
25,473,,FALSE,Female,First,Some College,
24,6,,FALSE,Female,First,Some College,Hispanic
22,5,,FALSE,Female,First,Some College,Hispanic
20,145,,FALSE,Male,First,Some College,Hispanic
25,580,,FALSE,Female,Second,Some College,
24,310,,FALSE,Male,Second,Some College,
25,257,,FALSE,Male,First,Some College,
26,618,,FALSE,Male,First,Some College,
26,186,,FALSE,Male,First,Some College,
24,593,,FALSE,Female,First,Some College,
28,378,,FALSE,Male,Third,Some College,
23,604,,FALSE,Female,Second,Some College,
25,472,,FALSE,Female,First,Some College,
26,274,,FALSE,Female,First,Some College,
26,299,,FALSE,Female,Third,Some College,
24,245,,FALSE,Female,Third,Some College,
24,517,,FALSE,Male,Second,Some College,
25,61,,FALSE,Male,Third,Some College,
24,173,,FALSE,Male,Third,Some College,
24,247,,FALSE,Male,First,Some College,
25,190,,FALSE,Male,Third,Some College,
24,574,,FALSE,Female,First,Some College,
25,555,,FALSE,Female,First,Some College,
24,566,,FALSE,Female,First,Some College,
23,580,,FALSE,Female,Third,Some College,
30,637,,FALSE,Female,Third,Some College,
30,89,,FALSE,Male,First,Some College,
23,13,,FALSE,Male,First,Some College,
24,643,,FALSE,Male,First,Some College,
24,110,,FALSE,Male,First,Some College,
26,27,,FALSE,Female,Second,Some College,
25,201,,FALSE,Female,First,Some College,
24,74,,FALSE,Male,Second,Some College,
27,680,,FALSE,Male,,Some College,
29,680,,FALSE,Male,,Some College,Hispanic
26,680,,FALSE,Female,,Some College,
29,680,,FALSE,Male,,Some College,Hispanic
28,680,,FALSE,Female,,Some College,
30,680,,FALSE,Female,,Some College,
17,12,,FALSE,Male,,Some College,
23,36,,FALSE,Male,,Some College,
19,680,,FALSE,Male,,Some College,Hispanic
24,13,,FALSE,Male,,Some College,Hispanic
17,680,,FALSE,Male,,Some College,
23,4,,FALSE,Male,,Some College,
18,23,,FALSE,Female,,Some College,
24,4,,FALSE,Male,,Some College,
17,6,,FALSE,Male,,Some College,
18,2,,FALSE,Female,,Some College,
23,3,,FALSE,Female,,Some College,
23,3,,FALSE,Male,,Some College,
18,3,,FALSE,Male,,Some College,
24,71,,FALSE,Male,,Some College,
17,3,,FALSE,Male,,Some College,
17,5,,FALSE,Male,,Some College,Hispanic
23,321,,FALSE,Male,,Some College,Hispanic
19,118,,FALSE,Female,,Some College,Hispanic
18,138,,FALSE,Female,,Some College,
24,474,,FALSE,Female,,Some College,
24,284,,FALSE,Male,,Some College,Hispanic
17,58,,FALSE,Male,,Some College,Hispanic
18,29,,FALSE,Female,,Some College,
24,503,,FALSE,Female,,Some College,
18,3,,FALSE,Male,,Some College,
23,8,,FALSE,Male,,Some College,
24,33,,FALSE,Female,,Some College,
17,9,,FALSE,Female,,Some College,
23,69,,FALSE,Female,,Some College,
17,15,,FALSE,Female,,Some College,
23,654,,FALSE,Female,,Some College,
18,245,,FALSE,Female,,Some College,
23,58,,FALSE,Male,,Some College,
17,17,,FALSE,Male,,Some College,
18,212,,FALSE,Male,,Some College,Hispanic
20,9,,TRUE,Male,,Some College,Non-Hispanic
19,436,,TRUE,Male,,Some College,Non-Hispanic
22,34,,TRUE,Female,,Some College,Non-Hispanic
19,61,,TRUE,Female,,Some College,Non-Hispanic
20,239,,TRUE,Female,,Some College,Non-Hispanic
19,37,,TRUE,Female,,Some College,Non-Hispanic
21,452,,TRUE,Female,,Some College,Non-Hispanic
18,42,,TRUE,Male,,Some College,Non-Hispanic
18,360,,TRUE,Female,,Some College,Non-Hispanic
20,426,,TRUE,Male,,Some College,Non-Hispanic
22,53,,TRUE,Male,,Some College,Non-Hispanic
19,4,,TRUE,Female,,Some College,Non-Hispanic
19,20,,TRUE,Female,,Some College,Non-Hispanic
26,649,,TRUE,Male,,Some College,Non-Hispanic
23,109,,TRUE,Female,,Some College,Non-Hispanic
19,20,,TRUE,Female,,Some College,Non-Hispanic
19,27,,TRUE,Female,,Some College,Non-Hispanic
18,139,,TRUE,Female,,Some College,Non-Hispanic
17,88,,TRUE,Female,,Some College,Non-Hispanic
19,6,,TRUE,Male,,Some College,Non-Hispanic
24,28,,TRUE,Female,,Some College,Non-Hispanic
17,24,,TRUE,Male,,Some College,Non-Hispanic
24,50,,TRUE,Male,,Some College,Non-Hispanic
17,146,,TRUE,Female,,Some College,Hispanic
25,23,,TRUE,Male,,Some College,Non-Hispanic
18,88,,TRUE,Female,,Some College,Non-Hispanic
16,25,,TRUE,Female,,Some College,Non-Hispanic
16,13,,TRUE,Male,,Some College,Non-Hispanic
29,370,,TRUE,Male,,Some College,Non-Hispanic
27,79,,TRUE,Male,,Some College,Non-Hispanic
26,49,,TRUE,Male,,Some College,Non-Hispanic
16,9,,TRUE,Male,,Some College,Non-Hispanic
16,12,,TRUE,Female,,Some College,Hispanic
17,79,,TRUE,Female,,Some College,Non-Hispanic
23,25,,TRUE,Male,,Some College,Non-Hispanic
28,412,,TRUE,Female,,Some College,Non-Hispanic
19,72,,TRUE,Male,,Some College,Non-Hispanic
16,57,,TRUE,Male,,Some College,Non-Hispanic
28,512,,TRUE,Female,,Some College,Non-Hispanic
21,35,,TRUE,Male,,Some College,Non-Hispanic
17,56,,TRUE,Male,,Some College,Non-Hispanic
18,11,,TRUE,Female,,Some College,Non-Hispanic
16,23,,TRUE,Male,,Some College,Non-Hispanic
28,26,,TRUE,Male,,Some College,Non-Hispanic
19,9,,TRUE,Female,,Some College,Non-Hispanic
21,20,,TRUE,Female,,Some College,Non-Hispanic
17,141,,TRUE,Female,,Some College,Hispanic
17,34,,TRUE,Male,,Some College,Non-Hispanic
19,84,,TRUE,Female,,Some College,Non-Hispanic
23,24,,TRUE,Male,,Some College,Non-Hispanic
27,139,,TRUE,Female,,Some College,Non-Hispanic
18,20,,TRUE,Male,,Some College,Non-Hispanic
26,2,,TRUE,Female,,Some College,Non-Hispanic
30,440,,TRUE,Male,,Some College,Non-Hispanic
19,48,,TRUE,Male,,Some College,Non-Hispanic
16,28,,TRUE,Male,,Some College,Non-Hispanic
29,20,,TRUE,Male,,Some College,Non-Hispanic
21,19,,TRUE,Male,,Some College,Non-Hispanic
20,456,,TRUE,Male,,Some College,Non-Hispanic
20,75,,TRUE,Female,,Some College,Non-Hispanic
30,50,,TRUE,Male,,Some College,Non-Hispanic
20,435,,TRUE,Female,,Some College,Non-Hispanic
19,16,,TRUE,Female,,Some College,Non-Hispanic
28,492,,TRUE,Female,,Some College,Non-Hispanic
30,427,,TRUE,Female,,Some College,Non-Hispanic
19,89,,TRUE,Female,,Some College,Non-Hispanic
25,26,,TRUE,Male,,Some College,Non-Hispanic
27,281,,TRUE,Female,,Some College,Non-Hispanic
26,532,,TRUE,Female,,Some College,Non-Hispanic
28,17,,TRUE,Male,,Some College,Hispanic
26,150,,TRUE,Male,,Some College,Non-Hispanic
19,52,,TRUE,Female,,Some College,Non-Hispanic
22,47,,TRUE,Female,,Some College,Non-Hispanic
22,116,,TRUE,Male,,Some College,Non-Hispanic
21,173,,TRUE,Female,,Some College,Non-Hispanic
20,607,,TRUE,Female,,Some College,Non-Hispanic
18,117,,TRUE,Male,,Some College,Hispanic
29,148,,TRUE,Male,,Some College,Non-Hispanic
30,546,,TRUE,Male,,Some College,Non-Hispanic
30,505,,TRUE,Female,,Some College,Non-Hispanic
24,24,,TRUE,Male,,Some College,Non-Hispanic
29,118,,TRUE,Male,,Some College,Non-Hispanic
25,276,,TRUE,Male,,Some College,Non-Hispanic
26,171,,TRUE,Male,,Some College,Non-Hispanic
19,288,,TRUE,Male,,Some College,Non-Hispanic
18,136,,TRUE,Female,,Some College,Non-Hispanic
26,125,,TRUE,Female,,Some College,Non-Hispanic
29,472,,TRUE,Female,,Some College,Non-Hispanic
30,307,,TRUE,Female,,Some College,Non-Hispanic
22,670,,TRUE,Female,,Some College,Non-Hispanic
23,286,,TRUE,Female,,Some College,Non-Hispanic
23,138,,TRUE,Female,,Some College,Hispanic
28,118,,TRUE,Female,,Some College,Non-Hispanic
23,130,,TRUE,Male,,Some College,Non-Hispanic
28,413,,TRUE,Male,,Some College,Hispanic
30,570,,TRUE,Female,,Some College,Hispanic
27,269,,TRUE,Female,,Some College,Non-Hispanic
18,90,,TRUE,Female,,Some College,Non-Hispanic
22,207,,TRUE,Male,,Some College,Non-Hispanic
29,105,,TRUE,Male,,Some College,Hispanic
27,217,,TRUE,Female,,Some College,Non-Hispanic
23,0,,TRUE,Male,,Some College,Non-Hispanic
27,33,,TRUE,Female,,Some College,Non-Hispanic
24,253,,TRUE,Male,,Some College,Non-Hispanic
28,105,,TRUE,Male,,Some College,Non-Hispanic
27,457,,TRUE,Female,,Some College,Non-Hispanic
20,487,,TRUE,Female,,Some College,Non-Hispanic
21,303,,TRUE,Female,,Some College,Non-Hispanic
27,324,,TRUE,Female,,Some College,Non-Hispanic
28,300,,TRUE,Male,,Some College,Non-Hispanic
24,82,,TRUE,Male,,Some College,Non-Hispanic
22,249,,TRUE,Male,,Some College,Non-Hispanic
28,566,,TRUE,Female,,Some College,Hispanic
30,212,,TRUE,Male,,Some College,Non-Hispanic
25,316,,TRUE,Male,,Some College,Non-Hispanic
28,416,,TRUE,Male,,Some College,Non-Hispanic
21,38,,TRUE,Male,,Some College,Non-Hispanic
29,202,,TRUE,Male,,Some College,Non-Hispanic
26,209,,TRUE,Female,,Some College,Non-Hispanic
25,221,,TRUE,Female,,Some College,Non-Hispanic
28,318,,TRUE,Female,,Some College,Non-Hispanic
27,174,,TRUE,Female,,Some College,Non-Hispanic
25,90,,TRUE,Female,,Some College,Non-Hispanic
19,85,,TRUE,Female,,Some College,Non-Hispanic
20,134,,TRUE,Male,,Some College,Hispanic
30,251,,TRUE,Male,,Some College,Non-Hispanic
19,312,,TRUE,Male,,Some College,Non-Hispanic
28,324,,TRUE,Male,,Some College,Non-Hispanic
25,151,,TRUE,Female,,Some College,Non-Hispanic
26,411,,TRUE,Female,,Some College,Non-Hispanic
24,322,,TRUE,Male,,Some College,Non-Hispanic
28,549,,TRUE,Female,,Some College,Hispanic
17,138,,TRUE,Male,,Some College,Non-Hispanic
18,182,,TRUE,Male,,Some College,Non-Hispanic
28,296,,TRUE,Male,,Some College,Non-Hispanic
23,439,,TRUE,Female,,Some College,Non-Hispanic
24,346,,TRUE,Female,,Some College,Non-Hispanic
23,225,,TRUE,Female,,Some College,Non-Hispanic
17,109,,TRUE,Female,,Some College,Non-Hispanic
20,380,,TRUE,Male,,Some College,Non-Hispanic
18,60,,TRUE,Female,,Some College,Non-Hispanic
26,575,,TRUE,Female,,Some College,Non-Hispanic
21,93,,TRUE,Female,,Some College,Non-Hispanic
27,647,,TRUE,Female,,Some College,Non-Hispanic
27,596,,TRUE,Female,,Some College,Non-Hispanic
24,492,,TRUE,Male,,Some College,Non-Hispanic
17,89,,TRUE,Female,,Some College,Non-Hispanic
28,478,,TRUE,Male,,Some College,Non-Hispanic
27,85,,TRUE,Male,,Some College,Non-Hispanic
23,79,,TRUE,Female,,Some College,Non-Hispanic
22,116,,TRUE,Male,,Some College,Non-Hispanic
22,202,,TRUE,Male,,Some College,Non-Hispanic
24,97,,TRUE,Male,,Some College,Non-Hispanic
21,384,,TRUE,Female,,Some College,Non-Hispanic
16,22,,TRUE,Male,,Some College,Hispanic
17,64,,TRUE,Female,,Some College,Non-Hispanic
29,630,,TRUE,Male,,Some College,Non-Hispanic
30,467,,TRUE,Male,,Some College,Non-Hispanic
23,113,,TRUE,Male,,Some College,Non-Hispanic
29,642,,TRUE,Female,,Some College,Non-Hispanic
17,44,,TRUE,Male,,Some College,Non-Hispanic
28,425,,TRUE,Male,,Some College,Non-Hispanic
30,566,,TRUE,Male,,Some College,Non-Hispanic
30,634,,TRUE,Female,,Some College,Non-Hispanic
30,468,,TRUE,Female,,Some College,Non-Hispanic
30,109,,TRUE,Male,,Some College,Non-Hispanic
27,300,,TRUE,Male,,Some College,Non-Hispanic
26,45,,TRUE,Male,,Some College,Non-Hispanic
23,280,,TRUE,Female,,Some College,Non-Hispanic
30,430,,TRUE,Female,,Some College,Non-Hispanic
24,44,,TRUE,Male,,Some College,Non-Hispanic
24,331,,TRUE,Male,,Some College,Non-Hispanic
29,240,,TRUE,Male,,Some College,Non-Hispanic
28,391,,TRUE,Male,,Some College,Non-Hispanic
24,439,,TRUE,Female,,Some College,Non-Hispanic
25,39,,TRUE,Male,,Some College,Non-Hispanic
25,437,,TRUE,Male,,Some College,Non-Hispanic
27,470,,TRUE,Male,,Some College,Non-Hispanic
29,344,,TRUE,Female,,Some College,Non-Hispanic
28,496,,TRUE,Male,,Some College,Non-Hispanic
29,597,,TRUE,Female,,Some College,Non-Hispanic
19,295,,TRUE,Male,,Some College,Non-Hispanic
27,271,,TRUE,Male,,Some College,Non-Hispanic
30,186,,TRUE,Female,,Some College,Non-Hispanic
24,79,,TRUE,Female,,Some College,Non-Hispanic
30,70,,TRUE,Female,,Some College,Non-Hispanic
26,142,,TRUE,Female,,Some College,Non-Hispanic
28,450,,TRUE,Male,,Some College,Non-Hispanic
23,297,,TRUE,Female,,Some College,Non-Hispanic
29,487,,TRUE,Male,,Some College,Non-Hispanic
23,619,,TRUE,Female,,Some College,Non-Hispanic
21,14,,TRUE,Female,,Some College,Non-Hispanic
30,421,,TRUE,Female,,Some College,Non-Hispanic
19,99,,TRUE,Male,,Some College,Non-Hispanic
19,225,,TRUE,Female,,Some College,Non-Hispanic
23,29,,TRUE,Female,,Some College,Non-Hispanic
24,291,,TRUE,Male,,Some College,Non-Hispanic
26,405,,TRUE,Male,,Some College,Non-Hispanic
23,456,,TRUE,Male,,Some College,Non-Hispanic
20,174,,TRUE,Female,,Some College,Non-Hispanic
23,263,,TRUE,Female,,Some College,Non-Hispanic
18,161,,TRUE,Female,,Some College,Non-Hispanic
29,332,,TRUE,Male,,Some College,Non-Hispanic
22,384,,TRUE,Female,,Some College,Non-Hispanic
21,137,,TRUE,Male,,Some College,Non-Hispanic
26,301,,TRUE,Male,,Some College,Non-Hispanic
20,14,,TRUE,Male,,Some College,Non-Hispanic
29,524,,TRUE,Female,,Some College,Hispanic
25,670,,TRUE,Female,,Some College,Non-Hispanic
18,65,,TRUE,Male,,Some College,Non-Hispanic
27,113,,TRUE,Female,,Some College,Non-Hispanic
27,353,,TRUE,Female,,Some College,Non-Hispanic
30,582,,TRUE,Male,,Some College,Non-Hispanic
22,111,,TRUE,Female,,Some College,Non-Hispanic
30,598,,TRUE,Female,,Some College,Non-Hispanic
30,542,,TRUE,Male,,Some College,Non-Hispanic
28,675,,TRUE,Male,,Some College,Non-Hispanic
30,412,,TRUE,Male,,Some College,Non-Hispanic
20,429,,TRUE,Female,,Some College,Non-Hispanic
30,397,,TRUE,Female,,Some College,Hispanic
30,323,,TRUE,Male,,Some College,Non-Hispanic
23,339,,TRUE,Female,,Some College,Non-Hispanic
26,451,,TRUE,Male,,Some College,Non-Hispanic
27,636,,TRUE,Female,,Some College,Non-Hispanic
30,528,,TRUE,Male,,Some College,Non-Hispanic
27,501,,TRUE,Male,,Some College,Non-Hispanic
23,216,,TRUE,Female,,Some College,Non-Hispanic
28,62,,TRUE,Male,,Some College,Hispanic
20,58,,FALSE,Male,,Some College,
25,4,,FALSE,Male,,Some College,
21,20,,FALSE,Male,,Some College,
21,20,,FALSE,Female,,Some College,
29,46,,FALSE,Female,,Some College,
30,94,,FALSE,Male,,Some College,
20,67,,FALSE,Female,,Some College,
20,404,,FALSE,Female,,Some College,
28,350,,FALSE,Male,,Some College,
23,326,,FALSE,Male,,Some College,
25,18,,FALSE,Male,,Some College,
24,391,,FALSE,Female,,Some College,
20,52,,FALSE,Male,,Some College,
26,193,,FALSE,Male,,Some College,
25,133,,FALSE,Female,,Some College,
24,271,,FALSE,Female,,Some College,
24,496,,FALSE,Male,,Some College,
20,271,,FALSE,Female,,Some College,
26,585,,FALSE,Male,,Some College,
23,478,,FALSE,Male,,Some College,
22,59,,FALSE,Female,,Some College,
22,233,,FALSE,Female,,Some College,
23,495,,FALSE,Female,,Some College,
24,323,,FALSE,Male,,Some College,
20,75,,FALSE,Male,,Some College,
20,31,,FALSE,Male,,Some College,
20,12,,FALSE,Male,,Some College,
20,110,,FALSE,Male,,Some College,
19,10,,FALSE,Female,,Some College,
24,135,,FALSE,Male,,Some College,
24,282,,FALSE,Male,,Some College,
20,5,,FALSE,Female,,Some College,
20,58,,FALSE,Female,,Some College,
25,420,,FALSE,Female,,Some College,
23,71,,FALSE,Female,,Some College,
30,211,,FALSE,Male,,Some College,
21,59,,FALSE,Female,,Some College,
19,103,,FALSE,Male,,Some College,
19,65,,FALSE,Female,,Some College,
30,87,,FALSE,Male,,Some College,
30,273,,FALSE,Male,,Some College,
20,82,,FALSE,Male,,Some College,
20,55,,FALSE,Male,,Some College,
20,28,,FALSE,Male,,Some College,
20,3,,FALSE,Male,,Some College,
18,12,,FALSE,Female,,Some College,
18,11,,FALSE,Female,,Some College,
19,55,,FALSE,Female,,Some College,
19,24,,FALSE,Male,,Some College,
18,52,,FALSE,Male,,Some College,
20,33,,FALSE,Male,,Some College,
30,534,,FALSE,Male,,Some College,
18,37,,FALSE,Male,,Some College,
20,19,,FALSE,Male,,Some College,
29,349,,FALSE,Female,,Some College,
29,536,,FALSE,Female,,Some College,
18,3,,FALSE,Female,,Some College,
29,345,,FALSE,Male,,Some College,
25,85,,FALSE,Female,,Some College,
18,182,,FALSE,Female,,Some College,
25,573,,FALSE,Male,,Some College,
20,480,,FALSE,Female,,Some College,
23,421,,FALSE,Female,,Some College,
19,42,,FALSE,Male,,Some College,
23,423,,FALSE,Male,,Some College,
20,11,,FALSE,Male,,Some College,
18,19,,FALSE,Male,,Some College,
18,13,,FALSE,Male,,Some College,
18,113,,FALSE,Female,,Some College,
25,508,,FALSE,Female,,Some College,
26,409,,FALSE,Male,,Some College,
24,226,,FALSE,Female,,Some College,
19,40,,FALSE,Male,,Some College,
21,296,,TRUE,Male,Second,Some Graduate,Hispanic
19,103,,TRUE,Female,First,Some Graduate,
27,632,,TRUE,Male,Fourth,Some Graduate,
30,393,,TRUE,Male,First,Some Graduate,
23,154,,TRUE,Male,First,Some Graduate,Hispanic
25,501,,TRUE,Female,First,Some Graduate,
24,150,,TRUE,Female,Second,Some Graduate,Hispanic
25,66,,TRUE,Male,Second,Some Graduate,
22,100,,TRUE,Male,First,Some Graduate,
30,490,,TRUE,Male,First,Some Graduate,
18,118,,TRUE,Male,Second,Some Graduate,
18,11,,TRUE,Male,First,Some Graduate,
23,164,,TRUE,Male,First,Some Graduate,
21,246,,TRUE,Male,First,Some Graduate,
30,595,,TRUE,Male,First,Some Graduate,
30,584,,TRUE,Male,First,Some Graduate,
20,68,,TRUE,Female,First,Some Graduate,
21,218,,TRUE,Male,First,Some Graduate,
25,306,,TRUE,Female,First,Some Graduate,
24,327,,TRUE,Male,Second,Some Graduate,
30,633,,TRUE,Female,First,Some Graduate,
18,245,,TRUE,Female,First,Some Graduate,
30,517,,TRUE,Female,First,Some Graduate,
28,551,,TRUE,Female,First,Some Graduate,
27,372,,TRUE,Female,Second,Some Graduate,
25,311,,TRUE,Female,First,Some Graduate,
24,398,,TRUE,Male,First,Some Graduate,
22,248,,TRUE,Female,First,Some Graduate,
22,102,,TRUE,Male,Second,Some Graduate,
22,523,,TRUE,Male,Second,Some Graduate,
16,24,,TRUE,Female,Second,Some Graduate,
18,24,,TRUE,Male,First,Some Graduate,
26,572,,TRUE,Female,First,Some Graduate,
24,668,,TRUE,Female,First,Some Graduate,
24,536,,TRUE,Female,Second,Some Graduate,
20,265,,TRUE,Female,Third,Some Graduate,
16,41,,TRUE,Male,Second,Some Graduate,
18,361,,TRUE,Female,Second,Some Graduate,
30,652,,TRUE,Female,First,Some Graduate,
18,23,,TRUE,Male,Third,Some Graduate,
20,34,,TRUE,Male,First,Some Graduate,
16,31,,TRUE,Male,Second,Some Graduate,
18,129,,TRUE,Male,First,Some Graduate,
18,10,,TRUE,Female,Third,Some Graduate,
21,599,,TRUE,Female,Second,Some Graduate,
24,289,,TRUE,Female,Third,Some Graduate,
23,367,,TRUE,Male,First,Some Graduate,
25,635,,TRUE,Female,Second,Some Graduate,
23,315,,TRUE,Male,First,Some Graduate,
29,502,,TRUE,Female,First,Some Graduate,
30,574,,TRUE,Female,First,Some Graduate,
23,163,,TRUE,Male,First,Some Graduate,
26,53,,TRUE,Male,First,Some Graduate,
28,671,,TRUE,Male,Second,Some Graduate,
25,54,,TRUE,Male,First,Some Graduate,
22,66,,TRUE,Female,First,Some Graduate,
22,71,,TRUE,Female,Second,Some Graduate,
26,605,,TRUE,Female,First,Some Graduate,
26,468,,TRUE,Male,First,Some Graduate,
26,214,,TRUE,Female,First,Some Graduate,
22,495,,TRUE,Female,Third,Some Graduate,
22,291,,TRUE,Female,Second,Some Graduate,
21,93,,TRUE,Male,First,Some Graduate,
23,146,,TRUE,Male,First,Some Graduate,
27,631,,TRUE,Male,Second,Some Graduate,
17,31,,TRUE,Male,First,Some Graduate,
16,27,,TRUE,Female,Third,Some Graduate,
24,556,,TRUE,Female,First,Some Graduate,
27,420,,TRUE,Male,Second,Some Graduate,
26,553,,TRUE,Male,First,Some Graduate,
20,49,,TRUE,Male,Second,Some Graduate,
17,35,,FALSE,Female,First,Some Graduate,
17,15,,FALSE,Male,First,Some Graduate,
16,238,,FALSE,Female,First,Some Graduate,
18,14,,FALSE,Male,First,Some Graduate,
25,107,,FALSE,Male,First,Some Graduate,
16,4,,FALSE,Male,First,Some Graduate,
19,14,,FALSE,Male,First,Some Graduate,
30,406,,FALSE,Male,Second,Some Graduate,
16,30,,FALSE,Male,Second,Some Graduate,
17,33,,FALSE,Male,First,Some Graduate,
16,4,,FALSE,Male,Second,Some Graduate,
16,39,,FALSE,Female,First,Some Graduate,
19,85,,FALSE,Female,First,Some Graduate,
17,155,,FALSE,Female,Second,Some Graduate,
18,41,,FALSE,Male,Fourth,Some Graduate,
17,63,,FALSE,Female,First,Some Graduate,
30,462,,FALSE,Female,First,Some Graduate,
24,348,,FALSE,Female,First,Some Graduate,
17,16,,FALSE,Male,First,Some Graduate,
18,79,,FALSE,Female,Second,Some Graduate,
19,273,,FALSE,Female,First,Some Graduate,
20,214,,FALSE,Female,First,Some Graduate,
21,60,,FALSE,Female,Second,Some Graduate,Hispanic
23,462,,FALSE,Female,First,Some Graduate,
25,91,,FALSE,Male,First,Some Graduate,
24,334,,FALSE,Male,Second,Some Graduate,
25,310,,FALSE,Female,Second,Some Graduate,
27,455,,FALSE,Female,First,Some Graduate,
28,120,,FALSE,Female,First,Some Graduate,
27,445,,FALSE,Female,Third,Some Graduate,
24,453,,FALSE,Male,First,Some Graduate,
25,310,,FALSE,Female,Fifth,Some Graduate,
20,365,,FALSE,Female,Second,Some Graduate,
30,655,,FALSE,Female,Second,Some Graduate,
18,87,,FALSE,Male,Third,Some Graduate,
23,235,,FALSE,Male,First,Some Graduate,
30,565,,FALSE,Male,First,Some Graduate,
20,91,,FALSE,Male,Second,Some Graduate,
25,323,,FALSE,Male,Second,Some Graduate,
25,507,,FALSE,Female,First,Some Graduate,
19,206,,FALSE,Male,First,Some Graduate,
25,407,,FALSE,Male,First,Some Graduate,
26,462,,FALSE,Male,Second,Some Graduate,
19,226,,FALSE,Male,Second,Some Graduate,
18,10,,FALSE,Male,Third,Some Graduate,
26,186,,FALSE,Male,Third,Some Graduate,
24,498,,FALSE,Male,First,Some Graduate,
18,209,,FALSE,Male,First,Some Graduate,
30,609,,FALSE,Male,First,Some Graduate,
25,519,,FALSE,Male,First,Some Graduate,
24,391,,FALSE,Female,First,Some Graduate,
25,314,,FALSE,Female,First,Some Graduate,
24,69,,FALSE,Male,First,Some Graduate,
25,470,,FALSE,Male,,Some Graduate,
19,189,,FALSE,Male,,Some Graduate,
20,75,,FALSE,Female,Second,Some Graduate,
25,425,,FALSE,Female,Second,Some Graduate,
25,382,,FALSE,Female,First,Some Graduate,
30,355,,FALSE,Male,First,Some Graduate,
25,84,,FALSE,Male,First,Some Graduate,
30,412,,FALSE,Male,First,Some Graduate,
22,51,,FALSE,Male,First,Some Graduate,
25,501,,FALSE,Male,Second,Some Graduate,
18,34,,FALSE,Female,Second,Some Graduate,
26,581,,FALSE,Male,First,Some Graduate,
20,207,,FALSE,Female,First,Some Graduate,
24,483,,FALSE,Female,First,Some Graduate,
19,55,,FALSE,Female,Second,Some Graduate,
28,536,,FALSE,Female,Second,Some Graduate,
25,105,,FALSE,Male,Third,Some Graduate,
30,577,,FALSE,Female,First,Some Graduate,
25,389,,FALSE,Female,First,Some Graduate,
19,154,,FALSE,Female,First,Some Graduate,
24,120,,FALSE,Male,Second,Some Graduate,
30,371,,FALSE,Male,Second,Some Graduate,
19,74,,FALSE,Male,Second,Some Graduate,
24,250,,FALSE,Female,First,Some Graduate,
24,111,,FALSE,Female,Second,Some Graduate,Hispanic
24,53,,FALSE,Male,Second,Some Graduate,Hispanic
18,94,,FALSE,Female,Third,Some Graduate,
24,72,,FALSE,Female,Second,Some Graduate,Hispanic
30,220,,FALSE,Female,Second,Some Graduate,Hispanic
26,188,,FALSE,Male,First,Some Graduate,
26,592,,FALSE,Female,First,Some Graduate,
24,583,,FALSE,Female,First,Some Graduate,
24,399,,FALSE,Female,First,Some Graduate,
23,101,,FALSE,Male,Second,Some Graduate,
24,202,,FALSE,Female,Second,Some Graduate,
25,30,,FALSE,Male,First,Some Graduate,
30,77,,FALSE,Male,First,Some Graduate,
23,127,,FALSE,Male,First,Some Graduate,
23,149,,FALSE,Female,First,Some Graduate,
30,236,,FALSE,Female,First,Some Graduate,
24,55,,TRUE,Female,,Some Graduate,Non-Hispanic
30,631,,TRUE,Female,,Some Graduate,Non-Hispanic
20,9,,TRUE,Male,,Some Graduate,Non-Hispanic
18,24,,TRUE,Male,,Some Graduate,Non-Hispanic
17,19,,TRUE,Male,,Some Graduate,Non-Hispanic
20,17,,TRUE,Male,,Some Graduate,Non-Hispanic
18,95,,TRUE,Male,,Some Graduate,Non-Hispanic
16,19,,TRUE,Female,,Some Graduate,Non-Hispanic
24,74,,TRUE,Female,,Some Graduate,Non-Hispanic
24,8,,TRUE,Male,,Some Graduate,Non-Hispanic
24,176,,TRUE,Male,,Some Graduate,Non-Hispanic
30,17,,TRUE,Male,,Some Graduate,Non-Hispanic
24,19,,TRUE,Male,,Some Graduate,Non-Hispanic
26,32,,TRUE,Male,,Some Graduate,Non-Hispanic
22,12,,TRUE,Male,,Some Graduate,Non-Hispanic
26,311,,TRUE,Male,,Some Graduate,Non-Hispanic
28,322,,TRUE,Female,,Some Graduate,Hispanic
27,307,,TRUE,Female,,Some Graduate,Non-Hispanic
19,334,,TRUE,Male,,Some Graduate,Non-Hispanic
27,302,,TRUE,Female,,Some Graduate,Non-Hispanic
25,474,,TRUE,Male,,Some Graduate,Non-Hispanic
19,32,,TRUE,Male,,Some Graduate,Non-Hispanic
30,467,,TRUE,Female,,Some Graduate,Non-Hispanic
17,21,,TRUE,Male,,Some Graduate,Non-Hispanic
23,463,,TRUE,Female,,Some Graduate,Non-Hispanic
20,101,,TRUE,Male,,Some Graduate,Non-Hispanic
24,313,,TRUE,Female,,Some Graduate,Non-Hispanic
30,628,,TRUE,Female,,Some Graduate,Non-Hispanic
27,275,,TRUE,Female,,Some Graduate,Non-Hispanic
30,591,,TRUE,Female,,Some Graduate,Non-Hispanic
28,470,,TRUE,Male,,Some Graduate,Non-Hispanic
24,220,,TRUE,Female,,Some Graduate,Non-Hispanic
30,426,,TRUE,Male,,Some Graduate,Non-Hispanic
25,97,,TRUE,Male,,Some Graduate,Non-Hispanic
18,174,,TRUE,Female,,Some Graduate,Non-Hispanic
18,49,,TRUE,Male,,Some Graduate,Hispanic
27,565,,TRUE,Male,,Some Graduate,Non-Hispanic
26,493,,TRUE,Female,,Some Graduate,Non-Hispanic
18,188,,TRUE,Female,,Some Graduate,Non-Hispanic
25,292,,TRUE,Male,,Some Graduate,Non-Hispanic
26,8,,TRUE,Male,,Some Graduate,Hispanic
18,103,,TRUE,Female,,Some Graduate,Non-Hispanic
28,512,,TRUE,Female,,Some Graduate,Non-Hispanic
29,648,,TRUE,Female,,Some Graduate,Non-Hispanic
27,358,,TRUE,Male,,Some Graduate,Non-Hispanic
23,503,,TRUE,Male,,Some Graduate,Non-Hispanic
26,380,,TRUE,Female,,Some Graduate,Non-Hispanic
29,438,,TRUE,Male,,Some Graduate,Non-Hispanic
29,604,,TRUE,Female,,Some Graduate,Non-Hispanic
30,522,,TRUE,Male,,Some Graduate,Non-Hispanic
22,349,,TRUE,Female,,Some Graduate,Non-Hispanic
24,608,,TRUE,Male,,Some Graduate,Non-Hispanic
24,168,,TRUE,Male,,Some Graduate,Non-Hispanic
22,40,,TRUE,Male,,Some Graduate,Non-Hispanic
24,471,,TRUE,Female,,Some Graduate,Non-Hispanic
24,598,,TRUE,Male,,Some Graduate,Non-Hispanic
30,465,,TRUE,Male,,Some Graduate,Non-Hispanic
18,273,,TRUE,Male,,Some Graduate,Non-Hispanic
24,502,,TRUE,Male,,Some Graduate,Non-Hispanic
30,389,,TRUE,Male,,Some Graduate,Non-Hispanic
30,649,,TRUE,Male,,Some Graduate,Non-Hispanic
24,256,,TRUE,Male,,Some Graduate,Non-Hispanic
24,204,,TRUE,Female,,Some Graduate,Non-Hispanic
30,384,,TRUE,Female,,Some Graduate,Non-Hispanic
24,132,,TRUE,Male,,Some Graduate,Non-Hispanic
30,647,,TRUE,Male,,Some Graduate,Non-Hispanic
29,616,,TRUE,Female,,Some Graduate,Non-Hispanic
24,363,,TRUE,Female,,Some Graduate,Non-Hispanic
19,76,,TRUE,Female,,Some Graduate,Non-Hispanic
24,495,,TRUE,Male,,Some Graduate,Hispanic
30,290,,TRUE,Male,,Some Graduate,Non-Hispanic
30,413,,TRUE,Male,,Some Graduate,Non-Hispanic
29,574,,TRUE,Male,,Some Graduate,Non-Hispanic
29,397,,TRUE,Female,,Some Graduate,Non-Hispanic
22,388,,TRUE,Male,,Some Graduate,Non-Hispanic
24,271,,TRUE,Female,,Some Graduate,Non-Hispanic
30,643,,TRUE,Male,,Some Graduate,Non-Hispanic
29,624,,TRUE,Female,,Some Graduate,Non-Hispanic
30,511,,TRUE,Female,,Some Graduate,Non-Hispanic
23,299,,TRUE,Female,,Some Graduate,Non-Hispanic
21,411,,TRUE,Female,,Some Graduate,Non-Hispanic
22,140,,TRUE,Female,,Some Graduate,Non-Hispanic
24,408,,TRUE,Male,,Some Graduate,Non-Hispanic
28,444,,TRUE,Female,,Some Graduate,Non-Hispanic
29,549,,TRUE,Female,,Some Graduate,Non-Hispanic
24,529,,TRUE,Female,,Some Graduate,Non-Hispanic
30,625,,TRUE,Female,,Some Graduate,Non-Hispanic
25,37,,TRUE,Male,,Some Graduate,Non-Hispanic
30,629,,TRUE,Female,,Some Graduate,Non-Hispanic
25,289,,TRUE,Male,,Some Graduate,Non-Hispanic
24,50,,FALSE,Male,,Some Graduate,
20,17,,FALSE,Male,,Some Graduate,
27,265,,FALSE,Male,,Some Graduate,
23,165,,FALSE,Male,,Some Graduate,
23,356,,FALSE,Female,,Some Graduate,
23,331,,FALSE,Female,,Some Graduate,
24,237,,FALSE,Female,,Some Graduate,
20,168,,FALSE,Female,,Some Graduate,
20,29,,FALSE,Male,,Some Graduate,
20,20,,FALSE,Male,,Some Graduate,
21,64,,FALSE,Male,,Some Graduate,
24,78,,FALSE,Male,,Some Graduate,
20,92,,FALSE,Female,,Some Graduate,
29,630,,FALSE,Female,,Some Graduate,
19,453,,FALSE,Female,,Some Graduate,
30,508,,FALSE,Female,,Some Graduate,
25,451,,FALSE,Female,,Some Graduate,
19,125,,FALSE,Female,,Some Graduate,
20,58,,FALSE,Male,,Some Graduate,
23,279,,FALSE,Male,,Some Graduate,
25,178,,FALSE,Male,,Some Graduate,
18,51,,FALSE,Male,,Some Graduate,
30,580,,FALSE,Male,,Some Graduate,
21,2,,FALSE,Female,,Some Graduate,
24,66,,FALSE,Male,,Some Graduate,
24,75,,FALSE,Female,,Some Graduate,
20,183,,FALSE,Male,,Some Graduate,
26,280,,FALSE,Female,,Some Graduate,
24,232,,FALSE,Male,,Some Graduate,
18,49,,FALSE,Male,,Some Graduate,
20,297,,FALSE,Male,,Some Graduate,
18,36,,FALSE,Male,,Some Graduate,
19,11,,FALSE,Female,,Some Graduate,
26,44,,FALSE,Female,,Some Graduate,
24,169,,FALSE,Male,,Some Graduate,
26,374,,FALSE,Female,,Some Graduate,
26,363,,FALSE,Male,,Some Graduate,
26,64,,FALSE,Male,,Some Graduate,
22,64,,FALSE,Male,,Some Graduate,
20,14,,FALSE,Female,,Some Graduate,
20,127,,FALSE,Male,,Some Graduate,
26,378,,FALSE,Female,,Some Graduate,
21,107,,FALSE,Female,,Some Graduate,
26,375,,FALSE,Female,,Some Graduate,
21,63,,FALSE,Male,,Some Graduate,
26,91,,FALSE,Male,,Some Graduate,
22,35,,FALSE,Male,,Some Graduate,
23,6,,FALSE,Female,,Some Graduate,
24,282,,FALSE,Female,,Some Graduate,
22,248,,FALSE,Female,,Some Graduate,
22,188,,FALSE,Female,,Some Graduate,
24,170,,FALSE,Female,,Some Graduate,
22,7,,FALSE,Male,,Some Graduate,
23,94,,FALSE,Female,,Some Graduate,
22,6,,FALSE,Male,,Some Graduate,
23,19,,FALSE,Female,,Some Graduate,
20,59,,FALSE,Male,,Some Graduate,
20,67,,FALSE,Female,,Some Graduate,
27,286,,FALSE,Female,,Some Graduate,
20,22,,FALSE,Male,,Some Graduate,
26,17,,FALSE,Male,,Some Graduate,
26,663,,FALSE,Male,,Some Graduate,
24,531,,FALSE,Female,,Some Graduate,
26,23,,FALSE,Female,,Some Graduate,
21,97,,FALSE,Male,,Some Graduate,
22,350,,FALSE,Female,,Some Graduate,
20,48,,FALSE,Male,,Some Graduate,
23,105,,FALSE,Male,,Some Graduate,
24,428,,FALSE,Male,,Some Graduate,
27,280,,FALSE,Male,,Some Graduate,
27,489,,FALSE,Female,,Some Graduate,
25,33,,FALSE,Male,,Some Graduate,
23,167,,FALSE,Male,,Some Graduate,
23,296,,FALSE,Male,,Some Graduate,
19,134,,FALSE,Female,,Some Graduate,
24,108,,FALSE,Female,,Some Graduate,
19,44,,FALSE,Female,,Some Graduate,
26,225,,FALSE,Female,,Some Graduate,
19,15,,FALSE,Male,,Some Graduate,
25,194,,FALSE,Male,,Some Graduate,
24,498,,FALSE,Female,,Some Graduate,
21,208,,FALSE,Male,,Some Graduate,
20,18,,FALSE,Female,,Some Graduate,
24,51,,FALSE,Female,,Some Graduate,
20,71,,FALSE,Male,,Some Graduate,
26,278,,FALSE,Male,,Some Graduate,
21,119,,FALSE,Female,,Some Graduate,
20,17,,FALSE,Male,,Some Graduate,
24,173,,FALSE,Male,,Some Graduate,
24,257,,FALSE,Female,,Some Graduate,
20,56,,FALSE,Male,,Some Graduate,
20,43,,FALSE,Female,,Some Graduate,
21,51,,FALSE,Female,,Some Graduate,
26,177,,FALSE,Female,,Some Graduate,
21,21,,FALSE,Male,,Some Graduate,
24,426,,FALSE,Female,,Some Graduate,
19,113,,FALSE,Male,,Some Graduate,
24,503,,FALSE,Female,,Some Graduate,
20,25,,FALSE,Female,,Some Graduate,
24,174,,FALSE,Male,,Some Graduate,
20,255,,FALSE,Male,,Some Graduate,
24,531,,FALSE,Male,,Some Graduate,
19,234,,FALSE,Male,,Some Graduate,
19,86,,FALSE,Female,,Some Graduate,
23,21,,FALSE,Male,,Some Graduate,
20,23,,FALSE,Male,,Some Graduate,
30,66,,FALSE,Male,,Some Graduate,
30,575,,FALSE,Female,,Some Graduate,
24,528,,FALSE,Male,,Some Graduate,
20,21,,FALSE,Male,,Some Graduate,
21,8,,FALSE,Male,,Some Graduate,
19,68,,FALSE,Female,,Some Graduate,
20,65,,FALSE,Female,,Some Graduate,
20,7,,FALSE,Male,,Some Graduate,
30,384,,FALSE,Male,,Some Graduate,
19,50,,FALSE,Male,,Some Graduate,
30,84,,FALSE,Male,,Some Graduate,
20,116,,FALSE,Male,,Some Graduate,
24,137,,FALSE,Male,,Some Graduate,
29,364,,FALSE,Female,,Some Graduate,
19,37,,FALSE,Male,,Some Graduate,
30,483,,FALSE,Male,,Some Graduate,
19,50,,FALSE,Male,,Some Graduate,
21,16,,FALSE,Male,,Some Graduate,
29,590,,FALSE,Male,,Some Graduate,
20,335,,FALSE,Male,,Some Graduate,
20,52,,FALSE,Female,,Some Graduate,
21,367,,FALSE,Female,,Some Graduate,
21,35,,FALSE,Male,,Some Graduate,
30,466,,FALSE,Female,,Some Graduate,
30,18,,FALSE,Female,,Some Graduate,
20,31,,FALSE,Male,,Some Graduate,
19,16,,FALSE,Female,,Some Graduate,
20,9,,FALSE,Female,,Some Graduate,
18,93,,FALSE,Female,,Some Graduate,
20,205,,FALSE,Male,,Some Graduate,
21,369,,FALSE,Female,,Some Graduate,
29,464,,FALSE,Male,,Some Graduate,
29,657,,FALSE,Male,,Some Graduate,
20,195,,FALSE,Female,,Some Graduate,
17,373,,FALSE,Female,,Some Graduate,
18,28,,FALSE,Male,,Some Graduate,
20,44,,FALSE,Male,,Some Graduate,
18,84,,FALSE,Female,,Some Graduate,
19,91,,FALSE,Male,,Some Graduate,
18,2,,FALSE,Male,,Some Graduate,
18,37,,FALSE,Male,,Some Graduate,
30,274,,FALSE,Female,,Some Graduate,
20,54,,FALSE,Female,,Some Graduate,
30,434,,FALSE,Male,,Some Graduate,
18,21,,FALSE,Male,,Some Graduate,
20,27,,FALSE,Male,,Some Graduate,
20,47,,FALSE,Female,,Some Graduate,
30,522,,FALSE,Male,,Some Graduate,
25,660,,FALSE,Male,,Some Graduate,
26,139,,FALSE,Male,,Some Graduate,
20,102,,FALSE,Female,,Some Graduate,
18,53,,FALSE,Female,,Some Graduate,
20,6,,FALSE,Male,,Some Graduate,
24,33,,FALSE,Male,,Some Graduate,
18,16,,FALSE,Male,,Some Graduate,
20,3,,FALSE,Male,,Some Graduate,
17,9,,FALSE,Male,,Some Graduate,
20,37,,FALSE,Male,,Some Graduate,
20,16,,FALSE,Male,,Some Graduate,
27,432,,FALSE,Male,,Some Graduate,
20,30,,FALSE,Male,,Some Graduate,
29,587,,FALSE,Female,,Some Graduate,
20,12,,FALSE,Female,,Some Graduate,
20,41,,FALSE,Male,,Some Graduate,
20,53,,FALSE,Female,,Some Graduate,
18,82,,FALSE,Female,,Some Graduate,
21,45,,FALSE,Male,,Some Graduate,
20,201,,FALSE,Female,,Some Graduate,
17,85,,FALSE,Male,,Some Graduate,
27,31,,FALSE,Female,,Some Graduate,
30,111,,FALSE,Female,,Some Graduate,
27,86,,FALSE,Male,,Some Graduate,
26,364,,FALSE,Female,,Some Graduate,
26,548,,FALSE,Female,,Some Graduate,
20,33,,FALSE,Female,,Some Graduate,
24,45,,FALSE,Female,,Some Graduate,
24,201,,FALSE,Female,,Some Graduate,
20,53,,FALSE,Female,,Some Graduate,
24,150,,FALSE,Female,,Some Graduate,
19,62,,FALSE,Female,,Some Graduate,
20,68,,FALSE,Female,,Some Graduate,
20,60,,FALSE,Female,,Some Graduate,
18,25,,FALSE,Female,,Some Graduate,
20,78,,FALSE,Female,,Some Graduate,
20,63,,FALSE,Male,,Some Graduate,
18,37,,FALSE,Male,,Some Graduate,
25,377,,FALSE,Female,,Some Graduate,
18,159,,FALSE,Female,,Some Graduate,
27,400,,FALSE,Male,,Some Graduate,
30,385,,FALSE,Female,,Some Graduate,
25,354,,FALSE,Male,,Some Graduate,
20,72,,FALSE,Male,,Some Graduate,
24,253,,FALSE,Male,,Some Graduate,
24,258,,FALSE,Male,,Some Graduate,
20,36,,FALSE,Male,,Some Graduate,
18,353,,FALSE,Male,,Some Graduate,
21,383,,FALSE,Male,,Some Graduate,
25,107,,FALSE,Female,,Some Graduate,
21,43,,FALSE,Female,,Some Graduate,
18,20,,FALSE,Female,,Some Graduate,
18,7,,FALSE,Male,,Some Graduate,
20,22,,FALSE,Male,,Some Graduate,
19,36,,FALSE,Male,,Some Graduate,
19,12,,FALSE,Male,,Some Graduate,
17,10,,FALSE,Male,,Some Graduate,
18,26,,FALSE,Male,,Some Graduate,
20,239,,FALSE,Female,,Some Graduate,
20,36,,FALSE,Male,,Some Graduate,
24,96,,FALSE,Male,,Some Graduate,
21,13,,FALSE,Female,,Some Graduate,
21,9,,FALSE,Male,,Some Graduate,
19,10,,FALSE,Female,,Some Graduate,
19,175,,FALSE,Male,,Some Graduate,
18,11,,FALSE,Male,,Some Graduate,
19,44,,FALSE,Female,,Some Graduate,
28,497,,TRUE,Female,Fourth,Some Secondary,Hispanic
28,558,,TRUE,Female,Second,Some Secondary,
27,190,,TRUE,Female,Fifth,Some Secondary,
18,32,,TRUE,Male,Fourth,Some Secondary,
29,199,,TRUE,Male,Second,Some Secondary,
25,330,,TRUE,Male,Second,Some Secondary,
30,643,,TRUE,Male,Third,Some Secondary,
29,462,,TRUE,Male,Second,Some Secondary,
25,65,,TRUE,Male,Second,Some Secondary,
22,323,,TRUE,Male,Sixth,Some Secondary,
24,66,,TRUE,Female,Second,Some Secondary,Hispanic
20,72,,TRUE,Female,Second,Some Secondary,Hispanic
28,212,,TRUE,Male,Second,Some Secondary,Hispanic
17,39,,TRUE,Female,Fifth,Some Secondary,Hispanic
19,45,,TRUE,Male,Second,Some Secondary,Hispanic
18,11,,TRUE,Male,Second,Some Secondary,Hispanic
30,643,,TRUE,Male,Third,Some Secondary,
25,165,,TRUE,Female,Second,Some Secondary,
28,320,,TRUE,Male,Second,Some Secondary,
29,44,,TRUE,Female,Third,Some Secondary,
28,132,,TRUE,Male,Third,Some Secondary,
29,193,,TRUE,Male,Third,Some Secondary,
28,224,,TRUE,Female,Second,Some Secondary,Hispanic
26,395,,TRUE,Female,Second,Some Secondary,Hispanic
18,1,,TRUE,Male,Fifth,Some Secondary,Hispanic
22,183,,TRUE,Female,Second,Some Secondary,Hispanic
25,177,,TRUE,Male,Second,Some Secondary,
30,286,,TRUE,Male,Second,Some Secondary,
22,272,,TRUE,Male,Third,Some Secondary,
28,555,,TRUE,Male,Second,Some Secondary,
20,62,,TRUE,Male,Third,Some Secondary,
21,59,,TRUE,Male,Fourth,Some Secondary,Hispanic
27,458,,TRUE,Male,Second,Some Secondary,Hispanic
21,32,,TRUE,Female,Second,Some Secondary,Hispanic
26,54,,TRUE,Male,Second,Some Secondary,
23,66,,TRUE,Female,Second,Some Secondary,
29,386,,TRUE,Female,Second,Some Secondary,
29,297,,TRUE,Female,Second,Some Secondary,Hispanic
22,28,,TRUE,Male,Second,Some Secondary,
26,502,,TRUE,Female,Second,Some Secondary,
17,17,,TRUE,Male,Second,Some Secondary,Hispanic
22,160,,TRUE,Female,Second,Some Secondary,
27,466,,TRUE,Female,Third,Some Secondary,
28,540,,TRUE,Male,Fourth,Some Secondary,Hispanic
20,23,,TRUE,Male,Third,Some Secondary,
29,387,,TRUE,Female,Sixth,Some Secondary,
22,44,,TRUE,Female,Second,Some Secondary,
26,183,,TRUE,Male,Third,Some Secondary,
23,169,,TRUE,Female,Fourth,Some Secondary,
20,4,,TRUE,Male,Third,Some Secondary,Hispanic
19,99,,TRUE,Male,Third,Some Secondary,
25,38,,TRUE,Male,First,Some Secondary,
27,307,,TRUE,Female,Second,Some Secondary,
24,172,,TRUE,Female,First,Some Secondary,
19,580,,TRUE,Female,First,Some Secondary,
23,327,,TRUE,Female,Third,Some Secondary,
28,374,,TRUE,Female,Third,Some Secondary,
17,111,,TRUE,Male,First,Some Secondary,
18,76,,TRUE,Male,First,Some Secondary,
27,657,,TRUE,Female,First,Some Secondary,
21,137,,TRUE,Male,First,Some Secondary,
28,362,,TRUE,Female,Third,Some Secondary,
28,607,,TRUE,Male,First,Some Secondary,
28,314,,TRUE,Male,Third,Some Secondary,
21,226,,TRUE,Female,First,Some Secondary,
26,354,,TRUE,Female,Fifth,Some Secondary,
27,338,,TRUE,Female,First,Some Secondary,
22,169,,TRUE,Male,First,Some Secondary,
16,7,,TRUE,Female,Second,Some Secondary,
17,25,,TRUE,Male,First,Some Secondary,
19,434,,TRUE,Female,First,Some Secondary,
27,212,,TRUE,Male,Third,Some Secondary,
21,65,,TRUE,Female,First,Some Secondary,
20,85,,TRUE,Male,Third,Some Secondary,
25,138,,TRUE,Male,Second,Some Secondary,
24,41,,TRUE,Female,Second,Some Secondary,
25,526,,TRUE,Female,Third,Some Secondary,
21,185,,TRUE,Male,Third,Some Secondary,
21,232,,TRUE,Male,Second,Some Secondary,
19,142,,TRUE,Male,Third,Some Secondary,
23,95,,TRUE,Male,First,Some Secondary,
21,537,,TRUE,Female,First,Some Secondary,
27,566,,TRUE,Male,First,Some Secondary,
25,327,,TRUE,Female,First,Some Secondary,
26,366,,TRUE,Female,Second,Some Secondary,Hispanic
16,23,,TRUE,Male,Second,Some Secondary,
17,89,,TRUE,Male,First,Some Secondary,
23,493,,TRUE,Female,First,Some Secondary,
21,69,,TRUE,Male,Fourth,Some Secondary,
24,118,,TRUE,Female,First,Some Secondary,
24,328,,TRUE,Male,Third,Some Secondary,
18,32,,TRUE,Male,Fourth,Some Secondary,
19,127,,TRUE,Female,Third,Some Secondary,
30,274,,TRUE,Female,Second,Some Secondary,
19,255,,TRUE,Male,Fourth,Some Secondary,
20,61,,TRUE,Male,Third,Some Secondary,
24,449,,TRUE,Male,Second,Some Secondary,
26,141,,TRUE,Male,Third,Some Secondary,
16,11,,TRUE,Male,Third,Some Secondary,
18,79,,TRUE,Male,First,Some Secondary,
19,55,,FALSE,Male,Third,Some Secondary,
18,100,,TRUE,Female,Third,Some Secondary,
18,212,,TRUE,Female,Fourth,Some Secondary,
20,20,,TRUE,Female,Second,Some Secondary,
22,39,,TRUE,Female,Fourth,Some Secondary,
21,8,,TRUE,Male,First,Some Secondary,
23,505,,TRUE,Female,Third,Some Secondary,
24,451,,TRUE,Male,First,Some Secondary,
24,76,,TRUE,Male,First,Some Secondary,
30,426,,FALSE,Male,First,Some Secondary,
24,54,,FALSE,Male,First,Some Secondary,
18,39,,FALSE,Male,First,Some Secondary,
27,290,,FALSE,Male,First,Some Secondary,
30,201,,FALSE,Female,Second,Some Secondary,Hispanic
18,15,,FALSE,Female,Third,Some Secondary,Hispanic
24,284,,FALSE,Male,Fourth,Some Secondary,Hispanic
26,290,,FALSE,Female,Second,Some Secondary,Hispanic
24,51,,FALSE,Male,First,Some Secondary,Hispanic
24,104,,FALSE,Female,First,Some Secondary,Hispanic
30,142,,FALSE,Female,Second,Some Secondary,Hispanic
24,5,,FALSE,Male,First,Some Secondary,Hispanic
20,10,,FALSE,Male,First,Some Secondary,Hispanic
24,29,,FALSE,Female,Third,Some Secondary,Hispanic
19,9,,FALSE,Male,First,Some Secondary,Hispanic
25,37,,FALSE,Female,Second,Some Secondary,Hispanic
22,172,,FALSE,Male,First,Some Secondary,Hispanic
24,98,,FALSE,Female,First,Some Secondary,Hispanic
18,158,,FALSE,Female,First,Some Secondary,Hispanic
24,16,,FALSE,Male,Third,Some Secondary,Hispanic
25,18,,FALSE,Male,Third,Some Secondary,Hispanic
29,119,,FALSE,Male,First,Some Secondary,Hispanic
25,334,,FALSE,Male,First,Some Secondary,Hispanic
21,24,,FALSE,Male,Second,Some Secondary,Hispanic
25,106,,FALSE,Male,Fourth,Some Secondary,Hispanic
24,147,,FALSE,Male,Fourth,Some Secondary,Hispanic
24,124,,FALSE,Male,Second,Some Secondary,Hispanic
17,20,,FALSE,Female,Fourth,Some Secondary,Hispanic
24,72,,FALSE,Female,Fourth,Some Secondary,Hispanic
29,95,,FALSE,Female,Fourth,Some Secondary,Hispanic
25,46,,FALSE,Female,Third,Some Secondary,Hispanic
30,178,,FALSE,Female,Second,Some Secondary,Hispanic
24,215,,FALSE,Male,First,Some Secondary,
26,351,,FALSE,Female,Second,Some Secondary,
24,280,,FALSE,Female,First,Some Secondary,
24,21,,FALSE,Male,Second,Some Secondary,
25,378,,FALSE,Male,Second,Some Secondary,
27,56,,FALSE,Male,First,Some Secondary,
20,64,,FALSE,Male,First,Some Secondary,
30,115,,FALSE,Male,First,Some Secondary,
24,125,,FALSE,Male,First,Some Secondary,
30,49,,FALSE,Female,Second,Some Secondary,
25,481,,FALSE,Male,,Some Secondary,Non-Hispanic
22,291,,FALSE,Male,,Some Secondary,Non-Hispanic
30,74,,FALSE,Male,,Some Secondary,Hispanic
19,7,,TRUE,Male,,Some Secondary,Non-Hispanic
24,61,,TRUE,Female,,Some Secondary,Hispanic
18,60,,TRUE,Female,,Some Secondary,Hispanic
22,34,,TRUE,Female,,Some Secondary,Non-Hispanic
20,15,,TRUE,Male,,Some Secondary,Hispanic
24,306,,TRUE,Male,,Some Secondary,Non-Hispanic
26,634,,TRUE,Female,,Some Secondary,Non-Hispanic
28,489,,TRUE,Male,,Some Secondary,Non-Hispanic
30,115,,TRUE,Male,,Some Secondary,Non-Hispanic
24,186,,TRUE,Female,,Some Secondary,Non-Hispanic
