age,production,comprehension,is_norming,sex,birth_order,caregiver_education,ethnicity
24,37,,FALSE,Female,,,
24,33,,FALSE,Female,,,
25,43,,FALSE,Female,,,
25,42,,FALSE,Female,,,
24,17,,FALSE,Female,,,
24,15,,FALSE,Female,,,
24,34,,FALSE,Male,,,
24,31,,FALSE,Female,,,
23,68,,FALSE,Female,,,
23,53,,FALSE,Male,,,
24,16,,FALSE,Male,,,
24,4,,FALSE,Male,,,
23,43,,FALSE,Female,,,
23,37,,FALSE,Male,,,
24,14,,FALSE,Male,,,
24,13,,FALSE,Male,,,
23,49,,FALSE,Male,,,
23,50,,FALSE,Female,,,
23,15,,FALSE,Female,,,
23,16,,FALSE,Male,,,
24,20,,FALSE,Female,,,
24,22,,FALSE,Female,,,
24,83,,FALSE,Female,,,
24,81,,FALSE,Female,,,
23,24,,FALSE,Male,,,
23,25,,FALSE,Female,,,
23,91,,FALSE,Male,,,
23,91,,FALSE,Male,,,
23,29,,FALSE,Male,,,
23,29,,FALSE,Female,,,
23,32,,FALSE,Male,,,
23,32,,FALSE,Male,,,
24,65,,FALSE,Male,,,
23,65,,FALSE,Male,,,
25,34,,FALSE,Female,,,
25,33,,FALSE,Female,,,
24,63,,FALSE,Male,,,
24,76,,FALSE,Male,,,
24,32,,FALSE,Male,,,
24,30,,FALSE,Female,,,
24,30,,FALSE,Female,,,
24,29,,FALSE,Female,,,
24,13,,FALSE,Male,,,
24,18,,FALSE,Male,,,
24,85,,FALSE,Female,,,
24,97,,FALSE,Male,,,
23,67,,FALSE,Female,,,
23,70,,FALSE,Male,,,
26,58,,FALSE,Male,,,
26,64,,FALSE,Male,,,
25,32,,FALSE,Female,,,
25,45,,FALSE,Female,,,
23,63,,FALSE,Male,,,
23,76,,FALSE,Male,,,
23,64,,FALSE,Male,,,
23,96,,FALSE,Male,,,
23,11,,FALSE,Male,,,
23,15,,FALSE,Male,,,
29,100,,FALSE,Female,,,
29,100,,FALSE,Female,,,
28,100,,FALSE,Male,,,
28,92,,FALSE,Male,,,
24,17,,FALSE,Male,,,
24,18,,FALSE,Female,,,
23,12,,FALSE,Female,,,
24,18,,FALSE,Male,,,
24,19,,FALSE,Male,,,
24,20,,FALSE,Male,,,
23,74,,FALSE,Female,,,
23,83,,FALSE,Female,,,
24,25,,FALSE,Male,,,
24,23,,FALSE,Female,,,
25,40,,FALSE,Female,,,
25,15,,FALSE,Male,,,
24,42,,FALSE,Male,,,
23,53,,FALSE,Female,,,
24,33,,FALSE,Female,,,
24,35,,FALSE,Female,,,
23,33,,FALSE,Female,,,
23,33,,FALSE,Female,,,
23,43,,FALSE,Male,,,
23,52,,FALSE,Male,,,
24,42,,FALSE,Male,,,
24,35,,FALSE,Male,,,
24,98,,FALSE,Female,,,
24,100,,FALSE,Female,,,
26,87,,FALSE,Male,,,
26,90,,FALSE,Male,,,
26,68,,FALSE,Female,,,
26,68,,FALSE,Female,,,
23,62,,FALSE,Female,,,
23,72,,FALSE,Female,,,
24,7,,FALSE,Female,,,
24,7,,FALSE,Female,,,
24,64,,FALSE,Male,,,
24,60,,FALSE,Male,,,
24,12,,FALSE,Male,,,
24,11,,FALSE,Male,,,
23,61,,FALSE,Male,,,
23,56,,FALSE,Male,,,
23,50,,FALSE,Female,,,
24,52,,FALSE,Female,,,
23,58,,FALSE,Male,,,
23,81,,FALSE,Female,,,
24,63,,FALSE,Female,,,
24,52,,FALSE,Male,,,
25,40,,FALSE,Male,,,
25,33,,FALSE,Male,,,
24,28,,FALSE,Male,,,
24,46,,FALSE,Female,,,
24,20,,FALSE,Male,,,
24,18,,FALSE,Male,,,
23,49,,FALSE,Male,,,
23,55,,FALSE,Male,,,
23,35,,FALSE,Male,,,
23,33,,FALSE,Male,,,
24,32,,FALSE,Female,,,
24,48,,FALSE,Female,,,
24,95,,FALSE,Female,,,
24,81,,FALSE,Female,,,
23,9,,FALSE,Female,,,
23,9,,FALSE,Female,,,
31,93,,FALSE,Female,,,
31,91,,FALSE,Female,,,
24,24,,FALSE,Female,,,
24,30,,FALSE,Male,,,
24,49,,FALSE,Male,,,
24,47,,FALSE,Male,,,
23,40,,FALSE,Male,,,
23,32,,FALSE,Female,,,
26,78,,FALSE,Female,,,
26,73,,FALSE,Male,,,
32,22,,FALSE,Male,,,
32,24,,FALSE,Male,,,
26,74,,FALSE,Female,,,
26,50,,FALSE,Female,,,
34,0,,FALSE,Male,,,
34,0,,FALSE,Female,,,
24,8,,FALSE,Female,,,
24,9,,FALSE,Male,,,
24,39,,FALSE,Female,,,
24,37,,FALSE,Female,,,
24,47,,FALSE,Female,,,
24,48,,FALSE,Female,,,
24,52,,FALSE,Female,,,
24,55,,FALSE,Female,,,
23,30,,FALSE,Male,,,
23,36,,FALSE,Female,,,
27,0,,FALSE,Female,,,
24,24,,FALSE,Male,,,
28,93,,FALSE,Male,,,
25,73,,FALSE,Male,,,
24,54,,FALSE,Female,,,
24,40,,FALSE,Female,,,
26,92,,FALSE,Male,,,
25,94,,FALSE,Female,,,
24,15,,FALSE,Female,,,
24,14,,FALSE,Female,,,
25,35,,FALSE,Female,,,
25,30,,FALSE,Female,,,
24,21,,FALSE,Male,,,
24,21,,FALSE,Male,,,
24,11,,FALSE,Male,,,
24,7,,FALSE,Male,,,
24,56,,FALSE,Female,,,
24,50,,FALSE,Female,,,
23,37,,FALSE,Female,,,
23,34,,FALSE,Male,,,
23,27,,FALSE,Female,,,
23,20,,FALSE,Female,,,
24,48,,FALSE,Male,,,
24,45,,FALSE,Male,,,
23,64,,FALSE,Male,,,
23,63,,FALSE,Male,,,
24,66,,FALSE,Male,,,
24,66,,FALSE,Female,,,
24,38,,FALSE,Male,,,
24,32,,FALSE,Male,,,
24,100,,FALSE,Male,,,
24,22,,FALSE,Male,,,
24,17,,FALSE,Female,,,
24,11,,FALSE,Female,,,
23,70,,FALSE,Female,,,
23,70,,FALSE,Female,,,
24,83,,FALSE,Male,,,
25,0,,FALSE,Female,,,
24,84,,FALSE,Female,,,
24,85,,FALSE,Female,,,
22,39,,FALSE,Female,,,
22,40,,FALSE,Male,,,
24,6,,FALSE,Male,,,
24,7,,FALSE,Male,,,
24,72,,FALSE,Female,,,
23,75,,FALSE,Female,,,
26,97,,FALSE,Female,,,
28,100,,FALSE,Male,,,
24,34,,FALSE,Female,,,
24,44,,FALSE,Female,,,
28,45,,FALSE,Male,,,
28,44,,FALSE,Male,,,
25,58,,FALSE,Male,,,
24,45,,FALSE,Female,,,
23,78,,FALSE,Female,,,
23,77,,FALSE,Female,,,
24,52,,FALSE,Male,,College,
24,58,,FALSE,Male,,College,
24,93,,FALSE,Male,,College,
24,94,,FALSE,Male,,College,
24,54,,FALSE,Female,,College,
24,51,,FALSE,Male,,College,
23,52,,FALSE,Female,,College,
23,50,,FALSE,Male,,College,
24,47,,FALSE,Male,,College,
24,46,,FALSE,Male,,College,
25,45,,FALSE,Male,,College,
24,47,,FALSE,Male,,College,
24,57,,FALSE,Female,,College,
24,56,,FALSE,Female,,College,
24,29,,FALSE,Male,,College,
24,28,,FALSE,Male,,College,
24,59,,FALSE,Female,,College,
24,59,,FALSE,Female,,College,
24,30,,FALSE,Male,,College,
24,26,,FALSE,Male,,College,
23,52,,FALSE,Male,,College,
23,53,,FALSE,Female,,College,
24,26,,FALSE,Male,,College,
24,44,,FALSE,Female,,College,
24,42,,FALSE,Male,,College,
24,49,,FALSE,Female,,College,
24,100,,FALSE,Female,,College,
24,100,,FALSE,Female,,College,
24,34,,FALSE,Female,,College,
24,25,,FALSE,Female,,College,
24,90,,FALSE,Female,,College,
24,93,,FALSE,Female,,College,
24,16,,FALSE,Female,,College,
24,14,,FALSE,Female,,College,
24,12,,FALSE,Male,,College,
24,8,,FALSE,Male,,College,
23,71,,FALSE,Female,,College,
23,75,,FALSE,Female,,College,
24,79,,FALSE,Female,,College,
24,81,,FALSE,Male,,College,
23,98,,FALSE,Female,,College,
23,98,,FALSE,Female,,College,
24,39,,FALSE,Female,,College,
24,36,,FALSE,Male,,College,
23,54,,FALSE,Female,,College,
23,53,,FALSE,Female,,College,
24,72,,FALSE,Male,,College,
24,86,,FALSE,Female,,College,
24,19,,FALSE,Male,,College,
24,14,,FALSE,Male,,College,
24,25,,FALSE,Male,,College,
24,23,,FALSE,Male,,College,
23,34,,FALSE,Female,,College,
23,48,,FALSE,Female,,College,
25,79,,FALSE,Male,,College,
25,84,,FALSE,Female,,College,
24,42,,FALSE,Male,,College,
23,52,,FALSE,Male,,College,
24,78,,FALSE,Male,,College,
24,81,,FALSE,Female,,College,
24,13,,FALSE,Female,,College,
24,13,,FALSE,Female,,College,
25,30,,FALSE,Male,,College,
25,34,,FALSE,Male,,College,
24,40,,FALSE,Male,,College,
24,43,,FALSE,Female,,College,
23,40,,FALSE,Male,,College,
23,54,,FALSE,Female,,College,
24,95,,FALSE,Male,,College,
24,94,,FALSE,Male,,College,
25,60,,FALSE,Female,,College,
25,64,,FALSE,Female,,College,
25,69,,FALSE,Female,,College,
25,51,,FALSE,Male,,College,
24,78,,FALSE,Male,,College,
24,78,,FALSE,Male,,College,
24,15,,FALSE,Male,,College,
24,15,,FALSE,Female,,College,
23,58,,FALSE,Female,,College,
23,60,,FALSE,Female,,College,
24,12,,FALSE,Female,,College,
24,17,,FALSE,Female,,College,
28,90,,FALSE,Female,,College,
28,92,,FALSE,Female,,College,
26,86,,FALSE,Female,,College,
26,56,,FALSE,Male,,College,
24,23,,FALSE,Male,,College,
24,27,,FALSE,Male,,College,
24,36,,FALSE,Male,,College,
24,36,,FALSE,Male,,College,
31,63,,FALSE,Male,,College,
31,36,,FALSE,Male,,College,
24,94,,FALSE,Female,,College,
24,95,,FALSE,Female,,College,
24,77,,FALSE,Male,,College,
24,70,,FALSE,Male,,College,
24,66,,FALSE,Male,,College,
24,66,,FALSE,Male,,College,
24,76,,FALSE,Male,,College,
24,83,,FALSE,Male,,College,
26,67,,FALSE,Female,,College,
26,66,,FALSE,Female,,College,
24,49,,FALSE,Female,,College,
24,51,,FALSE,Female,,College,
24,89,,FALSE,Female,,College,
23,76,,FALSE,Male,,College,
24,78,,FALSE,Male,,College,
24,75,,FALSE,Female,,College,
24,41,,FALSE,Female,,College,
24,43,,FALSE,Female,,College,
24,20,,FALSE,Male,,College,
24,15,,FALSE,Male,,College,
24,53,,FALSE,Female,,College,
24,53,,FALSE,Male,,College,
24,64,,FALSE,Female,,College,
24,26,,FALSE,Female,,College,
24,22,,FALSE,Male,,College,
24,31,,FALSE,Female,,College,
23,48,,FALSE,Female,,College,
24,53,,FALSE,Female,,College,
29,100,,FALSE,Male,,College,
29,100,,FALSE,Female,,College,
23,24,,FALSE,Male,,College,
23,39,,FALSE,Female,,College,
24,48,,FALSE,Female,,College,
24,34,,FALSE,Female,,College,
24,13,,FALSE,Male,,College,
24,14,,FALSE,Male,,College,
23,77,,FALSE,Male,,College,
23,78,,FALSE,Male,,College,
23,57,,FALSE,Male,,College,
23,57,,FALSE,Male,,College,
24,53,,FALSE,Female,,College,
24,55,,FALSE,Female,,College,
24,45,,FALSE,Female,,College,
26,32,,FALSE,Female,,College,
24,63,,FALSE,Female,,College,
23,64,,FALSE,Female,,College,
24,73,,FALSE,Female,,College,
24,78,,FALSE,Female,,College,
23,90,,FALSE,Female,,College,
23,90,,FALSE,Female,,College,
24,32,,FALSE,Male,,College,
24,32,,FALSE,Male,,College,
23,64,,FALSE,Female,,College,
23,61,,FALSE,Female,,College,
24,95,,FALSE,Male,,College,
24,91,,FALSE,Male,,College,
24,40,,FALSE,Female,,College,
24,31,,FALSE,Male,,College,
28,62,,FALSE,Male,,College,
28,65,,FALSE,Male,,College,
24,78,,FALSE,Male,,College,
24,73,,FALSE,Female,,College,
26,62,,FALSE,Female,,College,
26,65,,FALSE,Male,,College,
23,63,,FALSE,Male,,College,
23,77,,FALSE,Male,,College,
24,58,,FALSE,Male,,College,
24,59,,FALSE,Female,,College,
24,47,,FALSE,Male,,College,
24,66,,FALSE,Female,,College,
23,29,,FALSE,Male,,College,
23,25,,FALSE,Male,,College,
23,96,,FALSE,Female,,College,
23,99,,FALSE,Female,,College,
23,29,,FALSE,Female,,College,
23,22,,FALSE,Male,,College,
24,43,,FALSE,Female,,College,
24,28,,FALSE,Male,,College,
24,72,,FALSE,Male,,College,
24,69,,FALSE,Male,,College,
24,85,,FALSE,Male,,College,
24,73,,FALSE,Male,,College,
24,49,,FALSE,Female,,College,
24,54,,FALSE,Female,,College,
24,93,,FALSE,Female,,College,
24,90,,FALSE,Female,,College,
24,75,,FALSE,Male,,College,
24,74,,FALSE,Male,,College,
24,34,,FALSE,Female,,College,
24,34,,FALSE,Female,,College,
24,29,,FALSE,Female,,College,
24,30,,FALSE,Female,,College,
23,24,,FALSE,Female,,College,
23,27,,FALSE,Female,,College,
32,82,,FALSE,Male,,College,
32,89,,FALSE,Female,,College,
24,39,,FALSE,Female,,College,
24,38,,FALSE,Female,,College,
24,38,,FALSE,Male,,College,
24,46,,FALSE,Male,,College,
25,33,,FALSE,Female,,College,
25,35,,FALSE,Female,,College,
24,19,,FALSE,Male,,College,
26,43,,FALSE,Male,,College,
23,19,,FALSE,Male,,College,
23,19,,FALSE,Male,,College,
24,34,,FALSE,Male,,College,
24,14,,FALSE,Female,,College,
25,78,,FALSE,Female,,College,
25,77,,FALSE,Female,,College,
24,67,,FALSE,Female,,College,
24,53,,FALSE,Female,,College,
24,36,,FALSE,Male,,College,
24,61,,FALSE,Male,,College,
25,65,,FALSE,Male,,College,
26,67,,FALSE,Male,,College,
24,44,,FALSE,Female,,College,
24,31,,FALSE,Female,,College,
25,23,,FALSE,Male,,College,
24,24,,FALSE,Male,,College,
23,45,,FALSE,Male,,College,
23,56,,FALSE,Male,,College,
24,29,,FALSE,Male,,College,
24,33,,FALSE,Male,,College,
25,27,,FALSE,Female,,College,
25,22,,FALSE,Male,,College,
24,56,,FALSE,Male,,College,
24,83,,FALSE,Male,,College,
28,73,,FALSE,Female,,College,
28,73,,FALSE,Female,,College,
30,90,,FALSE,Female,,College,
30,98,,FALSE,Female,,College,
24,29,,FALSE,Female,,College,
24,53,,FALSE,Female,,College,
21,100,,FALSE,Male,,College,
24,47,,FALSE,Male,,College,
24,74,,FALSE,Female,,College,
24,3,,FALSE,Male,,College,
24,16,,FALSE,Male,,College,
24,17,,FALSE,Male,,College,
24,48,,FALSE,Male,,College,
24,70,,FALSE,Female,,College,
24,59,,FALSE,Female,,College,
24,61,,FALSE,Female,,College,
25,53,,FALSE,Female,,College,
25,52,,FALSE,Female,,College,
25,67,,FALSE,Male,,College,
25,67,,FALSE,Female,,College,
24,62,,FALSE,Male,,College,
24,0,,FALSE,Male,,College,
24,59,,FALSE,Male,,College,
24,61,,FALSE,Male,,College,
23,68,,FALSE,Female,,College,
23,66,,FALSE,Female,,College,
24,45,,FALSE,Female,,College,
24,65,,FALSE,Female,,College,
24,40,,FALSE,Male,,College,
24,28,,FALSE,Female,,College,
24,23,,FALSE,Male,,College,
25,39,,FALSE,Female,,College,
31,38,,FALSE,Male,,College,
31,38,,FALSE,Male,,College,
24,59,,FALSE,Male,,College,
24,57,,FALSE,Male,,College,
23,54,,FALSE,Female,,College,
23,55,,FALSE,Female,,College,
23,75,,FALSE,Male,,College,
23,82,,FALSE,Male,,College,
27,71,,FALSE,Male,,College,
24,74,,FALSE,Male,,College,
23,73,,FALSE,Male,,College,
23,74,,FALSE,Male,,College,
24,65,,FALSE,Male,,College,
24,66,,FALSE,Male,,College,
23,79,,FALSE,Male,,College,
23,96,,FALSE,Female,,College,
25,51,,FALSE,Male,,College,
25,51,,FALSE,Male,,College,
25,39,,FALSE,Male,,College,
24,39,,FALSE,Female,,College,
24,40,,FALSE,Male,,College,
24,63,,FALSE,Male,,College,
24,20,,FALSE,Female,,College,
24,24,,FALSE,Female,,College,
24,68,,FALSE,Male,,College,
24,71,,FALSE,Male,,College,
24,52,,FALSE,Male,,College,
24,35,,FALSE,Female,,College,
23,26,,FALSE,Male,,College,
23,33,,FALSE,Female,,College,
24,60,,FALSE,Male,,College,
24,54,,FALSE,Male,,College,
25,57,,FALSE,Male,,College,
25,62,,FALSE,Male,,College,
24,66,,FALSE,Female,,College,
24,60,,FALSE,Female,,College,
25,46,,FALSE,Female,,College,
24,47,,FALSE,Male,,College,
24,81,,FALSE,Female,,College,
24,81,,FALSE,Female,,College,
24,52,,FALSE,Female,,College,
24,36,,FALSE,Male,,College,
24,69,,FALSE,Female,,College,
24,70,,FALSE,Female,,College,
27,51,,FALSE,Female,,College,
26,53,,FALSE,Male,,College,
25,78,,FALSE,Male,,College,
25,58,,FALSE,Female,,College,
23,66,,FALSE,Female,,College,
24,53,,FALSE,Male,,College,
24,28,,FALSE,Male,,College,
24,33,,FALSE,Female,,College,
24,10,,FALSE,Male,,College,
24,26,,FALSE,Male,,College,
24,0,,FALSE,Male,,College,
24,0,,FALSE,Female,,College,
23,29,,FALSE,Male,,College,
23,30,,FALSE,Male,,College,
25,65,,FALSE,Female,,College,
26,66,,FALSE,Male,,College,
27,65,,FALSE,Female,,College,
27,58,,FALSE,Female,,College,
23,5,,FALSE,Female,,College,
23,4,,FALSE,Female,,College,
24,49,,FALSE,Female,,College,
20,42,,FALSE,Male,,College,
27,91,,FALSE,Female,,College,
27,89,,FALSE,Female,,College,
24,62,,FALSE,Female,,College,
24,64,,FALSE,Female,,College,
24,74,,FALSE,Female,,College,
24,53,,FALSE,Male,,College,
24,66,,FALSE,Female,,College,
24,68,,FALSE,Female,,College,
24,57,,FALSE,Female,,College,
25,38,,FALSE,Female,,College,
23,56,,FALSE,Male,,College,
24,59,,FALSE,Female,,College,
23,65,,FALSE,Female,,College,
23,76,,FALSE,Female,,College,
22,45,,FALSE,Female,,College,
22,44,,FALSE,Male,,College,
24,70,,FALSE,Male,,College,
24,70,,FALSE,Male,,College,
24,19,,FALSE,Female,,College,
24,11,,FALSE,Male,,College,
23,0,,FALSE,Male,,College,
23,24,,FALSE,Female,,College,
24,58,,FALSE,Female,,College,
24,43,,FALSE,Male,,College,
24,66,,FALSE,Female,,College,
24,64,,FALSE,Female,,College,
24,55,,FALSE,Female,,College,
24,62,,FALSE,Female,,College,
24,68,,FALSE,Female,,College,
24,77,,FALSE,Female,,College,
24,41,,FALSE,Male,,College,
29,41,,FALSE,Male,,College,
24,39,,FALSE,Female,,College,
24,40,,FALSE,Female,,College,
27,15,,FALSE,Male,,College,
25,0,,FALSE,Male,,College,
24,53,,FALSE,Male,,College,
24,50,,FALSE,Male,,College,
24,100,,FALSE,Female,,College,
24,44,,FALSE,Male,,College,
23,79,,FALSE,Female,,College,
23,84,,FALSE,Male,,College,
23,14,,FALSE,Male,,College,
23,38,,FALSE,Female,,College,
23,65,,FALSE,Male,,College,
23,62,,FALSE,Male,,College,
24,57,,FALSE,Male,,College,
23,67,,FALSE,Male,,College,
24,25,,FALSE,Male,,College,
24,31,,FALSE,Male,,College,
24,9,,FALSE,Male,,College,
24,12,,FALSE,Female,,College,
24,58,,FALSE,Male,,College,
24,62,,FALSE,Male,,College,
23,96,,FALSE,Male,,College,
24,99,,FALSE,Male,,College,
23,16,,FALSE,Female,,College,
23,17,,FALSE,Female,,College,
30,88,,FALSE,Female,,College,
30,85,,FALSE,Female,,College,
24,6,,FALSE,Male,,College,
24,9,,FALSE,Male,,College,
23,76,,FALSE,Male,,College,
24,80,,FALSE,Female,,College,
24,69,,FALSE,Male,,College,
24,61,,FALSE,Male,,College,
23,44,,FALSE,Female,,College,
23,39,,FALSE,Female,,College,
24,66,,FALSE,Female,,College,
24,65,,FALSE,Female,,College,
24,50,,FALSE,Male,,College,
24,48,,FALSE,Female,,College,
24,63,,FALSE,Male,,College,
24,75,,FALSE,Female,,College,
24,54,,FALSE,Female,,College,
24,52,,FALSE,Female,,College,
25,65,,FALSE,Male,,College,
25,65,,FALSE,Male,,College,
25,35,,FALSE,Female,,College,
25,52,,FALSE,Male,,College,
24,54,,FALSE,Female,,College,
24,53,,FALSE,Female,,College,
24,49,,FALSE,Male,,College,
24,51,,FALSE,Male,,College,
24,74,,FALSE,Male,,College,
24,78,,FALSE,Female,,College,
24,65,,FALSE,Female,,College,
24,66,,FALSE,Female,,College,
24,6,,FALSE,Male,,College,
24,15,,FALSE,Male,,College,
23,20,,FALSE,Male,,College,
23,20,,FALSE,Male,,College,
24,79,,FALSE,Female,,College,
24,63,,FALSE,Female,,College,
23,41,,FALSE,Female,,College,
23,45,,FALSE,Female,,College,
24,30,,FALSE,Female,,College,
24,34,,FALSE,Male,,College,
24,63,,FALSE,Female,,College,
24,9,,FALSE,Male,,College,
23,54,,FALSE,Female,,College,
23,55,,FALSE,Female,,College,
24,53,,FALSE,Female,,College,
24,58,,FALSE,Female,,College,
25,61,,FALSE,Male,,College,
25,59,,FALSE,Male,,College,
23,39,,FALSE,Male,,College,
23,39,,FALSE,Male,,College,
23,23,,FALSE,Male,,College,
23,54,,FALSE,Female,,College,
24,10,,FALSE,Female,,College,
24,18,,FALSE,Male,,College,
24,45,,FALSE,Male,,College,
24,32,,FALSE,Male,,College,
24,46,,FALSE,Female,,College,
24,46,,FALSE,Female,,College,
30,97,,FALSE,Male,,College,
30,100,,FALSE,Female,,College,
24,15,,FALSE,Male,,College,
24,16,,FALSE,Female,,College,
30,62,,FALSE,Female,,College,
30,60,,FALSE,Male,,College,
35,35,,FALSE,Female,,College,
35,37,,FALSE,Male,,College,
26,46,,FALSE,Female,,College,
26,43,,FALSE,Female,,College,
24,45,,FALSE,Male,,College,
24,45,,FALSE,Male,,College,
31,68,,FALSE,Male,,College,
31,71,,FALSE,Male,,College,
24,44,,FALSE,Male,,College,
24,49,,FALSE,Female,,College,
25,94,,FALSE,Female,,College,
25,95,,FALSE,Female,,College,
24,53,,FALSE,Female,,College,
24,55,,FALSE,Female,,College,
24,16,,FALSE,Female,,College,
23,12,,FALSE,Male,,College,
25,52,,FALSE,Male,,College,
25,49,,FALSE,Male,,College,
25,98,,FALSE,Male,,College,
25,65,,FALSE,Male,,College,
24,29,,FALSE,Female,,College,
24,55,,FALSE,Male,,College,
24,7,,FALSE,Male,,College,
24,12,,FALSE,Male,,College,
24,35,,FALSE,Female,,College,
24,31,,FALSE,Female,,College,
24,50,,FALSE,Female,,College,
24,43,,FALSE,Female,,College,
24,52,,FALSE,Male,,College,
24,49,,FALSE,Male,,College,
23,61,,FALSE,Female,,College,
23,46,,FALSE,Male,,College,
24,78,,FALSE,Female,,College,
24,78,,FALSE,Female,,College,
24,61,,FALSE,Female,,College,
24,54,,FALSE,Male,,College,
23,0,,FALSE,Female,,College,
23,0,,FALSE,Female,,College,
24,51,,FALSE,Male,,College,
24,57,,FALSE,Female,,College,
23,50,,FALSE,Female,,College,
24,55,,FALSE,Female,,College,
24,32,,FALSE,Male,,College,
24,32,,FALSE,Male,,College,
24,57,,FALSE,Female,,College,
24,51,,FALSE,Female,,College,
23,56,,FALSE,Male,,College,
23,57,,FALSE,Female,,College,
24,52,,FALSE,Male,,College,
24,56,,FALSE,Male,,College,
23,38,,FALSE,Female,,College,
23,48,,FALSE,Female,,College,
23,53,,FALSE,Male,,College,
23,60,,FALSE,Male,,College,
24,47,,FALSE,Male,,College,
24,48,,FALSE,Male,,College,
23,25,,FALSE,Female,,College,
24,27,,FALSE,Male,,College,
24,76,,FALSE,Male,,College,
24,64,,FALSE,Female,,College,
24,67,,FALSE,Female,,College,
24,88,,FALSE,Male,,College,
24,86,,FALSE,Female,,College,
24,91,,FALSE,Female,,College,
23,60,,FALSE,Female,,College,
23,59,,FALSE,Female,,College,
24,3,,FALSE,Male,,College,
24,3,,FALSE,Male,,College,
24,66,,FALSE,Female,,College,
24,76,,FALSE,Female,,College,
24,37,,FALSE,Female,,College,
25,34,,FALSE,Female,,College,
24,40,,FALSE,Male,,College,
24,51,,FALSE,Female,,College,
24,55,,FALSE,Male,,College,
24,62,,FALSE,Female,,College,
23,53,,FALSE,Male,,College,
23,55,,FALSE,Female,,College,
24,89,,FALSE,Female,,College,
24,91,,FALSE,Female,,College,
23,74,,FALSE,Female,,College,
23,77,,FALSE,Female,,College,
23,85,,FALSE,Female,,College,
23,73,,FALSE,Male,,College,
23,41,,FALSE,Male,,College,
23,39,,FALSE,Male,,College,
24,49,,FALSE,Male,,College,
24,39,,FALSE,Female,,College,
24,12,,FALSE,Male,,College,
24,8,,FALSE,Male,,College,
24,30,,FALSE,Male,,College,
24,49,,FALSE,Male,,College,
24,34,,FALSE,Male,,College,
24,24,,FALSE,Male,,College,
24,46,,FALSE,Female,,College,
23,37,,FALSE,Male,,College,
24,63,,FALSE,Female,,College,
24,62,,FALSE,Female,,College,
23,41,,FALSE,Female,,College,
23,31,,FALSE,Female,,College,
24,24,,FALSE,Male,,College,
24,37,,FALSE,Female,,College,
23,74,,FALSE,Female,,College,
24,41,,FALSE,Male,,College,
24,50,,FALSE,Female,,College,
24,86,,FALSE,Female,,College,
25,78,,FALSE,Female,,College,
25,78,,FALSE,Female,,College,
24,31,,FALSE,Male,,College,
23,32,,FALSE,Female,,College,
24,63,,FALSE,Female,,College,
24,60,,FALSE,Male,,College,
24,32,,FALSE,Male,,College,
24,18,,FALSE,Female,,College,
24,30,,FALSE,Male,,College,
24,26,,FALSE,Female,,College,
24,12,,FALSE,Male,,College,
24,5,,FALSE,Male,,College,
22,78,,FALSE,Female,,College,
22,63,,FALSE,Female,,College,
24,43,,FALSE,Female,,College,
24,30,,FALSE,Female,,College,
24,34,,FALSE,Female,,College,
24,33,,FALSE,Male,,College,
23,55,,FALSE,Female,,College,
23,59,,FALSE,Female,,College,
24,75,,FALSE,Female,,College,
24,78,,FALSE,Female,,College,
24,32,,FALSE,Female,,College,
24,31,,FALSE,Female,,College,
25,70,,FALSE,Female,,College,
25,74,,FALSE,Female,,College,
23,69,,FALSE,Female,,College,
23,73,,FALSE,Female,,College,
24,39,,FALSE,Female,,College,
24,18,,FALSE,Female,,College,
24,62,,FALSE,Female,,College,
23,67,,FALSE,Male,,College,
23,84,,FALSE,Male,,College,
24,82,,FALSE,Female,,College,
24,74,,FALSE,Female,,College,
24,74,,FALSE,Female,,College,
25,56,,FALSE,Male,,College,
25,69,,FALSE,Female,,College,
24,79,,FALSE,Female,,College,
24,75,,FALSE,Male,,College,
24,55,,FALSE,Male,,College,
24,66,,FALSE,Female,,College,
23,49,,FALSE,Female,,College,
23,39,,FALSE,Male,,College,
24,17,,FALSE,Male,,College,
24,26,,FALSE,Male,,College,
23,62,,FALSE,Female,,College,
23,57,,FALSE,Female,,College,
24,59,,FALSE,Male,,College,
24,72,,FALSE,Female,,College,
23,41,,FALSE,Male,,College,
23,41,,FALSE,Male,,College,
24,63,,FALSE,Female,,College,
24,59,,FALSE,Male,,College,
24,57,,FALSE,Male,,College,
24,88,,FALSE,Male,,College,
25,76,,FALSE,Female,,College,
25,79,,FALSE,Female,,College,
24,95,,FALSE,Female,,College,
24,95,,FALSE,Female,,College,
23,43,,FALSE,Female,,College,
23,57,,FALSE,Female,,College,
23,54,,FALSE,Male,,College,
23,52,,FALSE,Male,,College,
24,27,,FALSE,Male,,College,
24,34,,FALSE,Male,,College,
23,42,,FALSE,Female,,College,
23,41,,FALSE,Male,,College,
23,91,,FALSE,Male,,College,
23,97,,FALSE,Male,,College,
25,65,,FALSE,Male,,College,
23,52,,FALSE,Female,,College,
24,79,,FALSE,Male,,College,
24,77,,FALSE,Female,,College,
24,73,,FALSE,Female,,College,
24,74,,FALSE,Female,,College,
24,92,,FALSE,Female,,College,
24,93,,FALSE,Female,,College,
25,78,,FALSE,Female,,College,
25,48,,FALSE,Male,,College,
24,62,,FALSE,Male,,College,
24,59,,FALSE,Male,,College,
24,44,,FALSE,Male,,College,
24,48,,FALSE,Male,,College,
24,59,,FALSE,Female,,College,
24,54,,FALSE,Male,,College,
25,55,,FALSE,Male,,College,
25,36,,FALSE,Female,,College,
23,65,,FALSE,Female,,College,
24,47,,FALSE,Male,,College,
25,50,,FALSE,Female,,College,
25,55,,FALSE,Female,,College,
24,70,,FALSE,Female,,College,
24,69,,FALSE,Female,,College,
24,44,,FALSE,Male,,College,
24,33,,FALSE,Male,,College,
24,8,,FALSE,Female,,College,
24,17,,FALSE,Female,,College,
24,31,,FALSE,Female,,College,
24,29,,FALSE,Male,,College,
23,26,,FALSE,Male,,College,
23,36,,FALSE,Male,,College,
27,73,,FALSE,Male,,College,
27,63,,FALSE,Female,,College,
24,52,,FALSE,Male,,College,
24,53,,FALSE,Male,,College,
24,26,,FALSE,Male,,College,
24,28,,FALSE,Male,,College,
23,67,,FALSE,Male,,College,
23,62,,FALSE,Male,,College,
24,84,,FALSE,Female,,College,
24,92,,FALSE,Female,,College,
24,65,,FALSE,Male,,College,
24,61,,FALSE,Male,,College,
23,19,,FALSE,Male,,College,
23,39,,FALSE,Female,,College,
24,25,,FALSE,Male,,College,
24,23,,FALSE,Male,,College,
24,44,,FALSE,Male,,College,
24,57,,FALSE,Male,,College,
24,23,,FALSE,Male,,College,
23,16,,FALSE,Male,,College,
24,47,,FALSE,Male,,College,
24,41,,FALSE,Female,,College,
24,55,,FALSE,Female,,College,
24,58,,FALSE,Female,,College,
24,52,,FALSE,Female,,College,
24,64,,FALSE,Male,,College,
23,64,,FALSE,Male,,College,
23,54,,FALSE,Female,,College,
24,25,,FALSE,Male,,College,
24,22,,FALSE,Male,,College,
24,22,,FALSE,Female,,College,
24,16,,FALSE,Male,,College,
23,56,,FALSE,Male,,College,
23,40,,FALSE,Male,,College,
23,63,,FALSE,Female,,College,
23,64,,FALSE,Female,,College,
24,62,,FALSE,Male,,College,
24,48,,FALSE,Male,,College,
24,63,,FALSE,Female,,College,
24,44,,FALSE,Female,,College,
24,68,,FALSE,Male,,College,
24,71,,FALSE,Male,,College,
24,48,,FALSE,Male,,College,
24,44,,FALSE,Male,,College,
24,2,,FALSE,Female,,College,
24,1,,FALSE,Female,,College,
24,72,,FALSE,Female,,College,
24,69,,FALSE,Male,,College,
23,49,,FALSE,Female,,College,
23,32,,FALSE,Female,,College,
23,33,,FALSE,Male,,College,
23,27,,FALSE,Male,,College,
24,50,,FALSE,Female,,College,
24,61,,FALSE,Male,,College,
24,45,,FALSE,Male,,College,
24,44,,FALSE,Male,,College,
24,70,,FALSE,Male,,College,
24,74,,FALSE,Female,,College,
24,41,,FALSE,Male,,College,
24,44,,FALSE,Male,,College,
24,33,,FALSE,Male,,College,
24,28,,FALSE,Male,,College,
24,34,,FALSE,Male,,College,
24,28,,FALSE,Female,,College,
24,55,,FALSE,Male,,College,
24,74,,FALSE,Female,,College,
24,15,,FALSE,Female,,College,
24,15,,FALSE,Male,,College,
24,83,,FALSE,Female,,College,
24,0,,FALSE,Female,,College,
24,55,,FALSE,Male,,College,
24,50,,FALSE,Male,,College,
23,64,,FALSE,Male,,College,
23,63,,FALSE,Female,,College,
24,8,,FALSE,Male,,College,
24,10,,FALSE,Male,,College,
24,16,,FALSE,Male,,College,
24,19,,FALSE,Male,,College,
24,60,,FALSE,Female,,College,
24,69,,FALSE,Female,,College,
23,46,,FALSE,Female,,College,
23,45,,FALSE,Male,,College,
24,33,,FALSE,Male,,College,
24,26,,FALSE,Male,,College,
24,72,,FALSE,Female,,College,
24,76,,FALSE,Female,,College,
26,14,,FALSE,Male,,College,
25,22,,FALSE,Female,,College,
24,89,,FALSE,Male,,College,
24,83,,FALSE,Male,,College,
24,37,,FALSE,Male,,College,
24,43,,FALSE,Female,,College,
25,67,,FALSE,Male,,College,
25,67,,FALSE,Male,,College,
24,49,,FALSE,Female,,College,
24,43,,FALSE,Female,,College,
24,71,,FALSE,Female,,College,
24,63,,FALSE,Female,,College,
24,25,,FALSE,Female,,College,
24,57,,FALSE,Female,,College,
26,84,,FALSE,Female,,College,
26,86,,FALSE,Male,,College,
24,69,,FALSE,Female,,College,
24,69,,FALSE,Female,,College,
24,73,,FALSE,Female,,College,
24,75,,FALSE,Female,,College,
28,38,,FALSE,Male,,College,
24,38,,FALSE,Male,,College,
24,17,,FALSE,Female,,College,
24,8,,FALSE,Male,,College,
24,56,,FALSE,Female,,College,
24,55,,FALSE,Female,,College,
24,37,,FALSE,Male,,College,
24,40,,FALSE,Male,,College,
24,82,,FALSE,Male,,College,
24,77,,FALSE,Male,,College,
24,39,,FALSE,Male,,College,
24,42,,FALSE,Male,,College,
24,37,,FALSE,Female,,College,
24,47,,FALSE,Female,,College,
24,23,,FALSE,Male,,College,
24,16,,FALSE,Male,,College,
23,70,,FALSE,Female,,College,
23,72,,FALSE,Male,,College,
24,21,,FALSE,Male,,College,
24,22,,FALSE,Male,,College,
23,33,,FALSE,Male,,College,
23,33,,FALSE,Male,,College,
26,20,,FALSE,Male,,College,
24,19,,FALSE,Male,,College,
26,54,,FALSE,Female,,College,
26,44,,FALSE,Male,,College,
29,89,,FALSE,Female,,College,
29,92,,FALSE,Female,,College,
24,73,,FALSE,Female,,College,
24,40,,FALSE,Female,,College,
25,9,,FALSE,Male,,College,
25,10,,FALSE,Male,,College,
24,67,,FALSE,Male,,College,
24,90,,FALSE,Female,,College,
24,55,,FALSE,Male,,College,
24,51,,FALSE,Female,,College,
23,56,,FALSE,Male,,College,
23,53,,FALSE,Male,,College,
24,49,,FALSE,Female,,College,
24,47,,FALSE,Male,,College,
24,23,,FALSE,Male,,College,
24,8,,FALSE,Male,,College,
24,74,,FALSE,Male,,College,
24,72,,FALSE,Female,,College,
24,79,,FALSE,Female,,College,
24,59,,FALSE,Male,,College,
25,31,,FALSE,Male,,College,
24,28,,FALSE,Male,,College,
24,87,,FALSE,Female,,College,
24,91,,FALSE,Female,,College,
24,70,,FALSE,Female,,College,
24,67,,FALSE,Female,,College,
24,99,,FALSE,Male,,College,
24,84,,FALSE,Male,,College,
24,75,,FALSE,Female,,College,
24,75,,FALSE,Female,,College,
25,34,,FALSE,Female,,College,
25,31,,FALSE,Female,,College,
24,57,,FALSE,Female,,College,
24,57,,FALSE,Female,,College,
24,36,,FALSE,Male,,College,
24,42,,FALSE,Female,,College,
23,44,,FALSE,Male,,College,
23,48,,FALSE,Male,,College,
24,35,,FALSE,Female,,College,
24,20,,FALSE,Male,,College,
24,32,,FALSE,Male,,College,
24,0,,FALSE,Male,,College,
24,22,,FALSE,Female,,College,
24,34,,FALSE,Female,,College,
24,40,,FALSE,Female,,College,
24,57,,FALSE,Female,,College,
24,51,,FALSE,Female,,College,
24,31,,FALSE,Male,,College,
24,39,,FALSE,Female,,College,
24,41,,FALSE,Male,,College,
23,34,,FALSE,Male,,College,
23,33,,FALSE,Male,,College,
24,46,,FALSE,Female,,College,
24,51,,FALSE,Female,,College,
24,53,,FALSE,Male,,College,
24,70,,FALSE,Female,,College,
24,58,,FALSE,Female,,College,
23,50,,FALSE,Male,,College,
23,66,,FALSE,Male,,College,
23,58,,FALSE,Female,,College,
24,69,,FALSE,Male,,College,
24,64,,FALSE,Female,,College,
23,56,,FALSE,Female,,College,
23,65,,FALSE,Female,,College,
23,51,,FALSE,Female,,College,
23,45,,FALSE,Female,,College,
24,78,,FALSE,Male,,College,
24,67,,FALSE,Male,,College,
24,49,,FALSE,Male,,College,
24,38,,FALSE,Male,,College,
23,53,,FALSE,Female,,College,
23,54,,FALSE,Female,,College,
22,64,,FALSE,Female,,College,
23,69,,FALSE,Male,,College,
24,20,,FALSE,Male,,College,
24,26,,FALSE,Female,,College,
25,41,,FALSE,Female,,College,
25,40,,FALSE,Female,,College,
24,32,,FALSE,Male,,College,
24,19,,FALSE,Male,,College,
24,63,,FALSE,Female,,College,
24,48,,FALSE,Female,,College,
24,71,,FALSE,Male,,College,
24,67,,FALSE,Male,,College,
25,37,,FALSE,Female,,College,
25,55,,FALSE,Male,,College,
24,59,,FALSE,Female,,College,
24,46,,FALSE,Male,,College,
24,36,,FALSE,Male,,College,
24,28,,FALSE,Female,,College,
26,0,,FALSE,Male,,College,
27,0,,FALSE,Male,,College,
24,46,,FALSE,Male,,College,
24,33,,FALSE,Male,,College,
24,63,,FALSE,Female,,College,
24,37,,FALSE,Male,,College,
24,100,,FALSE,Female,,College,
24,100,,FALSE,Female,,College,
24,46,,FALSE,Male,,College,
24,46,,FALSE,Female,,College,
23,38,,FALSE,Male,,College,
25,41,,FALSE,Male,,College,
24,33,,FALSE,Male,,College,
24,36,,FALSE,Male,,College,
25,30,,FALSE,Female,,College,
25,31,,FALSE,Male,,College,
24,10,,FALSE,Female,,College,
24,10,,FALSE,Female,,College,
24,66,,FALSE,Male,,College,
24,74,,FALSE,Female,,College,
24,55,,FALSE,Female,,College,
24,27,,FALSE,Male,,College,
24,31,,FALSE,Female,,College,
24,26,,FALSE,Male,,College,
23,55,,FALSE,Male,,College,
23,30,,FALSE,Female,,College,
24,63,,FALSE,Female,,College,
24,58,,FALSE,Female,,College,
23,53,,FALSE,Male,,College,
23,58,,FALSE,Male,,College,
24,35,,FALSE,Male,,College,
24,33,,FALSE,Male,,College,
24,44,,FALSE,Female,,College,
24,45,,FALSE,Male,,College,
24,52,,FALSE,Female,,College,
24,46,,FALSE,Male,,College,
24,93,,FALSE,Female,,College,
24,90,,FALSE,Male,,College,
25,33,,FALSE,Male,,College,
25,40,,FALSE,Male,,College,
27,78,,FALSE,Female,,College,
26,75,,FALSE,Male,,College,
24,36,,FALSE,Female,,College,
24,42,,FALSE,Female,,College,
24,86,,FALSE,Female,,College,
24,88,,FALSE,Female,,College,
23,64,,FALSE,Male,,College,
23,63,,FALSE,Male,,College,
23,75,,FALSE,Female,,College,
23,69,,FALSE,Male,,College,
23,60,,FALSE,Male,,College,
23,62,,FALSE,Female,,College,
24,18,,FALSE,Female,,College,
24,18,,FALSE,Female,,College,
23,67,,FALSE,Female,,College,
23,67,,FALSE,Female,,College,
25,30,,FALSE,Male,,College,
25,30,,FALSE,Male,,College,
24,44,,FALSE,Male,,College,
24,21,,FALSE,Male,,College,
24,2,,FALSE,Male,,College,
24,20,,FALSE,Male,,College,
24,53,,FALSE,Male,,College,
24,51,,FALSE,Female,,College,
23,74,,FALSE,Female,,College,
23,74,,FALSE,Female,,College,
24,48,,FALSE,Female,,College,
24,48,,FALSE,Female,,College,
24,38,,FALSE,Male,,College,
24,29,,FALSE,Male,,College,
25,90,,FALSE,Male,,College,
25,88,,FALSE,Male,,College,
24,35,,FALSE,Male,,College,
24,97,,FALSE,Male,,College,
25,38,,FALSE,Female,,College,
24,36,,FALSE,Female,,College,
24,60,,FALSE,Female,,College,
24,53,,FALSE,Male,,College,
23,29,,FALSE,Female,,College,
24,33,,FALSE,Female,,College,
24,41,,FALSE,Female,,College,
24,36,,FALSE,Male,,College,
24,80,,FALSE,Female,,College,
24,80,,FALSE,Male,,College,
24,94,,FALSE,Male,,College,
24,94,,FALSE,Male,,College,
23,30,,FALSE,Female,,College,
23,25,,FALSE,Female,,College,
24,28,,FALSE,Female,,College,
24,27,,FALSE,Female,,College,
25,23,,FALSE,Male,,College,
28,36,,FALSE,Female,,College,
23,68,,FALSE,Female,,College,
23,61,,FALSE,Male,,College,
24,11,,FALSE,Male,,College,
24,15,,FALSE,Male,,College,
24,81,,FALSE,Male,,College,
25,81,,FALSE,Female,,College,
25,33,,FALSE,Female,,College,
25,38,,FALSE,Female,,College,
25,64,,FALSE,Female,,College,
25,54,,FALSE,Female,,College,
24,6,,FALSE,Male,,College,
24,6,,FALSE,Male,,College,
24,33,,FALSE,Female,,College,
24,34,,FALSE,Female,,College,
24,75,,FALSE,Female,,College,
24,83,,FALSE,Female,,College,
29,69,,FALSE,Female,,College,
29,68,,FALSE,Female,,College,
23,32,,FALSE,Male,,College,
23,46,,FALSE,Female,,College,
26,76,,FALSE,Female,,College,
26,72,,FALSE,Female,,College,
23,41,,FALSE,Male,,College,
23,41,,FALSE,Male,,College,
23,80,,FALSE,Male,,College,
23,71,,FALSE,Female,,College,
25,57,,FALSE,Female,,College,
25,69,,FALSE,Female,,College,
24,72,,FALSE,Male,,College,
24,72,,FALSE,Female,,College,
24,29,,FALSE,Male,,College,
24,40,,FALSE,Female,,College,
24,59,,FALSE,Male,,College,
24,60,,FALSE,Male,,College,
24,55,,FALSE,Male,,College,
24,41,,FALSE,Male,,College,
24,12,,FALSE,Male,,College,
24,21,,FALSE,Male,,College,
24,64,,FALSE,Female,,College,
24,61,,FALSE,Female,,College,
24,75,,FALSE,Male,,College,
24,87,,FALSE,Male,,College,
24,60,,FALSE,Male,,College,
24,60,,FALSE,Female,,College,
24,35,,FALSE,Male,,College,
24,25,,FALSE,Female,,College,
24,100,,FALSE,Male,,College,
24,100,,FALSE,Female,,College,
24,46,,FALSE,Female,,College,
24,40,,FALSE,Male,,College,
24,81,,FALSE,Male,,College,
24,97,,FALSE,Female,,College,
24,90,,FALSE,Male,,College,
24,74,,FALSE,Male,,College,
24,61,,FALSE,Female,,College,
24,63,,FALSE,Female,,College,
24,61,,FALSE,Female,,College,
24,61,,FALSE,Female,,College,
24,85,,FALSE,Male,,College,
24,86,,FALSE,Male,,College,
23,36,,FALSE,Male,,College,
24,37,,FALSE,Male,,College,
22,82,,FALSE,Female,,College,
23,82,,FALSE,Female,,College,
24,51,,FALSE,Male,,College,
24,47,,FALSE,Male,,College,
24,41,,FALSE,Female,,College,
24,38,,FALSE,Female,,College,
24,8,,FALSE,Male,,College,
24,32,,FALSE,Male,,College,
26,48,,FALSE,Female,,College,
26,46,,FALSE,Female,,College,
24,21,,FALSE,Male,,College,
24,23,,FALSE,Male,,College,
24,57,,FALSE,Male,,College,
24,64,,FALSE,Female,,College,
23,40,,FALSE,Female,,College,
23,28,,FALSE,Female,,College,
24,79,,FALSE,Female,,College,
24,79,,FALSE,Female,,College,
24,19,,FALSE,Male,,College,
24,19,,FALSE,Male,,College,
26,32,,FALSE,Male,,College,
27,50,,FALSE,Female,,College,
23,66,,FALSE,Male,,College,
23,65,,FALSE,Male,,College,
22,73,,FALSE,Male,,College,
23,75,,FALSE,Male,,College,
24,52,,FALSE,Male,,College,
24,39,,FALSE,Male,,College,
24,39,,FALSE,Female,,College,
24,33,,FALSE,Female,,College,
26,54,,FALSE,Male,,College,
25,54,,FALSE,Female,,College,
24,27,,FALSE,Male,,College,
24,24,,FALSE,Male,,College,
24,39,,FALSE,Female,,College,
24,33,,FALSE,Female,,College,
23,12,,FALSE,Male,,College,
23,20,,FALSE,Male,,College,
24,7,,FALSE,Female,,College,
24,4,,FALSE,Male,,College,
24,70,,FALSE,Male,,College,
24,71,,FALSE,Female,,College,
24,40,,FALSE,Male,,College,
27,31,,FALSE,Male,,College,
24,62,,FALSE,Male,,College,
24,56,,FALSE,Male,,College,
23,45,,FALSE,Female,,College,
24,40,,FALSE,Male,,College,
25,52,,FALSE,Female,,College,
25,48,,FALSE,Female,,College,
24,48,,FALSE,Male,,College,
24,52,,FALSE,Male,,College,
23,42,,FALSE,Male,,College,
23,31,,FALSE,Male,,College,
23,58,,FALSE,Female,,College,
23,54,,FALSE,Male,,College,
23,39,,FALSE,Female,,College,
23,38,,FALSE,Female,,College,
23,25,,FALSE,Male,,College,
23,18,,FALSE,Male,,College,
24,45,,FALSE,Male,,College,
24,82,,FALSE,Female,,College,
25,95,,FALSE,Female,,College,
25,100,,FALSE,Female,,College,
24,42,,FALSE,Female,,College,
24,41,,FALSE,Female,,College,
23,73,,FALSE,Female,,College,
23,56,,FALSE,Female,,College,
24,64,,FALSE,Female,,College,
24,60,,FALSE,Male,,College,
24,54,,FALSE,Male,,College,
24,59,,FALSE,Female,,College,
24,81,,FALSE,Male,,College,
24,80,,FALSE,Male,,College,
24,51,,FALSE,Female,,College,
24,20,,FALSE,Male,,College,
24,62,,FALSE,Male,,College,
24,71,,FALSE,Male,,College,
25,52,,FALSE,Male,,College,
25,55,,FALSE,Male,,College,
26,61,,FALSE,Male,,College,
26,38,,FALSE,Male,,College,
23,78,,FALSE,Male,,College,
23,81,,FALSE,Male,,College,
23,55,,FALSE,Male,,College,
23,63,,FALSE,Male,,College,
25,51,,FALSE,Female,,College,
25,62,,FALSE,Male,,College,
24,33,,FALSE,Male,,College,
24,33,,FALSE,Male,,College,
24,16,,FALSE,Female,,College,
24,16,,FALSE,Female,,College,
33,67,,FALSE,Male,,College,
33,78,,FALSE,Male,,College,
24,38,,FALSE,Female,,College,
24,36,,FALSE,Female,,College,
23,34,,FALSE,Male,,College,
23,39,,FALSE,Male,,College,
25,45,,FALSE,Male,,College,
25,35,,FALSE,Male,,College,
24,46,,FALSE,Female,,College,
24,45,,FALSE,Female,,College,
25,42,,FALSE,Female,,College,
25,43,,FALSE,Female,,College,
24,64,,FALSE,Male,,College,
24,60,,FALSE,Female,,College,
24,59,,FALSE,Female,,College,
24,68,,FALSE,Female,,College,
24,50,,FALSE,Male,,College,
29,0,,FALSE,Male,,College,
25,55,,FALSE,Female,,College,
25,57,,FALSE,Female,,College,
24,14,,FALSE,Female,,College,
25,24,,FALSE,Female,,College,
24,4,,FALSE,Male,,College,
24,5,,FALSE,Male,,College,
24,35,,FALSE,Female,,College,
24,32,,FALSE,Male,,College,
24,17,,FALSE,Female,,College,
24,10,,FALSE,Female,,College,
24,28,,FALSE,Male,,College,
24,31,,FALSE,Female,,College,
24,80,,FALSE,Male,,College,
24,82,,FALSE,Male,,College,
24,47,,FALSE,Male,,College,
24,47,,FALSE,Female,,College,
24,73,,FALSE,Male,,College,
24,83,,FALSE,Female,,College,
26,57,,FALSE,Female,,College,
26,57,,FALSE,Female,,College,
23,31,,FALSE,Female,,College,
23,34,,FALSE,Male,,College,
24,74,,FALSE,Male,,College,
24,82,,FALSE,Female,,College,
24,54,,FALSE,Female,,College,
24,56,,FALSE,Male,,College,
25,66,,FALSE,Female,,College,
24,66,,FALSE,Female,,College,
24,49,,FALSE,Female,,College,
24,63,,FALSE,Female,,College,
24,70,,FALSE,Female,,College,
24,71,,FALSE,Female,,College,
24,26,,FALSE,Male,,College,
24,24,,FALSE,Male,,College,
23,36,,FALSE,Female,,College,
23,28,,FALSE,Male,,College,
24,51,,FALSE,Male,,College,
24,53,,FALSE,Female,,College,
23,59,,FALSE,Female,,College,
23,53,,FALSE,Male,,College,
24,0,,FALSE,Female,,College,
24,48,,FALSE,Female,,College,
24,30,,FALSE,Male,,College,
23,82,,FALSE,Male,,Graduate,
23,85,,FALSE,Male,,Graduate,
24,48,,FALSE,Female,,Graduate,
24,47,,FALSE,Female,,Graduate,
24,4,,FALSE,Male,,Graduate,
24,16,,FALSE,Male,,Graduate,
24,58,,FALSE,Male,,Graduate,
24,58,,FALSE,Male,,Graduate,
23,26,,FALSE,Female,,Graduate,
23,37,,FALSE,Female,,Graduate,
23,49,,FALSE,Male,,Graduate,
23,49,,FALSE,Male,,Graduate,
24,30,,FALSE,Male,,Graduate,
24,39,,FALSE,Male,,Graduate,
24,33,,FALSE,Male,,Graduate,
24,32,,FALSE,Female,,Graduate,
24,51,,FALSE,Female,,Graduate,
24,53,,FALSE,Male,,Graduate,
24,39,,FALSE,Female,,Graduate,
23,32,,FALSE,Male,,Graduate,
24,97,,FALSE,Female,,Graduate,
24,68,,FALSE,Female,,Graduate,
23,50,,FALSE,Female,,Graduate,
24,61,,FALSE,Male,,Graduate,
24,78,,FALSE,Female,,Graduate,
24,81,,FALSE,Female,,Graduate,
23,30,,FALSE,Male,,Graduate,
23,35,,FALSE,Male,,Graduate,
24,76,,FALSE,Female,,Graduate,
24,77,,FALSE,Female,,Graduate,
23,72,,FALSE,Female,,Graduate,
23,71,,FALSE,Female,,Graduate,
24,63,,FALSE,Male,,Graduate,
24,52,,FALSE,Female,,Graduate,
24,40,,FALSE,Female,,Graduate,
26,44,,FALSE,Female,,Graduate,
24,65,,FALSE,Male,,Graduate,
24,52,,FALSE,Male,,Graduate,
24,73,,FALSE,Male,,Graduate,
24,71,,FALSE,Female,,Graduate,
24,98,,FALSE,Female,,Graduate,
24,97,,FALSE,Female,,Graduate,
24,20,,FALSE,Female,,Graduate,
24,21,,FALSE,Male,,Graduate,
23,98,,FALSE,Female,,Graduate,
24,84,,FALSE,Female,,Graduate,
25,55,,FALSE,Female,,Graduate,
27,58,,FALSE,Male,,Graduate,
23,79,,FALSE,Female,,Graduate,
23,80,,FALSE,Female,,Graduate,
24,58,,FALSE,Female,,Graduate,
24,59,,FALSE,Female,,Graduate,
24,0,,FALSE,Female,,Graduate,
24,0,,FALSE,Female,,Graduate,
23,68,,FALSE,Male,,Graduate,
25,71,,FALSE,Male,,Graduate,
23,50,,FALSE,Female,,Graduate,
24,40,,FALSE,Female,,Graduate,
24,55,,FALSE,Male,,Graduate,
24,60,,FALSE,Male,,Graduate,
26,46,,FALSE,Female,,Graduate,
26,45,,FALSE,Female,,Graduate,
24,29,,FALSE,Male,,Graduate,
24,27,,FALSE,Male,,Graduate,
25,100,,FALSE,Male,,Graduate,
25,100,,FALSE,Male,,Graduate,
24,44,,FALSE,Female,,Graduate,
24,44,,FALSE,Female,,Graduate,
24,76,,FALSE,Male,,Graduate,
24,76,,FALSE,Male,,Graduate,
26,64,,FALSE,Female,,Graduate,
26,64,,FALSE,Female,,Graduate,
24,0,,FALSE,Female,,Graduate,
24,76,,FALSE,Male,,Graduate,
26,97,,FALSE,Female,,Graduate,
26,100,,FALSE,Male,,Graduate,
24,50,,FALSE,Male,,Graduate,
24,47,,FALSE,Male,,Graduate,
24,44,,FALSE,Female,,Graduate,
24,40,,FALSE,Male,,Graduate,
23,17,,FALSE,Male,,Graduate,
23,13,,FALSE,Male,,Graduate,
23,75,,FALSE,Male,,Graduate,
23,75,,FALSE,Male,,Graduate,
23,63,,FALSE,Male,,Graduate,
24,64,,FALSE,Female,,Graduate,
24,74,,FALSE,Female,,Graduate,
24,75,,FALSE,Male,,Graduate,
23,45,,FALSE,Male,,Graduate,
23,65,,FALSE,Female,,Graduate,
24,17,,FALSE,Male,,Graduate,
24,44,,FALSE,Female,,Graduate,
23,98,,FALSE,Female,,Graduate,
23,100,,FALSE,Female,,Graduate,
24,61,,FALSE,Female,,Graduate,
24,23,,FALSE,Male,,Graduate,
24,49,,FALSE,Female,,Graduate,
24,52,,FALSE,Male,,Graduate,
24,66,,FALSE,Female,,Graduate,
23,69,,FALSE,Female,,Graduate,
24,36,,FALSE,Male,,Graduate,
24,30,,FALSE,Male,,Graduate,
27,85,,FALSE,Female,,Graduate,
27,35,,FALSE,Male,,Graduate,
24,43,,FALSE,Male,,Graduate,
24,48,,FALSE,Female,,Graduate,
23,29,,FALSE,Male,,Graduate,
23,21,,FALSE,Male,,Graduate,
24,88,,FALSE,Female,,Graduate,
24,89,,FALSE,Male,,Graduate,
24,33,,FALSE,Male,,Graduate,
24,50,,FALSE,Male,,Graduate,
24,96,,FALSE,Female,,Graduate,
24,88,,FALSE,Male,,Graduate,
24,62,,FALSE,Male,,Graduate,
24,70,,FALSE,Male,,Graduate,
24,24,,FALSE,Female,,Graduate,
24,27,,FALSE,Female,,Graduate,
24,39,,FALSE,Female,,Graduate,
24,17,,FALSE,Female,,Graduate,
24,68,,FALSE,Female,,Graduate,
24,66,,FALSE,Male,,Graduate,
23,55,,FALSE,Female,,Graduate,
23,55,,FALSE,Female,,Graduate,
24,43,,FALSE,Male,,Graduate,
24,43,,FALSE,Male,,Graduate,
24,49,,FALSE,Female,,Graduate,
24,51,,FALSE,Female,,Graduate,
24,62,,FALSE,Male,,Graduate,
24,58,,FALSE,Male,,Graduate,
23,19,,FALSE,Female,,Graduate,
23,19,,FALSE,Female,,Graduate,
24,44,,FALSE,Female,,Graduate,
24,35,,FALSE,Female,,Graduate,
24,44,,FALSE,Male,,Graduate,
24,42,,FALSE,Male,,Graduate,
24,38,,FALSE,Male,,Graduate,
24,34,,FALSE,Male,,Graduate,
24,13,,FALSE,Male,,Graduate,
24,20,,FALSE,Male,,Graduate,
23,9,,FALSE,Female,,Graduate,
23,15,,FALSE,Female,,Graduate,
24,46,,FALSE,Female,,Graduate,
24,62,,FALSE,Female,,Graduate,
23,74,,FALSE,Male,,Graduate,
23,65,,FALSE,Male,,Graduate,
24,51,,FALSE,Male,,Graduate,
24,51,,FALSE,Male,,Graduate,
24,42,,FALSE,Female,,Graduate,
24,42,,FALSE,Male,,Graduate,
23,73,,FALSE,Female,,Graduate,
23,74,,FALSE,Female,,Graduate,
23,38,,FALSE,Male,,Graduate,
24,40,,FALSE,Male,,Graduate,
23,61,,FALSE,Female,,Graduate,
23,63,,FALSE,Male,,Graduate,
24,50,,FALSE,Male,,Graduate,
24,44,,FALSE,Male,,Graduate,
27,66,,FALSE,Male,,Graduate,
27,59,,FALSE,Female,,Graduate,
24,38,,FALSE,Female,,Graduate,
24,37,,FALSE,Female,,Graduate,
24,68,,FALSE,Male,,Graduate,
24,69,,FALSE,Female,,Graduate,
24,46,,FALSE,Male,,Graduate,
24,71,,FALSE,Male,,Graduate,
24,30,,FALSE,Female,,Graduate,
24,28,,FALSE,Male,,Graduate,
24,78,,FALSE,Female,,Graduate,
24,65,,FALSE,Male,,Graduate,
24,64,,FALSE,Female,,Graduate,
24,44,,FALSE,Female,,Graduate,
24,37,,FALSE,Male,,Graduate,
24,37,,FALSE,Male,,Graduate,
25,57,,FALSE,Female,,Graduate,
26,53,,FALSE,Male,,Graduate,
24,54,,FALSE,Male,,Graduate,
24,52,,FALSE,Female,,Graduate,
24,61,,FALSE,Male,,Graduate,
24,51,,FALSE,Male,,Graduate,
25,75,,FALSE,Female,,Graduate,
24,87,,FALSE,Female,,Graduate,
23,78,,FALSE,Female,,Graduate,
23,74,,FALSE,Male,,Graduate,
24,27,,FALSE,Female,,Graduate,
24,25,,FALSE,Male,,Graduate,
25,11,,FALSE,Female,,Graduate,
25,17,,FALSE,Female,,Graduate,
26,96,,FALSE,Male,,Graduate,
26,63,,FALSE,Female,,Graduate,
24,55,,FALSE,Male,,Graduate,
24,55,,FALSE,Female,,Graduate,
24,30,,FALSE,Female,,Graduate,
24,25,,FALSE,Female,,Graduate,
25,64,,FALSE,Male,,Graduate,
25,65,,FALSE,Female,,Graduate,
25,9,,FALSE,Female,,Graduate,
25,9,,FALSE,Female,,Graduate,
25,84,,FALSE,Female,,Graduate,
24,75,,FALSE,Female,,Graduate,
23,20,,FALSE,Male,,Graduate,
23,27,,FALSE,Male,,Graduate,
24,34,,FALSE,Female,,Graduate,
24,41,,FALSE,Male,,Graduate,
24,80,,FALSE,Male,,Graduate,
24,80,,FALSE,Female,,Graduate,
24,96,,FALSE,Female,,Graduate,
24,93,,FALSE,Female,,Graduate,
24,64,,FALSE,Female,,Graduate,
24,63,,FALSE,Female,,Graduate,
24,64,,FALSE,Male,,Graduate,
24,67,,FALSE,Female,,Graduate,
24,69,,FALSE,Female,,Graduate,
24,69,,FALSE,Female,,Graduate,
27,47,,FALSE,Female,,Graduate,
24,35,,FALSE,Female,,Graduate,
24,34,,FALSE,Female,,Graduate,
25,41,,FALSE,Female,,Graduate,
24,38,,FALSE,Male,,Graduate,
24,39,,FALSE,Male,,Graduate,
25,77,,FALSE,Female,,Graduate,
25,73,,FALSE,Female,,Graduate,
24,58,,FALSE,Female,,Graduate,
24,67,,FALSE,Male,,Graduate,
24,17,,FALSE,Male,,Graduate,
24,21,,FALSE,Male,,Graduate,
24,48,,FALSE,Male,,Graduate,
24,45,,FALSE,Female,,Graduate,
24,54,,FALSE,Female,,Graduate,
24,26,,FALSE,Male,,Graduate,
24,57,,FALSE,Female,,Graduate,
24,56,,FALSE,Male,,Graduate,
24,37,,FALSE,Female,,Graduate,
24,0,,FALSE,Male,,Graduate,
23,44,,FALSE,Male,,Graduate,
23,47,,FALSE,Male,,Graduate,
24,53,,FALSE,Female,,Graduate,
24,61,,FALSE,Male,,Graduate,
25,67,,FALSE,Female,,Graduate,
25,48,,FALSE,Female,,Graduate,
23,51,,FALSE,Male,,Graduate,
23,40,,FALSE,Female,,Graduate,
23,22,,FALSE,Male,,Graduate,
23,7,,FALSE,Male,,Graduate,
24,77,,FALSE,Female,,Graduate,
24,76,,FALSE,Male,,Graduate,
24,37,,FALSE,Female,,Graduate,
24,38,,FALSE,Female,,Graduate,
24,62,,FALSE,Male,,Graduate,
24,83,,FALSE,Female,,Graduate,
24,27,,FALSE,Male,,Graduate,
24,27,,FALSE,Female,,Graduate,
24,54,,FALSE,Female,,Graduate,
24,57,,FALSE,Female,,Graduate,
24,40,,FALSE,Male,,Graduate,
24,42,,FALSE,Female,,Graduate,
24,77,,FALSE,Female,,Graduate,
24,77,,FALSE,Female,,Graduate,
23,54,,FALSE,Female,,Graduate,
23,53,,FALSE,Female,,Graduate,
25,0,,FALSE,Female,,Graduate,
24,50,,FALSE,Male,,Graduate,
24,24,,FALSE,Male,,Graduate,
24,19,,FALSE,Male,,Graduate,
24,22,,FALSE,Male,,Graduate,
24,28,,FALSE,Female,,Graduate,
23,42,,FALSE,Male,,Graduate,
23,55,,FALSE,Female,,Graduate,
24,57,,FALSE,Male,,Graduate,
24,62,,FALSE,Male,,Graduate,
24,28,,FALSE,Female,,Graduate,
23,32,,FALSE,Male,,Graduate,
24,27,,FALSE,Male,,Graduate,
24,54,,FALSE,Female,,Graduate,
24,67,,FALSE,Female,,Graduate,
24,70,,FALSE,Female,,Graduate,
24,76,,FALSE,Female,,Graduate,
24,75,,FALSE,Female,,Graduate,
24,50,,FALSE,Female,,Graduate,
24,57,,FALSE,Female,,Graduate,
22,42,,FALSE,Male,,Graduate,
22,51,,FALSE,Female,,Graduate,
24,41,,FALSE,Female,,Graduate,
24,41,,FALSE,Female,,Graduate,
25,43,,FALSE,Female,,Graduate,
25,77,,FALSE,Male,,Graduate,
24,53,,FALSE,Female,,Graduate,
25,48,,FALSE,Male,,Graduate,
24,78,,FALSE,Male,,Graduate,
24,89,,FALSE,Male,,Graduate,
24,23,,FALSE,Female,,Graduate,
24,25,,FALSE,Female,,Graduate,
24,51,,FALSE,Male,,Graduate,
24,54,,FALSE,Male,,Graduate,
24,73,,FALSE,Female,,Graduate,
24,63,,FALSE,Female,,Graduate,
23,42,,FALSE,Male,,Graduate,
23,36,,FALSE,Male,,Graduate,
23,58,,FALSE,Male,,Graduate,
23,58,,FALSE,Male,,Graduate,
24,19,,FALSE,Male,,Graduate,
24,22,,FALSE,Male,,Graduate,
24,76,,FALSE,Male,,Graduate,
24,73,,FALSE,Male,,Graduate,
24,56,,FALSE,Male,,Graduate,
24,55,,FALSE,Male,,Graduate,
24,69,,FALSE,Female,,Graduate,
27,70,,FALSE,Female,,Graduate,
24,80,,FALSE,Male,,Graduate,
24,81,,FALSE,Male,,Graduate,
24,80,,FALSE,Female,,Graduate,
24,79,,FALSE,Female,,Graduate,
24,56,,FALSE,Female,,Graduate,
24,42,,FALSE,Male,,Graduate,
24,44,,FALSE,Female,,Graduate,
24,58,,FALSE,Female,,Graduate,
24,10,,FALSE,Male,,Graduate,
24,31,,FALSE,Female,,Graduate,
23,40,,FALSE,Male,,Graduate,
23,47,,FALSE,Female,,Graduate,
23,16,,FALSE,Male,,Graduate,
23,19,,FALSE,Male,,Graduate,
24,6,,FALSE,Female,,Graduate,
24,7,,FALSE,Female,,Graduate,
23,12,,FALSE,Male,,Graduate,
23,12,,FALSE,Female,,Graduate,
24,63,,FALSE,Male,,Graduate,
24,61,,FALSE,Male,,Graduate,
24,2,,FALSE,Male,,Graduate,
25,0,,FALSE,Male,,Graduate,
24,68,,FALSE,Female,,Graduate,
24,62,,FALSE,Male,,Graduate,
24,56,,FALSE,Male,,Graduate,
24,66,,FALSE,Female,,Graduate,
31,100,,FALSE,Female,,Graduate,
31,99,,FALSE,Female,,Graduate,
24,56,,FALSE,Female,,Graduate,
24,65,,FALSE,Male,,Graduate,
24,41,,FALSE,Female,,Graduate,
24,39,,FALSE,Female,,Graduate,
24,15,,FALSE,Female,,Graduate,
24,14,,FALSE,Female,,Graduate,
23,33,,FALSE,Female,,Graduate,
23,32,,FALSE,Female,,Graduate,
24,66,,FALSE,Female,,Graduate,
24,66,,FALSE,Male,,Graduate,
23,63,,FALSE,Female,,Graduate,
23,69,,FALSE,Female,,Graduate,
24,35,,FALSE,Female,,Graduate,
24,22,,FALSE,Male,,Graduate,
24,53,,FALSE,Female,,Graduate,
24,60,,FALSE,Male,,Graduate,
24,59,,FALSE,Female,,Graduate,
24,39,,FALSE,Female,,Graduate,
24,72,,FALSE,Female,,Graduate,
24,70,,FALSE,Female,,Graduate,
22,29,,FALSE,Female,,Graduate,
22,18,,FALSE,Male,,Graduate,
24,87,,FALSE,Male,,Graduate,
24,88,,FALSE,Female,,Graduate,
24,17,,FALSE,Male,,Graduate,
25,17,,FALSE,Male,,Graduate,
24,80,,FALSE,Male,,Graduate,
24,76,,FALSE,Male,,Graduate,
24,13,,FALSE,Male,,Graduate,
24,12,,FALSE,Female,,Graduate,
23,74,,FALSE,Male,,Graduate,
23,74,,FALSE,Male,,Graduate,
24,72,,FALSE,Female,,Graduate,
24,66,,FALSE,Male,,Graduate,
24,35,,FALSE,Male,,Graduate,
24,39,,FALSE,Male,,Graduate,
24,68,,FALSE,Male,,Graduate,
24,70,,FALSE,Male,,Graduate,
26,8,,FALSE,Female,,Graduate,
24,18,,FALSE,Male,,Graduate,
25,57,,FALSE,Male,,Graduate,
24,58,,FALSE,Female,,Graduate,
31,87,,FALSE,Female,,Graduate,
31,93,,FALSE,Male,,Graduate,
24,56,,FALSE,Female,,Graduate,
24,58,,FALSE,Female,,Graduate,
24,46,,FALSE,Female,,Graduate,
24,28,,FALSE,Male,,Graduate,
23,45,,FALSE,Female,,Graduate,
23,47,,FALSE,Female,,Graduate,
24,34,,FALSE,Male,,Graduate,
24,22,,FALSE,Female,,Graduate,
24,54,,FALSE,Male,,Graduate,
24,66,,FALSE,Male,,Graduate,
24,50,,FALSE,Male,,Graduate,
24,79,,FALSE,Female,,Graduate,
24,56,,FALSE,Female,,Graduate,
23,47,,FALSE,Female,,Graduate,
23,60,,FALSE,Male,,Graduate,
24,64,,FALSE,Female,,Graduate,
27,37,,FALSE,Male,,Graduate,
25,54,,FALSE,Female,,Graduate,
23,63,,FALSE,Male,,Graduate,
24,66,,FALSE,Male,,Graduate,
24,61,,FALSE,Male,,Graduate,
24,60,,FALSE,Female,,Graduate,
24,82,,FALSE,Male,,Graduate,
24,76,,FALSE,Male,,Graduate,
23,56,,FALSE,Female,,Graduate,
24,58,,FALSE,Male,,Graduate,
26,58,,FALSE,Male,,Graduate,
26,70,,FALSE,Female,,Graduate,
23,69,,FALSE,Male,,Graduate,
23,64,,FALSE,Female,,Graduate,
24,28,,FALSE,Female,,Graduate,
24,28,,FALSE,Female,,Graduate,
23,68,,FALSE,Male,,Graduate,
23,69,,FALSE,Male,,Graduate,
27,0,,FALSE,Male,,Graduate,
27,85,,FALSE,Female,,Graduate,
24,68,,FALSE,Male,,Graduate,
24,68,,FALSE,Male,,Graduate,
25,53,,FALSE,Male,,Graduate,
25,53,,FALSE,Male,,Graduate,
24,100,,FALSE,Male,,Graduate,
24,100,,FALSE,Female,,Graduate,
25,34,,FALSE,Male,,Graduate,
24,62,,FALSE,Male,,Graduate,
24,61,,FALSE,Male,,Graduate,
24,55,,FALSE,Male,,Graduate,
24,72,,FALSE,Male,,Graduate,
24,71,,FALSE,Female,,Graduate,
24,63,,FALSE,Female,,Graduate,
24,70,,FALSE,Female,,Graduate,
24,35,,FALSE,Female,,Graduate,
24,35,,FALSE,Female,,Graduate,
27,63,,FALSE,Male,,Graduate,
27,63,,FALSE,Male,,Graduate,
24,89,,FALSE,Female,,Graduate,
24,70,,FALSE,Male,,Graduate,
24,60,,FALSE,Male,,Graduate,
24,53,,FALSE,Male,,Graduate,
24,34,,FALSE,Male,,Graduate,
24,23,,FALSE,Male,,Graduate,
26,69,,FALSE,Female,,Graduate,
24,57,,FALSE,Female,,Graduate,
25,64,,FALSE,Female,,Graduate,
25,71,,FALSE,Female,,Graduate,
23,61,,FALSE,Female,,Graduate,
23,72,,FALSE,Female,,Graduate,
23,11,,FALSE,Male,,Graduate,
23,43,,FALSE,Female,,Graduate,
24,74,,FALSE,Female,,Graduate,
25,84,,FALSE,Male,,Graduate,
24,69,,FALSE,Female,,Graduate,
24,67,,FALSE,Female,,Graduate,
23,61,,FALSE,Female,,Graduate,
23,61,,FALSE,Female,,Graduate,
24,44,,FALSE,Male,,Graduate,
24,43,,FALSE,Male,,Graduate,
23,15,,FALSE,Female,,Graduate,
23,17,,FALSE,Female,,Graduate,
24,42,,FALSE,Male,,Graduate,
24,44,,FALSE,Male,,Graduate,
22,67,,FALSE,Male,,Graduate,
22,68,,FALSE,Female,,Graduate,
24,69,,FALSE,Female,,Graduate,
24,70,,FALSE,Female,,Graduate,
24,22,,FALSE,Male,,Graduate,
24,21,,FALSE,Male,,Graduate,
24,51,,FALSE,Female,,Graduate,
24,41,,FALSE,Male,,Graduate,
24,9,,FALSE,Male,,Graduate,
25,19,,FALSE,Male,,Graduate,
24,43,,FALSE,Female,,Graduate,
24,40,,FALSE,Female,,Graduate,
23,10,,FALSE,Female,,Graduate,
23,11,,FALSE,Female,,Graduate,
23,76,,FALSE,Male,,Graduate,
23,76,,FALSE,Male,,Graduate,
23,46,,FALSE,Female,,Graduate,
24,47,,FALSE,Female,,Graduate,
27,34,,FALSE,Male,,Graduate,
27,10,,FALSE,Male,,Graduate,
24,71,,FALSE,Female,,Graduate,
24,69,,FALSE,Female,,Graduate,
24,33,,FALSE,Female,,Graduate,
24,38,,FALSE,Female,,Graduate,
23,46,,FALSE,Female,,Graduate,
23,48,,FALSE,Female,,Graduate,
23,16,,FALSE,Male,,Graduate,
23,21,,FALSE,Female,,Graduate,
23,95,,FALSE,Female,,Graduate,
24,96,,FALSE,Male,,Graduate,
25,87,,FALSE,Female,,Graduate,
25,90,,FALSE,Female,,Graduate,
23,54,,FALSE,Female,,Graduate,
23,57,,FALSE,Female,,Graduate,
24,40,,FALSE,Male,,Graduate,
24,58,,FALSE,Female,,Graduate,
23,37,,FALSE,Male,,Graduate,
23,30,,FALSE,Male,,Graduate,
23,77,,FALSE,Female,,Graduate,
23,77,,FALSE,Female,,Graduate,
24,88,,FALSE,Female,,Graduate,
24,80,,FALSE,Female,,Graduate,
24,87,,FALSE,Male,,Graduate,
23,91,,FALSE,Male,,Graduate,
25,97,,FALSE,Female,,Graduate,
25,91,,FALSE,Female,,Graduate,
24,30,,FALSE,Male,,Graduate,
24,43,,FALSE,Male,,Graduate,
24,100,,FALSE,Male,,Graduate,
24,100,,FALSE,Female,,Graduate,
24,33,,FALSE,Female,,Graduate,
24,24,,FALSE,Male,,Graduate,
23,89,,FALSE,Female,,Graduate,
23,85,,FALSE,Female,,Graduate,
24,26,,FALSE,Male,,Graduate,
24,17,,FALSE,Female,,Graduate,
24,83,,FALSE,Female,,Graduate,
24,84,,FALSE,Female,,Graduate,
24,42,,FALSE,Male,,Graduate,
24,44,,FALSE,Male,,Graduate,
24,23,,FALSE,Male,,Graduate,
24,22,,FALSE,Male,,Graduate,
23,44,,FALSE,Male,,Graduate,
23,36,,FALSE,Male,,Graduate,
23,19,,FALSE,Male,,Graduate,
23,19,,FALSE,Female,,Graduate,
23,20,,FALSE,Male,,Graduate,
23,43,,FALSE,Male,,Graduate,
25,64,,FALSE,Female,,Graduate,
25,72,,FALSE,Female,,Graduate,
23,49,,FALSE,Female,,Graduate,
23,54,,FALSE,Female,,Graduate,
24,44,,FALSE,Female,,Graduate,
24,40,,FALSE,Female,,Graduate,
29,91,,FALSE,Female,,Graduate,
29,92,,FALSE,Male,,Graduate,
25,43,,FALSE,Female,,Graduate,
25,42,,FALSE,Female,,Graduate,
24,68,,FALSE,Female,,Graduate,
24,69,,FALSE,Female,,Graduate,
24,26,,FALSE,Female,,Graduate,
23,13,,FALSE,Male,,Graduate,
24,79,,FALSE,Female,,Graduate,
24,65,,FALSE,Female,,Graduate,
24,24,,FALSE,Male,,Graduate,
24,22,,FALSE,Male,,Graduate,
24,67,,FALSE,Female,,Graduate,
23,50,,FALSE,Female,,Graduate,
24,57,,FALSE,Female,,Graduate,
24,64,,FALSE,Female,,Graduate,
23,9,,FALSE,Male,,Graduate,
23,7,,FALSE,Female,,Graduate,
23,70,,FALSE,Male,,Graduate,
23,85,,FALSE,Female,,Graduate,
24,30,,FALSE,Female,,Graduate,
24,22,,FALSE,Female,,Graduate,
23,70,,FALSE,Female,,Graduate,
23,33,,FALSE,Female,,Graduate,
24,33,,FALSE,Male,,Graduate,
24,41,,FALSE,Male,,Graduate,
24,39,,FALSE,Female,,Graduate,
24,48,,FALSE,Female,,Graduate,
25,32,,FALSE,Male,,Graduate,
25,32,,FALSE,Male,,Graduate,
24,44,,FALSE,Male,,Graduate,
24,45,,FALSE,Male,,Graduate,
24,30,,FALSE,Male,,Graduate,
24,22,,FALSE,Male,,Graduate,
24,60,,FALSE,Male,,Graduate,
24,49,,FALSE,Female,,Graduate,
25,62,,FALSE,Male,,Graduate,
25,62,,FALSE,Male,,Graduate,
23,11,,FALSE,Female,,Graduate,
23,28,,FALSE,Female,,Graduate,
24,100,,FALSE,Male,,Graduate,
24,97,,FALSE,Male,,Graduate,
23,58,,FALSE,Female,,Graduate,
23,62,,FALSE,Female,,Graduate,
24,21,,FALSE,Female,,Graduate,
24,20,,FALSE,Female,,Graduate,
24,50,,FALSE,Female,,Graduate,
24,64,,FALSE,Female,,Graduate,
25,30,,FALSE,Female,,Graduate,
25,23,,FALSE,Female,,Graduate,
24,65,,FALSE,Male,,Graduate,
24,61,,FALSE,Male,,Graduate,
23,78,,FALSE,Female,,Graduate,
23,65,,FALSE,Female,,Graduate,
24,44,,FALSE,Female,,Graduate,
24,28,,FALSE,Male,,Graduate,
24,40,,FALSE,Female,,Graduate,
24,40,,FALSE,Female,,Graduate,
24,13,,FALSE,Male,,Graduate,
24,64,,FALSE,Female,,Graduate,
24,17,,FALSE,Female,,Graduate,
24,18,,FALSE,Female,,Graduate,
24,42,,FALSE,Male,,Graduate,
24,39,,FALSE,Male,,Graduate,
24,49,,FALSE,Female,,Graduate,
23,41,,FALSE,Male,,Graduate,
27,32,,FALSE,Male,,Graduate,
27,52,,FALSE,Male,,Graduate,
23,44,,FALSE,Male,,Graduate,
23,23,,FALSE,Male,,Graduate,
22,55,,FALSE,Male,,Graduate,
22,28,,FALSE,Female,,Graduate,
27,78,,FALSE,Male,,Graduate,
27,51,,FALSE,Male,,Graduate,
24,14,,FALSE,Male,,Graduate,
24,18,,FALSE,Female,,Graduate,
24,28,,FALSE,Female,,Graduate,
24,30,,FALSE,Female,,Graduate,
24,47,,FALSE,Female,,Graduate,
24,36,,FALSE,Male,,Graduate,
23,36,,FALSE,Male,,Graduate,
23,38,,FALSE,Male,,Graduate,
24,44,,FALSE,Male,,Graduate,
24,48,,FALSE,Male,,Graduate,
24,75,,FALSE,Male,,Graduate,
23,22,,FALSE,Female,,Graduate,
24,95,,FALSE,Female,,Graduate,
24,99,,FALSE,Female,,Graduate,
24,18,,FALSE,Male,,Graduate,
24,18,,FALSE,Female,,Graduate,
24,27,,FALSE,Male,,Graduate,
24,37,,FALSE,Female,,Graduate,
24,59,,FALSE,Male,,Graduate,
24,41,,FALSE,Male,,Graduate,
23,28,,FALSE,Female,,Graduate,
24,24,,FALSE,Male,,Graduate,
24,27,,FALSE,Male,,Graduate,
24,48,,FALSE,Female,,Graduate,
24,49,,FALSE,Female,,Graduate,
24,46,,FALSE,Female,,Graduate,
23,46,,FALSE,Female,,Graduate,
23,54,,FALSE,Male,,Graduate,
24,50,,FALSE,Male,,Graduate,
24,52,,FALSE,Male,,Graduate,
24,64,,FALSE,Male,,Graduate,
24,58,,FALSE,Male,,Graduate,
24,84,,FALSE,Female,,Graduate,
24,75,,FALSE,Female,,Graduate,
24,55,,FALSE,Male,,Graduate,
24,46,,FALSE,Male,,Graduate,
28,40,,FALSE,Female,,Graduate,
29,51,,FALSE,Male,,Graduate,
24,27,,FALSE,Male,,Graduate,
24,27,,FALSE,Male,,Graduate,
24,100,,FALSE,Male,,Graduate,
24,100,,FALSE,Male,,Graduate,
29,93,,FALSE,Female,,Graduate,
29,97,,FALSE,Female,,Graduate,
24,99,,FALSE,Male,,Graduate,
24,99,,FALSE,Female,,Graduate,
24,77,,FALSE,Female,,Graduate,
24,75,,FALSE,Female,,Graduate,
23,69,,FALSE,Male,,Graduate,
24,37,,FALSE,Male,,Graduate,
24,87,,FALSE,Male,,Graduate,
24,88,,FALSE,Female,,Graduate,
24,73,,FALSE,Female,,Graduate,
24,73,,FALSE,Female,,Graduate,
26,69,,FALSE,Female,,Graduate,
26,55,,FALSE,Female,,Graduate,
24,20,,FALSE,Female,,Graduate,
24,35,,FALSE,Male,,Graduate,
24,52,,FALSE,Female,,Graduate,
24,42,,FALSE,Male,,Graduate,
24,67,,FALSE,Female,,Graduate,
25,66,,FALSE,Female,,Graduate,
24,29,,FALSE,Female,,Graduate,
25,43,,FALSE,Female,,Graduate,
24,49,,FALSE,Female,,Graduate,
24,46,,FALSE,Male,,Graduate,
24,62,,FALSE,Male,,Graduate,
24,35,,FALSE,Male,,Graduate,
25,54,,FALSE,Male,,Graduate,
25,52,,FALSE,Male,,Graduate,
24,94,,FALSE,Male,,Graduate,
24,94,,FALSE,Male,,Graduate,
23,22,,FALSE,Male,,Graduate,
23,19,,FALSE,Female,,Graduate,
24,82,,FALSE,Female,,Graduate,
25,92,,FALSE,Female,,Graduate,
24,91,,FALSE,Male,,Graduate,
24,85,,FALSE,Male,,Graduate,
24,17,,FALSE,Male,,Graduate,
24,16,,FALSE,Male,,Graduate,
23,55,,FALSE,Female,,Graduate,
23,49,,FALSE,Male,,Graduate,
24,44,,FALSE,Female,,Graduate,
24,27,,FALSE,Male,,Graduate,
24,68,,FALSE,Female,,Graduate,
23,78,,FALSE,Male,,Graduate,
24,58,,FALSE,Female,,Graduate,
24,57,,FALSE,Female,,Graduate,
23,44,,FALSE,Male,,Graduate,
23,36,,FALSE,Female,,Graduate,
24,48,,FALSE,Female,,Graduate,
24,50,,FALSE,Female,,Graduate,
24,73,,FALSE,Female,,Graduate,
24,62,,FALSE,Female,,Graduate,
24,65,,FALSE,Male,,Graduate,
24,70,,FALSE,Female,,Graduate,
24,48,,FALSE,Female,,Graduate,
24,37,,FALSE,Female,,Graduate,
24,39,,FALSE,Female,,Graduate,
24,37,,FALSE,Female,,Graduate,
24,15,,FALSE,Male,,Graduate,
24,71,,FALSE,Female,,Graduate,
25,75,,FALSE,Female,,Graduate,
25,75,,FALSE,Female,,Graduate,
24,36,,FALSE,Male,,Graduate,
24,38,,FALSE,Male,,Graduate,
24,61,,FALSE,Female,,Graduate,
24,61,,FALSE,Female,,Graduate,
24,49,,FALSE,Female,,Graduate,
24,63,,FALSE,Female,,Graduate,
23,52,,FALSE,Male,,Graduate,
23,59,,FALSE,Male,,Graduate,
25,6,,FALSE,Male,,Graduate,
26,37,,FALSE,Male,,Graduate,
23,78,,FALSE,Male,,Graduate,
23,66,,FALSE,Female,,Graduate,
23,65,,FALSE,Male,,None,
23,59,,FALSE,Male,,None,
24,24,,FALSE,Male,,None,
24,23,,FALSE,Male,,None,
23,99,,FALSE,Female,,None,
23,98,,FALSE,Female,,None,
24,63,,FALSE,Male,,None,
24,48,,FALSE,Male,,None,
24,19,,FALSE,Male,,None,
24,17,,FALSE,Male,,None,
23,77,,FALSE,Female,,None,
23,74,,FALSE,Female,,None,
23,39,,FALSE,Female,,None,
23,25,,FALSE,Male,,None,
24,22,,FALSE,Male,,None,
24,19,,FALSE,Male,,None,
24,68,,FALSE,Female,,None,
24,67,,FALSE,Female,,None,
24,26,,FALSE,Female,,None,
24,32,,FALSE,Male,,None,
24,23,,FALSE,Male,,None,
24,23,,FALSE,Male,,None,
22,46,,FALSE,Male,,None,
25,74,,FALSE,Female,,None,
24,38,,FALSE,Female,,None,
24,61,,FALSE,Male,,None,
24,20,,FALSE,Male,,None,
24,21,,FALSE,Male,,None,
24,6,,FALSE,Male,,None,
24,18,,FALSE,Male,,None,
23,15,,FALSE,Male,,None,
23,15,,FALSE,Male,,None,
24,40,,FALSE,Male,,None,
24,41,,FALSE,Male,,None,
23,16,,FALSE,Female,,None,
23,14,,FALSE,Female,,None,
23,37,,FALSE,Female,,None,
23,35,,FALSE,Female,,None,
24,4,,FALSE,Male,,None,
24,3,,FALSE,Male,,None,
24,62,,FALSE,Male,,None,
24,61,,FALSE,Male,,None,
24,21,,FALSE,Male,,None,
24,30,,FALSE,Female,,None,
24,18,,FALSE,Female,,None,
24,10,,FALSE,Female,,None,
23,17,,FALSE,Female,,None,
23,31,,FALSE,Male,,None,
24,100,,FALSE,Female,,None,
24,100,,FALSE,Female,,None,
26,59,,FALSE,Female,,None,
29,69,,FALSE,Female,,None,
24,48,,FALSE,Female,,None,
24,45,,FALSE,Male,,None,
30,95,,FALSE,Female,,None,
30,98,,FALSE,Male,,None,
23,1,,FALSE,Male,,None,
23,2,,FALSE,Male,,None,
23,68,,FALSE,Male,,None,
23,50,,FALSE,Female,,None,
23,88,,FALSE,Male,,None,
29,74,,FALSE,Female,,None,
24,25,,FALSE,Male,,None,
26,1,,FALSE,Female,,None,
24,37,,FALSE,Female,,None,
26,67,,FALSE,Female,,None,
31,79,,FALSE,Female,,None,
31,77,,FALSE,Male,,None,
27,67,,FALSE,Male,,None,
27,63,,FALSE,Male,,None,
23,38,,FALSE,Male,,None,
23,39,,FALSE,Male,,None,
24,88,,FALSE,Male,,None,
24,98,,FALSE,Male,,None,
24,100,,FALSE,Female,,None,
24,100,,FALSE,Female,,None,
24,41,,FALSE,Female,,None,
24,40,,FALSE,Female,,None,
25,26,,FALSE,Female,,None,
25,33,,FALSE,Female,,None,
23,22,,FALSE,Male,,None,
23,22,,FALSE,Male,,None,
24,44,,FALSE,Female,,None,
24,28,,FALSE,Male,,None,
24,18,,FALSE,Male,,None,
24,15,,FALSE,Male,,None,
28,34,,FALSE,Female,,None,
28,47,,FALSE,Male,,None,
23,32,,FALSE,Male,,None,
26,9,,FALSE,Female,,None,
23,5,,FALSE,Female,,None,
23,6,,FALSE,Female,,None,
24,20,,FALSE,Male,,None,
24,19,,FALSE,Male,,None,
23,28,,FALSE,Male,,None,
23,28,,FALSE,Female,,None,
24,77,,FALSE,Male,,None,
23,93,,FALSE,Female,,None,
23,13,,FALSE,Female,,None,
23,11,,FALSE,Female,,None,
23,12,,FALSE,Male,,None,
23,17,,FALSE,Female,,None,
23,26,,FALSE,Male,,None,
23,23,,FALSE,Male,,None,
29,70,,FALSE,Female,,None,
29,70,,FALSE,Female,,None,
25,10,,FALSE,Male,,None,
25,12,,FALSE,Male,,None,
23,29,,FALSE,Female,,None,
23,24,,FALSE,Female,,None,
25,23,,FALSE,Female,,None,
24,25,,FALSE,Female,,None,
23,85,,FALSE,Male,,None,
23,87,,FALSE,Male,,None,
23,34,,FALSE,Male,,None,
23,86,,FALSE,Female,,None,
24,62,,FALSE,Female,,None,
24,63,,FALSE,Female,,None,
24,17,,FALSE,Male,,None,
24,22,,FALSE,Male,,None,
24,43,,FALSE,Male,,None,
24,45,,FALSE,Female,,None,
33,72,,FALSE,Female,,None,
33,77,,FALSE,Female,,None,
22,83,,FALSE,Male,,None,
22,83,,FALSE,Male,,None,
23,7,,FALSE,Male,,None,
23,6,,FALSE,Male,,None,
23,32,,FALSE,Male,,None,
23,32,,FALSE,Male,,None,
22,83,,FALSE,Female,,None,
22,88,,FALSE,Female,,None,
22,62,,FALSE,Male,,None,
22,68,,FALSE,Male,,None,
23,77,,FALSE,Female,,None,
23,69,,FALSE,Male,,None,
23,72,,FALSE,Female,,None,
24,70,,FALSE,Male,,None,
24,38,,FALSE,Female,,None,
24,35,,FALSE,Female,,None,
23,22,,FALSE,Female,,None,
23,16,,FALSE,Male,,None,
23,35,,FALSE,Male,,None,
23,35,,FALSE,Male,,None,
23,7,,FALSE,Male,,None,
23,7,,FALSE,Male,,None,
23,52,,FALSE,Female,,None,
23,51,,FALSE,Female,,None,
23,47,,FALSE,Male,,None,
23,31,,FALSE,Female,,None,
24,59,,FALSE,Male,,None,
24,98,,FALSE,Female,,None,
24,76,,FALSE,Female,,None,
24,94,,FALSE,Male,,None,
23,10,,FALSE,Male,,None,
23,9,,FALSE,Male,,None,
28,45,,FALSE,Female,,None,
28,47,,FALSE,Female,,None,
25,27,,FALSE,Male,,None,
24,25,,FALSE,Male,,None,
23,25,,FALSE,Female,,None,
23,25,,FALSE,Female,,None,
24,35,,FALSE,Female,,None,
24,28,,FALSE,Male,,None,
24,30,,FALSE,Male,,None,
24,25,,FALSE,Male,,None,
24,100,,FALSE,Female,,None,
24,100,,FALSE,Female,,None,
24,78,,FALSE,Female,,None,
24,75,,FALSE,Female,,None,
26,45,,FALSE,Female,,None,
26,48,,FALSE,Female,,None,
23,91,,FALSE,Male,,None,
23,81,,FALSE,Male,,None,
24,88,,FALSE,Female,,None,
24,84,,FALSE,Female,,None,
23,31,,FALSE,Male,,None,
23,28,,FALSE,Female,,None,
24,8,,FALSE,Male,,None,
24,11,,FALSE,Female,,None,
24,15,,FALSE,Male,,None,
24,16,,FALSE,Male,,None,
23,15,,FALSE,Male,,None,
23,53,,FALSE,Male,,None,
23,66,,FALSE,Female,,None,
23,57,,FALSE,Male,,None,
24,44,,FALSE,Female,,None,
24,35,,FALSE,Female,,None,
24,69,,FALSE,Male,,None,
24,63,,FALSE,Female,,None,
24,22,,FALSE,Male,,None,
24,23,,FALSE,Male,,None,
28,62,,FALSE,Female,,None,
28,69,,FALSE,Female,,None,
24,100,,FALSE,Female,,None,
24,100,,FALSE,Male,,None,
23,45,,FALSE,Male,,None,
23,48,,FALSE,Female,,None,
23,22,,FALSE,Female,,None,
23,35,,FALSE,Female,,None,
23,11,,FALSE,Male,,None,
23,13,,FALSE,Male,,None,
24,57,,FALSE,Male,,None,
24,45,,FALSE,Male,,None,
24,71,,FALSE,Female,,None,
24,70,,FALSE,Male,,None,
24,8,,FALSE,Male,,None,
24,5,,FALSE,Male,,None,
24,21,,FALSE,Male,,None,
24,26,,FALSE,Female,,None,
24,30,,FALSE,Male,,None,
24,44,,FALSE,Male,,None,
24,7,,FALSE,Female,,None,
24,6,,FALSE,Female,,None,
23,17,,FALSE,Male,,None,
23,18,,FALSE,Male,,None,
23,100,,FALSE,Female,,None,
23,99,,FALSE,Female,,None,
23,20,,FALSE,Male,,None,
24,31,,FALSE,Female,,None,
23,33,,FALSE,Male,,None,
23,34,,FALSE,Female,,None,
24,12,,FALSE,Male,,None,
24,15,,FALSE,Male,,None,
23,40,,FALSE,Female,,None,
23,41,,FALSE,Female,,None,
23,26,,FALSE,Male,,None,
23,25,,FALSE,Female,,None,
24,51,,FALSE,Female,,None,
24,51,,FALSE,Female,,None,
23,68,,FALSE,Female,,None,
23,60,,FALSE,Female,,None,
24,63,,FALSE,Female,,None,
24,41,,FALSE,Female,,None,
24,48,,FALSE,Male,,None,
24,37,,FALSE,Female,,None,
24,54,,FALSE,Female,,None,
24,100,,FALSE,Female,,None,
23,87,,FALSE,Female,,None,
23,78,,FALSE,Female,,None,
24,25,,FALSE,Female,,None,
24,13,,FALSE,Male,,None,
23,20,,FALSE,Female,,None,
23,21,,FALSE,Female,,None,
24,44,,FALSE,Female,,None,
24,44,,FALSE,Female,,None,
24,52,,FALSE,Male,,None,
24,65,,FALSE,Male,,None,
23,21,,FALSE,Male,,None,
23,16,,FALSE,Male,,None,
24,0,,FALSE,Female,,None,
23,0,,FALSE,Female,,None,
25,97,,FALSE,Female,,None,
25,83,,FALSE,Female,,None,
22,22,,FALSE,Male,,None,
23,24,,FALSE,Female,,None,
24,31,,FALSE,Female,,None,
24,35,,FALSE,Female,,None,
23,10,,FALSE,Male,,None,
25,29,,FALSE,Female,,None,
23,13,,FALSE,Female,,None,
23,16,,FALSE,Female,,None,
23,39,,FALSE,Male,,None,
20,19,,FALSE,Male,,None,
23,60,,FALSE,Female,,None,
23,81,,FALSE,Male,,None,
23,13,,FALSE,Male,,None,
22,11,,FALSE,Female,,None,
24,53,,FALSE,Male,,None,
24,58,,FALSE,Male,,None,
24,44,,FALSE,Male,,None,
24,40,,FALSE,Female,,None,
24,87,,FALSE,Male,,None,
24,61,,FALSE,Male,,None,
23,20,,FALSE,Female,,None,
23,24,,FALSE,Male,,None,
24,48,,FALSE,Male,,None,
24,44,,FALSE,Male,,None,
24,24,,FALSE,Male,,None,
24,31,,FALSE,Male,,None,
27,98,,FALSE,Female,,None,
27,99,,FALSE,Female,,None,
24,62,,FALSE,Male,,None,
24,50,,FALSE,Male,,None,
24,35,,FALSE,Female,,None,
24,40,,FALSE,Female,,None,
24,44,,FALSE,Male,,None,
24,43,,FALSE,Male,,None,
24,26,,FALSE,Male,,None,
24,72,,FALSE,Male,,None,
23,36,,FALSE,Male,,None,
23,30,,FALSE,Male,,None,
23,26,,FALSE,Female,,None,
23,29,,FALSE,Female,,None,
23,94,,FALSE,Female,,None,
23,96,,FALSE,Female,,None,
24,31,,FALSE,Male,,None,
24,30,,FALSE,Male,,None,
24,67,,FALSE,Female,,None,
24,56,,FALSE,Female,,None,
24,97,,FALSE,Male,,None,
24,90,,FALSE,Male,,None,
23,25,,FALSE,Female,,None,
23,19,,FALSE,Male,,None,
24,79,,FALSE,Female,,None,
24,78,,FALSE,Female,,None,
24,13,,FALSE,Male,,None,
24,19,,FALSE,Female,,None,
24,86,,FALSE,Female,,None,
24,46,,FALSE,Male,,None,
24,94,,FALSE,Female,,None,
24,44,,FALSE,Male,,None,
24,29,,FALSE,Female,,None,
24,29,,FALSE,Female,,None,
24,55,,FALSE,Male,,None,
24,54,,FALSE,Male,,None,
24,100,,FALSE,Female,,None,
24,100,,FALSE,Female,,None,
24,93,,FALSE,Male,,None,
24,94,,FALSE,Male,,None,
23,22,,FALSE,Female,,None,
23,22,,FALSE,Female,,None,
25,25,,FALSE,Male,,None,
24,25,,FALSE,Male,,None,
24,12,,FALSE,Male,,None,
24,8,,FALSE,Male,,None,
25,25,,FALSE,Male,,None,
25,28,,FALSE,Male,,None,
24,48,,FALSE,Male,,None,
24,52,,FALSE,Male,,None,
24,8,,FALSE,Male,,None,
24,9,,FALSE,Female,,None,
24,17,,FALSE,Female,,None,
24,18,,FALSE,Female,,None,
25,13,,FALSE,Female,,None,
25,0,,FALSE,Female,,None,
31,100,,FALSE,Male,,None,
23,29,,FALSE,Male,,None,
23,35,,FALSE,Male,,None,
22,56,,FALSE,Female,,None,
22,58,,FALSE,Female,,None,
24,100,,FALSE,Male,,None,
24,98,,FALSE,Female,,None,
22,38,,FALSE,Female,,None,
22,43,,FALSE,Male,,None,
22,41,,FALSE,Male,,None,
22,50,,FALSE,Male,,None,
23,51,,FALSE,Male,,None,
23,52,,FALSE,Male,,None,
25,16,,FALSE,Male,,None,
25,14,,FALSE,Male,,None,
24,64,,FALSE,Female,,None,
24,50,,FALSE,Female,,None,
24,43,,FALSE,Female,,None,
24,49,,FALSE,Male,,None,
24,70,,FALSE,Female,,None,
24,73,,FALSE,Female,,None,
27,12,,FALSE,Male,,None,
27,12,,FALSE,Male,,None,
29,53,,FALSE,Male,,None,
29,53,,FALSE,Male,,None,
23,56,,FALSE,Female,,None,
23,17,,FALSE,Female,,None,
24,19,,FALSE,Male,,None,
25,20,,FALSE,Male,,None,
24,96,,FALSE,Male,,None,
25,100,,FALSE,Male,,None,
24,38,,FALSE,Female,,None,
24,37,,FALSE,Female,,None,
26,76,,FALSE,Female,,None,
26,85,,FALSE,Female,,None,
24,44,,FALSE,Female,,None,
24,56,,FALSE,Female,,None,
23,55,,FALSE,Female,,None,
23,54,,FALSE,Female,,None,
25,51,,FALSE,Female,,None,
25,51,,FALSE,Male,,None,
24,44,,FALSE,Male,,None,
24,45,,FALSE,Male,,None,
23,5,,FALSE,Male,,None,
23,13,,FALSE,Female,,None,
24,52,,FALSE,Female,,None,
24,53,,FALSE,Female,,None,
24,51,,FALSE,Female,,None,
24,36,,FALSE,Male,,None,
24,12,,FALSE,Male,,None,
24,8,,FALSE,Female,,None,
22,6,,FALSE,Male,,None,
22,6,,FALSE,Male,,None,
23,50,,FALSE,Male,,None,
23,45,,FALSE,Male,,None,
23,23,,FALSE,Male,,None,
23,16,,FALSE,Female,,None,
23,25,,FALSE,Female,,None,
23,25,,FALSE,Female,,None,
23,99,,FALSE,Male,,None,
23,99,,FALSE,Male,,None,
23,56,,FALSE,Female,,None,
23,23,,FALSE,Male,,None,
23,19,,FALSE,Male,,None,
23,19,,FALSE,Female,,None,
23,41,,FALSE,Female,,None,
23,38,,FALSE,Female,,None,
23,29,,FALSE,Male,,None,
23,28,,FALSE,Male,,None,
27,80,,FALSE,Female,,None,
24,59,,FALSE,Male,,None,
23,13,,FALSE,Male,,None,
23,16,,FALSE,Female,,None,
23,74,,FALSE,Female,,None,
24,66,,FALSE,Female,,None,
24,8,,FALSE,Male,,None,
24,8,,FALSE,Male,,None,
24,8,,FALSE,Male,,None,
24,7,,FALSE,Male,,None,
24,74,,FALSE,Female,,None,
24,74,,FALSE,Female,,None,
24,64,,FALSE,Female,,None,
24,89,,FALSE,Female,,None,
24,58,,FALSE,Female,,None,
24,57,,FALSE,Male,,None,
24,7,,FALSE,Female,,None,
24,5,,FALSE,Female,,None,
24,99,,FALSE,Female,,None,
24,99,,FALSE,Female,,None,
23,43,,FALSE,Female,,None,
23,42,,FALSE,Female,,None,
24,38,,FALSE,Female,,None,
25,30,,FALSE,Male,,None,
31,100,,FALSE,Male,,None,
31,99,,FALSE,Female,,None,
23,83,,FALSE,Female,,None,
24,70,,FALSE,Female,,None,
22,21,,FALSE,Female,,None,
23,17,,FALSE,Female,,None,
23,34,,FALSE,Male,,None,
23,40,,FALSE,Female,,None,
24,15,,FALSE,Female,,None,
24,16,,FALSE,Male,,None,
23,44,,FALSE,Female,,None,
23,58,,FALSE,Female,,None,
23,80,,FALSE,Male,,None,
23,81,,FALSE,Female,,None,
31,14,,FALSE,Female,,None,
23,19,,FALSE,Female,,None,
27,46,,FALSE,Female,,None,
27,49,,FALSE,Female,,None,
23,23,,FALSE,Male,,None,
23,13,,FALSE,Female,,None,
23,22,,FALSE,Female,,None,
23,24,,FALSE,Female,,None,
24,51,,FALSE,Male,,None,
24,55,,FALSE,Female,,None,
24,45,,FALSE,Male,,None,
24,45,,FALSE,Female,,None,
24,65,,FALSE,Female,,None,
24,86,,FALSE,Female,,None,
24,74,,FALSE,Female,,None,
24,45,,FALSE,Male,,None,
24,70,,FALSE,Male,,None,
24,60,,FALSE,Male,,None,
22,23,,FALSE,Female,,None,
22,14,,FALSE,Female,,None,
23,6,,FALSE,Male,,None,
23,5,,FALSE,Female,,None,
24,100,,FALSE,Female,,None,
24,71,,FALSE,Male,,None,
24,47,,FALSE,Male,,None,
24,45,,FALSE,Male,,None,
23,27,,FALSE,Female,,None,
23,27,,FALSE,Female,,None,
24,51,,FALSE,Female,,None,
24,42,,FALSE,Male,,None,
23,35,,FALSE,Male,,None,
23,34,,FALSE,Male,,None,
24,43,,FALSE,Female,,None,
24,33,,FALSE,Female,,None,
22,26,,FALSE,Male,,None,
22,19,,FALSE,Male,,None,
23,55,,FALSE,Male,,None,
23,46,,FALSE,Male,,None,
24,100,,FALSE,Female,,None,
24,100,,FALSE,Female,,None,
24,100,,FALSE,Female,,None,
25,100,,FALSE,Female,,None,
24,9,,FALSE,Male,,None,
24,2,,FALSE,Male,,None,
25,10,,FALSE,Male,,None,
25,29,,FALSE,Female,,None,
27,100,,FALSE,Male,,None,
27,100,,FALSE,Male,,None,
25,12,,FALSE,Male,,None,
24,13,,FALSE,Male,,None,
23,84,,FALSE,Male,,None,
23,35,,FALSE,Male,,None,
23,28,,FALSE,Male,,None,
23,58,,FALSE,Female,,None,
24,40,,FALSE,Female,,None,
24,23,,FALSE,Female,,None,
24,90,,FALSE,Male,,None,
24,89,,FALSE,Male,,None,
24,39,,FALSE,Male,,None,
24,40,,FALSE,Male,,None,
24,18,,FALSE,Female,,None,
24,12,,FALSE,Male,,None,
24,24,,FALSE,Female,,None,
24,25,,FALSE,Female,,None,
21,15,,FALSE,Male,,None,
26,15,,FALSE,Male,,None,
24,25,,FALSE,Male,,None,
24,32,,FALSE,Male,,None,
25,8,,FALSE,Female,,None,
24,61,,FALSE,Female,,None,
24,67,,FALSE,Female,,None,
24,66,,FALSE,Female,,None,
24,26,,FALSE,Male,,None,
24,32,,FALSE,Female,,None,
23,41,,FALSE,Male,,None,
23,68,,FALSE,Male,,None,
23,46,,FALSE,Male,,None,
23,26,,FALSE,Male,,None,
23,9,,FALSE,Female,,None,
23,80,,FALSE,Female,,None,
24,9,,FALSE,Female,,None,
24,9,,FALSE,Female,,None,
24,45,,FALSE,Male,,None,
24,31,,FALSE,Male,,None,
23,29,,FALSE,Female,,None,
23,34,,FALSE,Female,,None,
24,37,,FALSE,Female,,None,
24,37,,FALSE,Female,,None,
23,21,,FALSE,Male,,None,
23,18,,FALSE,Male,,None,
24,26,,FALSE,Male,,None,
24,21,,FALSE,Female,,None,
24,50,,FALSE,Male,,None,
24,47,,FALSE,Male,,None,
22,67,,FALSE,Female,,None,
22,69,,FALSE,Male,,None,
25,39,,FALSE,Male,,None,
26,49,,FALSE,Male,,None,
28,39,,FALSE,Male,,None,
28,71,,FALSE,Male,,None,
25,54,,FALSE,Male,,None,
25,58,,FALSE,Female,,None,
24,52,,FALSE,Male,,None,
26,39,,FALSE,Male,,None,
24,79,,FALSE,Female,,None,
24,94,,FALSE,Male,,None,
24,35,,FALSE,Female,,None,
24,13,,FALSE,Male,,None,
23,24,,FALSE,Male,,None,
23,27,,FALSE,Male,,None,
24,100,,FALSE,Female,,None,
24,90,,FALSE,Male,,None,
24,21,,FALSE,Male,,None,
24,21,,FALSE,Male,,None,
24,45,,FALSE,Male,,None,
24,40,,FALSE,Female,,None,
24,24,,FALSE,Male,,None,
24,35,,FALSE,Male,,None,
23,46,,FALSE,Male,,None,
23,47,,FALSE,Male,,None,
24,42,,FALSE,Female,,None,
24,47,,FALSE,Male,,None,
24,15,,FALSE,Male,,None,
24,13,,FALSE,Female,,None,
23,56,,FALSE,Female,,None,
23,53,,FALSE,Male,,None,
24,21,,FALSE,Male,,None,
24,16,,FALSE,Male,,None,
23,45,,FALSE,Male,,None,
23,41,,FALSE,Female,,None,
24,46,,FALSE,Female,,None,
24,46,,FALSE,Female,,None,
24,32,,FALSE,Male,,None,
24,35,,FALSE,Female,,None,
23,36,,FALSE,Male,,None,
23,29,,FALSE,Male,,None,
24,43,,FALSE,Female,,None,
24,40,,FALSE,Female,,None,
23,8,,FALSE,Male,,None,
23,8,,FALSE,Male,,None,
24,69,,FALSE,Female,,None,
24,39,,FALSE,Female,,None,
23,35,,FALSE,Male,,None,
23,73,,FALSE,Female,,None,
29,100,,FALSE,Female,,None,
29,96,,FALSE,Male,,None,
23,21,,FALSE,Female,,None,
24,7,,FALSE,Male,,None,
23,100,,FALSE,Female,,None,
23,64,,FALSE,Male,,None,
24,44,,FALSE,Female,,None,
24,45,,FALSE,Female,,None,
24,44,,FALSE,Male,,None,
24,50,,FALSE,Male,,None,
24,35,,FALSE,Male,,None,
24,39,,FALSE,Female,,None,
23,26,,FALSE,Female,,None,
23,27,,FALSE,Female,,None,
23,21,,FALSE,Female,,None,
23,21,,FALSE,Male,,None,
23,100,,FALSE,Male,,None,
24,100,,FALSE,Male,,None,
23,35,,FALSE,Female,,None,
23,42,,FALSE,Female,,None,
24,36,,FALSE,Female,,None,
24,35,,FALSE,Female,,None,
24,0,,FALSE,Female,,None,
24,0,,FALSE,Female,,None,
24,28,,FALSE,Male,,None,
23,27,,FALSE,Female,,None,
23,68,,FALSE,Male,,None,
23,41,,FALSE,Male,,None,
25,23,,FALSE,Female,,None,
24,25,,FALSE,Female,,None,
22,100,,FALSE,Female,,None,
22,100,,FALSE,Female,,None,
22,49,,FALSE,Female,,None,
22,45,,FALSE,Female,,None,
23,100,,FALSE,Female,,None,
23,100,,FALSE,Female,,None,
24,50,,FALSE,Female,,None,
23,37,,FALSE,Female,,None,
23,19,,FALSE,Female,,None,
23,10,,FALSE,Male,,None,
24,88,,FALSE,Male,,None,
24,98,,FALSE,Male,,None,
24,69,,FALSE,Female,,None,
24,69,,FALSE,Male,,None,
25,21,,FALSE,Female,,None,
25,21,,FALSE,Female,,None,
23,44,,FALSE,Female,,None,
23,40,,FALSE,Female,,None,
24,0,,FALSE,Female,,None,
24,4,,FALSE,Female,,None,
24,100,,FALSE,Female,,None,
24,80,,FALSE,Male,,None,
24,59,,FALSE,Male,,None,
24,46,,FALSE,Male,,None,
23,45,,FALSE,Male,,None,
23,46,,FALSE,Female,,None,
22,18,,FALSE,Male,,None,
22,12,,FALSE,Female,,None,
24,9,,FALSE,Male,,None,
23,9,,FALSE,Male,,None,
22,21,,FALSE,Female,,None,
22,17,,FALSE,Male,,None,
23,3,,FALSE,Male,,None,
23,32,,FALSE,Male,,None,
24,54,,FALSE,Female,,None,
24,56,,FALSE,Female,,None,
24,36,,FALSE,Female,,None,
24,27,,FALSE,Male,,None,
24,55,,FALSE,Female,,None,
24,45,,FALSE,Female,,None,
23,100,,FALSE,Male,,None,
23,100,,FALSE,Male,,None,
26,32,,FALSE,Male,,None,
26,29,,FALSE,Male,,None,
23,42,,FALSE,Male,,None,
23,44,,FALSE,Male,,None,
25,33,,FALSE,Female,,None,
25,34,,FALSE,Female,,None,
28,62,,FALSE,Male,,None,
28,62,,FALSE,Male,,None,
23,20,,FALSE,Male,,None,
23,16,,FALSE,Female,,None,
23,44,,FALSE,Male,,None,
23,42,,FALSE,Male,,None,
24,49,,FALSE,Female,,None,
24,44,,FALSE,Female,,None,
23,26,,FALSE,Male,,None,
23,28,,FALSE,Male,,None,
28,36,,FALSE,Female,,None,
28,37,,FALSE,Male,,None,
24,40,,FALSE,Male,,None,
23,70,,FALSE,Female,,None,
29,0,,FALSE,Male,,None,
29,0,,FALSE,Male,,None,
26,5,,FALSE,Male,,None,
26,14,,FALSE,Male,,None,
23,66,,FALSE,Female,,None,
24,100,,FALSE,Female,,None,
24,28,,FALSE,Male,,None,
24,24,,FALSE,Male,,None,
23,10,,FALSE,Female,,None,
23,10,,FALSE,Female,,None,
24,16,,FALSE,Female,,None,
24,10,,FALSE,Male,,None,
24,56,,FALSE,Female,,None,
24,59,,FALSE,Female,,None,
26,18,,FALSE,Female,,None,
26,18,,FALSE,Female,,None,
23,57,,FALSE,Female,,None,
24,65,,FALSE,Female,,None,
25,25,,FALSE,Male,,None,
25,12,,FALSE,Female,,None,
24,39,,FALSE,Female,,None,
24,36,,FALSE,Female,,None,
24,99,,FALSE,Male,,None,
24,95,,FALSE,Male,,None,
24,23,,FALSE,Male,,None,
24,33,,FALSE,Male,,None,
29,81,,FALSE,Female,,None,
29,79,,FALSE,Female,,None,
24,39,,FALSE,Female,,None,
24,38,,FALSE,Female,,None,
25,17,,FALSE,Female,,None,
34,20,,FALSE,Male,,None,
23,98,,FALSE,Female,,None,
23,96,,FALSE,Female,,None,
23,21,,FALSE,Female,,None,
23,22,,FALSE,Female,,None,
24,99,,FALSE,Male,,None,
24,100,,FALSE,Male,,None,
23,13,,FALSE,Female,,None,
23,18,,FALSE,Female,,None,
24,62,,FALSE,Male,,None,
24,67,,FALSE,Male,,None,
24,88,,FALSE,Female,,None,
23,88,,FALSE,Female,,None,
24,15,,FALSE,Male,,None,
23,15,,FALSE,Male,,None,
25,43,,FALSE,Male,,None,
25,25,,FALSE,Male,,None,
23,6,,FALSE,Male,,None,
23,6,,FALSE,Male,,None,
23,100,,FALSE,Male,,None,
23,100,,FALSE,Female,,None,
24,63,,FALSE,Male,,None,
24,60,,FALSE,Male,,None,
23,39,,FALSE,Female,,None,
22,29,,FALSE,Female,,None,
24,36,,FALSE,Female,,None,
24,34,,FALSE,Female,,None,
23,77,,FALSE,Female,,None,
23,82,,FALSE,Female,,None,
22,39,,FALSE,Male,,None,
22,34,,FALSE,Male,,None,
25,12,,FALSE,Male,,None,
25,45,,FALSE,Female,,None,
23,26,,FALSE,Female,,None,
23,25,,FALSE,Female,,None,
33,100,,FALSE,Male,,None,
33,99,,FALSE,Male,,None,
25,0,,FALSE,Male,,None,
25,0,,FALSE,Male,,None,
24,47,,FALSE,Female,,None,
23,44,,FALSE,Male,,None,
24,65,,FALSE,Male,,None,
23,61,,FALSE,Male,,None,
25,54,,FALSE,Female,,None,
25,54,,FALSE,Female,,None,
22,15,,FALSE,Female,,None,
22,14,,FALSE,Male,,None,
25,45,,FALSE,Male,,None,
24,43,,FALSE,Female,,None,
23,35,,FALSE,Female,,None,
23,37,,FALSE,Male,,None,
24,82,,FALSE,Male,,None,
24,90,,FALSE,Male,,None,
23,69,,FALSE,Female,,None,
23,70,,FALSE,Female,,None,
24,100,,FALSE,Female,,None,
24,99,,FALSE,Male,,None,
23,26,,FALSE,Male,,None,
23,19,,FALSE,Male,,None,
24,51,,FALSE,Male,,None,
24,27,,FALSE,Male,,None,
24,37,,FALSE,Male,,None,
24,0,,FALSE,Male,,None,
24,21,,FALSE,Male,,None,
24,21,,FALSE,Male,,None,
23,33,,FALSE,Male,,None,
23,31,,FALSE,Male,,None,
24,24,,FALSE,Female,,None,
24,26,,FALSE,Female,,None,
25,69,,FALSE,Female,,None,
25,91,,FALSE,Female,,None,
24,99,,FALSE,Male,,None,
24,100,,FALSE,Male,,None,
24,11,,FALSE,Male,,None,
24,7,,FALSE,Male,,None,
22,45,,FALSE,Male,,None,
22,51,,FALSE,Female,,None,
23,62,,FALSE,Female,,None,
24,55,,FALSE,Male,,None,
24,96,,FALSE,Female,,None,
24,99,,FALSE,Female,,None,
24,91,,FALSE,Female,,None,
24,99,,FALSE,Female,,None,
24,36,,FALSE,Male,,None,
24,37,,FALSE,Female,,None,
23,100,,FALSE,Female,,None,
23,100,,FALSE,Male,,None,
24,23,,FALSE,Male,,None,
24,22,,FALSE,Female,,None,
24,63,,FALSE,Female,,None,
24,63,,FALSE,Female,,None,
23,62,,FALSE,Female,,None,
23,78,,FALSE,Male,,None,
24,40,,FALSE,Male,,None,
24,45,,FALSE,Female,,None,
25,96,,FALSE,Male,,None,
24,92,,FALSE,Male,,None,
24,50,,FALSE,Female,,None,
24,67,,FALSE,Female,,None,
24,59,,FALSE,Male,,None,
23,14,,FALSE,Female,,None,
24,54,,FALSE,Female,,None,
24,43,,FALSE,Female,,None,
24,31,,FALSE,Male,,None,
24,32,,FALSE,Male,,None,
23,73,,FALSE,Female,,None,
23,89,,FALSE,Female,,None,
23,34,,FALSE,Male,,None,
23,35,,FALSE,Female,,None,
24,79,,FALSE,Female,,None,
24,94,,FALSE,Female,,None,
24,23,,FALSE,Male,,None,
24,28,,FALSE,Male,,None,
23,24,,FALSE,Male,,None,
23,57,,FALSE,Female,,None,
24,23,,FALSE,Female,,None,
24,29,,FALSE,Female,,None,
24,56,,FALSE,Male,,None,
24,36,,FALSE,Male,,None,
23,58,,FALSE,Female,,None,
23,44,,FALSE,Female,,None,
25,99,,FALSE,Female,,None,
25,100,,FALSE,Female,,None,
24,42,,FALSE,Female,,None,
23,38,,FALSE,Female,,None,
27,100,,FALSE,Female,,None,
27,100,,FALSE,Female,,None,
25,19,,FALSE,Male,,None,
25,12,,FALSE,Male,,None,
24,46,,FALSE,Female,,None,
24,46,,FALSE,Male,,None,
24,30,,FALSE,Female,,None,
23,27,,FALSE,Female,,None,
24,75,,FALSE,Male,,None,
24,27,,FALSE,Female,,None,
24,26,,FALSE,Male,,None,
24,30,,FALSE,Male,,None,
27,38,,FALSE,Male,,None,
27,48,,FALSE,Female,,None,
24,9,,FALSE,Male,,None,
24,8,,FALSE,Male,,None,
23,26,,FALSE,Female,,None,
23,26,,FALSE,Female,,None,
24,77,,FALSE,Female,,None,
24,80,,FALSE,Female,,None,
25,39,,FALSE,Female,,None,
25,29,,FALSE,Male,,None,
24,57,,FALSE,Male,,None,
24,54,,FALSE,Female,,None,
23,82,,FALSE,Female,,None,
23,79,,FALSE,Female,,None,
24,23,,FALSE,Female,,None,
24,26,,FALSE,Female,,None,
24,26,,FALSE,Male,,None,
24,33,,FALSE,Female,,None,
23,45,,FALSE,Female,,None,
23,46,,FALSE,Female,,None,
24,35,,FALSE,Female,,None,
24,38,,FALSE,Female,,None,
24,23,,FALSE,Female,,None,
24,17,,FALSE,Female,,None,
24,23,,FALSE,Female,,None,
24,23,,FALSE,Female,,None,
24,55,,FALSE,Female,,None,
24,55,,FALSE,Female,,None,
24,20,,FALSE,Female,,None,
24,19,,FALSE,Female,,None,
24,26,,FALSE,Female,,None,
23,21,,FALSE,Male,,None,
24,36,,FALSE,Female,,None,
24,46,,FALSE,Female,,None,
24,88,,FALSE,Male,,None,
24,76,,FALSE,Male,,None,
24,100,,FALSE,Female,,None,
26,100,,FALSE,Male,,None,
25,76,,FALSE,Female,,None,
25,76,,FALSE,Female,,None,
23,64,,FALSE,Female,,None,
23,46,,FALSE,Male,,None,
23,26,,FALSE,Male,,None,
23,23,,FALSE,Male,,None,
24,18,,FALSE,Male,,None,
24,18,,FALSE,Male,,None,
23,100,,FALSE,Male,,None,
23,100,,FALSE,Male,,None,
24,21,,FALSE,Female,,None,
24,21,,FALSE,Female,,None,
24,39,,FALSE,Female,,None,
23,1,,FALSE,Female,,None,
24,100,,FALSE,Female,,None,
24,11,,FALSE,Male,,None,
23,30,,FALSE,Female,,None,
23,30,,FALSE,Female,,None,
24,71,,FALSE,Female,,None,
24,72,,FALSE,Female,,None,
24,20,,FALSE,Male,,Primary,
23,19,,FALSE,Male,,Primary,
24,54,,FALSE,Female,,Primary,
23,42,,FALSE,Female,,Primary,
24,75,,FALSE,Male,,Primary,
24,74,,FALSE,Male,,Primary,
24,73,,FALSE,Male,,Primary,
24,84,,FALSE,Male,,Primary,
25,45,,FALSE,Female,,Primary,
25,33,,FALSE,Male,,Primary,
24,55,,FALSE,Female,,Primary,
24,52,,FALSE,Female,,Primary,
28,32,,FALSE,Male,,Primary,
28,38,,FALSE,Male,,Primary,
24,63,,FALSE,Female,,Primary,
24,63,,FALSE,Female,,Primary,
23,44,,FALSE,Female,,Primary,
23,43,,FALSE,Male,,Primary,
22,7,,FALSE,Male,,Primary,
22,8,,FALSE,Female,,Primary,
23,29,,FALSE,Male,,Primary,
23,22,,FALSE,Male,,Primary,
24,97,,FALSE,Female,,Primary,
24,75,,FALSE,Male,,Primary,
24,100,,FALSE,Female,,Primary,
24,100,,FALSE,Female,,Primary,
23,56,,FALSE,Female,,Primary,
23,63,,FALSE,Female,,Primary,
24,30,,FALSE,Female,,Primary,
25,39,,FALSE,Female,,Primary,
24,52,,FALSE,Female,,Primary,
24,47,,FALSE,Female,,Primary,
23,36,,FALSE,Female,,Primary,
23,20,,FALSE,Male,,Primary,
23,4,,FALSE,Male,,Primary,
24,15,,FALSE,Female,,Primary,
23,55,,FALSE,Male,,Primary,
24,60,,FALSE,Male,,Primary,
24,52,,FALSE,Female,,Primary,
24,50,,FALSE,Female,,Primary,
24,38,,FALSE,Female,,Primary,
24,37,,FALSE,Female,,Primary,
25,40,,FALSE,Female,,Primary,
23,36,,FALSE,Female,,Primary,
24,62,,FALSE,Female,,Primary,
24,62,,FALSE,Female,,Primary,
24,27,,FALSE,Female,,Primary,
26,27,,FALSE,Male,,Primary,
23,29,,FALSE,Male,,Primary,
23,33,,FALSE,Female,,Primary,
24,22,,FALSE,Female,,Primary,
24,2,,FALSE,Female,,Primary,
23,59,,FALSE,Male,,Primary,
23,64,,FALSE,Female,,Primary,
23,99,,FALSE,Female,,Primary,
23,99,,FALSE,Male,,Primary,
24,32,,FALSE,Male,,Primary,
24,26,,FALSE,Male,,Primary,
24,63,,FALSE,Female,,Primary,
24,48,,FALSE,Male,,Primary,
24,21,,FALSE,Male,,Primary,
24,17,,FALSE,Male,,Primary,
24,81,,FALSE,Female,,Primary,
24,93,,FALSE,Female,,Primary,
24,51,,FALSE,Male,,Primary,
24,53,,FALSE,Male,,Primary,
24,50,,FALSE,Female,,Primary,
24,30,,FALSE,Male,,Primary,
24,100,,FALSE,Male,,Primary,
29,100,,FALSE,Female,,Primary,
24,37,,FALSE,Male,,Primary,
24,42,,FALSE,Male,,Primary,
23,73,,FALSE,Female,,Primary,
23,74,,FALSE,Male,,Primary,
24,47,,FALSE,Male,,Primary,
24,16,,FALSE,Male,,Primary,
23,37,,FALSE,Female,,Primary,
23,20,,FALSE,Male,,Primary,
24,2,,FALSE,Male,,Primary,
24,13,,FALSE,Female,,Primary,
25,83,,FALSE,Female,,Primary,
25,77,,FALSE,Female,,Primary,
23,36,,FALSE,Female,,Primary,
23,36,,FALSE,Female,,Primary,
23,24,,FALSE,Female,,Primary,
23,25,,FALSE,Female,,Primary,
24,25,,FALSE,Female,,Primary,
24,27,,FALSE,Female,,Primary,
24,23,,FALSE,Female,,Primary,
24,22,,FALSE,Male,,Primary,
23,12,,FALSE,Male,,Primary,
23,21,,FALSE,Female,,Primary,
23,37,,FALSE,Female,,Primary,
23,17,,FALSE,Female,,Primary,
23,16,,FALSE,Male,,Primary,
23,17,,FALSE,Female,,Primary,
24,67,,FALSE,Male,,Primary,
24,62,,FALSE,Female,,Primary,
23,7,,FALSE,Female,,Primary,
23,10,,FALSE,Female,,Primary,
31,52,,FALSE,Female,,Primary,
31,39,,FALSE,Female,,Primary,
24,83,,FALSE,Male,,Primary,
24,0,,FALSE,Female,,Primary,
24,5,,FALSE,Male,,Primary,
24,7,,FALSE,Female,,Primary,
24,25,,FALSE,Female,,Primary,
23,37,,FALSE,Female,,Primary,
25,88,,FALSE,Male,,Primary,
25,88,,FALSE,Male,,Primary,
24,39,,FALSE,Female,,Primary,
24,27,,FALSE,Female,,Primary,
24,62,,FALSE,Female,,Primary,
24,66,,FALSE,Male,,Primary,
23,41,,FALSE,Female,,Primary,
23,34,,FALSE,Female,,Primary,
24,97,,FALSE,Female,,Primary,
24,97,,FALSE,Female,,Primary,
25,85,,FALSE,Female,,Primary,
25,74,,FALSE,Female,,Primary,
23,52,,FALSE,Female,,Primary,
23,50,,FALSE,Female,,Primary,
22,37,,FALSE,Female,,Primary,
22,28,,FALSE,Male,,Primary,
24,19,,FALSE,Female,,Primary,
24,14,,FALSE,Female,,Primary,
25,73,,FALSE,Male,,Primary,
25,72,,FALSE,Male,,Primary,
24,0,,FALSE,Male,,Primary,
24,0,,FALSE,Male,,Primary,
24,8,,FALSE,Female,,Primary,
24,8,,FALSE,Female,,Primary,
23,39,,FALSE,Male,,Primary,
23,25,,FALSE,Male,,Primary,
24,29,,FALSE,Male,,Primary,
24,40,,FALSE,Female,,Primary,
22,96,,FALSE,Female,,Primary,
23,100,,FALSE,Female,,Primary,
24,35,,FALSE,Female,,Primary,
24,54,,FALSE,Female,,Primary,
28,65,,FALSE,Male,,Primary,
28,62,,FALSE,Female,,Primary,
24,58,,FALSE,Female,,Primary,
24,55,,FALSE,Female,,Primary,
31,36,,FALSE,Female,,Primary,
31,40,,FALSE,Female,,Primary,
25,16,,FALSE,Female,,Primary,
25,15,,FALSE,Female,,Primary,
24,49,,FALSE,Male,,Primary,
24,50,,FALSE,Female,,Primary,
24,29,,FALSE,Male,,Primary,
24,27,,FALSE,Male,,Primary,
28,78,,FALSE,Female,,Primary,
28,78,,FALSE,Female,,Primary,
24,91,,FALSE,Male,,Primary,
24,51,,FALSE,Male,,Primary,
23,24,,FALSE,Male,,Primary,
23,27,,FALSE,Male,,Primary,
24,34,,FALSE,Female,,Primary,
24,33,,FALSE,Female,,Primary,
23,14,,FALSE,Female,,Primary,
23,19,,FALSE,Female,,Primary,
24,47,,FALSE,Female,,Primary,
23,43,,FALSE,Male,,Primary,
24,82,,FALSE,Female,,Primary,
24,65,,FALSE,Male,,Primary,
24,35,,FALSE,Female,,Primary,
24,27,,FALSE,Female,,Primary,
27,34,,FALSE,Female,,Primary,
27,49,,FALSE,Male,,Primary,
32,93,,FALSE,Female,,Primary,
32,97,,FALSE,Female,,Primary,
24,39,,FALSE,Female,,Primary,
24,47,,FALSE,Female,,Primary,
31,63,,FALSE,Female,,Primary,
31,63,,FALSE,Male,,Primary,
24,0,,FALSE,Male,,Primary,
24,10,,FALSE,Male,,Primary,
24,71,,FALSE,Female,,Primary,
24,71,,FALSE,Male,,Primary,
22,75,,FALSE,Male,,Primary,
22,71,,FALSE,Male,,Primary,
22,17,,FALSE,Male,,Primary,
22,13,,FALSE,Female,,Primary,
26,67,,FALSE,Female,,Primary,
26,69,,FALSE,Female,,Primary,
26,25,,FALSE,Female,,Primary,
26,37,,FALSE,Female,,Primary,
24,54,,FALSE,Female,,Primary,
24,54,,FALSE,Female,,Primary,
24,5,,FALSE,Male,,Primary,
24,15,,FALSE,Male,,Primary,
24,70,,FALSE,Male,,Primary,
24,92,,FALSE,Male,,Primary,
24,87,,FALSE,Female,,Primary,
24,95,,FALSE,Female,,Primary,
23,50,,FALSE,Female,,Primary,
23,39,,FALSE,Female,,Primary,
23,17,,FALSE,Male,,Primary,
23,22,,FALSE,Female,,Primary,
22,26,,FALSE,Male,,Primary,
22,26,,FALSE,Male,,Primary,
23,28,,FALSE,Female,,Primary,
23,25,,FALSE,Female,,Primary,
23,100,,FALSE,Female,,Primary,
23,100,,FALSE,Female,,Primary,
23,54,,FALSE,Male,,Primary,
23,55,,FALSE,Male,,Primary,
23,56,,FALSE,Male,,Primary,
23,56,,FALSE,Female,,Primary,
24,37,,FALSE,Female,,Primary,
24,44,,FALSE,Female,,Primary,
31,36,,FALSE,Male,,Primary,
31,39,,FALSE,Female,,Primary,
24,16,,FALSE,Female,,Primary,
24,16,,FALSE,Female,,Primary,
23,33,,FALSE,Female,,Primary,
23,33,,FALSE,Female,,Primary,
23,43,,FALSE,Male,,Primary,
23,77,,FALSE,Female,,Primary,
24,86,,FALSE,Female,,Primary,
24,5,,FALSE,Male,,Primary,
24,30,,FALSE,Female,,Primary,
24,28,,FALSE,Female,,Primary,
31,96,,FALSE,Female,,Primary,
31,96,,FALSE,Female,,Primary,
22,48,,FALSE,Female,,Primary,
22,61,,FALSE,Female,,Primary,
24,34,,FALSE,Male,,Primary,
24,42,,FALSE,Male,,Primary,
23,25,,FALSE,Female,,Primary,
23,24,,FALSE,Female,,Primary,
24,30,,FALSE,Male,,Primary,
24,34,,FALSE,Male,,Primary,
25,10,,FALSE,Female,,Primary,
27,35,,FALSE,Male,,Primary,
24,28,,FALSE,Female,,Primary,
24,28,,FALSE,Female,,Primary,
29,100,,FALSE,Female,,Primary,
29,88,,FALSE,Male,,Primary,
23,24,,FALSE,Female,,Primary,
24,29,,FALSE,Male,,Primary,
24,47,,FALSE,Male,,Primary,
24,26,,FALSE,Male,,Primary,
23,57,,FALSE,Male,,Primary,
23,75,,FALSE,Female,,Primary,
28,60,,FALSE,Female,,Primary,
28,55,,FALSE,Female,,Primary,
25,33,,FALSE,Male,,Primary,
25,32,,FALSE,Male,,Primary,
23,38,,FALSE,Male,,Primary,
23,46,,FALSE,Female,,Primary,
23,62,,FALSE,Male,,Primary,
23,63,,FALSE,Male,,Primary,
23,60,,FALSE,Female,,Primary,
23,62,,FALSE,Female,,Primary,
24,27,,FALSE,Male,,Primary,
24,33,,FALSE,Male,,Primary,
24,0,,FALSE,Female,,Primary,
24,68,,FALSE,Female,,Primary,
23,38,,FALSE,Male,,Primary,
23,59,,FALSE,Female,,Primary,
24,6,,FALSE,Male,,Primary,
24,6,,FALSE,Male,,Primary,
24,32,,FALSE,Female,,Primary,
24,51,,FALSE,Female,,Primary,
24,30,,FALSE,Male,,Primary,
24,31,,FALSE,Female,,Primary,
24,59,,FALSE,Female,,Primary,
24,59,,FALSE,Female,,Primary,
24,71,,FALSE,Female,,Primary,
24,76,,FALSE,Female,,Primary,
23,44,,FALSE,Male,,Primary,
23,44,,FALSE,Male,,Primary,
24,36,,FALSE,Female,,Primary,
24,97,,FALSE,Female,,Primary,
24,20,,FALSE,Male,,Primary,
24,20,,FALSE,Male,,Primary,
24,57,,FALSE,Male,,Primary,
24,62,,FALSE,Male,,Primary,
24,28,,FALSE,Female,,Primary,
26,30,,FALSE,Female,,Primary,
24,4,,FALSE,Male,,Primary,
24,13,,FALSE,Male,,Primary,
24,6,,FALSE,Female,,Primary,
24,12,,FALSE,Female,,Primary,
24,97,,FALSE,Female,,Primary,
24,64,,FALSE,Male,,Primary,
24,49,,FALSE,Male,,Primary,
23,33,,FALSE,Male,,Primary,
23,49,,FALSE,Female,,Primary,
23,73,,FALSE,Female,,Primary,
24,44,,FALSE,Male,,Primary,
23,30,,FALSE,Male,,Primary,
23,26,,FALSE,Male,,Primary,
23,29,,FALSE,Male,,Primary,
23,53,,FALSE,Male,,Primary,
23,80,,FALSE,Female,,Primary,
26,11,,FALSE,Male,,Primary,
26,10,,FALSE,Male,,Primary,
24,51,,FALSE,Male,,Primary,
24,51,,FALSE,Male,,Primary,
23,54,,FALSE,Female,,Primary,
23,54,,FALSE,Male,,Primary,
24,47,,FALSE,Male,,Primary,
24,44,,FALSE,Male,,Primary,
24,31,,FALSE,Female,,Primary,
24,36,,FALSE,Female,,Primary,
23,23,,FALSE,Male,,Primary,
23,21,,FALSE,Male,,Primary,
32,100,,FALSE,Female,,Primary,
32,100,,FALSE,Female,,Primary,
24,87,,FALSE,Female,,Primary,
24,79,,FALSE,Female,,Primary,
24,0,,FALSE,Female,,Primary,
24,98,,FALSE,Female,,Primary,
24,29,,FALSE,Male,,Primary,
24,26,,FALSE,Male,,Primary,
24,33,,FALSE,Male,,Primary,
24,31,,FALSE,Male,,Primary,
23,63,,FALSE,Female,,Primary,
23,62,,FALSE,Female,,Primary,
24,16,,FALSE,Male,,Primary,
24,25,,FALSE,Female,,Primary,
24,4,,FALSE,Male,,Primary,
24,5,,FALSE,Female,,Primary,
24,80,,FALSE,Male,,Primary,
24,80,,FALSE,Male,,Primary,
24,59,,FALSE,Male,,Primary,
23,62,,FALSE,Female,,Primary,
23,48,,FALSE,Male,,Primary,
23,51,,FALSE,Male,,Primary,
26,74,,FALSE,Female,,Primary,
26,0,,FALSE,Female,,Primary,
22,24,,FALSE,Male,,Primary,
22,31,,FALSE,Male,,Primary,
23,33,,FALSE,Male,,Primary,
23,33,,FALSE,Male,,Primary,
23,46,,FALSE,Male,,Primary,
23,44,,FALSE,Male,,Primary,
24,54,,FALSE,Male,,Primary,
24,38,,FALSE,Male,,Primary,
23,65,,FALSE,Male,,Primary,
23,72,,FALSE,Male,,Primary,
24,66,,FALSE,Female,,Primary,
24,87,,FALSE,Female,,Primary,
23,7,,FALSE,Male,,Primary,
23,5,,FALSE,Male,,Primary,
24,21,,FALSE,Female,,Primary,
24,17,,FALSE,Female,,Primary,
25,50,,FALSE,Female,,Primary,
25,49,,FALSE,Male,,Primary,
24,2,,FALSE,Male,,Primary,
23,3,,FALSE,Male,,Primary,
24,31,,FALSE,Male,,Primary,
24,26,,FALSE,Male,,Primary,
24,39,,FALSE,Male,,Primary,
24,33,,FALSE,Male,,Primary,
23,32,,FALSE,Female,,Primary,
23,27,,FALSE,Male,,Primary,
24,7,,FALSE,Male,,Primary,
24,7,,FALSE,Male,,Primary,
24,76,,FALSE,Female,,Primary,
23,75,,FALSE,Female,,Primary,
24,19,,FALSE,Male,,Primary,
23,15,,FALSE,Male,,Primary,
25,26,,FALSE,Female,,Primary,
25,20,,FALSE,Male,,Primary,
23,34,,FALSE,Female,,Primary,
23,35,,FALSE,Female,,Primary,
27,11,,FALSE,Female,,Primary,
27,10,,FALSE,Female,,Primary,
24,55,,FALSE,Female,,Primary,
25,54,,FALSE,Female,,Primary,
25,17,,FALSE,Male,,Primary,
25,17,,FALSE,Male,,Primary,
30,100,,FALSE,Male,,Primary,
30,100,,FALSE,Male,,Primary,
24,53,,FALSE,Female,,Primary,
24,54,,FALSE,Male,,Primary,
23,40,,FALSE,Male,,Primary,
23,37,,FALSE,Male,,Primary,
27,100,,FALSE,Male,,Primary,
24,61,,FALSE,Female,,Primary,
24,65,,FALSE,Female,,Primary,
24,65,,FALSE,Male,,Primary,
24,73,,FALSE,Male,,Primary,
24,67,,FALSE,Male,,Primary,
24,31,,FALSE,Female,,Primary,
24,40,,FALSE,Female,,Primary,
24,67,,FALSE,Male,,Primary,
24,74,,FALSE,Male,,Primary,
23,7,,FALSE,Male,,Primary,
23,7,,FALSE,Male,,Primary,
23,16,,FALSE,Male,,Primary,
23,18,,FALSE,Male,,Primary,
23,93,,FALSE,Female,,Primary,
23,63,,FALSE,Male,,Primary,
24,87,,FALSE,Male,,Primary,
24,81,,FALSE,Male,,Primary,
24,10,,FALSE,Male,,Primary,
24,10,,FALSE,Male,,Primary,
24,29,,FALSE,Male,,Primary,
24,31,,FALSE,Male,,Primary,
24,58,,FALSE,Male,,Primary,
24,59,,FALSE,Male,,Primary,
25,13,,FALSE,Female,,Primary,
25,100,,FALSE,Male,,Primary,
24,97,,FALSE,Male,,Primary,
24,99,,FALSE,Female,,Primary,
24,27,,FALSE,Female,,Primary,
24,24,,FALSE,Female,,Primary,
24,40,,FALSE,Male,,Primary,
24,22,,FALSE,Male,,Primary,
23,52,,FALSE,Female,,Primary,
23,53,,FALSE,Female,,Primary,
23,0,,FALSE,Male,,Primary,
23,0,,FALSE,Male,,Primary,
23,36,,FALSE,Female,,Primary,
23,24,,FALSE,Female,,Primary,
23,55,,FALSE,Male,,Primary,
23,56,,FALSE,Female,,Primary,
23,29,,FALSE,Male,,Primary,
23,30,,FALSE,Male,,Primary,
23,49,,FALSE,Female,,Primary,
23,48,,FALSE,Female,,Primary,
24,64,,FALSE,Female,,Primary,
25,63,,FALSE,Male,,Primary,
24,10,,FALSE,Male,,Primary,
24,17,,FALSE,Male,,Primary,
23,28,,FALSE,Female,,Primary,
23,26,,FALSE,Female,,Primary,
31,58,,FALSE,Female,,Primary,
29,61,,FALSE,Female,,Primary,
23,58,,FALSE,Male,,Primary,
23,59,,FALSE,Male,,Primary,
23,41,,FALSE,Female,,Primary,
23,36,,FALSE,Male,,Primary,
24,100,,FALSE,Male,,Primary,
29,81,,FALSE,Male,,Primary,
29,87,,FALSE,Female,,Primary,
24,23,,FALSE,Male,,Primary,
24,23,,FALSE,Male,,Primary,
24,21,,FALSE,Female,,Primary,
24,19,,FALSE,Female,,Primary,
23,25,,FALSE,Male,,Primary,
23,25,,FALSE,Male,,Primary,
24,50,,FALSE,Male,,Primary,
24,48,,FALSE,Male,,Primary,
24,100,,FALSE,Male,,Primary,
24,70,,FALSE,Female,,Primary,
23,47,,FALSE,Male,,Primary,
23,47,,FALSE,Male,,Primary,
24,75,,FALSE,Female,,Primary,
24,96,,FALSE,Female,,Primary,
24,22,,FALSE,Female,,Primary,
24,14,,FALSE,Female,,Primary,
23,50,,FALSE,Male,,Primary,
23,25,,FALSE,Male,,Primary,
24,21,,FALSE,Female,,Primary,
24,23,,FALSE,Female,,Primary,
24,25,,FALSE,Female,,Primary,
24,24,,FALSE,Female,,Primary,
24,11,,FALSE,Female,,Primary,
24,7,,FALSE,Female,,Primary,
28,9,,FALSE,Male,,Primary,
28,15,,FALSE,Male,,Primary,
23,32,,FALSE,Male,,Primary,
23,27,,FALSE,Male,,Primary,
24,74,,FALSE,Male,,Primary,
24,76,,FALSE,Female,,Primary,
24,14,,FALSE,Female,,Primary,
24,22,,FALSE,Male,,Primary,
24,55,,FALSE,Male,,Primary,
24,67,,FALSE,Female,,Primary,
23,94,,FALSE,Male,,Primary,
23,90,,FALSE,Male,,Primary,
24,22,,FALSE,Male,,Primary,
24,52,,FALSE,Male,,Primary,
24,50,,FALSE,Male,,Primary,
24,59,,FALSE,Male,,Primary,
22,29,,FALSE,Male,,Primary,
22,30,,FALSE,Male,,Primary,
24,40,,FALSE,Female,,Primary,
24,40,,FALSE,Female,,Primary,
23,38,,FALSE,Female,,Primary,
23,22,,FALSE,Male,,Primary,
24,31,,FALSE,Female,,Primary,
24,31,,FALSE,Female,,Primary,
24,22,,FALSE,Male,,Primary,
24,26,,FALSE,Male,,Primary,
24,93,,FALSE,Male,,Primary,
24,99,,FALSE,Male,,Primary,
24,73,,FALSE,Male,,Primary,
24,81,,FALSE,Female,,Primary,
23,22,,FALSE,Male,,Primary,
23,20,,FALSE,Male,,Primary,
24,65,,FALSE,Male,,Primary,
24,65,,FALSE,Male,,Primary,
24,24,,FALSE,Male,,Primary,
24,25,,FALSE,Male,,Primary,
23,12,,FALSE,Female,,Primary,
23,9,,FALSE,Female,,Primary,
23,39,,FALSE,Male,,Primary,
23,44,,FALSE,Male,,Primary,
24,26,,FALSE,Male,,Primary,
24,27,,FALSE,Male,,Primary,
24,17,,FALSE,Male,,Primary,
24,8,,FALSE,Female,,Primary,
24,34,,FALSE,Female,,Primary,
24,39,,FALSE,Female,,Primary,
24,26,,FALSE,Female,,Primary,
24,53,,FALSE,Female,,Primary,
24,55,,FALSE,Male,,Primary,
24,66,,FALSE,Female,,Primary,
26,25,,FALSE,Female,,Primary,
24,23,,FALSE,Male,,Primary,
23,24,,FALSE,Female,,Primary,
23,24,,FALSE,Male,,Primary,
23,36,,FALSE,Female,,Primary,
23,38,,FALSE,Female,,Primary,
24,33,,FALSE,Female,,Primary,
24,43,,FALSE,Female,,Primary,
22,30,,FALSE,Female,,Primary,
22,24,,FALSE,Male,,Primary,
24,24,,FALSE,Male,,Primary,
24,30,,FALSE,Male,,Primary,
23,6,,FALSE,Male,,Primary,
23,6,,FALSE,Male,,Primary,
24,56,,FALSE,Female,,Primary,
24,38,,FALSE,Female,,Primary,
24,72,,FALSE,Male,,Primary,
23,100,,FALSE,Female,,Primary,
23,52,,FALSE,Male,,Primary,
23,56,,FALSE,Male,,Primary,
24,6,,FALSE,Female,,Primary,
24,4,,FALSE,Female,,Primary,
24,40,,FALSE,Female,,Primary,
24,30,,FALSE,Female,,Primary,
24,23,,FALSE,Male,,Primary,
24,23,,FALSE,Male,,Primary,
24,46,,FALSE,Male,,Primary,
24,45,,FALSE,Female,,Primary,
23,98,,FALSE,Female,,Primary,
23,74,,FALSE,Male,,Primary,
26,77,,FALSE,Male,,Primary,
24,73,,FALSE,Female,,Primary,
24,31,,FALSE,Female,,Primary,
24,25,,FALSE,Male,,Primary,
23,65,,FALSE,Female,,Primary,
23,68,,FALSE,Male,,Primary,
24,38,,FALSE,Female,,Primary,
24,33,,FALSE,Female,,Primary,
24,49,,FALSE,Male,,Primary,
24,48,,FALSE,Female,,Primary,
28,25,,FALSE,Male,,Primary,
28,31,,FALSE,Male,,Primary,
24,43,,FALSE,Female,,Primary,
24,38,,FALSE,Male,,Primary,
24,52,,FALSE,Male,,Primary,
24,49,,FALSE,Male,,Primary,
24,51,,FALSE,Male,,Primary,
24,49,,FALSE,Female,,Primary,
23,16,,FALSE,Female,,Primary,
23,18,,FALSE,Female,,Primary,
24,57,,FALSE,Female,,Primary,
24,58,,FALSE,Female,,Primary,
24,11,,FALSE,Female,,Primary,
24,17,,FALSE,Female,,Primary,
24,39,,FALSE,Male,,Primary,
23,42,,FALSE,Male,,Primary,
24,63,,FALSE,Male,,Primary,
24,75,,FALSE,Female,,Primary,
23,52,,FALSE,Female,,Primary,
25,0,,FALSE,Female,,Primary,
24,17,,FALSE,Female,,Primary,
24,22,,FALSE,Male,,Primary,
32,19,,FALSE,Female,,Primary,
32,19,,FALSE,Female,,Primary,
24,30,,FALSE,Male,,Primary,
24,25,,FALSE,Male,,Primary,
23,25,,FALSE,Male,,Primary,
23,22,,FALSE,Male,,Primary,
24,45,,FALSE,Male,,Primary,
24,48,,FALSE,Male,,Primary,
23,56,,FALSE,Male,,Primary,
23,57,,FALSE,Male,,Primary,
23,69,,FALSE,Female,,Primary,
23,69,,FALSE,Female,,Primary,
24,1,,FALSE,Female,,Primary,
24,24,,FALSE,Female,,Primary,
24,34,,FALSE,Male,,Primary,
24,38,,FALSE,Male,,Primary,
23,68,,FALSE,Male,,Primary,
23,68,,FALSE,Female,,Primary,
24,43,,FALSE,Female,,Primary,
24,35,,FALSE,Female,,Primary,
32,70,,FALSE,Female,,Primary,
32,51,,FALSE,Male,,Primary,
23,26,,FALSE,Male,,Primary,
23,44,,FALSE,Female,,Primary,
23,78,,FALSE,Male,,Primary,
23,78,,FALSE,Female,,Primary,
23,41,,FALSE,Female,,Primary,
23,19,,FALSE,Female,,Primary,
27,95,,FALSE,Male,,Primary,
27,92,,FALSE,Female,,Primary,
24,70,,FALSE,Male,,Primary,
24,81,,FALSE,Male,,Primary,
24,18,,FALSE,Male,,Primary,
24,19,,FALSE,Male,,Primary,
23,35,,FALSE,Male,,Primary,
23,42,,FALSE,Female,,Primary,
26,34,,FALSE,Male,,Primary,
26,40,,FALSE,Male,,Primary,
23,37,,FALSE,Male,,Primary,
23,45,,FALSE,Female,,Primary,
24,49,,FALSE,Female,,Primary,
24,64,,FALSE,Female,,Primary,
23,37,,FALSE,Female,,Primary,
23,34,,FALSE,Female,,Primary,
24,61,,FALSE,Male,,Primary,
24,62,,FALSE,Female,,Primary,
29,90,,FALSE,Female,,Primary,
29,71,,FALSE,Female,,Primary,
24,38,,FALSE,Female,,Primary,
24,39,,FALSE,Female,,Primary,
24,35,,FALSE,Female,,Primary,
24,7,,FALSE,Male,,Primary,
24,49,,FALSE,Male,,Primary,
24,55,,FALSE,Male,,Primary,
23,40,,FALSE,Female,,Primary,
23,44,,FALSE,Female,,Primary,
23,43,,FALSE,Female,,Primary,
23,44,,FALSE,Female,,Primary,
23,20,,FALSE,Male,,Primary,
23,17,,FALSE,Male,,Primary,
24,100,,FALSE,Male,,Primary,
24,100,,FALSE,Male,,Primary,
24,20,,FALSE,Male,,Primary,
24,26,,FALSE,Female,,Primary,
26,17,,FALSE,Male,,Primary,
26,19,,FALSE,Male,,Primary,
25,26,,FALSE,Male,,Primary,
25,48,,FALSE,Female,,Primary,
24,41,,FALSE,Female,,Primary,
24,40,,FALSE,Male,,Primary,
27,59,,FALSE,Male,,Primary,
27,59,,FALSE,Male,,Primary,
24,27,,FALSE,Male,,Primary,
24,25,,FALSE,Male,,Primary,
25,75,,FALSE,Male,,Primary,
24,40,,FALSE,Female,,Primary,
26,97,,FALSE,Female,,Primary,
26,96,,FALSE,Female,,Primary,
31,100,,FALSE,Male,,Primary,
31,100,,FALSE,Female,,Primary,
24,65,,FALSE,Female,,Primary,
24,64,,FALSE,Male,,Primary,
24,70,,FALSE,Female,,Primary,
24,37,,FALSE,Female,,Primary,
26,43,,FALSE,Male,,Primary,
23,47,,FALSE,Male,,Primary,
23,77,,FALSE,Female,,Primary,
23,76,,FALSE,Male,,Primary,
23,52,,FALSE,Female,,Primary,
23,47,,FALSE,Male,,Primary,
24,15,,FALSE,Male,,Primary,
24,15,,FALSE,Male,,Primary,
27,70,,FALSE,Female,,Primary,
27,74,,FALSE,Female,,Primary,
25,39,,FALSE,Male,,Primary,
24,37,,FALSE,Female,,Primary,
23,71,,FALSE,Male,,Primary,
23,85,,FALSE,Male,,Primary,
29,21,,FALSE,Male,,Primary,
29,25,,FALSE,Female,,Primary,
24,63,,FALSE,Female,,Primary,
24,67,,FALSE,Female,,Primary,
24,24,,FALSE,Female,,Primary,
24,25,,FALSE,Female,,Primary,
23,4,,FALSE,Female,,Primary,
23,6,,FALSE,Male,,Primary,
27,41,,FALSE,Female,,Primary,
27,25,,FALSE,Female,,Primary,
24,11,,FALSE,Male,,Primary,
24,11,,FALSE,Female,,Primary,
23,42,,FALSE,Male,,Primary,
23,43,,FALSE,Male,,Primary,
23,13,,FALSE,Male,,Primary,
23,14,,FALSE,Male,,Primary,
23,16,,FALSE,Male,,Primary,
23,19,,FALSE,Female,,Primary,
25,70,,FALSE,Female,,Primary,
25,36,,FALSE,Male,,Primary,
24,100,,FALSE,Male,,Primary,
24,100,,FALSE,Male,,Primary,
24,100,,FALSE,Male,,Primary,
24,100,,FALSE,Male,,Primary,
24,19,,FALSE,Male,,Primary,
24,0,,FALSE,Female,,Primary,
24,66,,FALSE,Male,,Primary,
24,63,,FALSE,Male,,Primary,
24,90,,FALSE,Female,,Primary,
24,91,,FALSE,Female,,Primary,
24,35,,FALSE,Male,,Primary,
24,30,,FALSE,Male,,Primary,
23,73,,FALSE,Female,,Primary,
23,82,,FALSE,Female,,Primary,
24,34,,FALSE,Female,,Primary,
24,37,,FALSE,Female,,Primary,
24,51,,FALSE,Female,,Primary,
24,48,,FALSE,Male,,Primary,
23,11,,FALSE,Male,,Primary,
23,13,,FALSE,Male,,Primary,
24,73,,FALSE,Female,,Primary,
24,73,,FALSE,Female,,Primary,
23,46,,FALSE,Male,,Primary,
23,50,,FALSE,Male,,Primary,
24,10,,FALSE,Female,,Primary,
24,11,,FALSE,Female,,Primary,
24,13,,FALSE,Female,,Primary,
24,13,,FALSE,Female,,Primary,
24,39,,FALSE,Female,,Primary,
24,41,,FALSE,Female,,Primary,
23,18,,FALSE,Male,,Primary,
23,16,,FALSE,Male,,Primary,
24,64,,FALSE,Female,,Primary,
24,63,,FALSE,Female,,Primary,
23,35,,FALSE,Male,,Primary,
23,24,,FALSE,Male,,Primary,
23,91,,FALSE,Male,,Primary,
23,84,,FALSE,Male,,Primary,
23,7,,FALSE,Male,,Primary,
23,39,,FALSE,Female,,Primary,
29,90,,FALSE,Male,,Primary,
29,60,,FALSE,Male,,Primary,
22,99,,FALSE,Female,,Primary,
22,99,,FALSE,Female,,Primary,
24,27,,FALSE,Male,,Primary,
24,24,,FALSE,Male,,Primary,
23,36,,FALSE,Female,,Primary,
23,41,,FALSE,Female,,Primary,
23,80,,FALSE,Female,,Primary,
23,85,,FALSE,Female,,Primary,
25,26,,FALSE,Female,,Primary,
24,46,,FALSE,Male,,Primary,
27,76,,FALSE,Female,,Primary,
21,85,,FALSE,Female,,Primary,
23,40,,FALSE,Male,,Primary,
23,39,,FALSE,Male,,Primary,
24,33,,FALSE,Female,,Primary,
24,40,,FALSE,Female,,Primary,
23,38,,FALSE,Female,,Primary,
23,38,,FALSE,Female,,Primary,
25,69,,FALSE,Male,,Primary,
25,73,,FALSE,Male,,Primary,
23,21,,FALSE,Female,,Primary,
23,25,,FALSE,Female,,Primary,
23,73,,FALSE,Male,,Primary,
23,98,,FALSE,Female,,Primary,
23,28,,FALSE,Female,,Primary,
23,20,,FALSE,Female,,Primary,
25,10,,FALSE,Male,,Primary,
24,10,,FALSE,Male,,Primary,
23,13,,FALSE,Female,,Primary,
23,14,,FALSE,Male,,Primary,
22,64,,FALSE,Female,,Primary,
22,55,,FALSE,Male,,Primary,
24,36,,FALSE,Female,,Primary,
24,28,,FALSE,Female,,Primary,
25,2,,FALSE,Male,,Primary,
25,9,,FALSE,Male,,Primary,
23,37,,FALSE,Male,,Primary,
23,33,,FALSE,Male,,Primary,
23,83,,FALSE,Female,,Primary,
24,79,,FALSE,Male,,Primary,
24,78,,FALSE,Female,,Primary,
24,77,,FALSE,Female,,Primary,
22,44,,FALSE,Male,,Primary,
22,44,,FALSE,Male,,Primary,
23,18,,FALSE,Male,,Primary,
23,35,,FALSE,Female,,Primary,
24,68,,FALSE,Female,,Primary,
24,70,,FALSE,Female,,Primary,
32,65,,FALSE,Male,,Primary,
32,100,,FALSE,Female,,Primary,
24,14,,FALSE,Male,,Primary,
24,14,,FALSE,Male,,Primary,
24,100,,FALSE,Female,,Primary,
24,100,,FALSE,Female,,Primary,
24,80,,FALSE,Male,,Primary,
24,80,,FALSE,Male,,Primary,
24,42,,FALSE,Female,,Primary,
24,44,,FALSE,Female,,Primary,
23,34,,FALSE,Female,,Primary,
23,39,,FALSE,Female,,Primary,
22,89,,FALSE,Female,,Primary,
22,85,,FALSE,Female,,Primary,
22,10,,FALSE,Female,,Primary,
23,18,,FALSE,Female,,Primary,
24,100,,FALSE,Male,,Primary,
24,100,,FALSE,Female,,Primary,
24,67,,FALSE,Female,,Primary,
24,69,,FALSE,Female,,Primary,
24,73,,FALSE,Female,,Primary,
24,74,,FALSE,Female,,Primary,
23,66,,FALSE,Female,,Primary,
23,47,,FALSE,Female,,Primary,
23,31,,FALSE,Female,,Primary,
23,22,,FALSE,Male,,Primary,
24,48,,FALSE,Female,,Primary,
24,50,,FALSE,Female,,Primary,
24,69,,FALSE,Male,,Primary,
24,69,,FALSE,Male,,Primary,
24,4,,FALSE,Female,,Primary,
24,4,,FALSE,Female,,Primary,
24,53,,FALSE,Female,,Primary,
24,57,,FALSE,Female,,Primary,
24,48,,FALSE,Male,,Primary,
24,47,,FALSE,Male,,Primary,
24,86,,FALSE,Male,,Primary,
24,0,,FALSE,Male,,Primary,
24,97,,FALSE,Female,,Primary,
24,97,,FALSE,Female,,Primary,
23,29,,FALSE,Male,,Primary,
23,27,,FALSE,Female,,Primary,
23,58,,FALSE,Female,,Primary,
23,57,,FALSE,Female,,Primary,
25,47,,FALSE,Male,,Primary,
25,39,,FALSE,Male,,Primary,
25,100,,FALSE,Female,,Primary,
25,100,,FALSE,Female,,Primary,
23,27,,FALSE,Male,,Primary,
23,35,,FALSE,Male,,Primary,
23,28,,FALSE,Male,,Primary,
23,27,,FALSE,Female,,Primary,
24,40,,FALSE,Female,,Primary,
24,34,,FALSE,Male,,Primary,
23,33,,FALSE,Male,,Primary,
23,32,,FALSE,Male,,Primary,
23,14,,FALSE,Female,,Primary,
23,14,,FALSE,Female,,Primary,
24,51,,FALSE,Female,,Primary,
24,52,,FALSE,Female,,Primary,
23,18,,FALSE,Male,,Primary,
23,35,,FALSE,Female,,Primary,
22,5,,FALSE,Male,,Primary,
23,6,,FALSE,Male,,Primary,
24,89,,FALSE,Male,,Primary,
24,85,,FALSE,Male,,Primary,
24,100,,FALSE,Female,,Primary,
24,100,,FALSE,Female,,Primary,
23,99,,FALSE,Female,,Primary,
23,100,,FALSE,Female,,Primary,
22,18,,FALSE,Male,,Primary,
22,24,,FALSE,Male,,Primary,
25,79,,FALSE,Female,,Primary,
25,82,,FALSE,Female,,Primary,
24,6,,FALSE,Male,,Primary,
23,24,,FALSE,Female,,Primary,
25,100,,FALSE,Male,,Primary,
25,100,,FALSE,Male,,Primary,
24,45,,FALSE,Female,,Primary,
24,42,,FALSE,Female,,Primary,
23,27,,FALSE,Female,,Primary,
23,0,,FALSE,Female,,Primary,
25,31,,FALSE,Female,,Primary,
25,14,,FALSE,Male,,Primary,
24,23,,FALSE,Female,,Primary,
24,31,,FALSE,Male,,Primary,
23,24,,FALSE,Female,,Primary,
23,26,,FALSE,Female,,Primary,
23,8,,FALSE,Male,,Primary,
23,0,,FALSE,Male,,Primary,
23,19,,FALSE,Male,,Primary,
23,29,,FALSE,Male,,Primary,
24,66,,FALSE,Male,,Primary,
24,65,,FALSE,Male,,Primary,
24,47,,FALSE,Male,,Primary,
24,43,,FALSE,Male,,Primary,
22,60,,FALSE,Male,,Primary,
23,62,,FALSE,Male,,Primary,
23,16,,FALSE,Male,,Primary,
23,16,,FALSE,Male,,Primary,
25,14,,FALSE,Female,,Primary,
25,15,,FALSE,Female,,Primary,
24,4,,FALSE,Female,,Primary,
24,13,,FALSE,Female,,Primary,
24,11,,FALSE,Male,,Primary,
24,11,,FALSE,Male,,Primary,
24,21,,FALSE,Female,,Primary,
24,22,,FALSE,Male,,Primary,
30,90,,FALSE,Male,,Primary,
30,92,,FALSE,Female,,Primary,
27,40,,FALSE,Female,,Primary,
27,33,,FALSE,Female,,Primary,
25,17,,FALSE,Male,,Primary,
26,17,,FALSE,Male,,Primary,
24,71,,FALSE,Female,,Primary,
24,38,,FALSE,Male,,Primary,
24,50,,FALSE,Male,,Primary,
24,32,,FALSE,Male,,Primary,
23,20,,FALSE,Male,,Primary,
23,15,,FALSE,Female,,Primary,
23,60,,FALSE,Female,,Primary,
23,41,,FALSE,Male,,Primary,
24,69,,FALSE,Male,,Primary,
24,69,,FALSE,Male,,Primary,
25,77,,FALSE,Male,,Primary,
25,82,,FALSE,Male,,Primary,
25,68,,FALSE,Male,,Primary,
25,80,,FALSE,Female,,Primary,
24,50,,FALSE,Male,,Primary,
24,54,,FALSE,Male,,Primary,
24,41,,FALSE,Male,,Primary,
24,42,,FALSE,Female,,Primary,
23,32,,FALSE,Female,,Primary,
23,31,,FALSE,Female,,Primary,
23,42,,FALSE,Male,,Primary,
23,39,,FALSE,Female,,Primary,
24,100,,FALSE,Female,,Primary,
24,94,,FALSE,Female,,Primary,
24,13,,FALSE,Male,,Primary,
24,18,,FALSE,Female,,Primary,
24,19,,FALSE,Male,,Primary,
24,28,,FALSE,Female,,Primary,
24,37,,FALSE,Female,,Primary,
24,34,,FALSE,Female,,Primary,
23,76,,FALSE,Female,,Primary,
23,88,,FALSE,Female,,Primary,
24,48,,FALSE,Female,,Primary,
24,56,,FALSE,Female,,Primary,
24,62,,FALSE,Female,,Primary,
24,34,,FALSE,Female,,Primary,
24,67,,FALSE,Female,,Primary,
24,69,,FALSE,Female,,Primary,
24,61,,FALSE,Female,,Primary,
24,61,,FALSE,Female,,Primary,
24,15,,FALSE,Male,,Primary,
24,10,,FALSE,Female,,Primary,
24,33,,FALSE,Male,,Primary,
24,33,,FALSE,Male,,Primary,
26,51,,FALSE,Female,,Primary,
26,65,,FALSE,Female,,Primary,
23,81,,FALSE,Male,,Primary,
23,72,,FALSE,Male,,Primary,
24,6,,FALSE,Male,,Primary,
24,9,,FALSE,Female,,Primary,
24,12,,FALSE,Female,,Primary,
24,13,,FALSE,Female,,Primary,
24,22,,FALSE,Male,,Primary,
24,24,,FALSE,Male,,Primary,
24,15,,FALSE,Female,,Primary,
24,15,,FALSE,Female,,Primary,
23,45,,FALSE,Female,,Primary,
23,45,,FALSE,Male,,Primary,
23,55,,FALSE,Male,,Primary,
23,54,,FALSE,Male,,Primary,
24,69,,FALSE,Female,,Primary,
24,99,,FALSE,Female,,Primary,
23,24,,FALSE,Male,,Primary,
23,32,,FALSE,Female,,Primary,
25,100,,FALSE,Female,,Primary,
25,100,,FALSE,Female,,Primary,
23,100,,FALSE,Female,,Primary,
23,100,,FALSE,Female,,Primary,
24,19,,FALSE,Female,,Primary,
24,19,,FALSE,Female,,Primary,
23,55,,FALSE,Male,,Primary,
23,90,,FALSE,Male,,Primary,
23,58,,FALSE,Male,,Primary,
23,58,,FALSE,Male,,Primary,
24,93,,FALSE,Female,,Primary,
24,4,,FALSE,Male,,Primary,
24,73,,FALSE,Female,,Primary,
24,72,,FALSE,Female,,Primary,
24,46,,FALSE,Female,,Primary,
24,41,,FALSE,Female,,Primary,
24,41,,FALSE,Female,,Primary,
24,42,,FALSE,Female,,Primary,
23,96,,FALSE,Male,,Primary,
23,99,,FALSE,Male,,Primary,
24,100,,FALSE,Female,,Primary,
24,100,,FALSE,Female,,Primary,
23,21,,FALSE,Female,,Primary,
23,27,,FALSE,Female,,Primary,
24,79,,FALSE,Male,,Primary,
24,79,,FALSE,Female,,Primary,
24,48,,FALSE,Male,,Primary,
25,63,,FALSE,Male,,Primary,
24,100,,FALSE,Female,,Primary,
24,100,,FALSE,Female,,Primary,
24,25,,FALSE,Female,,Primary,
24,25,,FALSE,Female,,Primary,
24,25,,FALSE,Male,,Primary,
24,26,,FALSE,Male,,Primary,
24,12,,FALSE,Female,,Primary,
24,21,,FALSE,Female,,Primary,
23,23,,FALSE,Female,,Primary,
23,17,,FALSE,Female,,Primary,
24,66,,FALSE,Male,,Primary,
23,100,,FALSE,Female,,Primary,
22,56,,FALSE,Male,,Primary,
22,67,,FALSE,Female,,Primary,
23,59,,FALSE,Male,,Primary,
23,58,,FALSE,Male,,Primary,
23,38,,FALSE,Female,,Primary,
23,47,,FALSE,Female,,Primary,
23,65,,FALSE,Female,,Primary,
23,73,,FALSE,Female,,Primary,
24,16,,FALSE,Female,,Primary,
24,19,,FALSE,Female,,Primary,
23,77,,FALSE,Female,,Primary,
23,81,,FALSE,Female,,Primary,
24,100,,FALSE,Male,,Primary,
24,98,,FALSE,Female,,Primary,
24,56,,FALSE,Male,,Primary,
24,68,,FALSE,Female,,Primary,
27,10,,FALSE,Male,,Primary,
24,55,,FALSE,Male,,Primary,
23,29,,FALSE,Female,,Primary,
23,34,,FALSE,Female,,Primary,
24,15,,FALSE,Female,,Primary,
24,18,,FALSE,Female,,Primary,
23,84,,FALSE,Female,,Primary,
23,83,,FALSE,Male,,Primary,
23,17,,FALSE,Male,,Primary,
23,9,,FALSE,Male,,Primary,
22,13,,FALSE,Male,,Primary,
22,11,,FALSE,Male,,Primary,
24,18,,FALSE,Male,,Primary,
24,18,,FALSE,Male,,Primary,
25,75,,FALSE,Female,,Primary,
25,67,,FALSE,Female,,Primary,
24,50,,FALSE,Female,,Primary,
24,43,,FALSE,Female,,Primary,
23,50,,FALSE,Male,,Primary,
23,52,,FALSE,Male,,Primary,
24,16,,FALSE,Female,,Primary,
24,16,,FALSE,Female,,Primary,
24,56,,FALSE,Male,,Primary,
24,22,,FALSE,Female,,Primary,
24,2,,FALSE,Male,,Primary,
24,1,,FALSE,Male,,Primary,
24,60,,FALSE,Female,,Primary,
24,56,,FALSE,Female,,Primary,
23,42,,FALSE,Male,,Primary,
23,23,,FALSE,Male,,Primary,
23,18,,FALSE,Female,,Primary,
23,20,,FALSE,Female,,Primary,
26,33,,FALSE,Female,,Primary,
26,27,,FALSE,Male,,Primary,
26,67,,FALSE,Female,,Primary,
26,61,,FALSE,Female,,Primary,
23,99,,FALSE,Female,,Primary,
23,99,,FALSE,Male,,Primary,
28,100,,FALSE,Male,,Primary,
29,98,,FALSE,Male,,Primary,
24,39,,FALSE,Male,,Primary,
24,25,,FALSE,Male,,Primary,
25,42,,FALSE,Female,,Primary,
25,93,,FALSE,Female,,Primary,
23,73,,FALSE,Male,,Primary,
23,56,,FALSE,Male,,Primary,
24,68,,FALSE,Male,,Primary,
24,63,,FALSE,Female,,Primary,
24,96,,FALSE,Male,,Primary,
24,87,,FALSE,Female,,Primary,
24,32,,FALSE,Male,,Primary,
24,34,,FALSE,Male,,Primary,
24,17,,FALSE,Female,,Primary,
24,17,,FALSE,Female,,Primary,
23,34,,FALSE,Male,,Primary,
23,36,,FALSE,Male,,Primary,
24,60,,FALSE,Female,,Primary,
24,56,,FALSE,Male,,Primary,
23,20,,FALSE,Female,,Primary,
23,20,,FALSE,Female,,Primary,
25,100,,FALSE,Female,,Primary,
24,98,,FALSE,Male,,Primary,
24,24,,FALSE,Female,,Primary,
24,48,,FALSE,Female,,Primary,
24,58,,FALSE,Male,,Primary,
24,2,,FALSE,Male,,Primary,
24,34,,FALSE,Male,,Primary,
24,7,,FALSE,Male,,Primary,
24,69,,FALSE,Male,,Primary,
24,83,,FALSE,Female,,Primary,
25,0,,FALSE,Female,,Primary,
25,30,,FALSE,Female,,Primary,
23,43,,FALSE,Female,,Primary,
24,41,,FALSE,Female,,Primary,
24,16,,FALSE,Female,,Primary,
24,17,,FALSE,Female,,Primary,
24,45,,FALSE,Female,,Primary,
24,40,,FALSE,Female,,Primary,
24,76,,FALSE,Female,,Primary,
24,77,,FALSE,Female,,Primary,
24,65,,FALSE,Female,,Primary,
24,71,,FALSE,Male,,Primary,
27,80,,FALSE,Male,,Primary,
25,64,,FALSE,Male,,Primary,
23,37,,FALSE,Female,,Primary,
23,41,,FALSE,Female,,Primary,
24,61,,FALSE,Female,,Primary,
24,49,,FALSE,Female,,Primary,
23,59,,FALSE,Female,,Primary,
23,57,,FALSE,Female,,Primary,
24,11,,FALSE,Female,,Primary,
24,31,,FALSE,Male,,Primary,
24,52,,FALSE,Male,,Primary,
24,47,,FALSE,Male,,Primary,
26,90,,FALSE,Female,,Primary,
26,91,,FALSE,Female,,Primary,
24,65,,FALSE,Female,,Primary,
24,67,,FALSE,Male,,Primary,
23,100,,FALSE,Female,,Primary,
23,90,,FALSE,Female,,Primary,
24,91,,FALSE,Female,,Primary,
24,100,,FALSE,Female,,Primary,
22,55,,FALSE,Female,,Primary,
22,71,,FALSE,Female,,Primary,
24,5,,FALSE,Male,,Primary,
24,16,,FALSE,Male,,Primary,
24,14,,FALSE,Female,,Primary,
23,10,,FALSE,Female,,Primary,
23,16,,FALSE,Female,,Primary,
24,16,,FALSE,Female,,Primary,
23,47,,FALSE,Male,,Primary,
23,33,,FALSE,Male,,Primary,
24,37,,FALSE,Male,,Primary,
24,39,,FALSE,Male,,Primary,
24,63,,FALSE,Female,,Primary,
24,54,,FALSE,Male,,Primary,
24,74,,FALSE,Male,,Primary,
24,79,,FALSE,Male,,Primary,
22,23,,FALSE,Male,,Primary,
22,14,,FALSE,Female,,Primary,
23,41,,FALSE,Female,,Primary,
23,42,,FALSE,Female,,Primary,
24,35,,FALSE,Male,,Primary,
24,29,,FALSE,Male,,Primary,
24,52,,FALSE,Male,,Primary,
24,49,,FALSE,Female,,Primary,
24,70,,FALSE,Male,,Primary,
24,70,,FALSE,Male,,Primary,
23,5,,FALSE,Female,,Primary,
23,5,,FALSE,Male,,Primary,
28,0,,FALSE,Male,,Primary,
28,0,,FALSE,Male,,Primary,
24,27,,FALSE,Male,,Primary,
24,47,,FALSE,Female,,Primary,
24,40,,FALSE,Female,,Primary,
24,41,,FALSE,Male,,Primary,
24,84,,FALSE,Female,,Primary,
24,70,,FALSE,Female,,Primary,
23,15,,FALSE,Female,,Primary,
23,16,,FALSE,Female,,Primary,
23,29,,FALSE,Male,,Primary,
23,35,,FALSE,Female,,Primary,
29,100,,FALSE,Female,,Primary,
29,100,,FALSE,Male,,Primary,
25,100,,FALSE,Male,,Primary,
26,94,,FALSE,Female,,Primary,
24,51,,FALSE,Female,,Primary,
24,43,,FALSE,Female,,Primary,
23,27,,FALSE,Female,,Primary,
24,28,,FALSE,Female,,Primary,
24,98,,FALSE,Female,,Primary,
24,100,,FALSE,Female,,Primary,
24,56,,FALSE,Female,,Primary,
24,52,,FALSE,Female,,Primary,
23,65,,FALSE,Female,,Primary,
23,74,,FALSE,Female,,Primary,
24,75,,FALSE,Male,,Primary,
24,66,,FALSE,Male,,Primary,
22,23,,FALSE,Female,,Primary,
23,23,,FALSE,Male,,Primary,
24,19,,FALSE,Female,,Primary,
24,23,,FALSE,Male,,Primary,
23,24,,FALSE,Male,,Primary,
23,22,,FALSE,Male,,Primary,
24,84,,FALSE,Female,,Primary,
23,30,,FALSE,Male,,Primary,
25,73,,FALSE,Male,,Primary,
25,76,,FALSE,Female,,Primary,
23,44,,FALSE,Male,,Primary,
23,47,,FALSE,Female,,Primary,
24,100,,FALSE,Female,,Primary,
24,100,,FALSE,Female,,Primary,
24,38,,FALSE,Male,,Primary,
24,42,,FALSE,Male,,Primary,
23,38,,FALSE,Male,,Primary,
23,39,,FALSE,Male,,Primary,
24,8,,FALSE,Male,,Primary,
24,36,,FALSE,Female,,Primary,
23,37,,FALSE,Male,,Primary,
23,37,,FALSE,Male,,Primary,
24,96,,FALSE,Female,,Primary,
24,94,,FALSE,Female,,Primary,
24,9,,FALSE,Male,,Primary,
24,13,,FALSE,Male,,Primary,
24,18,,FALSE,Male,,Primary,
24,0,,FALSE,Male,,Primary,
23,29,,FALSE,Female,,Primary,
23,10,,FALSE,Male,,Primary,
22,57,,FALSE,Female,,Primary,
22,46,,FALSE,Female,,Primary,
24,41,,FALSE,Female,,Primary,
23,21,,FALSE,Male,,Primary,
24,21,,FALSE,Male,,Primary,
24,34,,FALSE,Male,,Primary,
24,35,,FALSE,Male,,Primary,
24,25,,FALSE,Male,,Primary,
25,62,,FALSE,Male,,Primary,
25,62,,FALSE,Male,,Primary,
24,41,,FALSE,Male,,Primary,
24,49,,FALSE,Male,,Primary,
23,22,,FALSE,Female,,Primary,
23,19,,FALSE,Male,,Primary,
24,49,,FALSE,Female,,Primary,
24,41,,FALSE,Female,,Primary,
24,65,,FALSE,Male,,Primary,
24,65,,FALSE,Female,,Primary,
25,46,,FALSE,Female,,Primary,
24,38,,FALSE,Female,,Primary,
23,35,,FALSE,Female,,Primary,
23,48,,FALSE,Female,,Primary,
24,55,,FALSE,Male,,Primary,
24,58,,FALSE,Female,,Primary,
24,36,,FALSE,Male,,Primary,
24,44,,FALSE,Female,,Primary,
24,19,,FALSE,Female,,Primary,
24,22,,FALSE,Female,,Primary,
26,61,,FALSE,Male,,Primary,
25,100,,FALSE,Female,,Primary,
24,9,,FALSE,Female,,Primary,
24,2,,FALSE,Male,,Primary,
24,48,,FALSE,Female,,Primary,
24,46,,FALSE,Male,,Primary,
31,100,,FALSE,Male,,Primary,
31,100,,FALSE,Female,,Primary,
22,29,,FALSE,Female,,Primary,
22,22,,FALSE,Male,,Primary,
25,68,,FALSE,Female,,Primary,
25,80,,FALSE,Male,,Primary,
24,58,,FALSE,Female,,Primary,
24,52,,FALSE,Female,,Primary,
23,34,,FALSE,Female,,Primary,
23,28,,FALSE,Female,,Primary,
24,62,,FALSE,Female,,Primary,
23,81,,FALSE,Female,,Primary,
23,19,,FALSE,Female,,Primary,
24,19,,FALSE,Female,,Primary,
24,13,,FALSE,Male,,Primary,
23,10,,FALSE,Male,,Primary,
23,27,,FALSE,Male,,Primary,
23,27,,FALSE,Male,,Primary,
24,42,,FALSE,Female,,Primary,
24,50,,FALSE,Female,,Primary,
24,20,,FALSE,Female,,Primary,
24,29,,FALSE,Male,,Primary,
24,44,,FALSE,Male,,Primary,
24,44,,FALSE,Male,,Primary,
24,89,,FALSE,Female,,Primary,
23,95,,FALSE,Male,,Primary,
24,75,,FALSE,Female,,Primary,
24,80,,FALSE,Female,,Primary,
23,93,,FALSE,Male,,Primary,
23,45,,FALSE,Male,,Primary,
22,81,,FALSE,Male,,Primary,
22,84,,FALSE,Male,,Primary,
23,49,,FALSE,Female,,Primary,
23,44,,FALSE,Male,,Primary,
24,65,,FALSE,Male,,Primary,
24,55,,FALSE,Female,,Primary,
23,30,,FALSE,Male,,Primary,
23,41,,FALSE,Male,,Primary,
26,64,,FALSE,Male,,Primary,
26,63,,FALSE,Female,,Primary,
24,49,,FALSE,Male,,Primary,
24,49,,FALSE,Male,,Primary,
31,71,,FALSE,Female,,Primary,
31,71,,FALSE,Female,,Primary,
23,51,,FALSE,Male,,Primary,
24,50,,FALSE,Male,,Primary,
23,44,,FALSE,Male,,Primary,
23,45,,FALSE,Male,,Primary,
23,33,,FALSE,Female,,Primary,
23,36,,FALSE,Male,,Primary,
24,71,,FALSE,Female,,Primary,
24,65,,FALSE,Female,,Primary,
22,73,,FALSE,Male,,Primary,
22,73,,FALSE,Female,,Primary,
34,100,,FALSE,Male,,Primary,
34,99,,FALSE,Male,,Primary,
23,5,,FALSE,Male,,Primary,
23,6,,FALSE,Male,,Primary,
24,25,,FALSE,Male,,Primary,
24,21,,FALSE,Male,,Primary,
24,29,,FALSE,Female,,Primary,
24,29,,FALSE,Female,,Primary,
24,14,,FALSE,Male,,Primary,
24,19,,FALSE,Male,,Primary,
24,32,,FALSE,Female,,Primary,
24,27,,FALSE,Male,,Primary,
23,6,,FALSE,Male,,Primary,
23,6,,FALSE,Male,,Primary,
24,27,,FALSE,Male,,Primary,
25,35,,FALSE,Male,,Primary,
24,29,,FALSE,Female,,Primary,
23,38,,FALSE,Female,,Primary,
24,33,,FALSE,Female,,Primary,
24,32,,FALSE,Female,,Primary,
29,77,,FALSE,Female,,Primary,
29,80,,FALSE,Female,,Primary,
25,14,,FALSE,Male,,Primary,
24,57,,FALSE,Male,,Primary,
34,42,,FALSE,Male,,Primary,
34,41,,FALSE,Male,,Primary,
23,95,,FALSE,Male,,Primary,
23,95,,FALSE,Male,,Primary,
24,33,,FALSE,Female,,Primary,
24,26,,FALSE,Female,,Primary,
26,83,,FALSE,Male,,Primary,
26,87,,FALSE,Male,,Primary,
24,42,,FALSE,Male,,Primary,
23,42,,FALSE,Male,,Primary,
23,8,,FALSE,Male,,Primary,
23,10,,FALSE,Male,,Primary,
24,74,,FALSE,Male,,Primary,
24,82,,FALSE,Male,,Primary,
24,92,,FALSE,Male,,Primary,
24,25,,FALSE,Male,,Primary,
24,97,,FALSE,Female,,Primary,
24,100,,FALSE,Male,,Primary,
24,46,,FALSE,Male,,Primary,
24,70,,FALSE,Female,,Primary,
24,55,,FALSE,Female,,Primary,
24,52,,FALSE,Female,,Primary,
24,82,,FALSE,Male,,Primary,
24,82,,FALSE,Male,,Primary,
24,58,,FALSE,Female,,Primary,
24,60,,FALSE,Female,,Primary,
24,61,,FALSE,Female,,Primary,
24,52,,FALSE,Female,,Primary,
24,27,,FALSE,Male,,Primary,
24,26,,FALSE,Male,,Primary,
26,54,,FALSE,Male,,Primary,
26,44,,FALSE,Male,,Primary,
24,100,,FALSE,Female,,Primary,
24,100,,FALSE,Female,,Primary,
24,16,,FALSE,Male,,Primary,
24,10,,FALSE,Male,,Primary,
24,47,,FALSE,Male,,Primary,
24,50,,FALSE,Male,,Primary,
24,62,,FALSE,Female,,Primary,
24,63,,FALSE,Female,,Primary,
24,27,,FALSE,Female,,Primary,
24,23,,FALSE,Male,,Primary,
23,47,,FALSE,Male,,Primary,
23,45,,FALSE,Female,,Primary,
24,59,,FALSE,Female,,Primary,
24,61,,FALSE,Female,,Primary,
24,80,,FALSE,Female,,Primary,
24,78,,FALSE,Female,,Primary,
24,26,,FALSE,Female,,Primary,
24,20,,FALSE,Male,,Primary,
24,76,,FALSE,Female,,Primary,
24,78,,FALSE,Female,,Primary,
24,62,,FALSE,Male,,Primary,
24,61,,FALSE,Male,,Primary,
24,32,,FALSE,Male,,Primary,
27,35,,FALSE,Female,,Primary,
24,25,,FALSE,Female,,Primary,
24,24,,FALSE,Male,,Primary,
23,27,,FALSE,Male,,Primary,
23,34,,FALSE,Female,,Primary,
24,26,,FALSE,Male,,Primary,
24,26,,FALSE,Female,,Primary,
25,60,,FALSE,Female,,Primary,
25,58,,FALSE,Female,,Primary,
24,74,,FALSE,Female,,Primary,
24,72,,FALSE,Female,,Primary,
23,56,,FALSE,Female,,Primary,
23,56,,FALSE,Female,,Primary,
23,51,,FALSE,Female,,Primary,
23,45,,FALSE,Female,,Primary,
24,14,,FALSE,Male,,Primary,
24,16,,FALSE,Male,,Primary,
24,29,,FALSE,Male,,Primary,
24,34,,FALSE,Female,,Primary,
25,75,,FALSE,Female,,Primary,
25,67,,FALSE,Female,,Primary,
24,54,,FALSE,Female,,Primary,
24,55,,FALSE,Female,,Primary,
23,28,,FALSE,Male,,Primary,
24,0,,FALSE,Female,,Primary,
23,23,,FALSE,Female,,Primary,
23,21,,FALSE,Female,,Primary,
24,97,,FALSE,Female,,Primary,
24,100,,FALSE,Female,,Primary,
22,100,,FALSE,Female,,Primary,
22,96,,FALSE,Female,,Primary,
23,42,,FALSE,Female,,Primary,
23,42,,FALSE,Male,,Primary,
23,51,,FALSE,Male,,Primary,
23,33,,FALSE,Male,,Primary,
24,82,,FALSE,Male,,Primary,
24,83,,FALSE,Male,,Primary,
23,3,,FALSE,Female,,Primary,
23,6,,FALSE,Female,,Primary,
24,46,,FALSE,Male,,Primary,
27,23,,FALSE,Male,,Primary,
24,39,,FALSE,Female,,Primary,
24,32,,FALSE,Female,,Primary,
24,31,,FALSE,Male,,Primary,
24,37,,FALSE,Female,,Primary,
25,77,,FALSE,Female,,Primary,
25,79,,FALSE,Male,,Primary,
24,29,,FALSE,Male,,Primary,
24,29,,FALSE,Male,,Primary,
24,84,,FALSE,Male,,Primary,
24,90,,FALSE,Female,,Primary,
25,56,,FALSE,Male,,Primary,
25,56,,FALSE,Male,,Primary,
24,11,,FALSE,Male,,Primary,
24,17,,FALSE,Male,,Primary,
23,8,,FALSE,Male,,Primary,
22,3,,FALSE,Male,,Primary,
24,59,,FALSE,Female,,Primary,
24,55,,FALSE,Female,,Primary,
24,43,,FALSE,Male,,Primary,
24,42,,FALSE,Female,,Primary,
24,45,,FALSE,Female,,Primary,
24,46,,FALSE,Male,,Primary,
23,71,,FALSE,Female,,Primary,
23,77,,FALSE,Female,,Primary,
25,24,,FALSE,Male,,Primary,
25,24,,FALSE,Male,,Primary,
26,33,,FALSE,Male,,Primary,
26,32,,FALSE,Male,,Primary,
23,30,,FALSE,Male,,Primary,
23,41,,FALSE,Male,,Primary,
24,37,,FALSE,Male,,Primary,
24,34,,FALSE,Male,,Primary,
24,42,,FALSE,Male,,Primary,
24,56,,FALSE,Female,,Primary,
25,76,,FALSE,Female,,Primary,
25,83,,FALSE,Female,,Primary,
24,54,,FALSE,Male,,Primary,
24,49,,FALSE,Female,,Primary,
23,45,,FALSE,Female,,Primary,
23,42,,FALSE,Female,,Primary,
24,11,,FALSE,Female,,Primary,
24,5,,FALSE,Female,,Primary,
24,60,,FALSE,Male,,Primary,
24,59,,FALSE,Male,,Primary,
25,51,,FALSE,Male,,Primary,
25,54,,FALSE,Male,,Primary,
24,55,,FALSE,Female,,Primary,
24,50,,FALSE,Female,,Primary,
23,44,,FALSE,Female,,Primary,
23,44,,FALSE,Male,,Primary,
24,61,,FALSE,Female,,Primary,
24,60,,FALSE,Female,,Primary,
24,62,,FALSE,Male,,Primary,
24,68,,FALSE,Female,,Primary,
22,21,,FALSE,Male,,Primary,
22,25,,FALSE,Male,,Primary,
24,49,,FALSE,Female,,Primary,
24,26,,FALSE,Male,,Primary,
23,41,,FALSE,Female,,Primary,
23,41,,FALSE,Female,,Primary,
24,36,,FALSE,Female,,Primary,
24,36,,FALSE,Male,,Primary,
24,100,,FALSE,Female,,Primary,
24,100,,FALSE,Female,,Primary,
24,27,,FALSE,Male,,Primary,
24,27,,FALSE,Male,,Primary,
23,95,,FALSE,Female,,Primary,
22,95,,FALSE,Female,,Primary,
24,44,,FALSE,Female,,Primary,
24,55,,FALSE,Female,,Primary,
24,74,,FALSE,Male,,Primary,
24,71,,FALSE,Female,,Primary,
24,48,,FALSE,Female,,Primary,
24,50,,FALSE,Female,,Primary,
25,19,,FALSE,Male,,Primary,
25,19,,FALSE,Male,,Primary,
24,58,,FALSE,Male,,Primary,
24,51,,FALSE,Male,,Primary,
24,43,,FALSE,Female,,Primary,
24,43,,FALSE,Female,,Primary,
22,100,,FALSE,Female,,Primary,
22,100,,FALSE,Female,,Primary,
24,38,,FALSE,Male,,Primary,
24,42,,FALSE,Male,,Primary,
25,23,,FALSE,Male,,Primary,
25,19,,FALSE,Male,,Primary,
23,35,,FALSE,Female,,Primary,
23,25,,FALSE,Female,,Primary,
24,74,,FALSE,Male,,Primary,
25,79,,FALSE,Male,,Primary,
30,81,,FALSE,Female,,Primary,
30,69,,FALSE,Male,,Primary,
25,51,,FALSE,Female,,Primary,
25,52,,FALSE,Female,,Primary,
23,20,,FALSE,Female,,Primary,
23,18,,FALSE,Female,,Primary,
23,54,,FALSE,Female,,Primary,
23,61,,FALSE,Male,,Primary,
23,42,,FALSE,Female,,Primary,
23,41,,FALSE,Female,,Primary,
33,78,,FALSE,Female,,Primary,
33,76,,FALSE,Female,,Primary,
24,20,,FALSE,Female,,Primary,
24,17,,FALSE,Female,,Primary,
26,52,,FALSE,Female,,Primary,
26,53,,FALSE,Female,,Primary,
23,61,,FALSE,Female,,Primary,
23,59,,FALSE,Female,,Primary,
23,59,,FALSE,Female,,Primary,
23,57,,FALSE,Male,,Primary,
23,55,,FALSE,Female,,Primary,
23,52,,FALSE,Male,,Primary,
26,72,,FALSE,Male,,Primary,
27,91,,FALSE,Male,,Primary,
24,21,,FALSE,Female,,Primary,
24,12,,FALSE,Male,,Primary,
23,95,,FALSE,Male,,Primary,
29,100,,FALSE,Female,,Primary,
24,59,,FALSE,Male,,Primary,
23,20,,FALSE,Male,,Primary,
29,100,,FALSE,Male,,Primary,
29,0,,FALSE,Female,,Primary,
23,75,,FALSE,Female,,Primary,
23,54,,FALSE,Female,,Primary,
24,46,,FALSE,Male,,Primary,
24,37,,FALSE,Male,,Primary,
24,60,,FALSE,Female,,Primary,
24,58,,FALSE,Female,,Primary,
25,88,,FALSE,Female,,Primary,
24,87,,FALSE,Female,,Primary,
24,13,,FALSE,Male,,Primary,
24,10,,FALSE,Male,,Primary,
24,26,,FALSE,Female,,Primary,
24,27,,FALSE,Male,,Primary,
24,59,,FALSE,Female,,Primary,
24,56,,FALSE,Female,,Primary,
22,27,,FALSE,Male,,Primary,
23,24,,FALSE,Female,,Primary,
31,98,,FALSE,Female,,Primary,
31,93,,FALSE,Male,,Primary,
23,20,,FALSE,Male,,Primary,
23,1,,FALSE,Female,,Primary,
24,17,,FALSE,Male,,Primary,
24,16,,FALSE,Male,,Primary,
23,42,,FALSE,Female,,Primary,
23,47,,FALSE,Female,,Primary,
24,83,,FALSE,Male,,Primary,
24,100,,FALSE,Female,,Primary,
26,25,,FALSE,Male,,Primary,
26,21,,FALSE,Male,,Primary,
23,68,,FALSE,Female,,Primary,
23,66,,FALSE,Male,,Primary,
25,58,,FALSE,Female,,Primary,
25,50,,FALSE,Male,,Primary,
24,75,,FALSE,Male,,Primary,
24,75,,FALSE,Male,,Primary,
23,15,,FALSE,Female,,Primary,
23,7,,FALSE,Male,,Primary,
23,0,,FALSE,Male,,Primary,
23,0,,FALSE,Male,,Primary,
24,11,,FALSE,Female,,Primary,
24,11,,FALSE,Female,,Primary,
24,6,,FALSE,Male,,Primary,
24,72,,FALSE,Female,,Primary,
24,67,,FALSE,Male,,Primary,
24,90,,FALSE,Male,,Primary,
23,84,,FALSE,Female,,Primary,
23,88,,FALSE,Male,,Primary,
24,26,,FALSE,Male,,Primary,
24,36,,FALSE,Female,,Primary,
24,32,,FALSE,Male,,Primary,
24,23,,FALSE,Male,,Primary,
24,100,,FALSE,Female,,Primary,
24,100,,FALSE,Female,,Primary,
25,57,,FALSE,Male,,Primary,
24,64,,FALSE,Male,,Primary,
24,76,,FALSE,Female,,Primary,
23,75,,FALSE,Male,,Primary,
26,52,,FALSE,Male,,Primary,
26,35,,FALSE,Male,,Primary,
24,62,,FALSE,Male,,Primary,
24,51,,FALSE,Male,,Primary,
24,62,,FALSE,Female,,Primary,
24,62,,FALSE,Female,,Primary,
24,19,,FALSE,Female,,Primary,
24,25,,FALSE,Female,,Primary,
24,52,,FALSE,Female,,Primary,
24,56,,FALSE,Male,,Primary,
23,80,,FALSE,Female,,Primary,
24,87,,FALSE,Female,,Primary,
24,63,,FALSE,Male,,Primary,
24,65,,FALSE,Male,,Primary,
24,21,,FALSE,Male,,Primary,
24,22,,FALSE,Male,,Primary,
24,37,,FALSE,Male,,Primary,
24,52,,FALSE,Male,,Primary,
23,22,,FALSE,Male,,Primary,
23,21,,FALSE,Male,,Primary,
25,72,,FALSE,Female,,Primary,
25,66,,FALSE,Female,,Primary,
24,78,,FALSE,Female,,Primary,
25,100,,FALSE,Male,,Primary,
23,19,,FALSE,Female,,Primary,
23,18,,FALSE,Male,,Primary,
24,62,,FALSE,Female,,Primary,
24,68,,FALSE,Female,,Primary,
24,73,,FALSE,Male,,Primary,
24,44,,FALSE,Male,,Primary,
22,75,,FALSE,Male,,Primary,
22,71,,FALSE,Male,,Primary,
24,15,,FALSE,Male,,Primary,
24,9,,FALSE,Male,,Primary,
23,24,,FALSE,Female,,Primary,
23,15,,FALSE,Male,,Primary,
24,46,,FALSE,Female,,Primary,
23,43,,FALSE,Female,,Primary,
23,12,,FALSE,Male,,Primary,
23,12,,FALSE,Male,,Primary,
25,76,,FALSE,Male,,Primary,
25,72,,FALSE,Female,,Primary,
23,7,,FALSE,Female,,Primary,
23,7,,FALSE,Female,,Primary,
24,15,,FALSE,Male,,Primary,
24,20,,FALSE,Female,,Primary,
24,47,,FALSE,Female,,Primary,
24,47,,FALSE,Female,,Primary,
23,11,,FALSE,Female,,Primary,
23,13,,FALSE,Female,,Primary,
24,50,,FALSE,Female,,Primary,
24,48,,FALSE,Female,,Primary,
24,98,,FALSE,Female,,Primary,
24,95,,FALSE,Female,,Primary,
24,14,,FALSE,Male,,Primary,
24,25,,FALSE,Male,,Primary,
24,21,,FALSE,Female,,Primary,
24,22,,FALSE,Female,,Primary,
24,53,,FALSE,Male,,Primary,
24,47,,FALSE,Male,,Primary,
23,29,,FALSE,Female,,Primary,
23,31,,FALSE,Female,,Primary,
24,52,,FALSE,Male,,Primary,
24,52,,FALSE,Male,,Primary,
23,28,,FALSE,Male,,Primary,
24,27,,FALSE,Male,,Primary,
25,36,,FALSE,Female,,Primary,
25,36,,FALSE,Female,,Primary,
23,64,,FALSE,Female,,Primary,
23,63,,FALSE,Female,,Primary,
24,55,,FALSE,Female,,Primary,
24,35,,FALSE,Female,,Primary,
24,85,,FALSE,Male,,Primary,
24,83,,FALSE,Female,,Primary,
25,47,,FALSE,Female,,Primary,
25,49,,FALSE,Male,,Primary,
24,74,,FALSE,Female,,Primary,
24,77,,FALSE,Female,,Primary,
24,4,,FALSE,Female,,Primary,
26,5,,FALSE,Male,,Primary,
24,13,,FALSE,Female,,Primary,
24,9,,FALSE,Female,,Primary,
26,99,,FALSE,Male,,Primary,
26,90,,FALSE,Male,,Primary,
24,21,,FALSE,Female,,Primary,
24,23,,FALSE,Male,,Primary,
23,23,,FALSE,Male,,Primary,
23,47,,FALSE,Male,,Primary,
24,65,,FALSE,Male,,Primary,
24,58,,FALSE,Male,,Primary,
23,43,,FALSE,Female,,Primary,
23,44,,FALSE,Female,,Primary,
24,59,,FALSE,Female,,Primary,
24,51,,FALSE,Female,,Primary,
24,12,,FALSE,Female,,Primary,
24,13,,FALSE,Male,,Primary,
27,3,,FALSE,Female,,Primary,
27,1,,FALSE,Male,,Primary,
24,100,,FALSE,Male,,Primary,
24,58,,FALSE,Female,,Primary,
24,35,,FALSE,Female,,Primary,
24,32,,FALSE,Female,,Primary,
25,58,,FALSE,Female,,Primary,
25,59,,FALSE,Female,,Primary,
24,19,,FALSE,Male,,Primary,
24,20,,FALSE,Male,,Primary,
24,8,,FALSE,Female,,Primary,
24,11,,FALSE,Female,,Primary,
24,69,,FALSE,Female,,Primary,
24,73,,FALSE,Female,,Primary,
24,48,,FALSE,Female,,Primary,
24,50,,FALSE,Male,,Primary,
23,7,,FALSE,Male,,Primary,
23,10,,FALSE,Male,,Primary,
25,38,,FALSE,Male,,Primary,
25,37,,FALSE,Male,,Primary,
24,96,,FALSE,Male,,Primary,
24,82,,FALSE,Male,,Primary,
23,44,,FALSE,Female,,Primary,
23,44,,FALSE,Female,,Primary,
24,62,,FALSE,Male,,Primary,
24,66,,FALSE,Female,,Primary,
24,61,,FALSE,Female,,Primary,
24,54,,FALSE,Male,,Primary,
24,62,,FALSE,Male,,Primary,
24,72,,FALSE,Female,,Primary,
23,35,,FALSE,Female,,Secondary,
23,36,,FALSE,Female,,Secondary,
24,11,,FALSE,Male,,Secondary,
24,11,,FALSE,Male,,Secondary,
23,33,,FALSE,Female,,Secondary,
23,25,,FALSE,Male,,Secondary,
23,90,,FALSE,Female,,Secondary,
23,94,,FALSE,Male,,Secondary,
24,56,,FALSE,Female,,Secondary,
24,62,,FALSE,Female,,Secondary,
24,66,,FALSE,Female,,Secondary,
24,24,,FALSE,Male,,Secondary,
23,34,,FALSE,Male,,Secondary,
23,35,,FALSE,Male,,Secondary,
24,71,,FALSE,Female,,Secondary,
24,71,,FALSE,Male,,Secondary,
24,17,,FALSE,Female,,Secondary,
24,15,,FALSE,Female,,Secondary,
25,14,,FALSE,Male,,Secondary,
25,11,,FALSE,Male,,Secondary,
24,84,,FALSE,Female,,Secondary,
24,83,,FALSE,Female,,Secondary,
24,43,,FALSE,Female,,Secondary,
24,50,,FALSE,Female,,Secondary,
27,66,,FALSE,Female,,Secondary,
27,67,,FALSE,Female,,Secondary,
23,48,,FALSE,Female,,Secondary,
23,74,,FALSE,Female,,Secondary,
24,40,,FALSE,Male,,Secondary,
24,66,,FALSE,Female,,Secondary,
24,34,,FALSE,Male,,Secondary,
24,41,,FALSE,Female,,Secondary,
25,85,,FALSE,Female,,Secondary,
25,84,,FALSE,Female,,Secondary,
23,28,,FALSE,Male,,Secondary,
23,14,,FALSE,Male,,Secondary,
24,51,,FALSE,Female,,Secondary,
24,60,,FALSE,Female,,Secondary,
24,100,,FALSE,Female,,Secondary,
24,100,,FALSE,Female,,Secondary,
24,53,,FALSE,Male,,Secondary,
24,57,,FALSE,Male,,Secondary,
24,17,,FALSE,Male,,Secondary,
24,16,,FALSE,Male,,Secondary,
23,88,,FALSE,Female,,Secondary,
23,87,,FALSE,Female,,Secondary,
24,49,,FALSE,Female,,Secondary,
24,46,,FALSE,Female,,Secondary,
24,40,,FALSE,Female,,Secondary,
24,39,,FALSE,Female,,Secondary,
24,42,,FALSE,Male,,Secondary,
24,55,,FALSE,Female,,Secondary,
24,61,,FALSE,Male,,Secondary,
23,54,,FALSE,Female,,Secondary,
24,67,,FALSE,Female,,Secondary,
24,70,,FALSE,Female,,Secondary,
24,19,,FALSE,Male,,Secondary,
25,22,,FALSE,Male,,Secondary,
23,37,,FALSE,Male,,Secondary,
24,97,,FALSE,Female,,Secondary,
24,30,,FALSE,Male,,Secondary,
24,44,,FALSE,Male,,Secondary,
23,26,,FALSE,Female,,Secondary,
23,26,,FALSE,Female,,Secondary,
25,86,,FALSE,Female,,Secondary,
26,84,,FALSE,Female,,Secondary,
28,87,,FALSE,Female,,Secondary,
28,74,,FALSE,Female,,Secondary,
27,77,,FALSE,Female,,Secondary,
27,70,,FALSE,Female,,Secondary,
24,24,,FALSE,Female,,Secondary,
24,25,,FALSE,Male,,Secondary,
24,44,,FALSE,Female,,Secondary,
24,41,,FALSE,Male,,Secondary,
23,56,,FALSE,Male,,Secondary,
23,53,,FALSE,Male,,Secondary,
23,60,,FALSE,Male,,Secondary,
24,55,,FALSE,Male,,Secondary,
23,25,,FALSE,Female,,Secondary,
23,20,,FALSE,Male,,Secondary,
24,68,,FALSE,Female,,Secondary,
25,76,,FALSE,Male,,Secondary,
24,39,,FALSE,Male,,Secondary,
24,38,,FALSE,Male,,Secondary,
23,47,,FALSE,Female,,Secondary,
23,48,,FALSE,Female,,Secondary,
24,31,,FALSE,Male,,Secondary,
24,33,,FALSE,Female,,Secondary,
25,64,,FALSE,Female,,Secondary,
25,55,,FALSE,Male,,Secondary,
25,63,,FALSE,Female,,Secondary,
25,64,,FALSE,Female,,Secondary,
24,21,,FALSE,Female,,Secondary,
24,30,,FALSE,Female,,Secondary,
24,28,,FALSE,Male,,Secondary,
24,25,,FALSE,Male,,Secondary,
24,52,,FALSE,Male,,Secondary,
24,27,,FALSE,Male,,Secondary,
25,57,,FALSE,Female,,Secondary,
25,65,,FALSE,Female,,Secondary,
23,67,,FALSE,Female,,Secondary,
23,100,,FALSE,Female,,Secondary,
24,39,,FALSE,Male,,Secondary,
24,41,,FALSE,Female,,Secondary,
24,36,,FALSE,Female,,Secondary,
24,43,,FALSE,Female,,Secondary,
25,99,,FALSE,Female,,Secondary,
25,96,,FALSE,Female,,Secondary,
23,24,,FALSE,Female,,Secondary,
23,39,,FALSE,Male,,Secondary,
23,28,,FALSE,Male,,Secondary,
23,28,,FALSE,Female,,Secondary,
24,32,,FALSE,Male,,Secondary,
24,21,,FALSE,Female,,Secondary,
30,99,,FALSE,Female,,Secondary,
30,100,,FALSE,Male,,Secondary,
30,38,,FALSE,Male,,Secondary,
30,39,,FALSE,Male,,Secondary,
25,87,,FALSE,Female,,Secondary,
26,92,,FALSE,Male,,Secondary,
24,29,,FALSE,Male,,Secondary,
24,30,,FALSE,Female,,Secondary,
24,31,,FALSE,Male,,Secondary,
24,19,,FALSE,Male,,Secondary,
24,70,,FALSE,Male,,Secondary,
24,72,,FALSE,Male,,Secondary,
23,34,,FALSE,Male,,Secondary,
23,50,,FALSE,Female,,Secondary,
24,53,,FALSE,Female,,Secondary,
24,59,,FALSE,Female,,Secondary,
24,85,,FALSE,Female,,Secondary,
24,86,,FALSE,Female,,Secondary,
24,73,,FALSE,Female,,Secondary,
24,73,,FALSE,Female,,Secondary,
24,25,,FALSE,Male,,Secondary,
24,17,,FALSE,Male,,Secondary,
24,56,,FALSE,Female,,Secondary,
24,52,,FALSE,Male,,Secondary,
24,16,,FALSE,Male,,Secondary,
24,10,,FALSE,Male,,Secondary,
23,35,,FALSE,Male,,Secondary,
23,35,,FALSE,Male,,Secondary,
23,58,,FALSE,Male,,Secondary,
24,51,,FALSE,Male,,Secondary,
24,54,,FALSE,Female,,Secondary,
24,54,,FALSE,Female,,Secondary,
22,62,,FALSE,Male,,Secondary,
22,61,,FALSE,Male,,Secondary,
24,5,,FALSE,Male,,Secondary,
24,5,,FALSE,Male,,Secondary,
24,26,,FALSE,Male,,Secondary,
24,23,,FALSE,Male,,Secondary,
23,38,,FALSE,Male,,Secondary,
24,19,,FALSE,Male,,Secondary,
23,6,,FALSE,Female,,Secondary,
23,7,,FALSE,Female,,Secondary,
23,53,,FALSE,Female,,Secondary,
23,55,,FALSE,Female,,Secondary,
26,24,,FALSE,Male,,Secondary,
26,20,,FALSE,Female,,Secondary,
24,38,,FALSE,Male,,Secondary,
24,38,,FALSE,Male,,Secondary,
22,50,,FALSE,Female,,Secondary,
22,54,,FALSE,Female,,Secondary,
24,52,,FALSE,Female,,Secondary,
24,46,,FALSE,Female,,Secondary,
24,69,,FALSE,Male,,Secondary,
24,69,,FALSE,Male,,Secondary,
33,0,,FALSE,Male,,Secondary,
33,85,,FALSE,Female,,Secondary,
23,18,,FALSE,Female,,Secondary,
23,12,,FALSE,Male,,Secondary,
23,11,,FALSE,Male,,Secondary,
23,12,,FALSE,Male,,Secondary,
23,56,,FALSE,Female,,Secondary,
23,51,,FALSE,Female,,Secondary,
24,25,,FALSE,Male,,Secondary,
24,24,,FALSE,Male,,Secondary,
28,51,,FALSE,Female,,Secondary,
28,57,,FALSE,Female,,Secondary,
24,46,,FALSE,Male,,Secondary,
24,61,,FALSE,Female,,Secondary,
24,78,,FALSE,Female,,Secondary,
24,81,,FALSE,Female,,Secondary,
23,8,,FALSE,Male,,Secondary,
23,21,,FALSE,Male,,Secondary,
22,23,,FALSE,Male,,Secondary,
22,45,,FALSE,Female,,Secondary,
23,27,,FALSE,Male,,Secondary,
23,22,,FALSE,Female,,Secondary,
23,34,,FALSE,Female,,Secondary,
23,23,,FALSE,Male,,Secondary,
23,65,,FALSE,Female,,Secondary,
23,33,,FALSE,Female,,Secondary,
24,81,,FALSE,Female,,Secondary,
24,82,,FALSE,Female,,Secondary,
23,15,,FALSE,Male,,Secondary,
23,14,,FALSE,Male,,Secondary,
25,89,,FALSE,Male,,Secondary,
25,89,,FALSE,Female,,Secondary,
24,97,,FALSE,Female,,Secondary,
24,92,,FALSE,Male,,Secondary,
24,22,,FALSE,Male,,Secondary,
24,20,,FALSE,Male,,Secondary,
24,0,,FALSE,Male,,Secondary,
25,0,,FALSE,Male,,Secondary,
24,63,,FALSE,Male,,Secondary,
24,29,,FALSE,Male,,Secondary,
24,9,,FALSE,Female,,Secondary,
24,26,,FALSE,Female,,Secondary,
25,100,,FALSE,Female,,Secondary,
25,100,,FALSE,Female,,Secondary,
24,16,,FALSE,Female,,Secondary,
24,24,,FALSE,Male,,Secondary,
25,42,,FALSE,Female,,Secondary,
25,52,,FALSE,Female,,Secondary,
30,64,,FALSE,Male,,Secondary,
29,65,,FALSE,Male,,Secondary,
24,13,,FALSE,Male,,Secondary,
24,24,,FALSE,Male,,Secondary,
24,37,,FALSE,Male,,Secondary,
24,37,,FALSE,Female,,Secondary,
23,24,,FALSE,Female,,Secondary,
23,24,,FALSE,Female,,Secondary,
25,31,,FALSE,Female,,Secondary,
25,32,,FALSE,Female,,Secondary,
24,23,,FALSE,Female,,Secondary,
24,23,,FALSE,Male,,Secondary,
23,72,,FALSE,Male,,Secondary,
23,56,,FALSE,Female,,Secondary,
24,51,,FALSE,Male,,Secondary,
24,51,,FALSE,Male,,Secondary,
24,34,,FALSE,Male,,Secondary,
24,25,,FALSE,Male,,Secondary,
24,17,,FALSE,Male,,Secondary,
24,20,,FALSE,Male,,Secondary,
24,40,,FALSE,Female,,Secondary,
24,40,,FALSE,Female,,Secondary,
24,63,,FALSE,Female,,Secondary,
24,56,,FALSE,Male,,Secondary,
24,32,,FALSE,Male,,Secondary,
24,39,,FALSE,Female,,Secondary,
24,25,,FALSE,Female,,Secondary,
24,27,,FALSE,Female,,Secondary,
23,47,,FALSE,Male,,Secondary,
23,46,,FALSE,Male,,Secondary,
24,22,,FALSE,Male,,Secondary,
24,25,,FALSE,Female,,Secondary,
23,82,,FALSE,Male,,Secondary,
23,83,,FALSE,Female,,Secondary,
24,47,,FALSE,Female,,Secondary,
23,44,,FALSE,Male,,Secondary,
24,21,,FALSE,Female,,Secondary,
24,16,,FALSE,Male,,Secondary,
23,44,,FALSE,Male,,Secondary,
23,46,,FALSE,Female,,Secondary,
23,66,,FALSE,Male,,Secondary,
23,72,,FALSE,Female,,Secondary,
24,4,,FALSE,Male,,Secondary,
24,6,,FALSE,Male,,Secondary,
24,47,,FALSE,Male,,Secondary,
24,51,,FALSE,Male,,Secondary,
24,35,,FALSE,Male,,Secondary,
24,47,,FALSE,Female,,Secondary,
35,72,,FALSE,Female,,Secondary,
35,74,,FALSE,Male,,Secondary,
24,49,,FALSE,Female,,Secondary,
24,38,,FALSE,Male,,Secondary,
23,23,,FALSE,Female,,Secondary,
24,27,,FALSE,Female,,Secondary,
23,74,,FALSE,Male,,Secondary,
23,75,,FALSE,Male,,Secondary,
24,45,,FALSE,Male,,Secondary,
24,37,,FALSE,Female,,Secondary,
24,49,,FALSE,Male,,Secondary,
25,40,,FALSE,Male,,Secondary,
24,6,,FALSE,Male,,Secondary,
24,6,,FALSE,Male,,Secondary,
24,75,,FALSE,Male,,Secondary,
24,69,,FALSE,Male,,Secondary,
24,50,,FALSE,Male,,Secondary,
26,43,,FALSE,Male,,Secondary,
24,24,,FALSE,Female,,Secondary,
24,31,,FALSE,Female,,Secondary,
23,41,,FALSE,Female,,Secondary,
24,51,,FALSE,Female,,Secondary,
24,23,,FALSE,Female,,Secondary,
24,18,,FALSE,Male,,Secondary,
23,62,,FALSE,Male,,Secondary,
24,59,,FALSE,Male,,Secondary,
23,81,,FALSE,Female,,Secondary,
23,86,,FALSE,Female,,Secondary,
24,19,,FALSE,Male,,Secondary,
24,36,,FALSE,Female,,Secondary,
24,51,,FALSE,Male,,Secondary,
24,50,,FALSE,Female,,Secondary,
23,40,,FALSE,Female,,Secondary,
23,32,,FALSE,Female,,Secondary,
24,59,,FALSE,Female,,Secondary,
24,52,,FALSE,Female,,Secondary,
24,57,,FALSE,Female,,Secondary,
24,56,,FALSE,Female,,Secondary,
23,7,,FALSE,Male,,Secondary,
23,1,,FALSE,Male,,Secondary,
32,0,,FALSE,Male,,Secondary,
32,100,,FALSE,Male,,Secondary,
23,30,,FALSE,Female,,Secondary,
23,33,,FALSE,Female,,Secondary,
24,11,,FALSE,Male,,Secondary,
24,10,,FALSE,Male,,Secondary,
23,84,,FALSE,Female,,Secondary,
23,69,,FALSE,Male,,Secondary,
24,26,,FALSE,Female,,Secondary,
24,14,,FALSE,Female,,Secondary,
25,23,,FALSE,Female,,Secondary,
24,21,,FALSE,Female,,Secondary,
23,100,,FALSE,Female,,Secondary,
23,100,,FALSE,Female,,Secondary,
23,10,,FALSE,Female,,Secondary,
23,7,,FALSE,Female,,Secondary,
24,64,,FALSE,Female,,Secondary,
24,64,,FALSE,Female,,Secondary,
24,80,,FALSE,Male,,Secondary,
24,74,,FALSE,Female,,Secondary,
23,10,,FALSE,Female,,Secondary,
23,24,,FALSE,Female,,Secondary,
24,49,,FALSE,Male,,Secondary,
24,36,,FALSE,Female,,Secondary,
23,58,,FALSE,Female,,Secondary,
24,59,,FALSE,Male,,Secondary,
24,62,,FALSE,Male,,Secondary,
24,64,,FALSE,Male,,Secondary,
25,6,,FALSE,Male,,Secondary,
25,10,,FALSE,Male,,Secondary,
24,9,,FALSE,Male,,Secondary,
24,13,,FALSE,Male,,Secondary,
24,20,,FALSE,Female,,Secondary,
24,44,,FALSE,Female,,Secondary,
24,41,,FALSE,Female,,Secondary,
24,25,,FALSE,Male,,Secondary,
26,74,,FALSE,Male,,Secondary,
26,73,,FALSE,Male,,Secondary,
24,58,,FALSE,Male,,Secondary,
24,53,,FALSE,Male,,Secondary,
22,0,,FALSE,Female,,Secondary,
22,0,,FALSE,Female,,Secondary,
24,32,,FALSE,Male,,Secondary,
24,13,,FALSE,Male,,Secondary,
24,47,,FALSE,Male,,Secondary,
24,49,,FALSE,Male,,Secondary,
24,66,,FALSE,Male,,Secondary,
24,63,,FALSE,Male,,Secondary,
23,77,,FALSE,Male,,Secondary,
23,74,,FALSE,Female,,Secondary,
23,50,,FALSE,Male,,Secondary,
23,54,,FALSE,Female,,Secondary,
24,61,,FALSE,Female,,Secondary,
24,58,,FALSE,Female,,Secondary,
25,72,,FALSE,Male,,Secondary,
25,76,,FALSE,Female,,Secondary,
24,85,,FALSE,Male,,Secondary,
24,56,,FALSE,Male,,Secondary,
24,35,,FALSE,Male,,Secondary,
24,8,,FALSE,Male,,Secondary,
23,54,,FALSE,Male,,Secondary,
23,54,,FALSE,Female,,Secondary,
23,0,,FALSE,Female,,Secondary,
23,0,,FALSE,Male,,Secondary,
24,56,,FALSE,Female,,Secondary,
24,61,,FALSE,Female,,Secondary,
23,47,,FALSE,Female,,Secondary,
23,49,,FALSE,Male,,Secondary,
24,60,,FALSE,Female,,Secondary,
24,60,,FALSE,Female,,Secondary,
23,66,,FALSE,Male,,Secondary,
23,68,,FALSE,Female,,Secondary,
27,39,,FALSE,Female,,Secondary,
27,49,,FALSE,Female,,Secondary,
24,87,,FALSE,Female,,Secondary,
24,88,,FALSE,Female,,Secondary,
24,73,,FALSE,Female,,Secondary,
24,71,,FALSE,Male,,Secondary,
24,55,,FALSE,Female,,Secondary,
24,44,,FALSE,Male,,Secondary,
23,38,,FALSE,Female,,Secondary,
23,39,,FALSE,Female,,Secondary,
24,44,,FALSE,Male,,Secondary,
24,42,,FALSE,Male,,Secondary,
24,56,,FALSE,Male,,Secondary,
24,55,,FALSE,Male,,Secondary,
24,60,,FALSE,Male,,Secondary,
24,59,,FALSE,Male,,Secondary,
23,63,,FALSE,Female,,Secondary,
23,69,,FALSE,Female,,Secondary,
24,34,,FALSE,Female,,Secondary,
24,34,,FALSE,Female,,Secondary,
24,33,,FALSE,Male,,Secondary,
24,36,,FALSE,Male,,Secondary,
23,48,,FALSE,Female,,Secondary,
23,43,,FALSE,Female,,Secondary,
24,100,,FALSE,Male,,Secondary,
24,100,,FALSE,Female,,Secondary,
25,80,,FALSE,Male,,Secondary,
25,57,,FALSE,Male,,Secondary,
28,27,,FALSE,Male,,Secondary,
23,32,,FALSE,Male,,Secondary,
24,77,,FALSE,Female,,Secondary,
24,79,,FALSE,Female,,Secondary,
24,14,,FALSE,Female,,Secondary,
24,14,,FALSE,Female,,Secondary,
25,95,,FALSE,Female,,Secondary,
24,95,,FALSE,Female,,Secondary,
24,57,,FALSE,Female,,Secondary,
24,54,,FALSE,Female,,Secondary,
25,100,,FALSE,Male,,Secondary,
25,100,,FALSE,Male,,Secondary,
24,78,,FALSE,Female,,Secondary,
24,100,,FALSE,Female,,Secondary,
23,30,,FALSE,Male,,Secondary,
23,71,,FALSE,Female,,Secondary,
24,51,,FALSE,Female,,Secondary,
24,44,,FALSE,Male,,Secondary,
23,36,,FALSE,Male,,Secondary,
23,38,,FALSE,Male,,Secondary,
24,56,,FALSE,Female,,Secondary,
24,55,,FALSE,Female,,Secondary,
24,83,,FALSE,Female,,Secondary,
24,83,,FALSE,Female,,Secondary,
27,33,,FALSE,Female,,Secondary,
27,42,,FALSE,Female,,Secondary,
24,56,,FALSE,Male,,Secondary,
24,54,,FALSE,Female,,Secondary,
24,55,,FALSE,Female,,Secondary,
24,58,,FALSE,Male,,Secondary,
23,45,,FALSE,Male,,Secondary,
23,46,,FALSE,Male,,Secondary,
24,59,,FALSE,Male,,Secondary,
24,62,,FALSE,Female,,Secondary,
23,42,,FALSE,Male,,Secondary,
23,24,,FALSE,Male,,Secondary,
24,57,,FALSE,Male,,Secondary,
24,53,,FALSE,Female,,Secondary,
24,18,,FALSE,Female,,Secondary,
24,28,,FALSE,Female,,Secondary,
24,35,,FALSE,Female,,Secondary,
24,48,,FALSE,Female,,Secondary,
24,18,,FALSE,Female,,Secondary,
24,15,,FALSE,Female,,Secondary,
24,36,,FALSE,Female,,Secondary,
23,41,,FALSE,Female,,Secondary,
24,87,,FALSE,Female,,Secondary,
24,85,,FALSE,Male,,Secondary,
24,62,,FALSE,Female,,Secondary,
24,57,,FALSE,Female,,Secondary,
24,100,,FALSE,Female,,Secondary,
24,27,,FALSE,Female,,Secondary,
24,21,,FALSE,Male,,Secondary,
24,49,,FALSE,Female,,Secondary,
24,19,,FALSE,Male,,Secondary,
24,34,,FALSE,Male,,Secondary,
24,43,,FALSE,Female,,Secondary,
24,35,,FALSE,Male,,Secondary,
24,86,,FALSE,Female,,Secondary,
24,87,,FALSE,Male,,Secondary,
25,43,,FALSE,Male,,Secondary,
25,31,,FALSE,Male,,Secondary,
23,15,,FALSE,Male,,Secondary,
23,13,,FALSE,Male,,Secondary,
25,56,,FALSE,Male,,Secondary,
25,57,,FALSE,Female,,Secondary,
23,31,,FALSE,Female,,Secondary,
23,25,,FALSE,Female,,Secondary,
23,37,,FALSE,Male,,Secondary,
24,43,,FALSE,Male,,Secondary,
25,94,,FALSE,Female,,Secondary,
25,37,,FALSE,Male,,Secondary,
24,80,,FALSE,Female,,Secondary,
24,79,,FALSE,Male,,Secondary,
24,31,,FALSE,Male,,Secondary,
24,37,,FALSE,Male,,Secondary,
24,29,,FALSE,Male,,Secondary,
24,39,,FALSE,Female,,Secondary,
23,83,,FALSE,Male,,Secondary,
23,91,,FALSE,Female,,Secondary,
24,78,,FALSE,Female,,Secondary,
24,73,,FALSE,Female,,Secondary,
24,14,,FALSE,Male,,Secondary,
24,11,,FALSE,Male,,Secondary,
24,16,,FALSE,Female,,Secondary,
24,14,,FALSE,Female,,Secondary,
24,54,,FALSE,Female,,Secondary,
24,43,,FALSE,Male,,Secondary,
24,81,,FALSE,Female,,Secondary,
24,82,,FALSE,Male,,Secondary,
25,99,,FALSE,Female,,Secondary,
25,99,,FALSE,Female,,Secondary,
24,45,,FALSE,Female,,Secondary,
26,52,,FALSE,Female,,Secondary,
24,63,,FALSE,Female,,Secondary,
24,75,,FALSE,Female,,Secondary,
24,86,,FALSE,Female,,Secondary,
24,86,,FALSE,Female,,Secondary,
24,33,,FALSE,Male,,Secondary,
23,37,,FALSE,Male,,Secondary,
24,76,,FALSE,Female,,Secondary,
24,77,,FALSE,Female,,Secondary,
26,83,,FALSE,Male,,Secondary,
26,82,,FALSE,Male,,Secondary,
24,46,,FALSE,Male,,Secondary,
24,48,,FALSE,Female,,Secondary,
23,85,,FALSE,Female,,Secondary,
23,100,,FALSE,Female,,Secondary,
24,67,,FALSE,Female,,Secondary,
24,62,,FALSE,Female,,Secondary,
24,11,,FALSE,Male,,Secondary,
24,10,,FALSE,Male,,Secondary,
24,4,,FALSE,Male,,Secondary,
24,14,,FALSE,Male,,Secondary,
23,52,,FALSE,Female,,Secondary,
23,48,,FALSE,Male,,Secondary,
23,95,,FALSE,Female,,Secondary,
23,94,,FALSE,Female,,Secondary,
25,47,,FALSE,Female,,Secondary,
25,10,,FALSE,Male,,Secondary,
24,40,,FALSE,Female,,Secondary,
24,54,,FALSE,Female,,Secondary,
24,28,,FALSE,Male,,Secondary,
24,28,,FALSE,Male,,Secondary,
24,43,,FALSE,Male,,Secondary,
24,41,,FALSE,Male,,Secondary,
28,88,,FALSE,Female,,Secondary,
28,81,,FALSE,Female,,Secondary,
23,59,,FALSE,Male,,Secondary,
23,59,,FALSE,Female,,Secondary,
24,85,,FALSE,Female,,Secondary,
24,90,,FALSE,Female,,Secondary,
23,59,,FALSE,Male,,Secondary,
23,52,,FALSE,Male,,Secondary,
23,13,,FALSE,Male,,Secondary,
23,17,,FALSE,Male,,Secondary,
25,97,,FALSE,Female,,Secondary,
24,99,,FALSE,Male,,Secondary,
25,73,,FALSE,Female,,Secondary,
25,73,,FALSE,Female,,Secondary,
24,6,,FALSE,Male,,Secondary,
24,19,,FALSE,Male,,Secondary,
24,69,,FALSE,Female,,Secondary,
23,66,,FALSE,Male,,Secondary,
24,1,,FALSE,Male,,Secondary,
24,71,,FALSE,Male,,Secondary,
24,36,,FALSE,Male,,Secondary,
24,49,,FALSE,Female,,Secondary,
24,62,,FALSE,Male,,Secondary,
24,73,,FALSE,Male,,Secondary,
24,61,,FALSE,Male,,Secondary,
24,44,,FALSE,Male,,Secondary,
24,25,,FALSE,Male,,Secondary,
23,22,,FALSE,Male,,Secondary,
23,65,,FALSE,Male,,Secondary,
23,81,,FALSE,Female,,Secondary,
24,36,,FALSE,Female,,Secondary,
24,44,,FALSE,Female,,Secondary,
23,76,,FALSE,Female,,Secondary,
23,76,,FALSE,Female,,Secondary,
23,30,,FALSE,Male,,Secondary,
23,31,,FALSE,Male,,Secondary,
25,35,,FALSE,Female,,Secondary,
25,29,,FALSE,Male,,Secondary,
24,35,,FALSE,Female,,Secondary,
24,37,,FALSE,Male,,Secondary,
24,99,,FALSE,Female,,Secondary,
24,97,,FALSE,Male,,Secondary,
22,36,,FALSE,Male,,Secondary,
22,29,,FALSE,Male,,Secondary,
25,69,,FALSE,Male,,Secondary,
25,59,,FALSE,Male,,Secondary,
23,37,,FALSE,Male,,Secondary,
23,52,,FALSE,Female,,Secondary,
24,35,,FALSE,Female,,Secondary,
24,33,,FALSE,Female,,Secondary,
22,66,,FALSE,Male,,Secondary,
22,75,,FALSE,Male,,Secondary,
24,52,,FALSE,Female,,Secondary,
24,53,,FALSE,Female,,Secondary,
24,19,,FALSE,Female,,Secondary,
24,22,,FALSE,Female,,Secondary,
24,13,,FALSE,Male,,Secondary,
24,7,,FALSE,Female,,Secondary,
22,47,,FALSE,Male,,Secondary,
24,55,,FALSE,Female,,Secondary,
24,65,,FALSE,Male,,Secondary,
24,69,,FALSE,Female,,Secondary,
24,52,,FALSE,Female,,Secondary,
24,24,,FALSE,Female,,Secondary,
23,37,,FALSE,Male,,Secondary,
23,41,,FALSE,Male,,Secondary,
24,39,,FALSE,Female,,Secondary,
24,39,,FALSE,Female,,Secondary,
24,75,,FALSE,Female,,Secondary,
24,66,,FALSE,Female,,Secondary,
23,0,,FALSE,Female,,Secondary,
23,0,,FALSE,Female,,Secondary,
24,30,,FALSE,Male,,Secondary,
24,27,,FALSE,Male,,Secondary,
23,11,,FALSE,Female,,Secondary,
23,12,,FALSE,Male,,Secondary,
23,28,,FALSE,Female,,Secondary,
23,28,,FALSE,Female,,Secondary,
24,28,,FALSE,Female,,Secondary,
24,27,,FALSE,Female,,Secondary,
23,22,,FALSE,Male,,Secondary,
23,26,,FALSE,Female,,Secondary,
24,51,,FALSE,Male,,Secondary,
24,56,,FALSE,Female,,Secondary,
23,52,,FALSE,Male,,Secondary,
24,63,,FALSE,Male,,Secondary,
24,39,,FALSE,Male,,Secondary,
21,54,,FALSE,Female,,Secondary,
24,34,,FALSE,Male,,Secondary,
24,35,,FALSE,Male,,Secondary,
24,65,,FALSE,Female,,Secondary,
24,53,,FALSE,Female,,Secondary,
24,84,,FALSE,Female,,Secondary,
24,84,,FALSE,Male,,Secondary,
25,84,,FALSE,Male,,Secondary,
25,82,,FALSE,Male,,Secondary,
24,28,,FALSE,Female,,Secondary,
24,32,,FALSE,Female,,Secondary,
23,11,,FALSE,Male,,Secondary,
23,22,,FALSE,Female,,Secondary,
24,11,,FALSE,Male,,Secondary,
24,4,,FALSE,Male,,Secondary,
24,72,,FALSE,Female,,Secondary,
24,76,,FALSE,Female,,Secondary,
24,82,,FALSE,Female,,Secondary,
23,78,,FALSE,Male,,Secondary,
23,31,,FALSE,Male,,Secondary,
23,7,,FALSE,Male,,Secondary,
23,21,,FALSE,Male,,Secondary,
23,48,,FALSE,Female,,Secondary,
24,83,,FALSE,Male,,Secondary,
23,81,,FALSE,Male,,Secondary,
23,94,,FALSE,Female,,Secondary,
24,100,,FALSE,Male,,Secondary,
24,18,,FALSE,Female,,Secondary,
24,13,,FALSE,Male,,Secondary,
23,53,,FALSE,Female,,Secondary,
23,39,,FALSE,Male,,Secondary,
23,28,,FALSE,Female,,Secondary,
23,22,,FALSE,Female,,Secondary,
24,76,,FALSE,Female,,Secondary,
24,73,,FALSE,Female,,Secondary,
24,33,,FALSE,Male,,Secondary,
24,23,,FALSE,Female,,Secondary,
23,62,,FALSE,Female,,Secondary,
23,53,,FALSE,Female,,Secondary,
23,78,,FALSE,Female,,Secondary,
23,73,,FALSE,Female,,Secondary,
24,48,,FALSE,Female,,Secondary,
24,51,,FALSE,Female,,Secondary,
24,38,,FALSE,Male,,Secondary,
24,27,,FALSE,Female,,Secondary,
22,19,,FALSE,Female,,Secondary,
22,27,,FALSE,Female,,Secondary,
24,64,,FALSE,Male,,Secondary,
24,70,,FALSE,Male,,Secondary,
25,18,,FALSE,Male,,Secondary,
25,28,,FALSE,Female,,Secondary,
23,74,,FALSE,Female,,Secondary,
23,67,,FALSE,Female,,Secondary,
24,50,,FALSE,Female,,Secondary,
24,50,,FALSE,Female,,Secondary,
24,51,,FALSE,Male,,Secondary,
24,52,,FALSE,Male,,Secondary,
26,28,,FALSE,Female,,Secondary,
26,42,,FALSE,Female,,Secondary,
24,41,,FALSE,Male,,Secondary,
24,40,,FALSE,Female,,Secondary,
24,34,,FALSE,Male,,Secondary,
24,72,,FALSE,Male,,Secondary,
25,26,,FALSE,Male,,Secondary,
25,25,,FALSE,Female,,Secondary,
24,65,,FALSE,Male,,Secondary,
24,63,,FALSE,Female,,Secondary,
24,77,,FALSE,Male,,Secondary,
24,93,,FALSE,Female,,Secondary,
24,69,,FALSE,Female,,Secondary,
24,68,,FALSE,Female,,Secondary,
24,14,,FALSE,Male,,Secondary,
24,13,,FALSE,Female,,Secondary,
24,71,,FALSE,Male,,Secondary,
24,73,,FALSE,Female,,Secondary,
24,19,,FALSE,Female,,Secondary,
24,17,,FALSE,Female,,Secondary,
23,14,,FALSE,Male,,Secondary,
24,14,,FALSE,Male,,Secondary,
24,70,,FALSE,Female,,Secondary,
24,67,,FALSE,Male,,Secondary,
23,66,,FALSE,Female,,Secondary,
23,66,,FALSE,Female,,Secondary,
25,35,,FALSE,Male,,Secondary,
24,33,,FALSE,Male,,Secondary,
24,9,,FALSE,Male,,Secondary,
24,7,,FALSE,Female,,Secondary,
23,20,,FALSE,Male,,Secondary,
23,20,,FALSE,Male,,Secondary,
24,95,,FALSE,Male,,Secondary,
25,95,,FALSE,Male,,Secondary,
24,20,,FALSE,Female,,Secondary,
24,19,,FALSE,Female,,Secondary,
22,45,,FALSE,Male,,Secondary,
22,21,,FALSE,Female,,Secondary,
23,42,,FALSE,Male,,Secondary,
23,48,,FALSE,Male,,Secondary,
24,55,,FALSE,Male,,Secondary,
24,55,,FALSE,Male,,Secondary,
24,34,,FALSE,Female,,Secondary,
24,80,,FALSE,Male,,Secondary,
24,47,,FALSE,Male,,Secondary,
24,26,,FALSE,Female,,Secondary,
23,28,,FALSE,Male,,Secondary,
23,27,,FALSE,Male,,Secondary,
24,20,,FALSE,Male,,Secondary,
24,47,,FALSE,Female,,Secondary,
24,15,,FALSE,Female,,Secondary,
24,15,,FALSE,Male,,Secondary,
23,23,,FALSE,Female,,Secondary,
24,27,,FALSE,Female,,Secondary,
24,98,,FALSE,Male,,Secondary,
24,96,,FALSE,Female,,Secondary,
26,72,,FALSE,Female,,Secondary,
26,68,,FALSE,Male,,Secondary,
23,39,,FALSE,Male,,Secondary,
23,36,,FALSE,Male,,Secondary,
26,59,,FALSE,Male,,Secondary,
26,62,,FALSE,Male,,Secondary,
24,59,,FALSE,Male,,Secondary,
24,60,,FALSE,Female,,Secondary,
24,61,,FALSE,Female,,Secondary,
24,60,,FALSE,Male,,Secondary,
23,32,,FALSE,Male,,Secondary,
23,25,,FALSE,Male,,Secondary,
24,76,,FALSE,Female,,Secondary,
24,71,,FALSE,Male,,Secondary,
24,39,,FALSE,Male,,Secondary,
24,41,,FALSE,Male,,Secondary,
24,69,,FALSE,Female,,Secondary,
24,62,,FALSE,Female,,Secondary,
23,39,,FALSE,Female,,Secondary,
23,35,,FALSE,Female,,Secondary,
24,25,,FALSE,Male,,Secondary,
24,33,,FALSE,Male,,Secondary,
26,41,,FALSE,Male,,Secondary,
24,32,,FALSE,Male,,Secondary,
24,30,,FALSE,Male,,Secondary,
24,31,,FALSE,Male,,Secondary,
25,64,,FALSE,Female,,Secondary,
25,45,,FALSE,Male,,Secondary,
24,47,,FALSE,Male,,Secondary,
24,47,,FALSE,Female,,Secondary,
23,22,,FALSE,Female,,Secondary,
24,25,,FALSE,Female,,Secondary,
24,31,,FALSE,Male,,Secondary,
24,31,,FALSE,Male,,Secondary,
23,27,,FALSE,Female,,Secondary,
23,30,,FALSE,Female,,Secondary,
24,17,,FALSE,Male,,Secondary,
24,17,,FALSE,Male,,Secondary,
24,68,,FALSE,Male,,Secondary,
24,71,,FALSE,Female,,Secondary,
24,34,,FALSE,Female,,Secondary,
24,28,,FALSE,Male,,Secondary,
26,76,,FALSE,Female,,Secondary,
26,72,,FALSE,Female,,Secondary,
24,51,,FALSE,Male,,Secondary,
24,64,,FALSE,Male,,Secondary,
25,67,,FALSE,Male,,Secondary,
25,69,,FALSE,Male,,Secondary,
24,45,,FALSE,Female,,Secondary,
24,46,,FALSE,Female,,Secondary,
24,36,,FALSE,Male,,Secondary,
24,32,,FALSE,Male,,Secondary,
24,70,,FALSE,Male,,Secondary,
24,70,,FALSE,Female,,Secondary,
24,19,,FALSE,Male,,Secondary,
24,32,,FALSE,Male,,Secondary,
24,39,,FALSE,Female,,Secondary,
24,24,,FALSE,Female,,Secondary,
24,50,,FALSE,Female,,Secondary,
24,43,,FALSE,Female,,Secondary,
23,46,,FALSE,Male,,Secondary,
23,50,,FALSE,Female,,Secondary,
24,88,,FALSE,Male,,Secondary,
24,88,,FALSE,Male,,Secondary,
24,47,,FALSE,Female,,Secondary,
24,45,,FALSE,Male,,Secondary,
26,43,,FALSE,Male,,Secondary,
26,59,,FALSE,Male,,Secondary,
23,74,,FALSE,Female,,Secondary,
24,58,,FALSE,Female,,Secondary,
24,54,,FALSE,Female,,Secondary,
24,58,,FALSE,Female,,Secondary,
23,20,,FALSE,Female,,Secondary,
23,20,,FALSE,Female,,Secondary,
23,40,,FALSE,Male,,Secondary,
23,39,,FALSE,Female,,Secondary,
25,66,,FALSE,Female,,Secondary,
25,72,,FALSE,Female,,Secondary,
24,70,,FALSE,Female,,Secondary,
24,69,,FALSE,Female,,Secondary,
24,54,,FALSE,Male,,Secondary,
24,48,,FALSE,Male,,Secondary,
24,62,,FALSE,Male,,Secondary,
24,73,,FALSE,Female,,Secondary,
24,72,,FALSE,Male,,Secondary,
24,69,,FALSE,Male,,Secondary,
23,65,,FALSE,Male,,Secondary,
23,72,,FALSE,Male,,Secondary,
23,0,,FALSE,Male,,Secondary,
23,95,,FALSE,Male,,Secondary,
24,38,,FALSE,Male,,Secondary,
24,33,,FALSE,Female,,Secondary,
24,50,,FALSE,Male,,Secondary,
24,49,,FALSE,Male,,Secondary,
25,35,,FALSE,Male,,Secondary,
24,52,,FALSE,Male,,Secondary,
24,15,,FALSE,Male,,Secondary,
24,17,,FALSE,Male,,Secondary,
25,21,,FALSE,Male,,Secondary,
25,21,,FALSE,Female,,Secondary,
24,25,,FALSE,Male,,Secondary,
24,35,,FALSE,Male,,Secondary,
24,19,,FALSE,Male,,Secondary,
24,18,,FALSE,Male,,Secondary,
24,35,,FALSE,Female,,Secondary,
24,37,,FALSE,Female,,Secondary,
24,59,,FALSE,Female,,Secondary,
24,51,,FALSE,Female,,Secondary,
24,89,,FALSE,Female,,Secondary,
24,97,,FALSE,Female,,Secondary,
24,25,,FALSE,Male,,Secondary,
24,23,,FALSE,Female,,Secondary,
24,96,,FALSE,Male,,Secondary,
24,0,,FALSE,Male,,Secondary,
24,44,,FALSE,Male,,Secondary,
24,48,,FALSE,Male,,Secondary,
27,73,,FALSE,Female,,Secondary,
27,72,,FALSE,Male,,Secondary,
24,8,,FALSE,Male,,Secondary,
24,15,,FALSE,Female,,Secondary,
24,84,,FALSE,Female,,Secondary,
24,92,,FALSE,Female,,Secondary,
24,9,,FALSE,Male,,Secondary,
24,10,,FALSE,Male,,Secondary,
24,66,,FALSE,Female,,Secondary,
24,52,,FALSE,Female,,Secondary,
26,74,,FALSE,Female,,Secondary,
26,73,,FALSE,Female,,Secondary,
24,19,,FALSE,Female,,Secondary,
24,7,,FALSE,Male,,Secondary,
24,46,,FALSE,Female,,Secondary,
24,37,,FALSE,Female,,Secondary,
24,38,,FALSE,Female,,Secondary,
24,35,,FALSE,Male,,Secondary,
24,46,,FALSE,Male,,Secondary,
24,62,,FALSE,Female,,Secondary,
24,38,,FALSE,Female,,Secondary,
24,35,,FALSE,Female,,Secondary,
24,33,,FALSE,Female,,Secondary,
24,0,,FALSE,Male,,Secondary,
24,45,,FALSE,Male,,Secondary,
24,51,,FALSE,Female,,Secondary,
24,19,,FALSE,Male,,Secondary,
24,31,,FALSE,Female,,Secondary,
24,39,,FALSE,Male,,Secondary,
24,50,,FALSE,Male,,Secondary,
24,50,,FALSE,Male,,Secondary,
23,58,,FALSE,Female,,Secondary,
24,32,,FALSE,Male,,Secondary,
24,46,,FALSE,Female,,Secondary,
23,38,,FALSE,Male,,Secondary,
23,42,,FALSE,Male,,Secondary,
24,31,,FALSE,Male,,Secondary,
24,61,,FALSE,Female,,Secondary,
22,21,,FALSE,Male,,Secondary,
22,29,,FALSE,Female,,Secondary,
23,96,,FALSE,Male,,Secondary,
23,95,,FALSE,Male,,Secondary,
24,34,,FALSE,Male,,Secondary,
24,26,,FALSE,Male,,Secondary,
24,82,,FALSE,Female,,Secondary,
24,64,,FALSE,Male,,Secondary,
23,45,,FALSE,Female,,Secondary,
24,40,,FALSE,Male,,Secondary,
24,49,,FALSE,Female,,Secondary,
24,48,,FALSE,Female,,Secondary,
23,46,,FALSE,Male,,Secondary,
23,47,,FALSE,Female,,Secondary,
23,32,,FALSE,Male,,Secondary,
23,32,,FALSE,Male,,Secondary,
24,67,,FALSE,Female,,Secondary,
24,67,,FALSE,Female,,Secondary,
24,70,,FALSE,Male,,Secondary,
24,83,,FALSE,Female,,Secondary,
24,78,,FALSE,Female,,Secondary,
24,79,,FALSE,Male,,Secondary,
24,33,,FALSE,Male,,Secondary,
24,40,,FALSE,Male,,Secondary,
24,65,,FALSE,Female,,Secondary,
24,100,,FALSE,Male,,Secondary,
23,85,,FALSE,Female,,Secondary,
23,86,,FALSE,Female,,Secondary,
24,39,,FALSE,Female,,Secondary,
24,37,,FALSE,Female,,Secondary,
24,76,,FALSE,Male,,Secondary,
24,81,,FALSE,Female,,Secondary,
24,56,,FALSE,Male,,Secondary,
24,57,,FALSE,Male,,Secondary,
29,6,,FALSE,Male,,Secondary,
29,7,,FALSE,Male,,Secondary,
23,60,,FALSE,Male,,Secondary,
23,50,,FALSE,Male,,Secondary,
24,16,,FALSE,Male,,Secondary,
24,15,,FALSE,Male,,Secondary,
24,69,,FALSE,Female,,Secondary,
24,81,,FALSE,Female,,Secondary,
25,33,,FALSE,Male,,Secondary,
25,35,,FALSE,Male,,Secondary,
24,78,,FALSE,Female,,Secondary,
24,76,,FALSE,Female,,Secondary,
23,34,,FALSE,Female,,Secondary,
24,33,,FALSE,Female,,Secondary,
24,30,,FALSE,Male,,Secondary,
24,47,,FALSE,Female,,Secondary,
24,93,,FALSE,Female,,Secondary,
24,84,,FALSE,Female,,Secondary,
25,46,,FALSE,Male,,Secondary,
25,58,,FALSE,Male,,Secondary,
24,100,,FALSE,Female,,Secondary,
24,40,,FALSE,Female,,Secondary,
24,64,,FALSE,Female,,Secondary,
24,65,,FALSE,Male,,Secondary,
23,46,,FALSE,Male,,Secondary,
23,57,,FALSE,Female,,Secondary,
24,0,,FALSE,Female,,Secondary,
24,91,,FALSE,Female,,Secondary,
24,57,,FALSE,Female,,Secondary,
24,56,,FALSE,Female,,Secondary,
24,54,,FALSE,Female,,Secondary,
24,0,,FALSE,Male,,Secondary,
24,40,,FALSE,Female,,Secondary,
24,29,,FALSE,Male,,Secondary,
24,33,,FALSE,Male,,Secondary,
25,34,,FALSE,Male,,Secondary,
24,57,,FALSE,Male,,Secondary,
24,57,,FALSE,Male,,Secondary,
23,48,,FALSE,Female,,Secondary,
23,16,,FALSE,Male,,Secondary,
24,25,,FALSE,Male,,Secondary,
24,23,,FALSE,Male,,Secondary,
24,81,,FALSE,Male,,Secondary,
24,81,,FALSE,Male,,Secondary,
24,100,,FALSE,Male,,Secondary,
24,98,,FALSE,Male,,Secondary,
24,93,,FALSE,Female,,Secondary,
24,96,,FALSE,Female,,Secondary,
24,31,,FALSE,Female,,Secondary,
24,39,,FALSE,Female,,Secondary,
23,21,,FALSE,Female,,Secondary,
23,55,,FALSE,Female,,Secondary,
23,67,,FALSE,Male,,Secondary,
23,87,,FALSE,Male,,Secondary,
24,93,,FALSE,Female,,Secondary,
24,84,,FALSE,Female,,Secondary,
23,46,,FALSE,Female,,Secondary,
23,46,,FALSE,Female,,Secondary,
24,100,,FALSE,Female,,Secondary,
24,100,,FALSE,Female,,Secondary,
23,11,,FALSE,Female,,Secondary,
23,28,,FALSE,Female,,Secondary,
23,19,,FALSE,Male,,Secondary,
23,26,,FALSE,Female,,Secondary,
23,34,,FALSE,Female,,Secondary,
23,27,,FALSE,Female,,Secondary,
26,76,,FALSE,Female,,Secondary,
26,84,,FALSE,Female,,Secondary,
24,36,,FALSE,Female,,Secondary,
24,33,,FALSE,Male,,Secondary,
26,77,,FALSE,Female,,Secondary,
26,76,,FALSE,Male,,Secondary,
23,31,,FALSE,Female,,Secondary,
24,10,,FALSE,Female,,Secondary,
23,45,,FALSE,Male,,Secondary,
23,34,,FALSE,Male,,Secondary,
23,33,,FALSE,Female,,Secondary,
23,35,,FALSE,Male,,Secondary,
26,20,,FALSE,Male,,Secondary,
24,32,,FALSE,Female,,Secondary,
24,45,,FALSE,Female,,Secondary,
24,47,,FALSE,Female,,Secondary,
24,53,,FALSE,Female,,Secondary,
24,55,,FALSE,Female,,Secondary,
24,29,,FALSE,Male,,Secondary,
24,16,,FALSE,Male,,Secondary,
23,40,,FALSE,Female,,Secondary,
24,32,,FALSE,Female,,Secondary,
23,41,,FALSE,Female,,Secondary,
23,41,,FALSE,Male,,Secondary,
24,63,,FALSE,Male,,Secondary,
24,63,,FALSE,Male,,Secondary,
24,100,,FALSE,Male,,Secondary,
24,99,,FALSE,Female,,Secondary,
23,16,,FALSE,Male,,Secondary,
23,12,,FALSE,Male,,Secondary,
24,23,,FALSE,Male,,Secondary,
23,28,,FALSE,Male,,Secondary,
23,68,,FALSE,Male,,Secondary,
23,68,,FALSE,Female,,Secondary,
24,70,,FALSE,Male,,Secondary,
24,72,,FALSE,Female,,Secondary,
24,26,,FALSE,Male,,Secondary,
24,22,,FALSE,Male,,Secondary,
24,58,,FALSE,Male,,Secondary,
24,58,,FALSE,Male,,Secondary,
24,74,,FALSE,Male,,Secondary,
24,67,,FALSE,Male,,Secondary,
24,21,,FALSE,Male,,Secondary,
24,21,,FALSE,Female,,Secondary,
24,62,,FALSE,Female,,Secondary,
24,61,,FALSE,Female,,Secondary,
23,57,,FALSE,Female,,Secondary,
23,51,,FALSE,Female,,Secondary,
24,83,,FALSE,Female,,Secondary,
24,68,,FALSE,Female,,Secondary,
24,43,,FALSE,Female,,Secondary,
24,44,,FALSE,Female,,Secondary,
24,59,,FALSE,Female,,Secondary,
24,74,,FALSE,Female,,Secondary,
24,74,,FALSE,Female,,Secondary,
24,76,,FALSE,Male,,Secondary,
22,26,,FALSE,Male,,Secondary,
22,28,,FALSE,Female,,Secondary,
23,44,,FALSE,Female,,Secondary,
23,27,,FALSE,Male,,Secondary,
24,57,,FALSE,Female,,Secondary,
24,72,,FALSE,Female,,Secondary,
25,34,,FALSE,Female,,Secondary,
25,32,,FALSE,Female,,Secondary,
30,97,,FALSE,Male,,Secondary,
30,89,,FALSE,Male,,Secondary,
24,25,,FALSE,Female,,Secondary,
24,21,,FALSE,Male,,Secondary,
24,62,,FALSE,Male,,Secondary,
24,65,,FALSE,Female,,Secondary,
21,71,,FALSE,Female,,Secondary,
24,68,,FALSE,Female,,Secondary,
24,55,,FALSE,Male,,Secondary,
24,57,,FALSE,Male,,Secondary,
24,42,,FALSE,Female,,Secondary,
24,44,,FALSE,Female,,Secondary,
24,47,,FALSE,Female,,Secondary,
24,32,,FALSE,Female,,Secondary,
24,16,,FALSE,Female,,Secondary,
24,17,,FALSE,Female,,Secondary,
23,74,,FALSE,Female,,Secondary,
23,78,,FALSE,Male,,Secondary,
24,40,,FALSE,Male,,Secondary,
24,47,,FALSE,Female,,Secondary,
25,8,,FALSE,Male,,Secondary,
25,22,,FALSE,Female,,Secondary,
23,23,,FALSE,Male,,Secondary,
23,21,,FALSE,Male,,Secondary,
23,90,,FALSE,Female,,Secondary,
23,82,,FALSE,Female,,Secondary,
23,25,,FALSE,Male,,Secondary,
24,25,,FALSE,Male,,Secondary,
26,0,,FALSE,Female,,Secondary,
26,0,,FALSE,Female,,Secondary,
24,85,,FALSE,Male,,Secondary,
24,92,,FALSE,Female,,Secondary,
24,71,,FALSE,Male,,Secondary,
24,90,,FALSE,Female,,Secondary,
24,28,,FALSE,Male,,Secondary,
24,19,,FALSE,Female,,Secondary,
24,77,,FALSE,Male,,Secondary,
24,77,,FALSE,Male,,Secondary,
24,38,,FALSE,Female,,Secondary,
24,39,,FALSE,Male,,Secondary,
22,32,,FALSE,Female,,Secondary,
22,19,,FALSE,Male,,Secondary,
23,92,,FALSE,Female,,Secondary,
23,100,,FALSE,Male,,Secondary,
23,75,,FALSE,Male,,Secondary,
23,78,,FALSE,Female,,Secondary,
23,47,,FALSE,Female,,Secondary,
23,47,,FALSE,Female,,Secondary,
23,64,,FALSE,Male,,Secondary,
23,72,,FALSE,Female,,Secondary,
24,63,,FALSE,Female,,Secondary,
24,66,,FALSE,Male,,Secondary,
24,75,,FALSE,Female,,Secondary,
23,51,,FALSE,Male,,Secondary,
24,58,,FALSE,Female,,Secondary,
24,50,,FALSE,Male,,Secondary,
24,39,,FALSE,Female,,Secondary,
24,57,,FALSE,Female,,Secondary,
24,31,,FALSE,Male,,Secondary,
24,31,,FALSE,Female,,Secondary,
24,56,,FALSE,Female,,Secondary,
24,54,,FALSE,Male,,Secondary,
24,25,,FALSE,Male,,Secondary,
24,32,,FALSE,Male,,Secondary,
24,9,,FALSE,Female,,Secondary,
24,18,,FALSE,Female,,Secondary,
23,41,,FALSE,Female,,Secondary,
24,39,,FALSE,Female,,Secondary,
32,65,,FALSE,Female,,Secondary,
32,65,,FALSE,Female,,Secondary,
23,64,,FALSE,Female,,Secondary,
23,72,,FALSE,Male,,Secondary,
24,100,,FALSE,Female,,Secondary,
24,72,,FALSE,Female,,Secondary,
23,57,,FALSE,Female,,Secondary,
23,52,,FALSE,Female,,Secondary,
25,45,,FALSE,Female,,Secondary,
25,50,,FALSE,Male,,Secondary,
23,92,,FALSE,Male,,Secondary,
23,78,,FALSE,Female,,Secondary,
24,42,,FALSE,Male,,Secondary,
24,55,,FALSE,Female,,Secondary,
23,17,,FALSE,Female,,Secondary,
23,32,,FALSE,Female,,Secondary,
24,48,,FALSE,Male,,Secondary,
24,43,,FALSE,Male,,Secondary,
24,46,,FALSE,Female,,Secondary,
24,47,,FALSE,Male,,Secondary,
24,50,,FALSE,Male,,Secondary,
24,37,,FALSE,Male,,Secondary,
26,1,,FALSE,Male,,Secondary,
25,1,,FALSE,Male,,Secondary,
24,54,,FALSE,Female,,Secondary,
24,46,,FALSE,Male,,Secondary,
23,7,,FALSE,Male,,Secondary,
23,9,,FALSE,Male,,Secondary,
24,45,,FALSE,Female,,Secondary,
24,47,,FALSE,Female,,Secondary,
23,58,,FALSE,Female,,Secondary,
23,58,,FALSE,Male,,Secondary,
23,84,,FALSE,Male,,Secondary,
23,90,,FALSE,Female,,Secondary,
24,40,,FALSE,Male,,Secondary,
24,41,,FALSE,Male,,Secondary,
25,48,,FALSE,Female,,Secondary,
25,36,,FALSE,Male,,Secondary,
24,57,,FALSE,Male,,Secondary,
24,60,,FALSE,Male,,Secondary,
22,50,,FALSE,Male,,Secondary,
22,52,,FALSE,Male,,Secondary,
23,46,,FALSE,Male,,Secondary,
24,46,,FALSE,Male,,Secondary,
24,45,,FALSE,Female,,Secondary,
24,50,,FALSE,Male,,Secondary,
24,63,,FALSE,Female,,Secondary,
24,60,,FALSE,Female,,Secondary,
24,45,,FALSE,Male,,Secondary,
24,46,,FALSE,Male,,Secondary,
24,71,,FALSE,Male,,Secondary,
24,41,,FALSE,Male,,Secondary,
23,48,,FALSE,Male,,Secondary,
23,59,,FALSE,Female,,Secondary,
24,48,,FALSE,Female,,Secondary,
24,48,,FALSE,Female,,Secondary,
24,68,,FALSE,Male,,Secondary,
24,79,,FALSE,Male,,Secondary,
24,50,,FALSE,Female,,Secondary,
24,62,,FALSE,Female,,Secondary,
24,27,,FALSE,Female,,Secondary,
24,27,,FALSE,Female,,Secondary,
24,54,,FALSE,Female,,Secondary,
24,62,,FALSE,Male,,Secondary,
24,100,,FALSE,Female,,Secondary,
24,100,,FALSE,Female,,Secondary,
24,33,,FALSE,Female,,Secondary,
24,27,,FALSE,Female,,Secondary,
24,38,,FALSE,Male,,Secondary,
24,41,,FALSE,Male,,Secondary,
23,21,,FALSE,Male,,Secondary,
23,23,,FALSE,Male,,Secondary,
23,10,,FALSE,Female,,Secondary,
23,22,,FALSE,Male,,Secondary,
24,41,,FALSE,Male,,Secondary,
24,23,,FALSE,Male,,Secondary,
22,97,,FALSE,Male,,Secondary,
22,97,,FALSE,Male,,Secondary,
24,79,,FALSE,Female,,Secondary,
24,73,,FALSE,Female,,Secondary,
24,58,,FALSE,Female,,Secondary,
24,59,,FALSE,Male,,Secondary,
24,0,,FALSE,Female,,Secondary,
23,41,,FALSE,Female,,Secondary,
24,83,,FALSE,Male,,Secondary,
24,96,,FALSE,Female,,Secondary,
24,42,,FALSE,Male,,Secondary,
24,45,,FALSE,Female,,Secondary,
23,74,,FALSE,Female,,Secondary,
23,70,,FALSE,Female,,Secondary,
24,41,,FALSE,Male,,Secondary,
24,38,,FALSE,Male,,Secondary,
24,46,,FALSE,Female,,Secondary,
24,51,,FALSE,Male,,Secondary,
24,0,,FALSE,Female,,Secondary,
24,58,,FALSE,Male,,Secondary,
23,32,,FALSE,Female,,Secondary,
23,34,,FALSE,Male,,Secondary,
24,26,,FALSE,Male,,Secondary,
24,31,,FALSE,Male,,Secondary,
23,29,,FALSE,Male,,Secondary,
23,29,,FALSE,Male,,Secondary,
24,97,,FALSE,Male,,Secondary,
24,96,,FALSE,Male,,Secondary,
23,32,,FALSE,Female,,Secondary,
23,32,,FALSE,Female,,Secondary,
24,80,,FALSE,Male,,Secondary,
24,40,,FALSE,Male,,Secondary,
24,35,,FALSE,Female,,Secondary,
24,35,,FALSE,Male,,Secondary,
24,39,,FALSE,Male,,Secondary,
24,37,,FALSE,Male,,Secondary,
24,6,,FALSE,Female,,Secondary,
23,6,,FALSE,Female,,Secondary,
24,76,,FALSE,Female,,Secondary,
24,76,,FALSE,Female,,Secondary,
25,67,,FALSE,Female,,Secondary,
25,67,,FALSE,Female,,Secondary,
24,34,,FALSE,Female,,Secondary,
24,32,,FALSE,Female,,Secondary,
25,23,,FALSE,Male,,Secondary,
25,21,,FALSE,Male,,Secondary,
24,52,,FALSE,Male,,Secondary,
24,60,,FALSE,Female,,Secondary,
24,53,,FALSE,Female,,Secondary,
24,50,,FALSE,Female,,Secondary,
23,64,,FALSE,Female,,Secondary,
23,53,,FALSE,Male,,Secondary,
29,71,,FALSE,Male,,Secondary,
29,71,,FALSE,Male,,Secondary,
23,26,,FALSE,Male,,Secondary,
23,27,,FALSE,Female,,Secondary,
26,40,,FALSE,Female,,Secondary,
24,36,,FALSE,Female,,Secondary,
23,38,,FALSE,Male,,Secondary,
23,42,,FALSE,Male,,Secondary,
23,10,,FALSE,Female,,Secondary,
23,13,,FALSE,Female,,Secondary,
25,27,,FALSE,Female,,Secondary,
24,48,,FALSE,Male,,Secondary,
24,50,,FALSE,Male,,Secondary,
24,66,,FALSE,Female,,Secondary,
24,82,,FALSE,Female,,Secondary,
25,4,,FALSE,Male,,Secondary,
24,11,,FALSE,Male,,Secondary,
24,10,,FALSE,Male,,Secondary,
24,6,,FALSE,Female,,Secondary,
24,6,,FALSE,Female,,Secondary,
23,58,,FALSE,Female,,Secondary,
24,47,,FALSE,Female,,Secondary,
25,23,,FALSE,Female,,Secondary,
25,3,,FALSE,Male,,Secondary,
24,23,,FALSE,Male,,Secondary,
24,23,,FALSE,Male,,Secondary,
23,16,,FALSE,Female,,Secondary,
23,14,,FALSE,Female,,Secondary,
23,31,,FALSE,Male,,Secondary,
23,79,,FALSE,Male,,Secondary,
23,57,,FALSE,Female,,Secondary,
24,62,,FALSE,Male,,Secondary,
23,27,,FALSE,Female,,Secondary,
23,33,,FALSE,Female,,Secondary,
24,48,,FALSE,Female,,Secondary,
24,56,,FALSE,Female,,Secondary,
24,61,,FALSE,Female,,Secondary,
24,54,,FALSE,Female,,Secondary,
23,21,,FALSE,Male,,Secondary,
23,29,,FALSE,Female,,Secondary,
24,69,,FALSE,Female,,Secondary,
24,71,,FALSE,Female,,Secondary,
30,90,,FALSE,Female,,Secondary,
30,84,,FALSE,Female,,Secondary,
23,44,,FALSE,Female,,Secondary,
23,39,,FALSE,Male,,Secondary,
24,30,,FALSE,Male,,Secondary,
24,40,,FALSE,Male,,Secondary,
24,45,,FALSE,Male,,Secondary,
24,46,,FALSE,Male,,Secondary,
23,69,,FALSE,Male,,Secondary,
23,72,,FALSE,Male,,Secondary,
24,23,,FALSE,Female,,Secondary,
24,23,,FALSE,Male,,Secondary,
25,60,,FALSE,Female,,Secondary,
25,33,,FALSE,Male,,Secondary,
23,94,,FALSE,Female,,Secondary,
23,96,,FALSE,Male,,Secondary,
24,43,,FALSE,Male,,Secondary,
24,44,,FALSE,Female,,Secondary,
23,45,,FALSE,Male,,Secondary,
24,45,,FALSE,Male,,Secondary,
23,42,,FALSE,Male,,Secondary,
23,41,,FALSE,Male,,Secondary,
24,53,,FALSE,Male,,Secondary,
24,52,,FALSE,Male,,Secondary,
23,50,,FALSE,Male,,Secondary,
23,27,,FALSE,Female,,Secondary,
25,28,,FALSE,Male,,Secondary,
25,35,,FALSE,Female,,Secondary,
24,71,,FALSE,Male,,Secondary,
24,70,,FALSE,Male,,Secondary,
24,100,,FALSE,Female,,Secondary,
24,100,,FALSE,Female,,Secondary,
23,78,,FALSE,Male,,Secondary,
23,83,,FALSE,Male,,Secondary,
24,21,,FALSE,Male,,Secondary,
24,30,,FALSE,Female,,Secondary,
23,23,,FALSE,Male,,Secondary,
23,27,,FALSE,Male,,Secondary,
24,46,,FALSE,Male,,Secondary,
24,45,,FALSE,Female,,Secondary,
24,37,,FALSE,Male,,Secondary,
24,37,,FALSE,Male,,Secondary,
23,20,,FALSE,Female,,Secondary,
23,21,,FALSE,Female,,Secondary,
23,21,,FALSE,Female,,Secondary,
27,19,,FALSE,Male,,Secondary,
24,43,,FALSE,Female,,Secondary,
23,47,,FALSE,Female,,Secondary,
24,36,,FALSE,Male,,Secondary,
24,37,,FALSE,Female,,Secondary,
24,42,,FALSE,Male,,Secondary,
23,45,,FALSE,Male,,Secondary,
24,86,,FALSE,Female,,Secondary,
24,17,,FALSE,Male,,Secondary,
23,7,,FALSE,Female,,Secondary,
23,0,,FALSE,Male,,Secondary,
24,28,,FALSE,Male,,Secondary,
24,26,,FALSE,Male,,Secondary,
27,50,,FALSE,Female,,Secondary,
25,68,,FALSE,Female,,Secondary,
23,59,,FALSE,Male,,Secondary,
23,68,,FALSE,Male,,Secondary,
34,68,,FALSE,Female,,Secondary,
31,70,,FALSE,Female,,Secondary,
24,38,,FALSE,Male,,Secondary,
24,33,,FALSE,Male,,Secondary,
24,31,,FALSE,Male,,Secondary,
24,42,,FALSE,Male,,Secondary,
24,37,,FALSE,Female,,Secondary,
24,45,,FALSE,Female,,Secondary,
23,2,,FALSE,Male,,Secondary,
23,10,,FALSE,Male,,Secondary,
24,38,,FALSE,Female,,Secondary,
23,18,,FALSE,Male,,Secondary,
24,47,,FALSE,Male,,Secondary,
24,44,,FALSE,Female,,Secondary,
24,100,,FALSE,Male,,Secondary,
24,100,,FALSE,Female,,Secondary,
23,54,,FALSE,Male,,Secondary,
23,57,,FALSE,Female,,Secondary,
23,54,,FALSE,Female,,Secondary,
23,54,,FALSE,Female,,Secondary,
22,38,,FALSE,Female,,Secondary,
22,35,,FALSE,Female,,Secondary,
24,93,,FALSE,Female,,Secondary,
24,85,,FALSE,Male,,Secondary,
23,95,,FALSE,Female,,Secondary,
23,97,,FALSE,Female,,Secondary,
24,49,,FALSE,Male,,Secondary,
24,75,,FALSE,Male,,Secondary,
24,17,,FALSE,Male,,Secondary,
24,19,,FALSE,Female,,Secondary,
24,42,,FALSE,Female,,Secondary,
24,47,,FALSE,Female,,Secondary,
24,29,,FALSE,Male,,Secondary,
24,37,,FALSE,Male,,Secondary,
24,78,,FALSE,Male,,Secondary,
24,81,,FALSE,Male,,Secondary,
24,62,,FALSE,Female,,Secondary,
24,53,,FALSE,Female,,Secondary,
24,67,,FALSE,Male,,Secondary,
24,68,,FALSE,Female,,Secondary,
23,36,,FALSE,Female,,Secondary,
23,30,,FALSE,Female,,Secondary,
24,32,,FALSE,Male,,Secondary,
24,48,,FALSE,Female,,Secondary,
26,85,,FALSE,Female,,Secondary,
24,0,,FALSE,Male,,Secondary,
22,7,,FALSE,Male,,Secondary,
22,19,,FALSE,Male,,Secondary,
24,32,,FALSE,Male,,Secondary,
23,41,,FALSE,Male,,Secondary,
30,84,,FALSE,Female,,Secondary,
30,83,,FALSE,Female,,Secondary,
23,82,,FALSE,Male,,Secondary,
23,83,,FALSE,Male,,Secondary,
23,29,,FALSE,Female,,Secondary,
23,29,,FALSE,Male,,Secondary,
24,48,,FALSE,Female,,Secondary,
24,46,,FALSE,Female,,Secondary,
23,67,,FALSE,Female,,Secondary,
23,51,,FALSE,Female,,Secondary,
24,31,,FALSE,Female,,Secondary,
24,31,,FALSE,Female,,Secondary,
24,39,,FALSE,Male,,Secondary,
24,39,,FALSE,Female,,Secondary,
23,36,,FALSE,Female,,Secondary,
23,35,,FALSE,Female,,Secondary,
24,64,,FALSE,Female,,Secondary,
24,80,,FALSE,Female,,Secondary,
23,36,,FALSE,Female,,Secondary,
23,35,,FALSE,Female,,Secondary,
24,12,,FALSE,Male,,Secondary,
24,8,,FALSE,Male,,Secondary,
24,9,,FALSE,Female,,Secondary,
24,1,,FALSE,Male,,Secondary,
25,58,,FALSE,Female,,Secondary,
24,56,,FALSE,Female,,Secondary,
24,20,,FALSE,Female,,Secondary,
24,21,,FALSE,Female,,Secondary,
24,40,,FALSE,Male,,Secondary,
24,38,,FALSE,Female,,Secondary,
24,99,,FALSE,Male,,Secondary,
24,99,,FALSE,Male,,Secondary,
29,57,,FALSE,Female,,Secondary,
29,67,,FALSE,Female,,Secondary,
23,30,,FALSE,Male,,Secondary,
23,28,,FALSE,Male,,Secondary,
24,79,,FALSE,Male,,Secondary,
24,80,,FALSE,Male,,Secondary,
23,10,,FALSE,Female,,Secondary,
23,12,,FALSE,Male,,Secondary,
24,89,,FALSE,Female,,Secondary,
24,82,,FALSE,Female,,Secondary,
24,28,,FALSE,Female,,Some College,
24,33,,FALSE,Male,,Some College,
24,87,,FALSE,Male,,Some College,
24,85,,FALSE,Male,,Some College,
24,99,,FALSE,Female,,Some College,
24,100,,FALSE,Female,,Some College,
23,81,,FALSE,Male,,Some College,
23,80,,FALSE,Male,,Some College,
24,3,,FALSE,Male,,Some College,
24,23,,FALSE,Female,,Some College,
25,54,,FALSE,Male,,Some College,
24,48,,FALSE,Male,,Some College,
25,28,,FALSE,Female,,Some College,
24,19,,FALSE,Male,,Some College,
24,90,,FALSE,Female,,Some College,
24,88,,FALSE,Female,,Some College,
25,34,,FALSE,Male,,Some College,
25,37,,FALSE,Male,,Some College,
24,48,,FALSE,Female,,Some College,
24,49,,FALSE,Female,,Some College,
24,57,,FALSE,Female,,Some College,
24,54,,FALSE,Female,,Some College,
24,67,,FALSE,Female,,Some College,
24,64,,FALSE,Female,,Some College,
24,59,,FALSE,Female,,Some College,
25,51,,FALSE,Male,,Some College,
24,95,,FALSE,Female,,Some College,
24,98,,FALSE,Female,,Some College,
24,82,,FALSE,Male,,Some College,
24,62,,FALSE,Male,,Some College,
24,21,,FALSE,Female,,Some College,
24,30,,FALSE,Female,,Some College,
23,50,,FALSE,Female,,Some College,
23,46,,FALSE,Female,,Some College,
28,83,,FALSE,Male,,Some College,
28,88,,FALSE,Male,,Some College,
24,80,,FALSE,Male,,Some College,
24,80,,FALSE,Female,,Some College,
25,84,,FALSE,Female,,Some College,
25,84,,FALSE,Female,,Some College,
24,67,,FALSE,Female,,Some College,
24,55,,FALSE,Male,,Some College,
24,45,,FALSE,Female,,Some College,
24,42,,FALSE,Female,,Some College,
23,39,,FALSE,Male,,Some College,
23,38,,FALSE,Female,,Some College,
23,0,,FALSE,Female,,Some College,
24,32,,FALSE,Male,,Some College,
24,27,,FALSE,Male,,Some College,
24,28,,FALSE,Male,,Some College,
24,11,,FALSE,Male,,Some College,
24,12,,FALSE,Male,,Some College,
24,78,,FALSE,Female,,Some College,
24,82,,FALSE,Male,,Some College,
23,53,,FALSE,Female,,Some College,
23,50,,FALSE,Female,,Some College,
24,12,,FALSE,Female,,Some College,
24,6,,FALSE,Female,,Some College,
24,14,,FALSE,Male,,Some College,
24,24,,FALSE,Male,,Some College,
35,0,,FALSE,Female,,Some College,
35,0,,FALSE,Female,,Some College,
23,13,,FALSE,Male,,Some College,
28,0,,FALSE,Female,,Some College,
24,99,,FALSE,Female,,Some College,
24,96,,FALSE,Female,,Some College,
23,91,,FALSE,Female,,Some College,
23,87,,FALSE,Male,,Some College,
24,29,,FALSE,Female,,Some College,
24,36,,FALSE,Male,,Some College,
24,52,,FALSE,Male,,Some College,
24,43,,FALSE,Female,,Some College,
24,52,,FALSE,Male,,Some College,
24,27,,FALSE,Female,,Some College,
24,61,,FALSE,Female,,Some College,
24,57,,FALSE,Female,,Some College,
23,73,,FALSE,Female,,Some College,
23,60,,FALSE,Male,,Some College,
22,9,,FALSE,Male,,Some College,
22,9,,FALSE,Male,,Some College,
23,32,,FALSE,Female,,Some College,
23,25,,FALSE,Male,,Some College,
27,22,,FALSE,Male,,Some College,
27,20,,FALSE,Female,,Some College,
23,23,,FALSE,Male,,Some College,
23,23,,FALSE,Male,,Some College,
24,78,,FALSE,Female,,Some College,
24,77,,FALSE,Female,,Some College,
23,27,,FALSE,Male,,Some College,
23,29,,FALSE,Male,,Some College,
24,77,,FALSE,Female,,Some College,
24,68,,FALSE,Female,,Some College,
23,54,,FALSE,Male,,Some College,
23,49,,FALSE,Male,,Some College,
23,18,,FALSE,Male,,Some College,
23,29,,FALSE,Male,,Some College,
24,6,,FALSE,Male,,Some College,
24,37,,FALSE,Female,,Some College,
24,74,,FALSE,Female,,Some College,
24,84,,FALSE,Female,,Some College,
23,27,,FALSE,Female,,Some College,
23,24,,FALSE,Male,,Some College,
24,68,,FALSE,Male,,Some College,
24,47,,FALSE,Male,,Some College,
23,47,,FALSE,Male,,Some College,
23,44,,FALSE,Female,,Some College,
24,95,,FALSE,Female,,Some College,
24,95,,FALSE,Female,,Some College,
24,38,,FALSE,Male,,Some College,
24,37,,FALSE,Male,,Some College,
24,11,,FALSE,Male,,Some College,
24,26,,FALSE,Male,,Some College,
23,43,,FALSE,Female,,Some College,
23,44,,FALSE,Female,,Some College,
24,28,,FALSE,Male,,Some College,
24,20,,FALSE,Male,,Some College,
25,95,,FALSE,Female,,Some College,
25,95,,FALSE,Female,,Some College,
24,26,,FALSE,Female,,Some College,
24,30,,FALSE,Male,,Some College,
23,33,,FALSE,Female,,Some College,
23,27,,FALSE,Male,,Some College,
24,53,,FALSE,Female,,Some College,
24,60,,FALSE,Female,,Some College,
24,26,,FALSE,Male,,Some College,
24,19,,FALSE,Male,,Some College,
25,74,,FALSE,Female,,Some College,
25,69,,FALSE,Female,,Some College,
27,85,,FALSE,Male,,Some College,
27,85,,FALSE,Male,,Some College,
24,58,,FALSE,Female,,Some College,
24,55,,FALSE,Male,,Some College,
24,49,,FALSE,Male,,Some College,
24,58,,FALSE,Male,,Some College,
24,59,,FALSE,Female,,Some College,
24,85,,FALSE,Male,,Some College,
23,42,,FALSE,Female,,Some College,
23,38,,FALSE,Male,,Some College,
24,55,,FALSE,Female,,Some College,
24,68,,FALSE,Male,,Some College,
23,5,,FALSE,Female,,Some College,
23,9,,FALSE,Female,,Some College,
23,41,,FALSE,Female,,Some College,
24,41,,FALSE,Female,,Some College,
31,99,,FALSE,Female,,Some College,
31,100,,FALSE,Female,,Some College,
24,15,,FALSE,Male,,Some College,
24,16,,FALSE,Female,,Some College,
24,71,,FALSE,Female,,Some College,
24,70,,FALSE,Female,,Some College,
24,43,,FALSE,Female,,Some College,
24,32,,FALSE,Male,,Some College,
24,66,,FALSE,Female,,Some College,
24,30,,FALSE,Female,,Some College,
24,99,,FALSE,Female,,Some College,
24,90,,FALSE,Male,,Some College,
24,8,,FALSE,Male,,Some College,
24,61,,FALSE,Male,,Some College,
26,56,,FALSE,Female,,Some College,
26,48,,FALSE,Female,,Some College,
24,24,,FALSE,Male,,Some College,
24,30,,FALSE,Female,,Some College,
24,66,,FALSE,Male,,Some College,
24,57,,FALSE,Male,,Some College,
24,58,,FALSE,Female,,Some College,
24,59,,FALSE,Female,,Some College,
24,57,,FALSE,Male,,Some College,
24,61,,FALSE,Male,,Some College,
24,53,,FALSE,Female,,Some College,
24,55,,FALSE,Female,,Some College,
24,45,,FALSE,Male,,Some College,
24,57,,FALSE,Male,,Some College,
24,67,,FALSE,Female,,Some College,
24,70,,FALSE,Female,,Some College,
24,23,,FALSE,Male,,Some College,
24,28,,FALSE,Male,,Some College,
24,48,,FALSE,Male,,Some College,
24,50,,FALSE,Female,,Some College,
24,18,,FALSE,Male,,Some College,
24,30,,FALSE,Male,,Some College,
24,40,,FALSE,Female,,Some College,
24,53,,FALSE,Female,,Some College,
24,47,,FALSE,Male,,Some College,
24,47,,FALSE,Male,,Some College,
24,56,,FALSE,Male,,Some College,
24,45,,FALSE,Male,,Some College,
24,23,,FALSE,Male,,Some College,
24,100,,FALSE,Female,,Some College,
24,66,,FALSE,Female,,Some College,
24,71,,FALSE,Female,,Some College,
24,79,,FALSE,Female,,Some College,
24,80,,FALSE,Female,,Some College,
23,23,,FALSE,Female,,Some College,
23,23,,FALSE,Female,,Some College,
24,61,,FALSE,Female,,Some College,
24,53,,FALSE,Female,,Some College,
24,30,,FALSE,Female,,Some College,
24,30,,FALSE,Male,,Some College,
24,75,,FALSE,Male,,Some College,
24,88,,FALSE,Male,,Some College,
25,24,,FALSE,Female,,Some College,
25,13,,FALSE,Male,,Some College,
23,27,,FALSE,Male,,Some College,
23,55,,FALSE,Female,,Some College,
24,44,,FALSE,Male,,Some College,
23,50,,FALSE,Female,,Some College,
24,22,,FALSE,Male,,Some College,
24,22,,FALSE,Male,,Some College,
24,56,,FALSE,Male,,Some College,
24,80,,FALSE,Female,,Some College,
24,49,,FALSE,Male,,Some College,
24,67,,FALSE,Female,,Some College,
23,15,,FALSE,Female,,Some College,
24,19,,FALSE,Female,,Some College,
23,37,,FALSE,Male,,Some College,
23,35,,FALSE,Male,,Some College,
24,15,,FALSE,Female,,Some College,
24,14,,FALSE,Female,,Some College,
24,58,,FALSE,Male,,Some College,
24,77,,FALSE,Male,,Some College,
24,8,,FALSE,Female,,Some College,
24,10,,FALSE,Female,,Some College,
24,17,,FALSE,Male,,Some College,
24,26,,FALSE,Male,,Some College,
23,49,,FALSE,Male,,Some College,
23,32,,FALSE,Male,,Some College,
24,91,,FALSE,Male,,Some College,
24,92,,FALSE,Male,,Some College,
24,73,,FALSE,Male,,Some College,
24,73,,FALSE,Male,,Some College,
24,7,,FALSE,Male,,Some College,
24,9,,FALSE,Male,,Some College,
24,92,,FALSE,Male,,Some College,
24,87,,FALSE,Male,,Some College,
23,48,,FALSE,Male,,Some College,
23,54,,FALSE,Female,,Some College,
24,29,,FALSE,Male,,Some College,
24,24,,FALSE,Male,,Some College,
23,26,,FALSE,Male,,Some College,
23,26,,FALSE,Male,,Some College,
24,41,,FALSE,Female,,Some College,
24,43,,FALSE,Female,,Some College,
24,28,,FALSE,Female,,Some College,
24,26,,FALSE,Female,,Some College,
24,6,,FALSE,Male,,Some College,
24,7,,FALSE,Male,,Some College,
25,85,,FALSE,Female,,Some College,
25,84,,FALSE,Female,,Some College,
24,31,,FALSE,Male,,Some College,
24,44,,FALSE,Female,,Some College,
24,53,,FALSE,Female,,Some College,
24,53,,FALSE,Female,,Some College,
24,96,,FALSE,Male,,Some College,
24,84,,FALSE,Female,,Some College,
22,47,,FALSE,Male,,Some College,
25,33,,FALSE,Female,,Some College,
25,48,,FALSE,Female,,Some College,
25,57,,FALSE,Female,,Some College,
24,30,,FALSE,Male,,Some College,
24,27,,FALSE,Female,,Some College,
24,26,,FALSE,Male,,Some College,
24,38,,FALSE,Male,,Some College,
24,66,,FALSE,Male,,Some College,
24,68,,FALSE,Male,,Some College,
25,92,,FALSE,Female,,Some College,
25,92,,FALSE,Female,,Some College,
23,38,,FALSE,Female,,Some College,
23,34,,FALSE,Male,,Some College,
23,45,,FALSE,Female,,Some College,
23,58,,FALSE,Female,,Some College,
24,9,,FALSE,Male,,Some College,
24,7,,FALSE,Male,,Some College,
24,46,,FALSE,Female,,Some College,
24,45,,FALSE,Male,,Some College,
24,62,,FALSE,Male,,Some College,
24,70,,FALSE,Female,,Some College,
22,8,,FALSE,Male,,Some College,
22,5,,FALSE,Male,,Some College,
23,60,,FALSE,Female,,Some College,
23,32,,FALSE,Male,,Some College,
24,59,,FALSE,Male,,Some College,
24,59,,FALSE,Male,,Some College,
23,48,,FALSE,Male,,Some College,
24,53,,FALSE,Male,,Some College,
24,50,,FALSE,Female,,Some College,
24,51,,FALSE,Female,,Some College,
23,72,,FALSE,Male,,Some College,
23,89,,FALSE,Male,,Some College,
24,39,,FALSE,Male,,Some College,
24,44,,FALSE,Male,,Some College,
24,51,,FALSE,Female,,Some College,
24,54,,FALSE,Female,,Some College,
23,45,,FALSE,Male,,Some College,
23,66,,FALSE,Female,,Some College,
24,76,,FALSE,Female,,Some College,
24,79,,FALSE,Male,,Some College,
24,31,,FALSE,Female,,Some College,
24,25,,FALSE,Female,,Some College,
24,81,,FALSE,Male,,Some College,
24,87,,FALSE,Male,,Some College,
23,47,,FALSE,Female,,Some College,
23,53,,FALSE,Female,,Some College,
24,37,,FALSE,Female,,Some College,
24,38,,FALSE,Male,,Some College,
24,0,,FALSE,Female,,Some College,
23,0,,FALSE,Female,,Some College,
23,53,,FALSE,Female,,Some College,
23,46,,FALSE,Female,,Some College,
23,55,,FALSE,Male,,Some College,
24,67,,FALSE,Male,,Some College,
24,75,,FALSE,Female,,Some College,
24,77,,FALSE,Female,,Some College,
23,2,,FALSE,Male,,Some College,
23,2,,FALSE,Male,,Some College,
24,24,,FALSE,Male,,Some College,
24,25,,FALSE,Male,,Some College,
24,56,,FALSE,Male,,Some College,
24,56,,FALSE,Male,,Some College,
24,65,,FALSE,Male,,Some College,
24,90,,FALSE,Female,,Some College,
24,78,,FALSE,Female,,Some College,
24,71,,FALSE,Female,,Some College,
23,39,,FALSE,Female,,Some College,
23,42,,FALSE,Male,,Some College,
25,58,,FALSE,Female,,Some College,
25,70,,FALSE,Male,,Some College,
23,57,,FALSE,Male,,Some College,
23,55,,FALSE,Male,,Some College,
24,70,,FALSE,Female,,Some College,
24,67,,FALSE,Female,,Some College,
24,13,,FALSE,Female,,Some College,
24,14,,FALSE,Female,,Some College,
24,19,,FALSE,Male,,Some College,
24,38,,FALSE,Female,,Some College,
24,52,,FALSE,Male,,Some College,
24,55,,FALSE,Male,,Some College,
24,19,,FALSE,Male,,Some College,
24,19,,FALSE,Male,,Some College,
27,74,,FALSE,Male,,Some College,
25,73,,FALSE,Male,,Some College,
23,71,,FALSE,Female,,Some College,
23,73,,FALSE,Female,,Some College,
23,44,,FALSE,Male,,Some College,
25,37,,FALSE,Female,,Some College,
24,41,,FALSE,Female,,Some College,
24,37,,FALSE,Male,,Some College,
24,91,,FALSE,Female,,Some College,
24,82,,FALSE,Male,,Some College,
25,60,,FALSE,Female,,Some College,
25,61,,FALSE,Female,,Some College,
23,47,,FALSE,Male,,Some College,
23,59,,FALSE,Female,,Some College,
24,37,,FALSE,Male,,Some College,
24,36,,FALSE,Male,,Some College,
24,19,,FALSE,Male,,Some College,
24,14,,FALSE,Male,,Some College,
24,70,,FALSE,Female,,Some College,
24,48,,FALSE,Female,,Some College,
29,4,,FALSE,Female,,Some College,
29,3,,FALSE,Female,,Some College,
24,40,,FALSE,Female,,Some College,
24,42,,FALSE,Male,,Some College,
24,45,,FALSE,Male,,Some College,
24,44,,FALSE,Male,,Some College,
24,46,,FALSE,Female,,Some College,
24,46,,FALSE,Female,,Some College,
23,42,,FALSE,Female,,Some College,
23,34,,FALSE,Male,,Some College,
23,51,,FALSE,Female,,Some College,
23,65,,FALSE,Female,,Some College,
23,75,,FALSE,Female,,Some College,
23,76,,FALSE,Female,,Some College,
24,52,,FALSE,Female,,Some College,
24,58,,FALSE,Female,,Some College,
24,67,,FALSE,Female,,Some College,
24,67,,FALSE,Female,,Some College,
24,100,,FALSE,Female,,Some College,
24,100,,FALSE,Female,,Some College,
24,11,,FALSE,Male,,Some College,
24,10,,FALSE,Male,,Some College,
25,23,,FALSE,Female,,Some College,
25,34,,FALSE,Female,,Some College,
24,69,,FALSE,Female,,Some College,
24,75,,FALSE,Female,,Some College,
23,61,,FALSE,Male,,Some College,
23,59,,FALSE,Male,,Some College,
24,65,,FALSE,Female,,Some College,
24,62,,FALSE,Female,,Some College,
24,61,,FALSE,Female,,Some College,
24,63,,FALSE,Male,,Some College,
24,38,,FALSE,Female,,Some College,
24,43,,FALSE,Male,,Some College,
24,46,,FALSE,Female,,Some College,
24,46,,FALSE,Female,,Some College,
24,11,,FALSE,Male,,Some College,
24,13,,FALSE,Male,,Some College,
24,21,,FALSE,Female,,Some College,
24,20,,FALSE,Female,,Some College,
24,59,,FALSE,Female,,Some College,
24,58,,FALSE,Female,,Some College,
24,90,,FALSE,Female,,Some College,
24,86,,FALSE,Female,,Some College,
23,31,,FALSE,Female,,Some College,
23,35,,FALSE,Female,,Some College,
24,64,,FALSE,Male,,Some College,
24,64,,FALSE,Female,,Some College,
24,28,,FALSE,Male,,Some College,
24,28,,FALSE,Male,,Some College,
24,42,,FALSE,Male,,Some College,
24,45,,FALSE,Male,,Some College,
24,76,,FALSE,Female,,Some College,
24,75,,FALSE,Female,,Some College,
24,54,,FALSE,Female,,Some College,
24,63,,FALSE,Female,,Some College,
24,36,,FALSE,Male,,Some College,
24,37,,FALSE,Male,,Some College,
24,22,,FALSE,Female,,Some College,
24,15,,FALSE,Female,,Some College,
23,100,,FALSE,Female,,Some College,
23,100,,FALSE,Female,,Some College,
23,49,,FALSE,Male,,Some College,
24,49,,FALSE,Male,,Some College,
24,58,,FALSE,Female,,Some College,
23,57,,FALSE,Male,,Some College,
24,46,,FALSE,Male,,Some College,
24,58,,FALSE,Male,,Some College,
24,31,,FALSE,Female,,Some College,
24,45,,FALSE,Female,,Some College,
24,99,,FALSE,Male,,Some College,
24,98,,FALSE,Male,,Some College,
26,58,,FALSE,Male,,Some College,
26,53,,FALSE,Male,,Some College,
24,40,,FALSE,Female,,Some College,
24,42,,FALSE,Female,,Some College,
25,28,,FALSE,Female,,Some College,
25,31,,FALSE,Female,,Some College,
23,16,,FALSE,Male,,Some College,
22,3,,FALSE,Male,,Some College,
24,75,,FALSE,Female,,Some College,
24,73,,FALSE,Female,,Some College,
23,67,,FALSE,Male,,Some College,
24,71,,FALSE,Male,,Some College,
24,37,,FALSE,Male,,Some College,
24,33,,FALSE,Male,,Some College,
24,64,,FALSE,Male,,Some College,
25,64,,FALSE,Male,,Some College,
24,56,,FALSE,Male,,Some College,
24,56,,FALSE,Male,,Some College,
24,63,,FALSE,Female,,Some College,
32,100,,FALSE,Female,,Some College,
24,39,,FALSE,Female,,Some College,
24,34,,FALSE,Female,,Some College,
24,51,,FALSE,Female,,Some College,
24,50,,FALSE,Female,,Some College,
23,36,,FALSE,Male,,Some College,
23,43,,FALSE,Male,,Some College,
24,35,,FALSE,Female,,Some College,
24,26,,FALSE,Female,,Some College,
23,43,,FALSE,Female,,Some College,
23,43,,FALSE,Female,,Some College,
23,53,,FALSE,Male,,Some College,
23,60,,FALSE,Male,,Some College,
25,52,,FALSE,Male,,Some College,
25,40,,FALSE,Female,,Some College,
24,40,,FALSE,Male,,Some College,
24,49,,FALSE,Female,,Some College,
23,57,,FALSE,Male,,Some College,
23,56,,FALSE,Male,,Some College,
23,2,,FALSE,Male,,Some College,
23,2,,FALSE,Male,,Some College,
24,62,,FALSE,Female,,Some College,
24,56,,FALSE,Female,,Some College,
24,60,,FALSE,Male,,Some College,
24,61,,FALSE,Female,,Some College,
24,68,,FALSE,Male,,Some College,
24,67,,FALSE,Female,,Some College,
23,91,,FALSE,Female,,Some College,
23,92,,FALSE,Female,,Some College,
24,77,,FALSE,Male,,Some College,
24,80,,FALSE,Female,,Some College,
23,20,,FALSE,Female,,Some College,
23,22,,FALSE,Female,,Some College,
24,49,,FALSE,Female,,Some College,
24,46,,FALSE,Female,,Some College,
28,0,,FALSE,Female,,Some College,
28,0,,FALSE,Female,,Some College,
24,22,,FALSE,Female,,Some College,
24,19,,FALSE,Female,,Some College,
24,97,,FALSE,Male,,Some College,
24,94,,FALSE,Male,,Some College,
24,84,,FALSE,Female,,Some College,
24,81,,FALSE,Female,,Some College,
24,37,,FALSE,Female,,Some College,
24,33,,FALSE,Male,,Some College,
23,89,,FALSE,Male,,Some College,
23,73,,FALSE,Female,,Some College,
23,36,,FALSE,Female,,Some College,
23,37,,FALSE,Female,,Some College,
24,24,,FALSE,Female,,Some College,
24,32,,FALSE,Female,,Some College,
23,15,,FALSE,Male,,Some College,
23,14,,FALSE,Male,,Some College,
24,13,,FALSE,Male,,Some College,
24,8,,FALSE,Male,,Some College,
24,15,,FALSE,Female,,Some College,
24,22,,FALSE,Male,,Some College,
24,57,,FALSE,Female,,Some College,
24,57,,FALSE,Male,,Some College,
25,44,,FALSE,Female,,Some College,
25,44,,FALSE,Female,,Some College,
24,79,,FALSE,Male,,Some College,
24,82,,FALSE,Male,,Some College,
24,92,,FALSE,Female,,Some College,
24,91,,FALSE,Female,,Some College,
23,36,,FALSE,Male,,Some College,
24,46,,FALSE,Female,,Some College,
24,54,,FALSE,Female,,Some College,
24,56,,FALSE,Female,,Some College,
26,81,,FALSE,Male,,Some College,
26,83,,FALSE,Male,,Some College,
24,48,,FALSE,Female,,Some College,
24,38,,FALSE,Female,,Some College,
24,33,,FALSE,Male,,Some College,
24,36,,FALSE,Male,,Some College,
24,99,,FALSE,Female,,Some College,
24,100,,FALSE,Female,,Some College,
24,100,,FALSE,Female,,Some College,
24,100,,FALSE,Female,,Some College,
24,53,,FALSE,Male,,Some College,
24,51,,FALSE,Female,,Some College,
23,24,,FALSE,Male,,Some College,
23,25,,FALSE,Male,,Some College,
24,49,,FALSE,Female,,Some College,
24,48,,FALSE,Male,,Some College,
24,71,,FALSE,Female,,Some College,
24,71,,FALSE,Female,,Some College,
24,43,,FALSE,Female,,Some College,
24,41,,FALSE,Female,,Some College,
23,63,,FALSE,Male,,Some College,
23,67,,FALSE,Male,,Some College,
24,0,,FALSE,Female,,Some College,
24,0,,FALSE,Male,,Some College,
25,70,,FALSE,Male,,Some College,
25,57,,FALSE,Male,,Some College,
25,67,,FALSE,Male,,Some College,
25,30,,FALSE,Male,,Some College,
24,45,,FALSE,Female,,Some College,
24,47,,FALSE,Female,,Some College,
24,40,,FALSE,Female,,Some College,
24,49,,FALSE,Female,,Some College,
24,51,,FALSE,Male,,Some College,
24,61,,FALSE,Male,,Some College,
24,40,,FALSE,Male,,Some College,
24,76,,FALSE,Female,,Some College,
24,82,,FALSE,Female,,Some College,
24,86,,FALSE,Female,,Some College,
25,69,,FALSE,Male,,Some College,
25,0,,FALSE,Female,,Some College,
24,53,,FALSE,Female,,Some College,
24,55,,FALSE,Male,,Some College,
23,100,,FALSE,Male,,Some College,
23,100,,FALSE,Male,,Some College,
24,37,,FALSE,Female,,Some College,
24,34,,FALSE,Female,,Some College,
24,62,,FALSE,Male,,Some College,
24,39,,FALSE,Male,,Some College,
24,19,,FALSE,Male,,Some College,
24,21,,FALSE,Male,,Some College,
23,64,,FALSE,Female,,Some College,
26,60,,FALSE,Male,,Some College,
24,30,,FALSE,Male,,Some College,
23,37,,FALSE,Male,,Some College,
23,54,,FALSE,Female,,Some College,
23,54,,FALSE,Female,,Some College,
24,38,,FALSE,Male,,Some College,
24,32,,FALSE,Male,,Some College,
24,64,,FALSE,Male,,Some College,
24,64,,FALSE,Male,,Some College,
24,71,,FALSE,Female,,Some College,
24,71,,FALSE,Female,,Some College,
25,36,,FALSE,Female,,Some College,
25,36,,FALSE,Male,,Some College,
28,62,,FALSE,Male,,Some College,
28,63,,FALSE,Male,,Some College,
24,58,,FALSE,Female,,Some College,
24,62,,FALSE,Female,,Some College,
24,36,,FALSE,Female,,Some College,
24,25,,FALSE,Female,,Some College,
23,65,,FALSE,Female,,Some College,
24,65,,FALSE,Female,,Some College,
24,14,,FALSE,Male,,Some Secondary,
24,24,,FALSE,Male,,Some Secondary,
25,63,,FALSE,Male,,Some Secondary,
25,63,,FALSE,Male,,Some Secondary,
24,9,,FALSE,Female,,Some Secondary,
24,12,,FALSE,Male,,Some Secondary,
23,19,,FALSE,Female,,Some Secondary,
23,18,,FALSE,Female,,Some Secondary,
24,29,,FALSE,Female,,Some Secondary,
24,28,,FALSE,Female,,Some Secondary,
24,45,,FALSE,Female,,Some Secondary,
24,8,,FALSE,Male,,Some Secondary,
23,52,,FALSE,Male,,Some Secondary,
24,77,,FALSE,Male,,Some Secondary,
24,33,,FALSE,Male,,Some Secondary,
24,41,,FALSE,Female,,Some Secondary,
24,80,,FALSE,Female,,Some Secondary,
24,85,,FALSE,Female,,Some Secondary,
24,49,,FALSE,Female,,Some Secondary,
24,52,,FALSE,Female,,Some Secondary,
25,71,,FALSE,Female,,Some Secondary,
25,53,,FALSE,Female,,Some Secondary,
35,100,,FALSE,Male,,Some Secondary,
35,100,,FALSE,Male,,Some Secondary,
24,17,,FALSE,Male,,Some Secondary,
24,19,,FALSE,Male,,Some Secondary,
24,28,,FALSE,Female,,Some Secondary,
24,23,,FALSE,Female,,Some Secondary,
25,7,,FALSE,Female,,Some Secondary,
25,7,,FALSE,Female,,Some Secondary,
24,31,,FALSE,Female,,Some Secondary,
24,32,,FALSE,Male,,Some Secondary,
24,10,,FALSE,Male,,Some Secondary,
24,14,,FALSE,Male,,Some Secondary,
23,31,,FALSE,Female,,Some Secondary,
23,31,,FALSE,Female,,Some Secondary,
24,35,,FALSE,Female,,Some Secondary,
24,0,,FALSE,Female,,Some Secondary,
23,59,,FALSE,Female,,Some Secondary,
23,59,,FALSE,Male,,Some Secondary,
24,32,,FALSE,Male,,Some Secondary,
24,33,,FALSE,Male,,Some Secondary,
23,52,,FALSE,Male,,Some Secondary,
24,66,,FALSE,Male,,Some Secondary,
24,40,,FALSE,Male,,Some Secondary,
24,44,,FALSE,Female,,Some Secondary,
24,45,,FALSE,Female,,Some Secondary,
23,52,,FALSE,Female,,Some Secondary,
24,90,,FALSE,Male,,Some Secondary,
24,86,,FALSE,Male,,Some Secondary,
25,66,,FALSE,Female,,Some Secondary,
25,70,,FALSE,Female,,Some Secondary,
24,16,,FALSE,Male,,Some Secondary,
24,17,,FALSE,Male,,Some Secondary,
24,39,,FALSE,Female,,Some Secondary,
24,31,,FALSE,Male,,Some Secondary,
24,37,,FALSE,Female,,Some Secondary,
25,39,,FALSE,Male,,Some Secondary,
24,45,,FALSE,Male,,Some Secondary,
24,53,,FALSE,Male,,Some Secondary,
24,79,,FALSE,Male,,Some Secondary,
24,80,,FALSE,Male,,Some Secondary,
23,14,,FALSE,Female,,Some Secondary,
23,12,,FALSE,Female,,Some Secondary,
24,52,,FALSE,Male,,Some Secondary,
24,53,,FALSE,Male,,Some Secondary,
24,70,,FALSE,Female,,Some Secondary,
24,69,,FALSE,Female,,Some Secondary,
25,64,,FALSE,Female,,Some Secondary,
27,82,,FALSE,Male,,Some Secondary,
23,9,,FALSE,Female,,Some Secondary,
23,9,,FALSE,Female,,Some Secondary,
24,37,,FALSE,Male,,Some Secondary,
24,36,,FALSE,Female,,Some Secondary,
24,36,,FALSE,Male,,Some Secondary,
24,44,,FALSE,Male,,Some Secondary,
24,68,,FALSE,Female,,Some Secondary,
24,33,,FALSE,Male,,Some Secondary,
24,35,,FALSE,Male,,Some Secondary,
24,38,,FALSE,Male,,Some Secondary,
25,100,,FALSE,Female,,Some Secondary,
25,100,,FALSE,Female,,Some Secondary,
23,57,,FALSE,Female,,Some Secondary,
23,64,,FALSE,Female,,Some Secondary,
25,44,,FALSE,Male,,Some Secondary,
25,44,,FALSE,Female,,Some Secondary,
24,79,,FALSE,Female,,Some Secondary,
24,83,,FALSE,Female,,Some Secondary,
24,14,,FALSE,Male,,Some Secondary,
24,14,,FALSE,Male,,Some Secondary,
24,41,,FALSE,Male,,Some Secondary,
24,43,,FALSE,Female,,Some Secondary,
23,80,,FALSE,Female,,Some Secondary,
25,77,,FALSE,Female,,Some Secondary,
24,11,,FALSE,Female,,Some Secondary,
24,12,,FALSE,Female,,Some Secondary,
30,95,,FALSE,Female,,Some Secondary,
24,69,,FALSE,Female,,Some Secondary,
24,31,,FALSE,Female,,Some Secondary,
24,26,,FALSE,Male,,Some Secondary,
23,55,,FALSE,Female,,Some Secondary,
23,58,,FALSE,Female,,Some Secondary,
24,64,,FALSE,Female,,Some Secondary,
24,64,,FALSE,Female,,Some Secondary,
24,46,,FALSE,Female,,Some Secondary,
24,51,,FALSE,Male,,Some Secondary,
24,58,,FALSE,Male,,Some Secondary,
24,63,,FALSE,Male,,Some Secondary,
23,27,,FALSE,Male,,Some Secondary,
23,34,,FALSE,Female,,Some Secondary,
24,83,,FALSE,Female,,Some Secondary,
24,88,,FALSE,Male,,Some Secondary,
23,92,,FALSE,Female,,Some Secondary,
23,96,,FALSE,Female,,Some Secondary,
24,19,,FALSE,Female,,Some Secondary,
24,18,,FALSE,Female,,Some Secondary,
24,19,,FALSE,Female,,Some Secondary,
24,20,,FALSE,Male,,Some Secondary,
24,84,,FALSE,Female,,Some Secondary,
24,84,,FALSE,Male,,Some Secondary,
24,33,,FALSE,Female,,Some Secondary,
24,32,,FALSE,Female,,Some Secondary,
24,53,,FALSE,Female,,Some Secondary,
24,53,,FALSE,Male,,Some Secondary,
23,37,,FALSE,Female,,Some Secondary,
23,50,,FALSE,Male,,Some Secondary,
24,4,,FALSE,Male,,Some Secondary,
24,4,,FALSE,Male,,Some Secondary,
24,36,,FALSE,Male,,Some Secondary,
24,47,,FALSE,Female,,Some Secondary,
24,22,,FALSE,Male,,Some Secondary,
24,35,,FALSE,Female,,Some Secondary,
23,28,,FALSE,Female,,Some Secondary,
23,29,,FALSE,Female,,Some Secondary,
24,47,,FALSE,Male,,Some Secondary,
24,63,,FALSE,Female,,Some Secondary,
24,0,,FALSE,Male,,Some Secondary,
24,20,,FALSE,Male,,Some Secondary,
24,19,,FALSE,Female,,Some Secondary,
24,22,,FALSE,Female,,Some Secondary,
24,31,,FALSE,Male,,Some Secondary,
24,35,,FALSE,Male,,Some Secondary,
25,69,,FALSE,Female,,Some Secondary,
25,69,,FALSE,Female,,Some Secondary,
23,80,,FALSE,Male,,Some Secondary,
23,87,,FALSE,Female,,Some Secondary,
23,57,,FALSE,Male,,Some Secondary,
23,57,,FALSE,Male,,Some Secondary,
24,48,,FALSE,Male,,Some Secondary,
24,50,,FALSE,Male,,Some Secondary,
24,63,,FALSE,Female,,Some Secondary,
24,51,,FALSE,Female,,Some Secondary,
23,47,,FALSE,Male,,Some Secondary,
24,45,,FALSE,Male,,Some Secondary,
23,50,,FALSE,Male,,Some Secondary,
23,36,,FALSE,Male,,Some Secondary,
24,26,,FALSE,Male,,Some Secondary,
24,18,,FALSE,Male,,Some Secondary,
24,7,,FALSE,Female,,Some Secondary,
24,5,,FALSE,Male,,Some Secondary,
23,5,,FALSE,Male,,Some Secondary,
23,4,,FALSE,Male,,Some Secondary,
25,61,,FALSE,Female,,Some Secondary,
25,67,,FALSE,Male,,Some Secondary,
23,53,,FALSE,Female,,Some Secondary,
23,51,,FALSE,Female,,Some Secondary,
23,46,,FALSE,Male,,Some Secondary,
23,46,,FALSE,Male,,Some Secondary,
23,53,,FALSE,Female,,Some Secondary,
23,43,,FALSE,Male,,Some Secondary,
23,33,,FALSE,Female,,Some Secondary,
23,27,,FALSE,Male,,Some Secondary,
23,67,,FALSE,Female,,Some Secondary,
23,66,,FALSE,Female,,Some Secondary,
24,41,,FALSE,Female,,Some Secondary,
24,42,,FALSE,Female,,Some Secondary,
24,63,,FALSE,Female,,Some Secondary,
24,72,,FALSE,Male,,Some Secondary,
24,20,,FALSE,Male,,Some Secondary,
24,21,,FALSE,Male,,Some Secondary,
24,50,,FALSE,Male,,Some Secondary,
24,54,,FALSE,Male,,Some Secondary,
23,66,,FALSE,Male,,Some Secondary,
23,77,,FALSE,Male,,Some Secondary,
24,25,,FALSE,Female,,Some Secondary,
24,31,,FALSE,Male,,Some Secondary,
24,53,,FALSE,Male,,Some Secondary,
24,54,,FALSE,Male,,Some Secondary,
24,62,,FALSE,Male,,Some Secondary,
24,59,,FALSE,Female,,Some Secondary,
25,56,,FALSE,Female,,Some Secondary,
25,66,,FALSE,Female,,Some Secondary,
24,10,,FALSE,Male,,Some Secondary,
24,30,,FALSE,Male,,Some Secondary,
24,10,,FALSE,Female,,Some Secondary,
24,10,,FALSE,Female,,Some Secondary,
24,68,,FALSE,Female,,Some Secondary,
24,68,,FALSE,Female,,Some Secondary,
24,14,,FALSE,Male,,Some Secondary,
24,12,,FALSE,Male,,Some Secondary,
24,14,,FALSE,Female,,Some Secondary,
24,5,,FALSE,Female,,Some Secondary,
24,84,,FALSE,Female,,Some Secondary,
24,77,,FALSE,Female,,Some Secondary,
24,13,,FALSE,Male,,Some Secondary,
24,8,,FALSE,Female,,Some Secondary,
24,43,,FALSE,Male,,Some Secondary,
24,45,,FALSE,Male,,Some Secondary,
23,38,,FALSE,Female,,Some Secondary,
23,34,,FALSE,Male,,Some Secondary,
23,60,,FALSE,Male,,Some Secondary,
23,60,,FALSE,Female,,Some Secondary,
24,38,,FALSE,Female,,Some Secondary,
24,37,,FALSE,Female,,Some Secondary,
24,30,,FALSE,Female,,Some Secondary,
24,37,,FALSE,Female,,Some Secondary,
24,80,,FALSE,Female,,Some Secondary,
24,81,,FALSE,Male,,Some Secondary,
24,60,,FALSE,Female,,Some Secondary,
24,62,,FALSE,Female,,Some Secondary,
24,80,,FALSE,Male,,Some Secondary,
24,72,,FALSE,Male,,Some Secondary,
26,55,,FALSE,Male,,Some Secondary,
30,62,,FALSE,Male,,Some Secondary,
25,63,,FALSE,Male,,Some Secondary,
25,63,,FALSE,Male,,Some Secondary,
24,36,,FALSE,Male,,Some Secondary,
24,35,,FALSE,Male,,Some Secondary,
24,43,,FALSE,Male,,Some Secondary,
24,43,,FALSE,Female,,Some Secondary,
24,18,,FALSE,Female,,Some Secondary,
24,19,,FALSE,Female,,Some Secondary,
24,24,,FALSE,Male,,Some Secondary,
24,40,,FALSE,Male,,Some Secondary,
26,48,,FALSE,Female,,Some Secondary,
26,36,,FALSE,Male,,Some Secondary,
24,31,,FALSE,Female,,Some Secondary,
24,34,,FALSE,Female,,Some Secondary,
24,62,,FALSE,Female,,Some Secondary,
24,32,,FALSE,Male,,Some Secondary,
34,41,,FALSE,Male,,Some Secondary,
34,43,,FALSE,Male,,Some Secondary,
24,55,,FALSE,Female,,Some Secondary,
24,56,,FALSE,Female,,Some Secondary,
24,29,,FALSE,Female,,Some Secondary,
28,17,,FALSE,Male,,Some Secondary,
27,70,,FALSE,Male,,Some Secondary,
27,70,,FALSE,Male,,Some Secondary,
24,60,,FALSE,Male,,Some Secondary,
24,61,,FALSE,Male,,Some Secondary,
24,63,,FALSE,Female,,Some Secondary,
24,69,,FALSE,Female,,Some Secondary,
24,88,,FALSE,Female,,Some Secondary,
24,98,,FALSE,Female,,Some Secondary,
24,22,,FALSE,Female,,Some Secondary,
24,31,,FALSE,Female,,Some Secondary,
23,75,,FALSE,Female,,Some Secondary,
23,73,,FALSE,Male,,Some Secondary,
23,16,,FALSE,Female,,Some Secondary,
23,16,,FALSE,Female,,Some Secondary,
23,52,,FALSE,Female,,Some Secondary,
23,46,,FALSE,Female,,Some Secondary,
24,62,,FALSE,Female,,Some Secondary,
24,54,,FALSE,Female,,Some Secondary,
25,80,,FALSE,Female,,Some Secondary,
25,80,,FALSE,Female,,Some Secondary,
24,48,,FALSE,Female,,Some Secondary,
24,96,,FALSE,Male,,Some Secondary,
22,68,,FALSE,Female,,Some Secondary,
22,61,,FALSE,Male,,Some Secondary,
24,10,,FALSE,Female,,Some Secondary,
24,6,,FALSE,Female,,Some Secondary,
24,25,,FALSE,Female,,Some Secondary,
25,27,,FALSE,Female,,Some Secondary,
23,57,,FALSE,Female,,Some Secondary,
23,7,,FALSE,Female,,Some Secondary,
25,52,,FALSE,Female,,Some Secondary,
24,52,,FALSE,Female,,Some Secondary,
23,34,,FALSE,Female,,Some Secondary,
23,45,,FALSE,Male,,Some Secondary,
25,32,,FALSE,Female,,Some Secondary,
25,33,,FALSE,Male,,Some Secondary,
24,44,,FALSE,Male,,Some Secondary,
24,43,,FALSE,Male,,Some Secondary,
24,52,,FALSE,Male,,Some Secondary,
24,42,,FALSE,Female,,Some Secondary,
24,17,,FALSE,Male,,Some Secondary,
24,29,,FALSE,Male,,Some Secondary,
24,35,,FALSE,Male,,Some Secondary,
24,45,,FALSE,Female,,Some Secondary,
26,44,,FALSE,Male,,Some Secondary,
26,39,,FALSE,Male,,Some Secondary,
24,11,,FALSE,Male,,Some Secondary,
24,14,,FALSE,Male,,Some Secondary,
26,70,,FALSE,Female,,Some Secondary,
26,78,,FALSE,Female,,Some Secondary,
24,60,,FALSE,Female,,Some Secondary,
24,84,,FALSE,Female,,Some Secondary,
28,57,,FALSE,Female,,Some Secondary,
26,37,,FALSE,Female,,Some Secondary,
24,40,,FALSE,Male,,Some Secondary,
24,44,,FALSE,Male,,Some Secondary,
23,65,,FALSE,Female,,Some Secondary,
24,66,,FALSE,Female,,Some Secondary,
25,32,,FALSE,Male,,Some Secondary,
25,48,,FALSE,Male,,Some Secondary,
24,84,,FALSE,Female,,Some Secondary,
24,97,,FALSE,Male,,Some Secondary,
26,59,,FALSE,Female,,Some Secondary,
26,60,,FALSE,Female,,Some Secondary,
23,72,,FALSE,Female,,Some Secondary,
23,72,,FALSE,Female,,Some Secondary,
23,76,,FALSE,Male,,Some Secondary,
24,89,,FALSE,Female,,Some Secondary,
24,75,,FALSE,Female,,Some Secondary,
24,78,,FALSE,Female,,Some Secondary,
28,10,,FALSE,Male,,Some Secondary,
28,24,,FALSE,Female,,Some Secondary,
24,77,,FALSE,Female,,Some Secondary,
24,73,,FALSE,Male,,Some Secondary,
23,45,,FALSE,Female,,Some Secondary,
23,55,,FALSE,Female,,Some Secondary,
23,68,,FALSE,Female,,Some Secondary,
23,84,,FALSE,Female,,Some Secondary,
24,95,,FALSE,Female,,Some Secondary,
24,60,,FALSE,Male,,Some Secondary,
25,57,,FALSE,Male,,Some Secondary,
25,70,,FALSE,Female,,Some Secondary,
24,12,,FALSE,Male,,Some Secondary,
24,17,,FALSE,Male,,Some Secondary,
23,50,,FALSE,Female,,Some Secondary,
23,42,,FALSE,Male,,Some Secondary,
23,35,,FALSE,Female,,Some Secondary,
23,34,,FALSE,Male,,Some Secondary,
24,59,,FALSE,Female,,Some Secondary,
24,42,,FALSE,Female,,Some Secondary,
24,89,,FALSE,Male,,Some Secondary,
24,90,,FALSE,Male,,Some Secondary,
29,60,,FALSE,Male,,Some Secondary,
29,62,,FALSE,Female,,Some Secondary,
26,59,,FALSE,Female,,Some Secondary,
26,59,,FALSE,Female,,Some Secondary,
24,47,,FALSE,Male,,Some Secondary,
24,60,,FALSE,Male,,Some Secondary,
25,9,,FALSE,Male,,Some Secondary,
24,10,,FALSE,Female,,Some Secondary,
23,9,,FALSE,Male,,Some Secondary,
23,33,,FALSE,Female,,Some Secondary,
24,6,,FALSE,Male,,Some Secondary,
24,5,,FALSE,Male,,Some Secondary,
24,47,,FALSE,Male,,Some Secondary,
24,55,,FALSE,Male,,Some Secondary,
30,100,,FALSE,Female,,Some Secondary,
30,100,,FALSE,Male,,Some Secondary,
25,57,,FALSE,Female,,Some Secondary,
25,63,,FALSE,Female,,Some Secondary,
26,99,,FALSE,Female,,Some Secondary,
26,97,,FALSE,Male,,Some Secondary,
24,13,,FALSE,Female,,Some Secondary,
24,13,,FALSE,Female,,Some Secondary,
30,73,,FALSE,Male,,Some Secondary,
30,56,,FALSE,Male,,Some Secondary,
25,49,,FALSE,Female,,Some Secondary,
25,51,,FALSE,Female,,Some Secondary,
22,18,,FALSE,Male,,Some Secondary,
22,24,,FALSE,Male,,Some Secondary,
24,21,,FALSE,Male,,Some Secondary,
24,11,,FALSE,Male,,Some Secondary,
23,9,,FALSE,Female,,Some Secondary,
23,39,,FALSE,Male,,Some Secondary,
24,31,,FALSE,Female,,Some Secondary,
24,33,,FALSE,Female,,Some Secondary,
24,28,,FALSE,Female,,Some Secondary,
24,24,,FALSE,Female,,Some Secondary,
22,38,,FALSE,Female,,Some Secondary,
22,40,,FALSE,Male,,Some Secondary,
24,33,,FALSE,Male,,Some Secondary,
24,34,,FALSE,Male,,Some Secondary,
23,41,,FALSE,Male,,Some Secondary,
23,69,,FALSE,Female,,Some Secondary,
23,37,,FALSE,Female,,Some Secondary,
23,39,,FALSE,Male,,Some Secondary,
24,46,,FALSE,Female,,Some Secondary,
24,43,,FALSE,Female,,Some Secondary,
24,50,,FALSE,Male,,Some Secondary,
24,51,,FALSE,Female,,Some Secondary,
24,38,,FALSE,Male,,Some Secondary,
24,38,,FALSE,Male,,Some Secondary,
23,47,,FALSE,Male,,Some Secondary,
23,50,,FALSE,Male,,Some Secondary,
24,59,,FALSE,Female,,Some Secondary,
23,56,,FALSE,Female,,Some Secondary,
24,28,,FALSE,Male,,Some Secondary,
24,26,,FALSE,Male,,Some Secondary,
24,12,,FALSE,Male,,Some Secondary,
24,8,,FALSE,Male,,Some Secondary,
23,26,,FALSE,Male,,Some Secondary,
23,36,,FALSE,Male,,Some Secondary,
28,59,,FALSE,Male,,Some Secondary,
28,58,,FALSE,Male,,Some Secondary,
24,14,,FALSE,Male,,Some Secondary,
24,26,,FALSE,Female,,Some Secondary,
24,72,,FALSE,Male,,Some Secondary,
24,68,,FALSE,Male,,Some Secondary,
24,97,,FALSE,Male,,Some Secondary,
24,98,,FALSE,Female,,Some Secondary,
29,100,,FALSE,Male,,Some Secondary,
29,100,,FALSE,Female,,Some Secondary,
28,100,,FALSE,Male,,Some Secondary,
28,100,,FALSE,Male,,Some Secondary,
28,62,,FALSE,Male,,Some Secondary,
28,69,,FALSE,Male,,Some Secondary,
29,100,,FALSE,Male,,Some Secondary,
29,100,,FALSE,Female,,Some Secondary,
24,75,,FALSE,Female,,Some Secondary,
24,71,,FALSE,Female,,Some Secondary,
23,30,,FALSE,Male,,Some Secondary,
23,31,,FALSE,Male,,Some Secondary,
27,89,,FALSE,Male,,Some Secondary,
27,89,,FALSE,Male,,Some Secondary,
28,83,,FALSE,Male,,Some Secondary,
28,79,,FALSE,Female,,Some Secondary,
23,46,,FALSE,Female,,Some Secondary,
23,44,,FALSE,Female,,Some Secondary,
24,16,,FALSE,Male,,Some Secondary,
24,11,,FALSE,Male,,Some Secondary,
23,60,,FALSE,Female,,Some Secondary,
23,67,,FALSE,Female,,Some Secondary,
25,58,,FALSE,Female,,Some Secondary,
25,54,,FALSE,Male,,Some Secondary,
23,15,,FALSE,Female,,Some Secondary,
23,18,,FALSE,Male,,Some Secondary,
26,43,,FALSE,Male,,Some Secondary,
25,72,,FALSE,Male,,Some Secondary,
24,6,,FALSE,Male,,Some Secondary,
24,3,,FALSE,Male,,Some Secondary,
25,55,,FALSE,Male,,Some Secondary,
25,35,,FALSE,Male,,Some Secondary,
23,16,,FALSE,Male,,Some Secondary,
23,12,,FALSE,Male,,Some Secondary,
24,37,,FALSE,Female,,Some Secondary,
25,51,,FALSE,Female,,Some Secondary,
25,62,,FALSE,Female,,Some Secondary,
25,46,,FALSE,Male,,Some Secondary,
25,51,,FALSE,Male,,Some Secondary,
25,63,,FALSE,Female,,Some Secondary,
26,21,,FALSE,Male,,Some Secondary,
26,85,,FALSE,Female,,Some Secondary,
23,38,,FALSE,Male,,Some Secondary,
23,39,,FALSE,Male,,Some Secondary,
24,43,,FALSE,Male,,Some Secondary,
24,63,,FALSE,Female,,Some Secondary,
24,83,,FALSE,Male,,Some Secondary,
24,85,,FALSE,Female,,Some Secondary,
24,68,,FALSE,Female,,Some Secondary,
24,67,,FALSE,Male,,Some Secondary,
26,40,,FALSE,Male,,Some Secondary,
26,43,,FALSE,Male,,Some Secondary,
30,83,,FALSE,Male,,Some Secondary,
30,76,,FALSE,Male,,Some Secondary,
24,71,,FALSE,Female,,Some Secondary,
24,61,,FALSE,Male,,Some Secondary,
23,74,,FALSE,Male,,Some Secondary,
23,49,,FALSE,Male,,Some Secondary,
23,4,,FALSE,Female,,Some Secondary,
23,1,,FALSE,Female,,Some Secondary,
24,56,,FALSE,Male,,Some Secondary,
24,59,,FALSE,Male,,Some Secondary,
24,64,,FALSE,Male,,Some Secondary,
24,47,,FALSE,Male,,Some Secondary,
25,46,,FALSE,Female,,Some Secondary,
25,65,,FALSE,Female,,Some Secondary,
24,26,,FALSE,Male,,Some Secondary,
24,19,,FALSE,Male,,Some Secondary,
24,37,,FALSE,Female,,Some Secondary,
24,35,,FALSE,Female,,Some Secondary,
23,65,,FALSE,Male,,Some Secondary,
23,64,,FALSE,Male,,Some Secondary,
24,53,,FALSE,Female,,Some Secondary,
24,55,,FALSE,Female,,Some Secondary,
24,51,,FALSE,Male,,Some Secondary,
24,49,,FALSE,Female,,Some Secondary,
24,66,,FALSE,Female,,Some Secondary,
24,68,,FALSE,Female,,Some Secondary,
27,10,,FALSE,Male,,Some Secondary,
27,26,,FALSE,Male,,Some Secondary,
23,46,,FALSE,Female,,Some Secondary,
23,46,,FALSE,Female,,Some Secondary,
29,57,,FALSE,Female,,Some Secondary,
29,95,,FALSE,Female,,Some Secondary,
24,19,,FALSE,Male,,Some Secondary,
24,19,,FALSE,Male,,Some Secondary,
23,11,,FALSE,Male,,Some Secondary,
23,42,,FALSE,Female,,Some Secondary,
23,21,,FALSE,Male,,Some Secondary,
22,16,,FALSE,Male,,Some Secondary,
24,44,,FALSE,Male,,Some Secondary,
24,42,,FALSE,Male,,Some Secondary,
24,45,,FALSE,Female,,Some Secondary,
24,54,,FALSE,Female,,Some Secondary,
23,98,,FALSE,Male,,Some Secondary,
23,100,,FALSE,Male,,Some Secondary,
24,29,,FALSE,Male,,Some Secondary,
24,32,,FALSE,Female,,Some Secondary,
24,68,,FALSE,Female,,Some Secondary,
24,50,,FALSE,Male,,Some Secondary,
24,35,,FALSE,Male,,Some Secondary,
24,30,,FALSE,Female,,Some Secondary,
23,23,,FALSE,Male,,Some Secondary,
23,22,,FALSE,Male,,Some Secondary,
24,11,,FALSE,Male,,Some Secondary,
24,8,,FALSE,Male,,Some Secondary,
24,45,,FALSE,Female,,Some Secondary,
26,59,,FALSE,Male,,Some Secondary,
23,31,,FALSE,Male,,Some Secondary,
23,38,,FALSE,Male,,Some Secondary,
24,49,,FALSE,Female,,Some Secondary,
24,55,,FALSE,Female,,Some Secondary,
22,85,,FALSE,Female,,Some Secondary,
22,82,,FALSE,Female,,Some Secondary,
24,78,,FALSE,Male,,Some Secondary,
24,79,,FALSE,Female,,Some Secondary,
24,43,,FALSE,Female,,Some Secondary,
24,42,,FALSE,Female,,Some Secondary,
25,80,,FALSE,Male,,Some Secondary,
25,84,,FALSE,Female,,Some Secondary,
23,12,,FALSE,Male,,Some Secondary,
23,18,,FALSE,Female,,Some Secondary,
24,36,,FALSE,Male,,Some Secondary,
24,34,,FALSE,Male,,Some Secondary,
24,43,,FALSE,Female,,Some Secondary,
24,41,,FALSE,Female,,Some Secondary,
23,99,,FALSE,Female,,Some Secondary,
23,100,,FALSE,Male,,Some Secondary,
23,18,,FALSE,Male,,Some Secondary,
23,23,,FALSE,Female,,Some Secondary,
23,93,,FALSE,Female,,Some Secondary,
23,96,,FALSE,Female,,Some Secondary,
22,73,,FALSE,Male,,Some Secondary,
22,74,,FALSE,Female,,Some Secondary,
23,12,,FALSE,Female,,Some Secondary,
23,11,,FALSE,Female,,Some Secondary,
24,9,,FALSE,Male,,Some Secondary,
24,7,,FALSE,Male,,Some Secondary,
22,9,,FALSE,Male,,Some Secondary,
22,7,,FALSE,Male,,Some Secondary,
23,47,,FALSE,Female,,Some Secondary,
23,51,,FALSE,Female,,Some Secondary,
22,83,,FALSE,Female,,Some Secondary,
22,78,,FALSE,Female,,Some Secondary,
24,17,,FALSE,Male,,Some Secondary,
24,12,,FALSE,Male,,Some Secondary,
23,59,,FALSE,Female,,Some Secondary,
23,55,,FALSE,Male,,Some Secondary,
24,13,,FALSE,Female,,Some Secondary,
24,10,,FALSE,Male,,Some Secondary,
23,30,,FALSE,Male,,Some Secondary,
23,21,,FALSE,Male,,Some Secondary,
24,61,,FALSE,Male,,Some Secondary,
24,60,,FALSE,Male,,Some Secondary,
25,45,,FALSE,Female,,Some Secondary,
25,45,,FALSE,Female,,Some Secondary,
23,49,,FALSE,Male,,Some Secondary,
23,48,,FALSE,Male,,Some Secondary,
24,46,,FALSE,Female,,Some Secondary,
24,48,,FALSE,Female,,Some Secondary,
22,90,,FALSE,Male,,Some Secondary,
22,87,,FALSE,Male,,Some Secondary,
24,69,,FALSE,Female,,Some Secondary,
24,69,,FALSE,Female,,Some Secondary,
23,73,,FALSE,Female,,Some Secondary,
23,77,,FALSE,Male,,Some Secondary,
24,9,,FALSE,Male,,Some Secondary,
24,9,,FALSE,Male,,Some Secondary,
23,56,,FALSE,Female,,Some Secondary,
23,55,,FALSE,Female,,Some Secondary,
24,64,,FALSE,Female,,Some Secondary,
24,61,,FALSE,Male,,Some Secondary,
23,52,,FALSE,Female,,Some Secondary,
23,46,,FALSE,Male,,Some Secondary,
24,36,,FALSE,Male,,Some Secondary,
24,46,,FALSE,Male,,Some Secondary,
23,25,,FALSE,Male,,Some Secondary,
23,78,,FALSE,Male,,Some Secondary,
24,67,,FALSE,Female,,Some Secondary,
24,69,,FALSE,Female,,Some Secondary,
29,97,,FALSE,Male,,Some Secondary,
24,86,,FALSE,Female,,Some Secondary,
23,34,,FALSE,Male,,Some Secondary,
23,34,,FALSE,Male,,Some Secondary,
24,100,,FALSE,Female,,Some Secondary,
24,100,,FALSE,Female,,Some Secondary,
23,31,,FALSE,Female,,Some Secondary,
23,22,,FALSE,Female,,Some Secondary,
24,27,,FALSE,Male,,Some Secondary,
25,27,,FALSE,Male,,Some Secondary,
24,18,,FALSE,Female,,Some Secondary,
25,14,,FALSE,Female,,Some Secondary,
24,42,,FALSE,Female,,Some Secondary,
24,88,,FALSE,Female,,Some Secondary,
24,62,,FALSE,Female,,Some Secondary,
24,56,,FALSE,Female,,Some Secondary,
24,100,,FALSE,Female,,Some Secondary,
24,100,,FALSE,Female,,Some Secondary,
23,22,,FALSE,Male,,Some Secondary,
23,40,,FALSE,Male,,Some Secondary,
24,82,,FALSE,Female,,Some Secondary,
24,47,,FALSE,Male,,Some Secondary,
24,36,,FALSE,Male,,Some Secondary,
24,37,,FALSE,Male,,Some Secondary,
24,61,,FALSE,Male,,Some Secondary,
24,71,,FALSE,Male,,Some Secondary,
24,23,,FALSE,Female,,Some Secondary,
24,9,,FALSE,Male,,Some Secondary,
24,86,,FALSE,Female,,Some Secondary,
24,87,,FALSE,Female,,Some Secondary,
23,49,,FALSE,Male,,Some Secondary,
23,62,,FALSE,Male,,Some Secondary,
23,27,,FALSE,Female,,Some Secondary,
23,22,,FALSE,Male,,Some Secondary,
23,74,,FALSE,Female,,Some Secondary,
23,56,,FALSE,Male,,Some Secondary,
24,89,,FALSE,Female,,Some Secondary,
24,83,,FALSE,Female,,Some Secondary,
22,0,,FALSE,Female,,Some Secondary,
22,0,,FALSE,Male,,Some Secondary,
23,42,,FALSE,Male,,Some Secondary,
23,49,,FALSE,Female,,Some Secondary,
25,94,,FALSE,Male,,Some Secondary,
25,94,,FALSE,Male,,Some Secondary,
25,68,,FALSE,Female,,Some Secondary,
24,95,,FALSE,Male,,Some Secondary,
24,96,,FALSE,Female,,Some Secondary,
24,76,,FALSE,Male,,Some Secondary,
24,82,,FALSE,Male,,Some Secondary,
24,57,,FALSE,Female,,Some Secondary,
24,65,,FALSE,Male,,Some Secondary,
24,10,,FALSE,Male,,Some Secondary,
24,11,,FALSE,Male,,Some Secondary,
23,35,,FALSE,Female,,Some Secondary,
23,52,,FALSE,Female,,Some Secondary,
25,57,,FALSE,Male,,Some Secondary,
22,66,,FALSE,Female,,Some Secondary,
24,28,,FALSE,Female,,Some Secondary,
23,30,,FALSE,Female,,Some Secondary,
24,56,,FALSE,Female,,Some Secondary,
24,51,,FALSE,Male,,Some Secondary,
24,40,,FALSE,Male,,Some Secondary,
24,44,,FALSE,Female,,Some Secondary,
24,50,,FALSE,Female,,Some Secondary,
24,86,,FALSE,Female,,Some Secondary,
24,55,,FALSE,Male,,Some Secondary,
24,68,,FALSE,Male,,Some Secondary,
24,100,,FALSE,Female,,Some Secondary,
24,100,,FALSE,Female,,Some Secondary,
23,97,,FALSE,Female,,Some Secondary,
23,100,,FALSE,Female,,Some Secondary,
24,60,,FALSE,Male,,Some Secondary,
24,66,,FALSE,Male,,Some Secondary,
24,56,,FALSE,Male,,Some Secondary,
23,47,,FALSE,Female,,Some Secondary,
23,35,,FALSE,Female,,Some Secondary,
24,44,,FALSE,Female,,Some Secondary,
25,95,,FALSE,Female,,Some Secondary,
25,96,,FALSE,Female,,Some Secondary,
24,40,,FALSE,Male,,Some Secondary,
24,38,,FALSE,Male,,Some Secondary,
25,100,,FALSE,Female,,Some Secondary,
25,100,,FALSE,Female,,Some Secondary,
26,79,,FALSE,Male,,Some Secondary,
26,79,,FALSE,Male,,Some Secondary,
23,54,,FALSE,Male,,Some Secondary,
23,58,,FALSE,Female,,Some Secondary,
22,76,,FALSE,Male,,Some Secondary,
23,79,,FALSE,Male,,Some Secondary,
24,17,,FALSE,Female,,Some Secondary,
24,7,,FALSE,Female,,Some Secondary,
24,24,,FALSE,Male,,Some Secondary,
24,26,,FALSE,Male,,Some Secondary,
23,38,,FALSE,Female,,Some Secondary,
23,34,,FALSE,Male,,Some Secondary,
24,92,,FALSE,Female,,Some Secondary,
24,88,,FALSE,Female,,Some Secondary,
24,13,,FALSE,Female,,Some Secondary,
24,17,,FALSE,Male,,Some Secondary,
24,81,,FALSE,Female,,Some Secondary,
24,86,,FALSE,Male,,Some Secondary,
24,100,,FALSE,Male,,Some Secondary,
24,92,,FALSE,Male,,Some Secondary,
24,6,,FALSE,Male,,Some Secondary,
24,6,,FALSE,Male,,Some Secondary,
24,32,,FALSE,Female,,Some Secondary,
24,26,,FALSE,Female,,Some Secondary,
24,56,,FALSE,Female,,Some Secondary,
24,58,,FALSE,Female,,Some Secondary,
23,97,,FALSE,Male,,Some Secondary,
23,93,,FALSE,Female,,Some Secondary,
24,52,,FALSE,Female,,Some Secondary,
24,51,,FALSE,Female,,Some Secondary,
24,12,,FALSE,Male,,Some Secondary,
24,5,,FALSE,Male,,Some Secondary,
24,74,,FALSE,Female,,Some Secondary,
24,72,,FALSE,Male,,Some Secondary,
24,56,,FALSE,Female,,Some Secondary,
24,73,,FALSE,Female,,Some Secondary,
24,27,,FALSE,Male,,Some Secondary,
24,46,,FALSE,Female,,Some Secondary,
26,54,,FALSE,Female,,Some Secondary,
26,57,,FALSE,Male,,Some Secondary,
24,48,,FALSE,Male,,Some Secondary,
24,66,,FALSE,Female,,Some Secondary,
24,28,,FALSE,Female,,Some Secondary,
24,29,,FALSE,Female,,Some Secondary,
23,83,,FALSE,Male,,Some Secondary,
23,85,,FALSE,Female,,Some Secondary,
24,43,,FALSE,Male,,Some Secondary,
24,74,,FALSE,Female,,Some Secondary,
24,67,,FALSE,Female,,Some Secondary,
24,100,,FALSE,Female,,Some Secondary,
24,68,,FALSE,Female,,Some Secondary,
24,61,,FALSE,Female,,Some Secondary,
23,18,,FALSE,Male,,Some Secondary,
23,13,,FALSE,Female,,Some Secondary,
23,76,,FALSE,Female,,Some Secondary,
23,74,,FALSE,Male,,Some Secondary,
24,41,,FALSE,Male,,Some Secondary,
24,35,,FALSE,Male,,Some Secondary,
25,37,,FALSE,Male,,Some Secondary,
23,37,,FALSE,Male,,Some Secondary,
23,48,,FALSE,Female,,Some Secondary,
23,44,,FALSE,Male,,Some Secondary,
24,17,,FALSE,Female,,Some Secondary,
24,22,,FALSE,Female,,Some Secondary,
24,86,,FALSE,Male,,Some Secondary,
24,95,,FALSE,Female,,Some Secondary,
23,49,,FALSE,Female,,Some Secondary,
23,45,,FALSE,Female,,Some Secondary,
24,17,,FALSE,Male,,Some Secondary,
24,16,,FALSE,Male,,Some Secondary,
24,67,,FALSE,Male,,Some Secondary,
24,62,,FALSE,Male,,Some Secondary,
24,58,,FALSE,Female,,Some Secondary,
24,40,,FALSE,Male,,Some Secondary,
24,39,,FALSE,Male,,Some Secondary,
24,38,,FALSE,Male,,Some Secondary,
23,38,,FALSE,Male,,Some Secondary,
23,31,,FALSE,Male,,Some Secondary,
24,41,,FALSE,Female,,Some Secondary,
24,49,,FALSE,Female,,Some Secondary,
24,50,,FALSE,Female,,Some Secondary,
24,39,,FALSE,Male,,Some Secondary,
24,21,,FALSE,Male,,Some Secondary,
24,19,,FALSE,Female,,Some Secondary,
23,42,,FALSE,Female,,Some Secondary,
23,42,,FALSE,Female,,Some Secondary,
24,20,,FALSE,Female,,Some Secondary,
24,21,,FALSE,Female,,Some Secondary,
26,31,,FALSE,Female,,Some Secondary,
24,21,,FALSE,Male,,Some Secondary,
22,97,,FALSE,Male,,Some Secondary,
22,100,,FALSE,Male,,Some Secondary,
24,35,,FALSE,Female,,Some Secondary,
24,33,,FALSE,Male,,Some Secondary,
24,53,,FALSE,Male,,Some Secondary,
24,35,,FALSE,Female,,Some Secondary,
23,59,,FALSE,Female,,Some Secondary,
23,65,,FALSE,Female,,Some Secondary,
23,68,,FALSE,Male,,Some Secondary,
23,70,,FALSE,Female,,Some Secondary,
24,56,,FALSE,Female,,Some Secondary,
24,55,,FALSE,Male,,Some Secondary,
24,45,,FALSE,Female,,Some Secondary,
24,33,,FALSE,Male,,Some Secondary,
24,47,,FALSE,Male,,Some Secondary,
24,53,,FALSE,Male,,Some Secondary,
23,74,,FALSE,Male,,Some Secondary,
23,78,,FALSE,Male,,Some Secondary,
24,91,,FALSE,Male,,Some Secondary,
24,89,,FALSE,Male,,Some Secondary,
24,15,,FALSE,Male,,Some Secondary,
24,13,,FALSE,Male,,Some Secondary,
25,22,,FALSE,Female,,Some Secondary,
25,18,,FALSE,Female,,Some Secondary,
25,100,,FALSE,Male,,Some Secondary,
25,100,,FALSE,Male,,Some Secondary,
24,26,,FALSE,Female,,Some Secondary,
24,40,,FALSE,Male,,Some Secondary,
23,48,,FALSE,Male,,Some Secondary,
23,46,,FALSE,Female,,Some Secondary,
23,32,,FALSE,Male,,Some Secondary,
23,31,,FALSE,Male,,Some Secondary,
24,15,,FALSE,Female,,Some Secondary,
24,14,,FALSE,Female,,Some Secondary,
24,63,,FALSE,Male,,Some Secondary,
24,59,,FALSE,Male,,Some Secondary,
24,52,,FALSE,Female,,Some Secondary,
24,62,,FALSE,Female,,Some Secondary,
22,39,,FALSE,Female,,Some Secondary,
22,42,,FALSE,Female,,Some Secondary,
23,20,,FALSE,Female,,Some Secondary,
24,40,,FALSE,Female,,Some Secondary,
25,54,,FALSE,Female,,Some Secondary,
25,54,,FALSE,Female,,Some Secondary,
23,16,,FALSE,Male,,Some Secondary,
23,15,,FALSE,Female,,Some Secondary,
24,51,,FALSE,Male,,Some Secondary,
24,41,,FALSE,Female,,Some Secondary,
23,38,,FALSE,Male,,Some Secondary,
23,42,,FALSE,Male,,Some Secondary,
23,77,,FALSE,Female,,Some Secondary,
24,89,,FALSE,Female,,Some Secondary,
24,43,,FALSE,Female,,Some Secondary,
24,57,,FALSE,Female,,Some Secondary,
24,51,,FALSE,Male,,Some Secondary,
24,49,,FALSE,Male,,Some Secondary,
24,95,,FALSE,Female,,Some Secondary,
24,100,,FALSE,Male,,Some Secondary,
24,11,,FALSE,Male,,Some Secondary,
24,8,,FALSE,Male,,Some Secondary,
25,68,,FALSE,Male,,Some Secondary,
25,68,,FALSE,Female,,Some Secondary,
24,31,,FALSE,Female,,Some Secondary,
24,34,,FALSE,Male,,Some Secondary,
24,43,,FALSE,Male,,Some Secondary,
24,47,,FALSE,Male,,Some Secondary,
24,80,,FALSE,Male,,Some Secondary,
24,77,,FALSE,Female,,Some Secondary,
23,55,,FALSE,Female,,Some Secondary,
23,41,,FALSE,Male,,Some Secondary,
23,34,,FALSE,Female,,Some Secondary,
23,33,,FALSE,Female,,Some Secondary,
24,78,,FALSE,Female,,Some Secondary,
26,68,,FALSE,Male,,Some Secondary,
24,48,,FALSE,Male,,Some Secondary,
24,45,,FALSE,Male,,Some Secondary,
24,41,,FALSE,Male,,Some Secondary,
24,43,,FALSE,Male,,Some Secondary,
24,73,,FALSE,Male,,Some Secondary,
23,78,,FALSE,Female,,Some Secondary,
25,37,,FALSE,Male,,Some Secondary,
25,41,,FALSE,Female,,Some Secondary,
24,11,,FALSE,Male,,Some Secondary,
23,18,,FALSE,Female,,Some Secondary,
23,11,,FALSE,Male,,Some Secondary,
24,9,,FALSE,Female,,Some Secondary,
23,40,,FALSE,Female,,Some Secondary,
23,35,,FALSE,Male,,Some Secondary,
24,91,,FALSE,Female,,Some Secondary,
24,91,,FALSE,Female,,Some Secondary,
25,50,,FALSE,Female,,Some Secondary,
25,33,,FALSE,Female,,Some Secondary,
24,59,,FALSE,Female,,Some Secondary,
23,54,,FALSE,Female,,Some Secondary,
27,97,,FALSE,Female,,Some Secondary,
27,100,,FALSE,Male,,Some Secondary,
24,67,,FALSE,Female,,Some Secondary,
24,64,,FALSE,Female,,Some Secondary,
25,8,,FALSE,Female,,Some Secondary,
25,5,,FALSE,Male,,Some Secondary,
24,37,,FALSE,Female,,Some Secondary,
24,36,,FALSE,Female,,Some Secondary,
24,71,,FALSE,Female,,Some Secondary,
24,77,,FALSE,Female,,Some Secondary,
30,67,,FALSE,Female,,Some Secondary,
30,69,,FALSE,Female,,Some Secondary,
25,23,,FALSE,Male,,Some Secondary,
25,23,,FALSE,Male,,Some Secondary,
24,56,,FALSE,Male,,Some Secondary,
24,67,,FALSE,Male,,Some Secondary,
24,70,,FALSE,Female,,Some Secondary,
24,68,,FALSE,Male,,Some Secondary,
23,52,,FALSE,Female,,Some Secondary,
23,29,,FALSE,Male,,Some Secondary,
23,78,,FALSE,Female,,Some Secondary,
23,76,,FALSE,Female,,Some Secondary,
24,23,,FALSE,Male,,Some Secondary,
24,46,,FALSE,Female,,Some Secondary,
23,71,,FALSE,Female,,Some Secondary,
23,71,,FALSE,Female,,Some Secondary,
27,66,,FALSE,Female,,Some Secondary,
27,80,,FALSE,Female,,Some Secondary,
24,46,,FALSE,Male,,Some Secondary,
24,61,,FALSE,Female,,Some Secondary,
24,38,,FALSE,Female,,Some Secondary,
24,13,,FALSE,Male,,Some Secondary,
24,36,,FALSE,Female,,Some Secondary,
24,34,,FALSE,Female,,Some Secondary,
24,49,,FALSE,Male,,Some Secondary,
24,50,,FALSE,Female,,Some Secondary,
23,11,,FALSE,Male,,Some Secondary,
23,12,,FALSE,Male,,Some Secondary,
24,23,,FALSE,Male,,Some Secondary,
24,41,,FALSE,Male,,Some Secondary,
24,57,,FALSE,Female,,Some Secondary,
24,45,,FALSE,Female,,Some Secondary,
24,57,,FALSE,Male,,Some Secondary,
24,55,,FALSE,Female,,Some Secondary,
24,51,,FALSE,Female,,Some Secondary,
24,37,,FALSE,Male,,Some Secondary,
24,73,,FALSE,Male,,Some Secondary,
24,68,,FALSE,Male,,Some Secondary,
24,52,,FALSE,Male,,Some Secondary,
24,42,,FALSE,Male,,Some Secondary,
23,43,,FALSE,Male,,Some Secondary,
23,43,,FALSE,Male,,Some Secondary,
24,5,,FALSE,Male,,Some Secondary,
24,22,,FALSE,Male,,Some Secondary,
24,47,,FALSE,Female,,Some Secondary,
24,50,,FALSE,Male,,Some Secondary,
24,60,,FALSE,Male,,Some Secondary,
24,60,,FALSE,Male,,Some Secondary,
24,43,,FALSE,Male,,Some Secondary,
24,43,,FALSE,Male,,Some Secondary,
24,56,,FALSE,Female,,Some Secondary,
24,56,,FALSE,Female,,Some Secondary,
24,28,,FALSE,Female,,Some Secondary,
24,29,,FALSE,Female,,Some Secondary,
24,70,,FALSE,Male,,Some Secondary,
24,73,,FALSE,Female,,Some Secondary,
24,10,,FALSE,Male,,Some Secondary,
24,17,,FALSE,Male,,Some Secondary,
24,100,,FALSE,Male,,Some Secondary,
23,0,,FALSE,Female,,Some Secondary,
24,13,,FALSE,Female,,Some Secondary,
24,5,,FALSE,Male,,Some Secondary,
24,23,,FALSE,Male,,Some Secondary,
24,37,,FALSE,Male,,Some Secondary,
24,57,,FALSE,Male,,Some Secondary,
24,68,,FALSE,Female,,Some Secondary,
24,56,,FALSE,Male,,Some Secondary,
24,56,,FALSE,Male,,Some Secondary,
24,39,,FALSE,Female,,Some Secondary,
24,38,,FALSE,Female,,Some Secondary,
23,31,,FALSE,Male,,Some Secondary,
23,60,,FALSE,Female,,Some Secondary,
24,51,,FALSE,Female,,Some Secondary,
24,45,,FALSE,Female,,Some Secondary,
23,80,,FALSE,Female,,Some Secondary,
22,70,,FALSE,Female,,Some Secondary,
23,46,,FALSE,Female,,Some Secondary,
23,46,,FALSE,Female,,Some Secondary,
26,34,,FALSE,Female,,Some Secondary,
26,25,,FALSE,Female,,Some Secondary,
23,18,,FALSE,Female,,Some Secondary,
23,36,,FALSE,Male,,Some Secondary,
23,46,,FALSE,Female,,Some Secondary,
23,46,,FALSE,Female,,Some Secondary,
25,14,,FALSE,Male,,Some Secondary,
25,33,,FALSE,Female,,Some Secondary,
23,56,,FALSE,Female,,Some Secondary,
23,56,,FALSE,Female,,Some Secondary,
24,61,,FALSE,Female,,Some Secondary,
24,62,,FALSE,Female,,Some Secondary,
25,32,,FALSE,Male,,Some Secondary,
25,32,,FALSE,Male,,Some Secondary,
23,57,,FALSE,Female,,Some Secondary,
23,61,,FALSE,Female,,Some Secondary,
24,24,,FALSE,Male,,Some Secondary,
24,23,,FALSE,Male,,Some Secondary,
25,34,,FALSE,Female,,Some Secondary,
25,19,,FALSE,Male,,Some Secondary,
23,71,,FALSE,Female,,Some Secondary,
23,68,,FALSE,Male,,Some Secondary,
24,100,,FALSE,Male,,Some Secondary,
24,100,,FALSE,Male,,Some Secondary,
23,100,,FALSE,Female,,Some Secondary,
23,99,,FALSE,Female,,Some Secondary,
24,50,,FALSE,Female,,Some Secondary,
24,22,,FALSE,Female,,Some Secondary,
24,26,,FALSE,Female,,Some Secondary,
24,53,,FALSE,Male,,Some Secondary,
29,75,,FALSE,Male,,Some Secondary,
24,11,,FALSE,Male,,Some Secondary,
24,9,,FALSE,Male,,Some Secondary,
23,40,,FALSE,Female,,Some Secondary,
23,36,,FALSE,Female,,Some Secondary,
24,49,,FALSE,Male,,Some Secondary,
24,48,,FALSE,Female,,Some Secondary,
24,52,,FALSE,Female,,Some Secondary,
24,40,,FALSE,Female,,Some Secondary,
25,28,,FALSE,Male,,Some Secondary,
25,28,,FALSE,Female,,Some Secondary,
24,28,,FALSE,Male,,Some Secondary,
24,30,,FALSE,Male,,Some Secondary,
23,53,,FALSE,Female,,Some Secondary,
23,53,,FALSE,Female,,Some Secondary,
23,14,,FALSE,Male,,Some Secondary,
23,41,,FALSE,Female,,Some Secondary,
24,59,,FALSE,Female,,Some Secondary,
24,60,,FALSE,Female,,Some Secondary,
24,90,,FALSE,Male,,Some Secondary,
24,96,,FALSE,Female,,Some Secondary,
23,79,,FALSE,Female,,Some Secondary,
23,79,,FALSE,Female,,Some Secondary,
23,49,,FALSE,Female,,Some Secondary,
25,50,,FALSE,Female,,Some Secondary,
23,16,,FALSE,Female,,Some Secondary,
23,19,,FALSE,Female,,Some Secondary,
25,56,,FALSE,Male,,Some Secondary,
25,36,,FALSE,Female,,Some Secondary,
24,72,,FALSE,Female,,Some Secondary,
24,56,,FALSE,Male,,Some Secondary,
23,49,,FALSE,Male,,Some Secondary,
23,52,,FALSE,Male,,Some Secondary,
23,41,,FALSE,Female,,Some Secondary,
23,46,,FALSE,Male,,Some Secondary,
23,27,,FALSE,Female,,Some Secondary,
23,23,,FALSE,Male,,Some Secondary,
24,63,,FALSE,Male,,Some Secondary,
25,61,,FALSE,Male,,Some Secondary,
24,66,,FALSE,Female,,Some Secondary,
24,50,,FALSE,Female,,Some Secondary,
24,54,,FALSE,Female,,Some Secondary,
24,57,,FALSE,Male,,Some Secondary,
24,55,,FALSE,Female,,Some Secondary,
24,38,,FALSE,Male,,Some Secondary,
23,45,,FALSE,Female,,Some Secondary,
23,48,,FALSE,Female,,Some Secondary,
24,23,,FALSE,Male,,Some Secondary,
24,21,,FALSE,Male,,Some Secondary,
24,31,,FALSE,Male,,Some Secondary,
24,34,,FALSE,Male,,Some Secondary,
24,60,,FALSE,Male,,Some Secondary,
24,58,,FALSE,Male,,Some Secondary,
24,20,,FALSE,Female,,Some Secondary,
24,23,,FALSE,Male,,Some Secondary,
24,9,,FALSE,Male,,Some Secondary,
24,5,,FALSE,Male,,Some Secondary,
23,18,,FALSE,Female,,Some Secondary,
23,8,,FALSE,Male,,Some Secondary,
23,45,,FALSE,Male,,Some Secondary,
23,45,,FALSE,Male,,Some Secondary,
24,71,,FALSE,Male,,Some Secondary,
24,69,,FALSE,Male,,Some Secondary,
24,41,,FALSE,Female,,Some Secondary,
24,39,,FALSE,Male,,Some Secondary,
26,19,,FALSE,Male,,Some Secondary,
26,19,,FALSE,Male,,Some Secondary,
24,25,,FALSE,Female,,Some Secondary,
24,28,,FALSE,Female,,Some Secondary,
24,55,,FALSE,Female,,Some Secondary,
24,64,,FALSE,Female,,Some Secondary,
31,63,,FALSE,Female,,Some Secondary,
31,59,,FALSE,Female,,Some Secondary,
23,60,,FALSE,Female,,Some Secondary,
23,61,,FALSE,Female,,Some Secondary,
24,100,,FALSE,Female,,Some Secondary,
24,100,,FALSE,Male,,Some Secondary,
27,37,,FALSE,Female,,Some Secondary,
29,45,,FALSE,Male,,Some Secondary,
25,41,,FALSE,Male,,Some Secondary,
25,47,,FALSE,Male,,Some Secondary,
24,42,,FALSE,Male,,Some Secondary,
24,41,,FALSE,Male,,Some Secondary,
25,32,,FALSE,Female,,Some Secondary,
25,35,,FALSE,Female,,Some Secondary,
30,93,,FALSE,Female,,Some Secondary,
30,95,,FALSE,Male,,Some Secondary,
24,39,,FALSE,Female,,Some Secondary,
24,36,,FALSE,Male,,Some Secondary,
23,57,,FALSE,Male,,Some Secondary,
23,63,,FALSE,Female,,Some Secondary,
24,36,,FALSE,Female,,Some Secondary,
24,34,,FALSE,Female,,Some Secondary,
24,90,,FALSE,Male,,Some Secondary,
24,88,,FALSE,Male,,Some Secondary,
24,29,,FALSE,Female,,Some Secondary,
24,26,,FALSE,Male,,Some Secondary,
23,22,,FALSE,Male,,Some Secondary,
23,30,,FALSE,Male,,Some Secondary,
24,10,,FALSE,Female,,Some Secondary,
24,16,,FALSE,Male,,Some Secondary,
24,40,,FALSE,Female,,Some Secondary,
24,3,,FALSE,Male,,Some Secondary,
24,45,,FALSE,Male,,Some Secondary,
24,45,,FALSE,Male,,Some Secondary,
24,14,,FALSE,Male,,Some Secondary,
24,9,,FALSE,Female,,Some Secondary,
24,33,,FALSE,Female,,Some Secondary,
24,32,,FALSE,Female,,Some Secondary,
27,52,,FALSE,Female,,Some Secondary,
24,42,,FALSE,Female,,Some Secondary,
23,57,,FALSE,Female,,Some Secondary,
23,63,,FALSE,Male,,Some Secondary,
23,62,,FALSE,Male,,Some Secondary,
23,100,,FALSE,Male,,Some Secondary,
24,12,,FALSE,Male,,Some Secondary,
24,13,,FALSE,Male,,Some Secondary,
24,69,,FALSE,Male,,Some Secondary,
25,91,,FALSE,Male,,Some Secondary,
24,29,,FALSE,Female,,Some Secondary,
24,18,,FALSE,Male,,Some Secondary,
24,63,,FALSE,Female,,Some Secondary,
24,65,,FALSE,Female,,Some Secondary,
23,47,,FALSE,Female,,Some Secondary,
23,44,,FALSE,Female,,Some Secondary,
23,38,,FALSE,Female,,Some Secondary,
23,35,,FALSE,Male,,Some Secondary,
24,27,,FALSE,Male,,Some Secondary,
24,22,,FALSE,Male,,Some Secondary,
23,54,,FALSE,Male,,Some Secondary,
23,55,,FALSE,Male,,Some Secondary,
24,69,,FALSE,Male,,Some Secondary,
24,74,,FALSE,Male,,Some Secondary,
24,41,,FALSE,Male,,Some Secondary,
24,44,,FALSE,Male,,Some Secondary,
24,12,,FALSE,Male,,Some Secondary,
24,75,,FALSE,Female,,Some Secondary,
24,72,,FALSE,Female,,Some Secondary,
24,71,,FALSE,Female,,Some Secondary,
24,37,,FALSE,Female,,Some Secondary,
26,41,,FALSE,Female,,Some Secondary,
32,97,,FALSE,Male,,Some Secondary,
32,92,,FALSE,Male,,Some Secondary,
24,61,,FALSE,Female,,Some Secondary,
24,40,,FALSE,Male,,Some Secondary,
24,44,,FALSE,Male,,Some Secondary,
24,36,,FALSE,Male,,Some Secondary,
24,98,,FALSE,Female,,Some Secondary,
24,97,,FALSE,Male,,Some Secondary,
24,48,,FALSE,Female,,Some Secondary,
24,80,,FALSE,Female,,Some Secondary,
23,62,,FALSE,Female,,Some Secondary,
23,64,,FALSE,Female,,Some Secondary,
24,95,,FALSE,Female,,Some Secondary,
24,100,,FALSE,Male,,Some Secondary,
24,71,,FALSE,Male,,Some Secondary,
24,74,,FALSE,Male,,Some Secondary,
23,23,,FALSE,Male,,Some Secondary,
23,33,,FALSE,Female,,Some Secondary,
24,39,,FALSE,Male,,Some Secondary,
24,26,,FALSE,Male,,Some Secondary,
24,84,,FALSE,Male,,Some Secondary,
24,95,,FALSE,Female,,Some Secondary,
22,51,,FALSE,Male,,Some Secondary,
22,51,,FALSE,Female,,Some Secondary,
24,4,,FALSE,Female,,Some Secondary,
24,27,,FALSE,Female,,Some Secondary,
23,34,,FALSE,Male,,Some Secondary,
23,33,,FALSE,Male,,Some Secondary,
24,48,,FALSE,Male,,Some Secondary,
25,47,,FALSE,Male,,Some Secondary,
24,87,,FALSE,Female,,Some Secondary,
24,80,,FALSE,Female,,Some Secondary,
24,18,,FALSE,Male,,Some Secondary,
24,21,,FALSE,Male,,Some Secondary,
24,64,,FALSE,Female,,Some Secondary,
24,64,,FALSE,Female,,Some Secondary,
24,78,,FALSE,Female,,Some Secondary,
24,70,,FALSE,Female,,Some Secondary,
23,56,,FALSE,Female,,Some Secondary,
23,49,,FALSE,Female,,Some Secondary,
22,88,,FALSE,Male,,Some Secondary,
22,95,,FALSE,Female,,Some Secondary,
24,35,,FALSE,Male,,Some Secondary,
24,39,,FALSE,Male,,Some Secondary,
24,64,,FALSE,Female,,Some Secondary,
24,58,,FALSE,Female,,Some Secondary,
24,61,,FALSE,Male,,Some Secondary,
24,65,,FALSE,Female,,Some Secondary,
24,63,,FALSE,Male,,Some Secondary,
23,64,,FALSE,Male,,Some Secondary,
24,97,,FALSE,Female,,Some Secondary,
24,100,,FALSE,Female,,Some Secondary,
24,36,,FALSE,Female,,Some Secondary,
24,32,,FALSE,Male,,Some Secondary,
27,76,,FALSE,Male,,Some Secondary,
27,71,,FALSE,Male,,Some Secondary,
24,36,,FALSE,Male,,Some Secondary,
24,42,,FALSE,Male,,Some Secondary,
24,56,,FALSE,Male,,Some Secondary,
24,58,,FALSE,Male,,Some Secondary,
24,37,,FALSE,Female,,Some Secondary,
24,34,,FALSE,Female,,Some Secondary,
23,34,,FALSE,Female,,Some Secondary,
23,39,,FALSE,Female,,Some Secondary,
24,66,,FALSE,Female,,Some Secondary,
23,70,,FALSE,Female,,Some Secondary,
24,69,,FALSE,Female,,Some Secondary,
24,67,,FALSE,Male,,Some Secondary,
27,60,,FALSE,Male,,Some Secondary,
27,19,,FALSE,Female,,Some Secondary,
24,74,,FALSE,Female,,Some Secondary,
24,71,,FALSE,Female,,Some Secondary,
24,20,,FALSE,Male,,Some Secondary,
24,15,,FALSE,Male,,Some Secondary,
24,41,,FALSE,Male,,Some Secondary,
24,41,,FALSE,Female,,Some Secondary,
24,80,,FALSE,Female,,Some Secondary,
24,70,,FALSE,Female,,Some Secondary,
24,24,,FALSE,Male,,Some Secondary,
24,15,,FALSE,Male,,Some Secondary,
24,70,,FALSE,Female,,Some Secondary,
24,78,,FALSE,Female,,Some Secondary,
24,86,,FALSE,Female,,Some Secondary,
24,79,,FALSE,Female,,Some Secondary,
23,46,,FALSE,Male,,Some Secondary,
23,42,,FALSE,Female,,Some Secondary,
23,64,,FALSE,Female,,Some Secondary,
24,72,,FALSE,Female,,Some Secondary,
23,29,,FALSE,Female,,Some Secondary,
23,26,,FALSE,Female,,Some Secondary,
24,61,,FALSE,Female,,Some Secondary,
24,59,,FALSE,Female,,Some Secondary,
24,4,,FALSE,Male,,Some Secondary,
24,25,,FALSE,Female,,Some Secondary,
23,47,,FALSE,Male,,Some Secondary,
23,32,,FALSE,Female,,Some Secondary,
25,36,,FALSE,Male,,Some Secondary,
25,9,,FALSE,Male,,Some Secondary,
24,71,,FALSE,Male,,Some Secondary,
24,71,,FALSE,Male,,Some Secondary,
24,37,,FALSE,Female,,Some Secondary,
24,19,,FALSE,Male,,Some Secondary,
24,24,,FALSE,Male,,Some Secondary,
24,23,,FALSE,Male,,Some Secondary,
23,98,,FALSE,Male,,Some Secondary,
23,99,,FALSE,Male,,Some Secondary,
23,38,,FALSE,Female,,Some Secondary,
23,30,,FALSE,Female,,Some Secondary,
24,5,,FALSE,Male,,Some Secondary,
24,5,,FALSE,Male,,Some Secondary,
23,30,,FALSE,Male,,Some Secondary,
23,35,,FALSE,Male,,Some Secondary,
24,33,,FALSE,Female,,Some Secondary,
24,38,,FALSE,Male,,Some Secondary,
23,49,,FALSE,Female,,Some Secondary,
23,37,,FALSE,Female,,Some Secondary,
24,64,,FALSE,Female,,Some Secondary,
23,57,,FALSE,Female,,Some Secondary,
24,49,,FALSE,Male,,Some Secondary,
24,42,,FALSE,Male,,Some Secondary,
24,53,,FALSE,Female,,Some Secondary,
24,48,,FALSE,Female,,Some Secondary,
23,69,,FALSE,Female,,Some Secondary,
23,71,,FALSE,Female,,Some Secondary,
24,12,,FALSE,Male,,Some Secondary,
24,34,,FALSE,Female,,Some Secondary,
24,21,,FALSE,Male,,Some Secondary,
24,26,,FALSE,Male,,Some Secondary,
24,65,,FALSE,Female,,Some Secondary,
24,59,,FALSE,Female,,Some Secondary,
25,26,,FALSE,Female,,Some Secondary,
25,21,,FALSE,Female,,Some Secondary,
23,42,,FALSE,Female,,Some Secondary,
23,45,,FALSE,Female,,Some Secondary,
24,43,,FALSE,Male,,Some Secondary,
24,46,,FALSE,Male,,Some Secondary,
24,36,,FALSE,Male,,Some Secondary,
24,36,,FALSE,Male,,Some Secondary,
24,36,,FALSE,Female,,Some Secondary,
24,35,,FALSE,Female,,Some Secondary,
24,94,,FALSE,Male,,Some Secondary,
24,94,,FALSE,Female,,Some Secondary,
24,16,,FALSE,Male,,Some Secondary,
24,21,,FALSE,Male,,Some Secondary,
25,35,,FALSE,Female,,Some Secondary,
25,34,,FALSE,Female,,Some Secondary,
27,7,,FALSE,Female,,Some Secondary,
27,7,,FALSE,Female,,Some Secondary,
24,16,,FALSE,Male,,Some Secondary,
24,13,,FALSE,Male,,Some Secondary,
25,51,,FALSE,Female,,Some Secondary,
25,56,,FALSE,Male,,Some Secondary,
24,16,,FALSE,Male,,Some Secondary,
24,9,,FALSE,Male,,Some Secondary,
25,42,,FALSE,Male,,Some Secondary,
25,39,,FALSE,Male,,Some Secondary,
24,67,,FALSE,Male,,Some Secondary,
24,53,,FALSE,Female,,Some Secondary,
24,64,,FALSE,Male,,Some Secondary,
24,72,,FALSE,Male,,Some Secondary,
26,85,,FALSE,Male,,Some Secondary,
27,77,,FALSE,Female,,Some Secondary,
24,39,,FALSE,Female,,Some Secondary,
24,28,,FALSE,Female,,Some Secondary,
28,70,,FALSE,Female,,Some Secondary,
31,72,,FALSE,Male,,Some Secondary,
24,82,,FALSE,Male,,Some Secondary,
24,83,,FALSE,Female,,Some Secondary,
24,24,,FALSE,Male,,Some Secondary,
24,28,,FALSE,Male,,Some Secondary,
24,78,,FALSE,Female,,Some Secondary,
24,76,,FALSE,Male,,Some Secondary,
24,100,,FALSE,Female,,Some Secondary,
24,100,,FALSE,Female,,Some Secondary,
28,75,,FALSE,Male,,Some Secondary,
28,70,,FALSE,Female,,Some Secondary,
24,65,,FALSE,Male,,Some Secondary,
24,63,,FALSE,Female,,Some Secondary,
26,37,,FALSE,Female,,Some Secondary,
26,42,,FALSE,Female,,Some Secondary,
23,32,,FALSE,Male,,Some Secondary,
23,32,,FALSE,Female,,Some Secondary,
24,6,,FALSE,Male,,Some Secondary,
24,0,,FALSE,Male,,Some Secondary,
24,89,,FALSE,Male,,Some Secondary,
24,99,,FALSE,Male,,Some Secondary,
23,74,,FALSE,Male,,Some Secondary,
23,73,,FALSE,Female,,Some Secondary,
24,16,,FALSE,Female,,Some Secondary,
24,8,,FALSE,Male,,Some Secondary,
25,41,,FALSE,Female,,Some Secondary,
24,38,,FALSE,Female,,Some Secondary,
23,23,,FALSE,Male,,Some Secondary,
23,24,,FALSE,Male,,Some Secondary,
24,88,,FALSE,Male,,Some Secondary,
24,72,,FALSE,Male,,Some Secondary,
24,66,,FALSE,Male,,Some Secondary,
24,66,,FALSE,Male,,Some Secondary,
24,0,,FALSE,Male,,Some Secondary,
24,83,,FALSE,Male,,Some Secondary,
24,23,,FALSE,Female,,Some Secondary,
24,24,,FALSE,Male,,Some Secondary,
24,67,,FALSE,Female,,Some Secondary,
24,62,,FALSE,Female,,Some Secondary,
24,38,,FALSE,Male,,Some Secondary,
23,40,,FALSE,Female,,Some Secondary,
22,50,,FALSE,Male,,Some Secondary,
22,48,,FALSE,Male,,Some Secondary,
23,32,,FALSE,Male,,Some Secondary,
23,52,,FALSE,Male,,Some Secondary,
23,83,,FALSE,Female,,Some Secondary,
23,66,,FALSE,Male,,Some Secondary,
24,19,,FALSE,Female,,Some Secondary,
24,18,,FALSE,Female,,Some Secondary,
24,47,,FALSE,Male,,Some Secondary,
23,28,,FALSE,Male,,Some Secondary,
24,56,,FALSE,Male,,Some Secondary,
24,54,,FALSE,Male,,Some Secondary,
24,85,,FALSE,Female,,Some Secondary,
24,78,,FALSE,Female,,Some Secondary,
23,0,,FALSE,Male,,Some Secondary,
23,0,,FALSE,Male,,Some Secondary,
24,38,,FALSE,Male,,Some Secondary,
24,36,,FALSE,Male,,Some Secondary,
24,53,,FALSE,Female,,Some Secondary,
25,20,,FALSE,Female,,Some Secondary,
24,56,,FALSE,Female,,Some Secondary,
24,57,,FALSE,Female,,Some Secondary,
24,74,,FALSE,Female,,Some Secondary,
24,77,,FALSE,Female,,Some Secondary,
25,63,,FALSE,Female,,Some Secondary,
25,41,,FALSE,Female,,Some Secondary,
24,32,,FALSE,Male,,Some Secondary,
24,30,,FALSE,Male,,Some Secondary,
24,76,,FALSE,Female,,Some Secondary,
24,74,,FALSE,Female,,Some Secondary,
24,59,,FALSE,Female,,Some Secondary,
24,41,,FALSE,Male,,Some Secondary,
24,6,,FALSE,Male,,Some Secondary,
24,6,,FALSE,Male,,Some Secondary,
24,11,,FALSE,Male,,Some Secondary,
24,14,,FALSE,Male,,Some Secondary,
24,100,,FALSE,Female,,Some Secondary,
24,100,,FALSE,Female,,Some Secondary,
32,100,,FALSE,Female,,Some Secondary,
32,100,,FALSE,Male,,Some Secondary,
24,48,,FALSE,Female,,Some Secondary,
25,38,,FALSE,Female,,Some Secondary,
23,31,,FALSE,Male,,Some Secondary,
23,0,,FALSE,Male,,Some Secondary,
22,32,,FALSE,Male,,Some Secondary,
22,39,,FALSE,Female,,Some Secondary,
24,32,,FALSE,Male,,Some Secondary,
24,39,,FALSE,Female,,Some Secondary,
24,40,,FALSE,Female,,Some Secondary,
24,32,,FALSE,Female,,Some Secondary,
23,88,,FALSE,Female,,Some Secondary,
23,87,,FALSE,Female,,Some Secondary,
25,15,,FALSE,Male,,Some Secondary,
25,13,,FALSE,Male,,Some Secondary,
24,97,,FALSE,Male,,Some Secondary,
23,91,,FALSE,Male,,Some Secondary,
24,61,,FALSE,Female,,Some Secondary,
24,60,,FALSE,Male,,Some Secondary,
24,39,,FALSE,Male,,Some Secondary,
24,40,,FALSE,Male,,Some Secondary,
24,73,,FALSE,Male,,Some Secondary,
25,84,,FALSE,Male,,Some Secondary,
24,7,,FALSE,Female,,Some Secondary,
23,8,,FALSE,Female,,Some Secondary,
23,57,,FALSE,Male,,Some Secondary,
23,77,,FALSE,Male,,Some Secondary,
24,15,,FALSE,Male,,Some Secondary,
24,33,,FALSE,Male,,Some Secondary,
24,21,,FALSE,Male,,Some Secondary,
24,48,,FALSE,Male,,Some Secondary,
23,0,,FALSE,Male,,Some Secondary,
23,100,,FALSE,Female,,Some Secondary,
24,34,,FALSE,Male,,Some Secondary,
24,20,,FALSE,Male,,Some Secondary,
28,55,,FALSE,Male,,Some Secondary,
28,47,,FALSE,Male,,Some Secondary,
24,13,,FALSE,Female,,Some Secondary,
24,11,,FALSE,Male,,Some Secondary,
25,45,,FALSE,Male,,Some Secondary,
25,80,,FALSE,Female,,Some Secondary,
24,46,,FALSE,Male,,Some Secondary,
24,64,,FALSE,Male,,Some Secondary,
24,69,,FALSE,Male,,Some Secondary,
24,85,,FALSE,Female,,Some Secondary,
25,22,,FALSE,Female,,Some Secondary,
25,25,,FALSE,Female,,Some Secondary,
24,56,,FALSE,Male,,Some Secondary,
24,46,,FALSE,Male,,Some Secondary,
24,28,,FALSE,Male,,Some Secondary,
23,41,,FALSE,Male,,Some Secondary,
23,17,,FALSE,Female,,Some Secondary,
23,7,,FALSE,Female,,Some Secondary,
25,60,,FALSE,Female,,Some Secondary,
22,66,,FALSE,Female,,Some Secondary,
24,47,,FALSE,Male,,Some Secondary,
24,52,,FALSE,Male,,Some Secondary,
23,32,,FALSE,Female,,Some Secondary,
23,29,,FALSE,Male,,Some Secondary,
24,31,,FALSE,Female,,Some Secondary,
24,33,,FALSE,Male,,Some Secondary,
22,37,,FALSE,Female,,Some Secondary,
22,33,,FALSE,Female,,Some Secondary,
23,69,,FALSE,Female,,Some Secondary,
23,70,,FALSE,Female,,Some Secondary,
24,61,,FALSE,Male,,Some Secondary,
24,61,,FALSE,Female,,Some Secondary,
23,54,,FALSE,Female,,Some Secondary,
23,54,,FALSE,Female,,Some Secondary,
24,73,,FALSE,Male,,Some Secondary,
24,73,,FALSE,Female,,Some Secondary,
23,71,,FALSE,Male,,Some Secondary,
23,67,,FALSE,Female,,Some Secondary,
23,19,,FALSE,Male,,Some Secondary,
24,14,,FALSE,Male,,Some Secondary,
24,71,,FALSE,Male,,Some Secondary,
25,48,,FALSE,Female,,Some Secondary,
26,39,,FALSE,Male,,Some Secondary,
26,51,,FALSE,Male,,Some Secondary,
23,72,,FALSE,Female,,Some Secondary,
23,40,,FALSE,Male,,Some Secondary,
23,15,,FALSE,Male,,Some Secondary,
23,14,,FALSE,Male,,Some Secondary,
23,64,,FALSE,Male,,Some Secondary,
23,61,,FALSE,Male,,Some Secondary,
24,16,,FALSE,Male,,Some Secondary,
24,14,,FALSE,Male,,Some Secondary,
23,30,,FALSE,Female,,Some Secondary,
23,36,,FALSE,Female,,Some Secondary,
22,26,,FALSE,Female,,Some Secondary,
22,58,,FALSE,Female,,Some Secondary,
24,55,,FALSE,Male,,Some Secondary,
24,43,,FALSE,Female,,Some Secondary,
35,91,,FALSE,Male,,Some Secondary,
35,94,,FALSE,Male,,Some Secondary,
24,29,,FALSE,Male,,Some Secondary,
24,35,,FALSE,Female,,Some Secondary,
23,100,,FALSE,Male,,Some Secondary,
23,100,,FALSE,Female,,Some Secondary,
24,34,,FALSE,Female,,Some Secondary,
24,35,,FALSE,Female,,Some Secondary,
23,72,,FALSE,Male,,Some Secondary,
23,73,,FALSE,Male,,Some Secondary,
23,17,,FALSE,Male,,Some Secondary,
23,12,,FALSE,Female,,Some Secondary,
24,30,,FALSE,Male,,Some Secondary,
24,16,,FALSE,Male,,Some Secondary,
23,36,,FALSE,Male,,Some Secondary,
23,36,,FALSE,Male,,Some Secondary,
24,45,,FALSE,Female,,Some Secondary,
24,48,,FALSE,Female,,Some Secondary,
24,33,,FALSE,Female,,Some Secondary,
24,33,,FALSE,Female,,Some Secondary,
24,79,,FALSE,Female,,Some Secondary,
24,78,,FALSE,Male,,Some Secondary,
23,75,,FALSE,Female,,Some Secondary,
23,73,,FALSE,Female,,Some Secondary,
23,100,,FALSE,Female,,Some Secondary,
23,100,,FALSE,Female,,Some Secondary,
24,37,,FALSE,Male,,Some Secondary,
24,47,,FALSE,Female,,Some Secondary,
24,39,,FALSE,Male,,Some Secondary,
24,40,,FALSE,Male,,Some Secondary,
24,99,,FALSE,Male,,Some Secondary,
24,99,,FALSE,Male,,Some Secondary,
24,37,,FALSE,Female,,Some Secondary,
24,36,,FALSE,Male,,Some Secondary,
23,74,,FALSE,Male,,Some Secondary,
23,73,,FALSE,Male,,Some Secondary,
24,55,,FALSE,Male,,Some Secondary,
24,58,,FALSE,Male,,Some Secondary,
24,86,,FALSE,Male,,Some Secondary,
24,88,,FALSE,Female,,Some Secondary,
24,61,,FALSE,Female,,Some Secondary,
24,55,,FALSE,Male,,Some Secondary,
24,12,,FALSE,Male,,Some Secondary,
24,11,,FALSE,Male,,Some Secondary,
26,14,,FALSE,Female,,Some Secondary,
26,20,,FALSE,Male,,Some Secondary,
23,77,,FALSE,Male,,Some Secondary,
23,78,,FALSE,Male,,Some Secondary,
23,21,,FALSE,Male,,Some Secondary,
23,15,,FALSE,Male,,Some Secondary,
23,80,,FALSE,Male,,Some Secondary,
23,80,,FALSE,Male,,Some Secondary,
24,13,,FALSE,Female,,Some Secondary,
24,23,,FALSE,Male,,Some Secondary,
23,67,,FALSE,Female,,Some Secondary,
24,64,,FALSE,Male,,Some Secondary,
24,69,,FALSE,Female,,Some Secondary,
24,68,,FALSE,Female,,Some Secondary,
25,87,,FALSE,Male,,Some Secondary,
25,82,,FALSE,Female,,Some Secondary,
23,45,,FALSE,Male,,Some Secondary,
23,46,,FALSE,Male,,Some Secondary,
22,43,,FALSE,Female,,Some Secondary,
22,43,,FALSE,Female,,Some Secondary,
24,14,,FALSE,Female,,Some Secondary,
23,10,,FALSE,Female,,Some Secondary,
25,50,,FALSE,Male,,Some Secondary,
25,49,,FALSE,Male,,Some Secondary,
24,32,,FALSE,Male,,Some Secondary,
24,32,,FALSE,Male,,Some Secondary,
24,30,,FALSE,Female,,Some Secondary,
24,11,,FALSE,Male,,Some Secondary,
24,100,,FALSE,Female,,Some Secondary,
24,100,,FALSE,Female,,Some Secondary,
24,60,,FALSE,Female,,Some Secondary,
24,28,,FALSE,Male,,Some Secondary,
24,62,,FALSE,Male,,Some Secondary,
24,61,,FALSE,Male,,Some Secondary,
32,74,,FALSE,Female,,Some Secondary,
32,78,,FALSE,Female,,Some Secondary,
24,75,,FALSE,Female,,Some Secondary,
24,79,,FALSE,Female,,Some Secondary,
24,19,,FALSE,Female,,Some Secondary,
24,20,,FALSE,Female,,Some Secondary,
25,67,,FALSE,Female,,Some Secondary,
25,65,,FALSE,Female,,Some Secondary,
22,37,,FALSE,Male,,Some Secondary,
22,32,,FALSE,Male,,Some Secondary,
23,67,,FALSE,Male,,Some Secondary,
23,69,,FALSE,Female,,Some Secondary,
24,34,,FALSE,Male,,Some Secondary,
24,36,,FALSE,Male,,Some Secondary,
23,55,,FALSE,Female,,Some Secondary,
23,55,,FALSE,Female,,Some Secondary,
23,94,,FALSE,Female,,Some Secondary,
23,92,,FALSE,Female,,Some Secondary,
24,99,,FALSE,Female,,Some Secondary,
24,99,,FALSE,Female,,Some Secondary,
24,30,,FALSE,Male,,Some Secondary,
24,30,,FALSE,Male,,Some Secondary,
24,5,,FALSE,Female,,Some Secondary,
24,5,,FALSE,Male,,Some Secondary,
23,4,,FALSE,Female,,Some Secondary,
23,1,,FALSE,Male,,Some Secondary,
24,11,,FALSE,Female,,Some Secondary,
24,25,,FALSE,Male,,Some Secondary,
27,26,,FALSE,Female,,Some Secondary,
27,29,,FALSE,Female,,Some Secondary,
24,35,,FALSE,Female,,Some Secondary,
24,35,,FALSE,Female,,Some Secondary,
23,24,,FALSE,Male,,Some Secondary,
23,24,,FALSE,Male,,Some Secondary,
27,57,,FALSE,Male,,Some Secondary,
27,58,,FALSE,Male,,Some Secondary,
24,35,,FALSE,Female,,Some Secondary,
24,31,,FALSE,Male,,Some Secondary,
23,13,,FALSE,Male,,Some Secondary,
23,17,,FALSE,Male,,Some Secondary,
24,38,,FALSE,Male,,Some Secondary,
24,67,,FALSE,Female,,Some Secondary,
26,79,,FALSE,Male,,Some Secondary,
26,80,,FALSE,Male,,Some Secondary,
24,46,,FALSE,Female,,Some Secondary,
24,43,,FALSE,Female,,Some Secondary,
24,7,,FALSE,Female,,Some Secondary,
24,6,,FALSE,Male,,Some Secondary,
24,64,,FALSE,Male,,Some Secondary,
24,64,,FALSE,Male,,Some Secondary,
23,81,,FALSE,Female,,Some Secondary,
24,44,,FALSE,Male,,Some Secondary,
24,0,,FALSE,Male,,Some Secondary,
24,0,,FALSE,Male,,Some Secondary,
23,31,,FALSE,Female,,Some Secondary,
23,28,,FALSE,Male,,Some Secondary,
24,77,,FALSE,Male,,Some Secondary,
24,0,,FALSE,Female,,Some Secondary,
24,76,,FALSE,Male,,Some Secondary,
24,76,,FALSE,Male,,Some Secondary,
24,42,,FALSE,Female,,Some Secondary,
24,41,,FALSE,Male,,Some Secondary,
24,78,,FALSE,Female,,Some Secondary,
24,75,,FALSE,Female,,Some Secondary,
24,44,,FALSE,Male,,Some Secondary,
24,41,,FALSE,Male,,Some Secondary,
24,84,,FALSE,Male,,Some Secondary,
24,84,,FALSE,Female,,Some Secondary,
24,47,,FALSE,Female,,Some Secondary,
24,42,,FALSE,Male,,Some Secondary,
24,67,,FALSE,Female,,Some Secondary,
23,64,,FALSE,Female,,Some Secondary,
24,97,,FALSE,Female,,Some Secondary,
24,32,,FALSE,Male,,Some Secondary,
23,99,,FALSE,Female,,Some Secondary,
23,100,,FALSE,Female,,Some Secondary,
23,65,,FALSE,Female,,Some Secondary,
23,65,,FALSE,Male,,Some Secondary,
24,68,,FALSE,Female,,Some Secondary,
24,62,,FALSE,Female,,Some Secondary,
24,25,,FALSE,Female,,Some Secondary,
24,25,,FALSE,Female,,Some Secondary,
24,36,,FALSE,Female,,Some Secondary,
24,25,,FALSE,Male,,Some Secondary,
22,50,,FALSE,Male,,Some Secondary,
22,73,,FALSE,Female,,Some Secondary,
24,79,,FALSE,Male,,Some Secondary,
24,81,,FALSE,Male,,Some Secondary,
24,39,,FALSE,Female,,Some Secondary,
24,45,,FALSE,Female,,Some Secondary,
28,76,,FALSE,Female,,Some Secondary,
28,78,,FALSE,Female,,Some Secondary,
23,27,,FALSE,Male,,Some Secondary,
23,22,,FALSE,Male,,Some Secondary,
24,16,,FALSE,Female,,Some Secondary,
24,15,,FALSE,Female,,Some Secondary,
24,63,,FALSE,Female,,Some Secondary,
24,59,,FALSE,Male,,Some Secondary,
24,52,,FALSE,Male,,Some Secondary,
24,39,,FALSE,Female,,Some Secondary,
24,13,,FALSE,Female,,Some Secondary,
23,13,,FALSE,Female,,Some Secondary,
24,62,,FALSE,Female,,Some Secondary,
24,62,,FALSE,Male,,Some Secondary,
23,61,,FALSE,Male,,Some Secondary,
23,73,,FALSE,Male,,Some Secondary,
25,97,,FALSE,Female,,Some Secondary,
25,96,,FALSE,Female,,Some Secondary,
23,57,,FALSE,Female,,Some Secondary,
24,51,,FALSE,Female,,Some Secondary,
23,44,,FALSE,Male,,Some Secondary,
22,38,,FALSE,Female,,Some Secondary,
24,21,,FALSE,Female,,Some Secondary,
24,17,,FALSE,Male,,Some Secondary,
23,39,,FALSE,Female,,Some Secondary,
23,37,,FALSE,Male,,Some Secondary,
24,27,,FALSE,Male,,Some Secondary,
24,45,,FALSE,Female,,Some Secondary,
24,31,,FALSE,Female,,Some Secondary,
24,31,,FALSE,Male,,Some Secondary,
24,16,,FALSE,Female,,Some Secondary,
24,23,,FALSE,Female,,Some Secondary,
23,88,,FALSE,Female,,Some Secondary,
23,49,,FALSE,Male,,Some Secondary,
24,50,,FALSE,Male,,Some Secondary,
24,53,,FALSE,Female,,Some Secondary,
23,58,,FALSE,Female,,Some Secondary,
23,58,,FALSE,Female,,Some Secondary,
22,25,,FALSE,Female,,Some Secondary,
22,22,,FALSE,Male,,Some Secondary,
23,44,,FALSE,Male,,Some Secondary,
23,44,,FALSE,Male,,Some Secondary,
24,12,,FALSE,Male,,Some Secondary,
24,13,,FALSE,Male,,Some Secondary,
27,100,,FALSE,Female,,Some Secondary,
27,99,,FALSE,Male,,Some Secondary,
24,24,,FALSE,Male,,Some Secondary,
24,24,,FALSE,Male,,Some Secondary,
26,84,,FALSE,Female,,Some Secondary,
26,86,,FALSE,Male,,Some Secondary,
24,65,,FALSE,Female,,Some Secondary,
24,85,,FALSE,Male,,Some Secondary,
24,76,,FALSE,Female,,Some Secondary,
24,76,,FALSE,Female,,Some Secondary,
23,59,,FALSE,Female,,Some Secondary,
23,57,,FALSE,Female,,Some Secondary,
23,15,,FALSE,Male,,Some Secondary,
23,2,,FALSE,Male,,Some Secondary,
23,100,,FALSE,Female,,Some Secondary,
23,100,,FALSE,Male,,Some Secondary,
23,22,,FALSE,Male,,Some Secondary,
24,21,,FALSE,Male,,Some Secondary,
22,16,,FALSE,Male,,Some Secondary,
22,11,,FALSE,Male,,Some Secondary,
24,58,,FALSE,Female,,Some Secondary,
24,58,,FALSE,Female,,Some Secondary,
24,47,,FALSE,Male,,Some Secondary,
24,50,,FALSE,Female,,Some Secondary,
24,67,,FALSE,Female,,Some Secondary,
24,62,,FALSE,Female,,Some Secondary,
23,3,,FALSE,Male,,Some Secondary,
23,2,,FALSE,Male,,Some Secondary,
24,15,,FALSE,Male,,Some Secondary,
24,23,,FALSE,Male,,Some Secondary,
30,77,,FALSE,Male,,Some Secondary,
30,80,,FALSE,Female,,Some Secondary,
23,48,,FALSE,Male,,Some Secondary,
23,47,,FALSE,Female,,Some Secondary,
24,29,,FALSE,Male,,Some Secondary,
24,29,,FALSE,Male,,Some Secondary,
25,100,,FALSE,Female,,Some Secondary,
25,99,,FALSE,Male,,Some Secondary,
24,18,,FALSE,Male,,Some Secondary,
23,19,,FALSE,Male,,Some Secondary,
24,72,,FALSE,Female,,Some Secondary,
24,62,,FALSE,Female,,Some Secondary,
23,21,,FALSE,Female,,Some Secondary,
23,23,,FALSE,Female,,Some Secondary,
24,40,,FALSE,Female,,Some Secondary,
24,59,,FALSE,Female,,Some Secondary,
23,46,,FALSE,Female,,Some Secondary,
24,43,,FALSE,Female,,Some Secondary,
23,26,,FALSE,Male,,Some Secondary,
23,22,,FALSE,Male,,Some Secondary,
26,88,,FALSE,Female,,Some Secondary,
26,87,,FALSE,Female,,Some Secondary,
24,56,,FALSE,Female,,Some Secondary,
23,53,,FALSE,Female,,Some Secondary,
24,39,,FALSE,Male,,Some Secondary,
24,33,,FALSE,Male,,Some Secondary,
23,22,,FALSE,Male,,Some Secondary,
23,30,,FALSE,Female,,Some Secondary,
23,21,,FALSE,Female,,Some Secondary,
23,23,,FALSE,Female,,Some Secondary,
22,29,,FALSE,Male,,Some Secondary,
24,31,,FALSE,Male,,Some Secondary,
24,26,,FALSE,Male,,Some Secondary,
24,31,,FALSE,Male,,Some Secondary,
24,44,,FALSE,Male,,Some Secondary,
24,45,,FALSE,Male,,Some Secondary,
24,59,,FALSE,Female,,Some Secondary,
24,59,,FALSE,Female,,Some Secondary,
24,5,,FALSE,Female,,Some Secondary,
24,36,,FALSE,Male,,Some Secondary,
23,61,,FALSE,Female,,Some Secondary,
24,33,,FALSE,Female,,Some Secondary,
24,48,,FALSE,Male,,Some Secondary,
25,41,,FALSE,Male,,Some Secondary,
24,44,,FALSE,Female,,Some Secondary,
24,44,,FALSE,Female,,Some Secondary,
24,23,,FALSE,Male,,Some Secondary,
24,22,,FALSE,Male,,Some Secondary,
24,36,,FALSE,Female,,Some Secondary,
24,27,,FALSE,Male,,Some Secondary,
23,59,,FALSE,Male,,Some Secondary,
23,40,,FALSE,Female,,Some Secondary,
22,68,,FALSE,Female,,Some Secondary,
22,57,,FALSE,Female,,Some Secondary,
24,31,,FALSE,Male,,Some Secondary,
24,29,,FALSE,Male,,Some Secondary,
24,31,,FALSE,Male,,Some Secondary,
24,27,,FALSE,Male,,Some Secondary,
24,74,,FALSE,Male,,Some Secondary,
24,68,,FALSE,Female,,Some Secondary,
26,40,,FALSE,Male,,Some Secondary,
26,42,,FALSE,Female,,Some Secondary,
24,24,,FALSE,Female,,Some Secondary,
24,17,,FALSE,Male,,Some Secondary,
24,22,,FALSE,Male,,Some Secondary,
24,20,,FALSE,Male,,Some Secondary,
31,77,,FALSE,Female,,Some Secondary,
31,67,,FALSE,Female,,Some Secondary,
24,49,,FALSE,Female,,Some Secondary,
24,45,,FALSE,Female,,Some Secondary,
24,58,,FALSE,Female,,Some Secondary,
24,61,,FALSE,Female,,Some Secondary,
24,25,,FALSE,Female,,Some Secondary,
24,26,,FALSE,Male,,Some Secondary,
23,75,,FALSE,Female,,Some Secondary,
23,74,,FALSE,Female,,Some Secondary,
23,27,,FALSE,Female,,Some Secondary,
23,38,,FALSE,Female,,Some Secondary,
22,15,,FALSE,Female,,Some Secondary,
23,26,,FALSE,Female,,Some Secondary,
25,82,,FALSE,Male,,Some Secondary,
25,84,,FALSE,Female,,Some Secondary,
23,20,,FALSE,Male,,Some Secondary,
23,20,,FALSE,Male,,Some Secondary,
23,40,,FALSE,Female,,Some Secondary,
23,35,,FALSE,Male,,Some Secondary,
24,51,,FALSE,Male,,Some Secondary,
24,48,,FALSE,Female,,Some Secondary,
24,58,,FALSE,Male,,Some Secondary,
24,61,,FALSE,Male,,Some Secondary,
24,40,,FALSE,Male,,Some Secondary,
24,42,,FALSE,Male,,Some Secondary,
23,36,,FALSE,Female,,Some Secondary,
23,37,,FALSE,Female,,Some Secondary,
24,37,,FALSE,Female,,Some Secondary,
24,43,,FALSE,Female,,Some Secondary,
24,17,,FALSE,Female,,Some Secondary,
24,18,,FALSE,Female,,Some Secondary,
24,27,,FALSE,Male,,Some Secondary,
24,25,,FALSE,Male,,Some Secondary,
23,67,,FALSE,Female,,Some Secondary,
23,68,,FALSE,Female,,Some Secondary,
23,38,,FALSE,Female,,Some Secondary,
23,38,,FALSE,Female,,Some Secondary,
23,39,,FALSE,Male,,Some Secondary,
23,15,,FALSE,Male,,Some Secondary,
24,22,,FALSE,Female,,Some Secondary,
24,19,,FALSE,Male,,Some Secondary,
24,100,,FALSE,Male,,Some Secondary,
24,46,,FALSE,Female,,Some Secondary,
25,18,,FALSE,Female,,Some Secondary,
25,23,,FALSE,Female,,Some Secondary,
25,47,,FALSE,Female,,Some Secondary,
25,49,,FALSE,Female,,Some Secondary,
23,27,,FALSE,Male,,Some Secondary,
23,4,,FALSE,Male,,Some Secondary,
24,55,,FALSE,Male,,Some Secondary,
23,59,,FALSE,Male,,Some Secondary,
23,36,,FALSE,Female,,Some Secondary,
23,36,,FALSE,Female,,Some Secondary,
24,95,,FALSE,Female,,Some Secondary,
24,96,,FALSE,Female,,Some Secondary,
23,72,,FALSE,Female,,Some Secondary,
23,73,,FALSE,Female,,Some Secondary,
24,15,,FALSE,Female,,Some Secondary,
24,13,,FALSE,Male,,Some Secondary,
24,70,,FALSE,Female,,Some Secondary,
24,71,,FALSE,Female,,Some Secondary,
24,56,,FALSE,Female,,Some Secondary,
24,57,,FALSE,Female,,Some Secondary,
24,69,,FALSE,Female,,Some Secondary,
24,81,,FALSE,Male,,Some Secondary,
24,43,,FALSE,Male,,Some Secondary,
24,42,,FALSE,Male,,Some Secondary,
23,61,,FALSE,Female,,Some Secondary,
23,54,,FALSE,Male,,Some Secondary,
24,54,,FALSE,Female,,Some Secondary,
24,73,,FALSE,Female,,Some Secondary,
23,57,,FALSE,Female,,Some Secondary,
23,56,,FALSE,Female,,Some Secondary,
24,57,,FALSE,Female,,Some Secondary,
24,24,,FALSE,Male,,Some Secondary,
24,76,,FALSE,Female,,Some Secondary,
23,76,,FALSE,Female,,Some Secondary,
21,39,,FALSE,Female,,Some Secondary,
24,35,,FALSE,Female,,Some Secondary,
25,91,,FALSE,Female,,Some Secondary,
24,94,,FALSE,Female,,Some Secondary,
23,44,,FALSE,Female,,Some Secondary,
24,38,,FALSE,Female,,Some Secondary,
24,41,,FALSE,Male,,Some Secondary,
24,41,,FALSE,Male,,Some Secondary,
23,18,,FALSE,Male,,Some Secondary,
23,28,,FALSE,Male,,Some Secondary,
23,26,,FALSE,Male,,Some Secondary,
23,53,,FALSE,Female,,Some Secondary,
24,28,,FALSE,Male,,Some Secondary,
24,48,,FALSE,Female,,Some Secondary,
24,100,,FALSE,Female,,Some Secondary,
24,100,,FALSE,Male,,Some Secondary,
24,60,,FALSE,Male,,Some Secondary,
24,57,,FALSE,Male,,Some Secondary,
24,53,,FALSE,Male,,Some Secondary,
24,52,,FALSE,Female,,Some Secondary,
24,27,,FALSE,Male,,Some Secondary,
24,28,,FALSE,Female,,Some Secondary,
24,90,,FALSE,Female,,Some Secondary,
24,88,,FALSE,Female,,Some Secondary,
25,66,,FALSE,Female,,Some Secondary,
25,67,,FALSE,Female,,Some Secondary,
24,39,,FALSE,Female,,Some Secondary,
24,39,,FALSE,Female,,Some Secondary,
26,82,,FALSE,Female,,Some Secondary,
26,48,,FALSE,Female,,Some Secondary,
24,30,,FALSE,Male,,Some Secondary,
24,22,,FALSE,Male,,Some Secondary,
23,45,,FALSE,Male,,Some Secondary,
24,49,,FALSE,Male,,Some Secondary,
24,33,,FALSE,Female,,Some Secondary,
24,42,,FALSE,Male,,Some Secondary,
25,82,,FALSE,Male,,Some Secondary,
25,0,,FALSE,Male,,Some Secondary,
24,37,,FALSE,Male,,Some Secondary,
24,30,,FALSE,Male,,Some Secondary,
24,85,,FALSE,Male,,Some Secondary,
24,84,,FALSE,Female,,Some Secondary,
24,99,,FALSE,Male,,Some Secondary,
24,88,,FALSE,Female,,Some Secondary,
23,25,,FALSE,Male,,Some Secondary,
23,25,,FALSE,Male,,Some Secondary,
23,84,,FALSE,Female,,Some Secondary,
23,82,,FALSE,Female,,Some Secondary,
24,51,,FALSE,Female,,Some Secondary,
24,52,,FALSE,Female,,Some Secondary,
24,37,,FALSE,Male,,Some Secondary,
24,35,,FALSE,Male,,Some Secondary,
24,80,,FALSE,Male,,Some Secondary,
24,84,,FALSE,Female,,Some Secondary,
23,54,,FALSE,Female,,Some Secondary,
23,42,,FALSE,Male,,Some Secondary,
24,10,,FALSE,Female,,Some Secondary,
24,8,,FALSE,Female,,Some Secondary,
24,19,,FALSE,Female,,Some Secondary,
24,18,,FALSE,Male,,Some Secondary,
24,26,,FALSE,Male,,Some Secondary,
24,47,,FALSE,Male,,Some Secondary,
23,28,,FALSE,Male,,Some Secondary,
23,28,,FALSE,Male,,Some Secondary,
24,57,,FALSE,Female,,Some Secondary,
24,69,,FALSE,Female,,Some Secondary,
24,47,,FALSE,Female,,Some Secondary,
24,44,,FALSE,Female,,Some Secondary,
23,48,,FALSE,Male,,Some Secondary,
23,48,,FALSE,Female,,Some Secondary,
25,58,,FALSE,Male,,Some Secondary,
25,57,,FALSE,Male,,Some Secondary,
23,28,,FALSE,Male,,Some Secondary,
24,33,,FALSE,Female,,Some Secondary,
23,5,,FALSE,Male,,Some Secondary,
23,7,,FALSE,Male,,Some Secondary,
30,60,,FALSE,Female,,Some Secondary,
31,59,,FALSE,Female,,Some Secondary,
24,78,,FALSE,Male,,Some Secondary,
24,0,,FALSE,Male,,Some Secondary,
24,54,,FALSE,Female,,Some Secondary,
24,56,,FALSE,Female,,Some Secondary,
23,59,,FALSE,Female,,Some Secondary,
23,59,,FALSE,Male,,Some Secondary,
24,65,,FALSE,Female,,Some Secondary,
24,65,,FALSE,Female,,Some Secondary,
28,47,,FALSE,Male,,Some Secondary,
24,35,,FALSE,Male,,Some Secondary,
23,11,,FALSE,Male,,Some Secondary,
23,12,,FALSE,Male,,Some Secondary,
23,25,,FALSE,Male,,Some Secondary,
23,25,,FALSE,Female,,Some Secondary,
24,35,,FALSE,Male,,Some Secondary,
24,45,,FALSE,Female,,Some Secondary,
24,61,,FALSE,Female,,Some Secondary,
24,83,,FALSE,Female,,Some Secondary,
23,57,,FALSE,Female,,Some Secondary,
23,58,,FALSE,Female,,Some Secondary,
24,64,,FALSE,Female,,Some Secondary,
24,79,,FALSE,Female,,Some Secondary,
22,22,,FALSE,Male,,Some Secondary,
22,22,,FALSE,Male,,Some Secondary,
23,29,,FALSE,Male,,Some Secondary,
23,44,,FALSE,Male,,Some Secondary,
24,23,,FALSE,Female,,Some Secondary,
24,17,,FALSE,Male,,Some Secondary,
24,25,,FALSE,Male,,Some Secondary,
24,70,,FALSE,Female,,Some Secondary,
24,20,,FALSE,Male,,Some Secondary,
24,51,,FALSE,Male,,Some Secondary,
24,20,,FALSE,Male,,Some Secondary,
24,20,,FALSE,Male,,Some Secondary,
23,44,,FALSE,Female,,Some Secondary,
23,42,,FALSE,Female,,Some Secondary,
23,27,,FALSE,Male,,Some Secondary,
23,34,,FALSE,Male,,Some Secondary,
24,32,,FALSE,Male,,Some Secondary,
24,37,,FALSE,Female,,Some Secondary,
23,54,,FALSE,Female,,Some Secondary,
24,53,,FALSE,Female,,Some Secondary,
23,15,,FALSE,Male,,Some Secondary,
24,0,,FALSE,Male,,Some Secondary,
25,31,,FALSE,Female,,Some Secondary,
25,32,,FALSE,Female,,Some Secondary,
23,35,,FALSE,Female,,Some Secondary,
23,45,,FALSE,Male,,Some Secondary,
24,39,,FALSE,Male,,Some Secondary,
24,58,,FALSE,Female,,Some Secondary,
24,50,,FALSE,Male,,Some Secondary,
24,58,,FALSE,Female,,Some Secondary,
24,45,,FALSE,Female,,Some Secondary,
24,46,,FALSE,Male,,Some Secondary,
24,80,,FALSE,Male,,Some Secondary,
24,81,,FALSE,Male,,Some Secondary,
24,56,,FALSE,Male,,Some Secondary,
24,55,,FALSE,Female,,Some Secondary,
24,33,,FALSE,Male,,Some Secondary,
24,37,,FALSE,Male,,Some Secondary,
24,57,,FALSE,Female,,Some Secondary,
24,58,,FALSE,Female,,Some Secondary,
24,47,,FALSE,Male,,Some Secondary,
24,45,,FALSE,Male,,Some Secondary,
22,52,,FALSE,Female,,Some Secondary,
22,45,,FALSE,Male,,Some Secondary,
25,29,,FALSE,Female,,Some Secondary,
24,51,,FALSE,Male,,Some Secondary,
24,40,,FALSE,Female,,Some Secondary,
24,42,,FALSE,Female,,Some Secondary,
22,75,,FALSE,Female,,Some Secondary,
23,77,,FALSE,Male,,Some Secondary,
24,50,,FALSE,Female,,Some Secondary,
24,40,,FALSE,Female,,Some Secondary,
23,39,,FALSE,Female,,Some Secondary,
23,40,,FALSE,Female,,Some Secondary,
24,50,,FALSE,Male,,Some Secondary,
24,53,,FALSE,Female,,Some Secondary,
22,44,,FALSE,Male,,Some Secondary,
22,39,,FALSE,Male,,Some Secondary,
23,69,,FALSE,Female,,Some Secondary,
23,75,,FALSE,Male,,Some Secondary,
24,42,,FALSE,Female,,Some Secondary,
24,21,,FALSE,Male,,Some Secondary,
24,34,,FALSE,Male,,Some Secondary,
24,27,,FALSE,Male,,Some Secondary,
24,15,,FALSE,Female,,Some Secondary,
24,17,,FALSE,Female,,Some Secondary,
23,31,,FALSE,Female,,Some Secondary,
23,28,,FALSE,Female,,Some Secondary,
23,15,,FALSE,Male,,Some Secondary,
23,18,,FALSE,Male,,Some Secondary,
24,15,,FALSE,Female,,Some Secondary,
24,18,,FALSE,Male,,Some Secondary,
23,43,,FALSE,Male,,Some Secondary,
24,46,,FALSE,Female,,Some Secondary,
24,44,,FALSE,Male,,Some Secondary,
24,42,,FALSE,Male,,Some Secondary,
24,75,,FALSE,Male,,Some Secondary,
24,68,,FALSE,Male,,Some Secondary,
24,25,,FALSE,Male,,Some Secondary,
24,25,,FALSE,Male,,Some Secondary,
24,46,,FALSE,Male,,Some Secondary,
26,47,,FALSE,Male,,Some Secondary,
23,58,,FALSE,Female,,Some Secondary,
23,50,,FALSE,Female,,Some Secondary,
24,13,,FALSE,Female,,Some Secondary,
24,11,,FALSE,Female,,Some Secondary,
24,19,,FALSE,Male,,Some Secondary,
24,27,,FALSE,Female,,Some Secondary,
23,21,,FALSE,Male,,Some Secondary,
23,19,,FALSE,Male,,Some Secondary,
24,34,,FALSE,Male,,Some Secondary,
24,33,,FALSE,Female,,Some Secondary,
24,18,,FALSE,Male,,Some Secondary,
24,15,,FALSE,Male,,Some Secondary,
24,45,,FALSE,Male,,Some Secondary,
24,58,,FALSE,Female,,Some Secondary,
24,21,,FALSE,Male,,Some Secondary,
24,12,,FALSE,Male,,Some Secondary,
23,100,,FALSE,Female,,Some Secondary,
23,100,,FALSE,Female,,Some Secondary,
24,39,,FALSE,Male,,Some Secondary,
24,25,,FALSE,Male,,Some Secondary,
24,77,,FALSE,Female,,Some Secondary,
24,83,,FALSE,Female,,Some Secondary,
24,13,,FALSE,Male,,Some Secondary,
24,27,,FALSE,Male,,Some Secondary,
24,57,,FALSE,Male,,Some Secondary,
24,57,,FALSE,Male,,Some Secondary,
27,83,,FALSE,Male,,Some Secondary,
27,100,,FALSE,Male,,Some Secondary,
24,26,,FALSE,Male,,Some Secondary,
24,26,,FALSE,Female,,Some Secondary,
23,42,,FALSE,Female,,Some Secondary,
23,44,,FALSE,Female,,Some Secondary,
24,49,,FALSE,Female,,Some Secondary,
24,57,,FALSE,Female,,Some Secondary,
24,62,,FALSE,Female,,Some Secondary,
24,61,,FALSE,Female,,Some Secondary,
23,20,,FALSE,Male,,Some Secondary,
23,6,,FALSE,Male,,Some Secondary,
23,82,,FALSE,Female,,Some Secondary,
23,70,,FALSE,Female,,Some Secondary,
23,18,,FALSE,Female,,Some Secondary,
23,20,,FALSE,Female,,Some Secondary,
24,6,,FALSE,Male,,Some Secondary,
24,7,,FALSE,Male,,Some Secondary,
24,71,,FALSE,Female,,Some Secondary,
24,71,,FALSE,Female,,Some Secondary,
26,41,,FALSE,Male,,Some Secondary,
26,45,,FALSE,Male,,Some Secondary,
27,48,,FALSE,Female,,Some Secondary,
27,41,,FALSE,Male,,Some Secondary,
26,75,,FALSE,Female,,Some Secondary,
26,73,,FALSE,Female,,Some Secondary,
24,37,,FALSE,Male,,Some Secondary,
24,38,,FALSE,Male,,Some Secondary,
24,25,,FALSE,Male,,Some Secondary,
24,29,,FALSE,Male,,Some Secondary,
24,25,,FALSE,Male,,Some Secondary,
24,40,,FALSE,Female,,Some Secondary,
23,47,,FALSE,Male,,Some Secondary,
24,40,,FALSE,Female,,Some Secondary,
24,51,,FALSE,Male,,Some Secondary,
24,43,,FALSE,Male,,Some Secondary,
22,58,,FALSE,Female,,Some Secondary,
22,48,,FALSE,Male,,Some Secondary,
23,24,,FALSE,Female,,Some Secondary,
23,25,,FALSE,Male,,Some Secondary,
24,59,,FALSE,Male,,Some Secondary,
24,61,,FALSE,Female,,Some Secondary,
23,14,,FALSE,Female,,Some Secondary,
23,15,,FALSE,Female,,Some Secondary,
23,33,,FALSE,Female,,Some Secondary,
23,37,,FALSE,Female,,Some Secondary,
26,85,,FALSE,Male,,Some Secondary,
26,56,,FALSE,Female,,Some Secondary,
24,41,,FALSE,Male,,Some Secondary,
24,36,,FALSE,Male,,Some Secondary,
27,98,,FALSE,Male,,Some Secondary,
27,100,,FALSE,Male,,Some Secondary,
23,69,,FALSE,Male,,Some Secondary,
23,69,,FALSE,Male,,Some Secondary,
23,36,,FALSE,Female,,Some Secondary,
23,45,,FALSE,Male,,Some Secondary,
23,62,,FALSE,Male,,Some Secondary,
23,62,,FALSE,Male,,Some Secondary,
25,72,,FALSE,Male,,Some Secondary,
25,72,,FALSE,Female,,Some Secondary,
23,18,,FALSE,Male,,Some Secondary,
23,18,,FALSE,Male,,Some Secondary,
23,58,,FALSE,Male,,Some Secondary,
23,61,,FALSE,Female,,Some Secondary,
24,27,,FALSE,Female,,Some Secondary,
24,25,,FALSE,Male,,Some Secondary,
25,35,,FALSE,Male,,Some Secondary,
25,37,,FALSE,Male,,Some Secondary,
23,78,,FALSE,Female,,Some Secondary,
23,70,,FALSE,Female,,Some Secondary,
24,63,,FALSE,Female,,Some Secondary,
24,66,,FALSE,Female,,Some Secondary,
24,48,,FALSE,Female,,Some Secondary,
24,48,,FALSE,Female,,Some Secondary,
24,15,,FALSE,Female,,Some Secondary,
24,23,,FALSE,Female,,Some Secondary,
25,72,,FALSE,Male,,Some Secondary,
25,100,,FALSE,Female,,Some Secondary,
24,19,,FALSE,Male,,Some Secondary,
24,21,,FALSE,Male,,Some Secondary,
24,70,,FALSE,Male,,Some Secondary,
24,83,,FALSE,Male,,Some Secondary,
24,11,,FALSE,Male,,Some Secondary,
24,10,,FALSE,Male,,Some Secondary,
24,23,,FALSE,Male,,Some Secondary,
24,26,,FALSE,Male,,Some Secondary,
24,8,,FALSE,Male,,Some Secondary,
24,14,,FALSE,Male,,Some Secondary,
24,36,,FALSE,Male,,Some Secondary,
24,43,,FALSE,Female,,Some Secondary,
25,74,,FALSE,Male,,Some Secondary,
25,0,,FALSE,Male,,Some Secondary,
24,42,,FALSE,Female,,Some Secondary,
25,55,,FALSE,Female,,Some Secondary,
23,91,,FALSE,Female,,Some Secondary,
23,91,,FALSE,Female,,Some Secondary,
24,6,,FALSE,Male,,Some Secondary,
24,7,,FALSE,Female,,Some Secondary,
23,84,,FALSE,Female,,Some Secondary,
23,86,,FALSE,Male,,Some Secondary,
22,58,,FALSE,Female,,Some Secondary,
22,58,,FALSE,Female,,Some Secondary,
24,10,,FALSE,Male,,Some Secondary,
24,44,,FALSE,Male,,Some Secondary,
25,50,,FALSE,Female,,Some Secondary,
25,50,,FALSE,Female,,Some Secondary,
23,48,,FALSE,Female,,Some Secondary,
23,58,,FALSE,Female,,Some Secondary,
24,25,,FALSE,Male,,Some Secondary,
24,25,,FALSE,Male,,Some Secondary,
23,53,,FALSE,Female,,Some Secondary,
23,56,,FALSE,Female,,Some Secondary,
24,43,,FALSE,Female,,Some Secondary,
24,44,,FALSE,Female,,Some Secondary,
23,51,,FALSE,Male,,Some Secondary,
23,50,,FALSE,Male,,Some Secondary,
24,26,,FALSE,Female,,Some Secondary,
24,40,,FALSE,Female,,Some Secondary,
25,38,,FALSE,Female,,Some Secondary,
25,38,,FALSE,Female,,Some Secondary,
23,16,,FALSE,Male,,Some Secondary,
23,16,,FALSE,Male,,Some Secondary,
24,56,,FALSE,Female,,Some Secondary,
24,57,,FALSE,Female,,Some Secondary,
24,0,,FALSE,Female,,Some Secondary,
24,76,,FALSE,Female,,Some Secondary,
24,51,,FALSE,Male,,Some Secondary,
24,61,,FALSE,Female,,Some Secondary,
24,16,,FALSE,Male,,Some Secondary,
24,24,,FALSE,Female,,Some Secondary,
24,45,,FALSE,Male,,Some Secondary,
23,45,,FALSE,Male,,Some Secondary,
23,24,,FALSE,Female,,Some Secondary,
23,26,,FALSE,Male,,Some Secondary,
23,9,,FALSE,Male,,Some Secondary,
23,10,,FALSE,Female,,Some Secondary,
24,76,,FALSE,Female,,Some Secondary,
24,68,,FALSE,Female,,Some Secondary,
24,80,,FALSE,Female,,Some Secondary,
24,85,,FALSE,Male,,Some Secondary,
30,88,,FALSE,Female,,Some Secondary,
29,78,,FALSE,Female,,Some Secondary,
23,56,,FALSE,Female,,Some Secondary,
23,57,,FALSE,Female,,Some Secondary,
24,10,,FALSE,Male,,Some Secondary,
24,8,,FALSE,Male,,Some Secondary,
24,45,,FALSE,Female,,Some Secondary,
23,36,,FALSE,Male,,Some Secondary,
24,52,,FALSE,Female,,Some Secondary,
24,32,,FALSE,Female,,Some Secondary,
24,50,,FALSE,Female,,Some Secondary,
24,37,,FALSE,Female,,Some Secondary,
24,32,,FALSE,Female,,Some Secondary,
24,40,,FALSE,Female,,Some Secondary,
24,16,,FALSE,Female,,Some Secondary,
24,19,,FALSE,Female,,Some Secondary,
24,39,,FALSE,Female,,Some Secondary,
24,43,,FALSE,Female,,Some Secondary,
24,22,,FALSE,Male,,Some Secondary,
24,25,,FALSE,Female,,Some Secondary,
24,55,,FALSE,Female,,Some Secondary,
24,54,,FALSE,Female,,Some Secondary,
23,50,,FALSE,Female,,Some Secondary,
23,49,,FALSE,Female,,Some Secondary,
24,43,,FALSE,Male,,Some Secondary,
24,44,,FALSE,Male,,Some Secondary,
24,8,,FALSE,Female,,Some Secondary,
24,7,,FALSE,Male,,Some Secondary,
23,12,,FALSE,Male,,Some Secondary,
23,14,,FALSE,Male,,Some Secondary,
24,60,,FALSE,Male,,Some Secondary,
24,66,,FALSE,Male,,Some Secondary,
23,47,,FALSE,Male,,Some Secondary,
24,34,,FALSE,Female,,Some Secondary,
23,65,,FALSE,Male,,Some Secondary,
23,70,,FALSE,Female,,Some Secondary,
24,99,,FALSE,Female,,Some Secondary,
24,97,,FALSE,Female,,Some Secondary,
23,30,,FALSE,Male,,Some Secondary,
23,22,,FALSE,Male,,Some Secondary,
23,64,,FALSE,Male,,Some Secondary,
23,75,,FALSE,Female,,Some Secondary,
24,92,,FALSE,Male,,Some Secondary,
24,94,,FALSE,Female,,Some Secondary,
24,42,,FALSE,Female,,Some Secondary,
24,40,,FALSE,Male,,Some Secondary,
24,82,,FALSE,Male,,Some Secondary,
24,84,,FALSE,Male,,Some Secondary,
24,21,,FALSE,Female,,Some Secondary,
24,19,,FALSE,Male,,Some Secondary,
23,61,,FALSE,Female,,Some Secondary,
23,38,,FALSE,Male,,Some Secondary,
24,64,,FALSE,Male,,Some Secondary,
24,71,,FALSE,Male,,Some Secondary,
24,32,,FALSE,Female,,Some Secondary,
24,33,,FALSE,Female,,Some Secondary,
23,31,,FALSE,Male,,Some Secondary,
23,24,,FALSE,Male,,Some Secondary,
24,42,,FALSE,Female,,Some Secondary,
24,33,,FALSE,Female,,Some Secondary,
24,32,,FALSE,Male,,Some Secondary,
24,24,,FALSE,Female,,Some Secondary,
24,72,,FALSE,Female,,Some Secondary,
24,43,,FALSE,Female,,Some Secondary,
24,44,,FALSE,Male,,Some Secondary,
24,46,,FALSE,Male,,Some Secondary,
23,21,,FALSE,Female,,Some Secondary,
23,20,,FALSE,Female,,Some Secondary,
24,23,,FALSE,Male,,Some Secondary,
24,55,,FALSE,Female,,Some Secondary,
24,61,,FALSE,Male,,Some Secondary,
24,69,,FALSE,Male,,Some Secondary,
23,38,,FALSE,Male,,Some Secondary,
23,33,,FALSE,Male,,Some Secondary,
24,73,,FALSE,Male,,Some Secondary,
24,68,,FALSE,Female,,Some Secondary,
24,71,,FALSE,Male,,Some Secondary,
24,71,,FALSE,Female,,Some Secondary,
24,82,,FALSE,Male,,Some Secondary,
23,87,,FALSE,Male,,Some Secondary,
22,23,,FALSE,Male,,Some Secondary,
22,22,,FALSE,Male,,Some Secondary,
23,100,,FALSE,Female,,Some Secondary,
23,100,,FALSE,Female,,Some Secondary,
24,66,,FALSE,Male,,Some Secondary,
24,66,,FALSE,Male,,Some Secondary,
23,76,,FALSE,Male,,Some Secondary,
24,82,,FALSE,Male,,Some Secondary,
24,29,,FALSE,Female,,Some Secondary,
24,20,,FALSE,Female,,Some Secondary,
24,39,,FALSE,Male,,Some Secondary,
24,42,,FALSE,Female,,Some Secondary,
23,24,,FALSE,Female,,Some Secondary,
23,33,,FALSE,Female,,Some Secondary,
24,69,,FALSE,Female,,Some Secondary,
24,70,,FALSE,Female,,Some Secondary,
24,21,,FALSE,Male,,Some Secondary,
23,41,,FALSE,Male,,Some Secondary,
24,99,,FALSE,Male,,Some Secondary,
24,99,,FALSE,Male,,Some Secondary,
23,63,,FALSE,Female,,Some Secondary,
23,63,,FALSE,Male,,Some Secondary,
24,76,,FALSE,Female,,Some Secondary,
24,79,,FALSE,Female,,Some Secondary,
25,100,,FALSE,Male,,Some Secondary,
25,97,,FALSE,Male,,Some Secondary,
25,32,,FALSE,Female,,Some Secondary,
25,30,,FALSE,Female,,Some Secondary,
23,21,,FALSE,Female,,Some Secondary,
23,18,,FALSE,Female,,Some Secondary,
22,34,,FALSE,Female,,Some Secondary,
22,26,,FALSE,Female,,Some Secondary,
23,70,,FALSE,Female,,Some Secondary,
23,62,,FALSE,Female,,Some Secondary,
23,49,,FALSE,Female,,Some Secondary,
23,66,,FALSE,Female,,Some Secondary,
24,41,,FALSE,Female,,Some Secondary,
24,40,,FALSE,Female,,Some Secondary,
23,82,,FALSE,Female,,Some Secondary,
23,77,,FALSE,Male,,Some Secondary,
24,29,,FALSE,Female,,Some Secondary,
24,28,,FALSE,Female,,Some Secondary,
25,29,,FALSE,Female,,Some Secondary,
25,31,,FALSE,Female,,Some Secondary,
24,9,,FALSE,Male,,Some Secondary,
24,9,,FALSE,Male,,Some Secondary,
23,88,,FALSE,Female,,Some Secondary,
23,89,,FALSE,Female,,Some Secondary,
24,65,,FALSE,Female,,Some Secondary,
24,62,,FALSE,Male,,Some Secondary,
24,20,,FALSE,Male,,Some Secondary,
24,18,,FALSE,Male,,Some Secondary,
24,36,,FALSE,Male,,Some Secondary,
24,36,,FALSE,Male,,Some Secondary,
24,63,,FALSE,Male,,Some Secondary,
25,64,,FALSE,Female,,Some Secondary,
24,58,,FALSE,Male,,Some Secondary,
24,59,,FALSE,Male,,Some Secondary,
24,45,,FALSE,Female,,Some Secondary,
24,46,,FALSE,Female,,Some Secondary,
24,54,,FALSE,Male,,Some Secondary,
24,30,,FALSE,Male,,Some Secondary,
24,80,,FALSE,Male,,Some Secondary,
24,53,,FALSE,Male,,Some Secondary,
24,77,,FALSE,Female,,Some Secondary,
24,74,,FALSE,Female,,Some Secondary,
25,99,,FALSE,Female,,Some Secondary,
25,100,,FALSE,Female,,Some Secondary,
24,34,,FALSE,Female,,Some Secondary,
24,40,,FALSE,Male,,Some Secondary,
24,28,,FALSE,Male,,Some Secondary,
24,34,,FALSE,Male,,Some Secondary,
24,44,,FALSE,Male,,Some Secondary,
24,45,,FALSE,Male,,Some Secondary,
27,73,,FALSE,Female,,Some Secondary,
27,74,,FALSE,Female,,Some Secondary,
24,87,,FALSE,Female,,Some Secondary,
24,77,,FALSE,Female,,Some Secondary,
24,54,,FALSE,Male,,Some Secondary,
24,79,,FALSE,Female,,Some Secondary,
24,22,,FALSE,Female,,Some Secondary,
24,14,,FALSE,Female,,Some Secondary,
25,5,,FALSE,Female,,Some Secondary,
25,2,,FALSE,Male,,Some Secondary,
24,47,,FALSE,Male,,Some Secondary,
24,45,,FALSE,Female,,Some Secondary,
24,35,,FALSE,Male,,Some Secondary,
25,35,,FALSE,Male,,Some Secondary,
24,52,,FALSE,Female,,Some Secondary,
24,52,,FALSE,Female,,Some Secondary,
23,41,,FALSE,Male,,Some Secondary,
23,42,,FALSE,Female,,Some Secondary,
23,28,,FALSE,Male,,Some Secondary,
24,30,,FALSE,Male,,Some Secondary,
24,79,,FALSE,Male,,Some Secondary,
24,83,,FALSE,Male,,Some Secondary,
24,66,,FALSE,Female,,Some Secondary,
24,63,,FALSE,Female,,Some Secondary,
24,66,,FALSE,Female,,Some Secondary,
24,63,,FALSE,Female,,Some Secondary,
22,96,,FALSE,Female,,Some Secondary,
22,97,,FALSE,Female,,Some Secondary,
24,31,,FALSE,Female,,Some Secondary,
24,21,,FALSE,Female,,Some Secondary,
23,64,,FALSE,Female,,Some Secondary,
23,61,,FALSE,Female,,Some Secondary,
23,43,,FALSE,Female,,Some Secondary,
23,40,,FALSE,Female,,Some Secondary,
23,38,,FALSE,Male,,Some Secondary,
23,42,,FALSE,Female,,Some Secondary,
24,31,,FALSE,Male,,Some Secondary,
24,27,,FALSE,Male,,Some Secondary,
25,18,,FALSE,Female,,Some Secondary,
25,18,,FALSE,Female,,Some Secondary,
24,92,,FALSE,Female,,Some Secondary,
24,89,,FALSE,Female,,Some Secondary,
23,31,,FALSE,Male,,Some Secondary,
23,33,,FALSE,Male,,Some Secondary,
23,27,,FALSE,Male,,Some Secondary,
23,26,,FALSE,Male,,Some Secondary,
23,58,,FALSE,Male,,Some Secondary,
23,56,,FALSE,Female,,Some Secondary,
25,49,,FALSE,Male,,Some Secondary,
25,51,,FALSE,Male,,Some Secondary,
23,67,,FALSE,Female,,Some Secondary,
23,63,,FALSE,Female,,Some Secondary,
24,46,,FALSE,Female,,Some Secondary,
24,86,,FALSE,Female,,Some Secondary,
24,93,,FALSE,Male,,Some Secondary,
24,93,,FALSE,Male,,Some Secondary,
23,34,,FALSE,Female,,Some Secondary,
23,39,,FALSE,Female,,Some Secondary,
24,37,,FALSE,Male,,Some Secondary,
24,36,,FALSE,Male,,Some Secondary,
23,51,,FALSE,Male,,Some Secondary,
23,49,,FALSE,Male,,Some Secondary,
23,33,,FALSE,Female,,Some Secondary,
24,25,,FALSE,Male,,Some Secondary,
24,19,,FALSE,Male,,Some Secondary,
24,18,,FALSE,Male,,Some Secondary,
23,22,,FALSE,Male,,Some Secondary,
23,15,,FALSE,Male,,Some Secondary,
24,13,,FALSE,Male,,Some Secondary,
24,5,,FALSE,Male,,Some Secondary,
24,72,,FALSE,Female,,Some Secondary,
24,71,,FALSE,Male,,Some Secondary,
23,54,,FALSE,Male,,Some Secondary,
23,51,,FALSE,Male,,Some Secondary,
24,72,,FALSE,Male,,Some Secondary,
24,73,,FALSE,Male,,Some Secondary,
24,11,,FALSE,Male,,Some Secondary,
24,12,,FALSE,Male,,Some Secondary,
23,49,,FALSE,Female,,Some Secondary,
23,48,,FALSE,Female,,Some Secondary,
25,30,,FALSE,Female,,Some Secondary,
25,26,,FALSE,Female,,Some Secondary,
24,45,,FALSE,Female,,Some Secondary,
24,47,,FALSE,Female,,Some Secondary,
24,6,,FALSE,Male,,Some Secondary,
24,1,,FALSE,Female,,Some Secondary,
24,49,,FALSE,Female,,Some Secondary,
24,50,,FALSE,Male,,Some Secondary,
24,18,,FALSE,Female,,Some Secondary,
24,16,,FALSE,Female,,Some Secondary,
23,16,,FALSE,Female,,Some Secondary,
23,20,,FALSE,Female,,Some Secondary,
24,44,,FALSE,Female,,Some Secondary,
24,48,,FALSE,Female,,Some Secondary,
24,25,,FALSE,Male,,Some Secondary,
24,24,,FALSE,Male,,Some Secondary,
24,49,,FALSE,Female,,Some Secondary,
24,31,,FALSE,Female,,Some Secondary,
24,66,,FALSE,Male,,Some Secondary,
24,69,,FALSE,Male,,Some Secondary,
22,41,,FALSE,Male,,Some Secondary,
22,39,,FALSE,Female,,Some Secondary,
24,37,,FALSE,Male,,Some Secondary,
24,38,,FALSE,Male,,Some Secondary,
24,22,,FALSE,Male,,Some Secondary,
24,27,,FALSE,Male,,Some Secondary,
23,14,,FALSE,Male,,Some Secondary,
23,15,,FALSE,Male,,Some Secondary,
24,12,,FALSE,Female,,Some Secondary,
24,11,,FALSE,Female,,Some Secondary,
23,58,,FALSE,Female,,Some Secondary,
23,58,,FALSE,Female,,Some Secondary,
24,70,,FALSE,Male,,Some Secondary,
24,69,,FALSE,Male,,Some Secondary,
24,14,,FALSE,Female,,Some Secondary,
24,18,,FALSE,Female,,Some Secondary,
24,72,,FALSE,Male,,Some Secondary,
24,64,,FALSE,Female,,Some Secondary,
23,91,,FALSE,Male,,Some Secondary,
23,91,,FALSE,Male,,Some Secondary,
24,25,,FALSE,Male,,Some Secondary,
24,35,,FALSE,Male,,Some Secondary,
24,63,,FALSE,Male,,Some Secondary,
24,66,,FALSE,Female,,Some Secondary,
23,65,,FALSE,Male,,Some Secondary,
23,35,,FALSE,Female,,Some Secondary,
23,11,,FALSE,Male,,Some Secondary,
24,34,,FALSE,Male,,Some Secondary,
25,38,,FALSE,Female,,Some Secondary,
23,37,,FALSE,Female,,Some Secondary,
24,41,,FALSE,Female,,Some Secondary,
24,34,,FALSE,Female,,Some Secondary,
24,40,,FALSE,Female,,Some Secondary,
24,36,,FALSE,Female,,Some Secondary,
23,94,,FALSE,Female,,Some Secondary,
24,99,,FALSE,Female,,Some Secondary,
23,67,,FALSE,Female,,Some Secondary,
23,79,,FALSE,Female,,Some Secondary,
24,47,,FALSE,Male,,Some Secondary,
25,51,,FALSE,Female,,Some Secondary,
25,46,,FALSE,Female,,Some Secondary,
25,46,,FALSE,Female,,Some Secondary,
24,34,,FALSE,Female,,Some Secondary,
24,23,,FALSE,Male,,Some Secondary,
24,13,,FALSE,Female,,Some Secondary,
24,8,,FALSE,Male,,Some Secondary,
24,44,,FALSE,Female,,Some Secondary,
23,44,,FALSE,Female,,Some Secondary,
24,100,,FALSE,Female,,Some Secondary,
24,100,,FALSE,Female,,Some Secondary,
23,80,,FALSE,Female,,Some Secondary,
23,81,,FALSE,Female,,Some Secondary,
24,62,,FALSE,Male,,Some Secondary,
24,63,,FALSE,Female,,Some Secondary,
22,78,,FALSE,Female,,Some Secondary,
22,88,,FALSE,Male,,Some Secondary,
24,44,,FALSE,Male,,Some Secondary,
24,55,,FALSE,Female,,Some Secondary,
23,13,,FALSE,Female,,Some Secondary,
23,13,,FALSE,Female,,Some Secondary,
24,42,,FALSE,Female,,Some Secondary,
24,46,,FALSE,Female,,Some Secondary,
24,16,,FALSE,Male,,Some Secondary,
24,15,,FALSE,Male,,Some Secondary,
23,32,,FALSE,Male,,Some Secondary,
23,33,,FALSE,Male,,Some Secondary,
24,43,,FALSE,Female,,Some Secondary,
26,29,,FALSE,Female,,Some Secondary,
25,17,,FALSE,Male,,Some Secondary,
25,17,,FALSE,Male,,Some Secondary,
24,19,,FALSE,Female,,Some Secondary,
24,17,,FALSE,Male,,Some Secondary,
24,56,,FALSE,Female,,Some Secondary,
24,54,,FALSE,Male,,Some Secondary,
24,6,,FALSE,Male,,Some Secondary,
23,10,,FALSE,Male,,Some Secondary,
24,34,,FALSE,Female,,Some Secondary,
24,29,,FALSE,Male,,Some Secondary,
24,34,,FALSE,Male,,Some Secondary,
24,35,,FALSE,Male,,Some Secondary,
24,62,,FALSE,Female,,Some Secondary,
24,61,,FALSE,Female,,Some Secondary,
27,76,,FALSE,Female,,Some Secondary,
27,72,,FALSE,Male,,Some Secondary,
24,94,,FALSE,Female,,Some Secondary,
24,94,,FALSE,Female,,Some Secondary,
24,54,,FALSE,Female,,Some Secondary,
24,52,,FALSE,Female,,Some Secondary,
23,38,,FALSE,Male,,Some Secondary,
27,69,,FALSE,Female,,Some Secondary,
24,82,,FALSE,Female,,Some Secondary,
24,81,,FALSE,Male,,Some Secondary,
25,74,,FALSE,Female,,Some Secondary,
25,44,,FALSE,Male,,Some Secondary,
24,78,,FALSE,Male,,Some Secondary,
23,77,,FALSE,Male,,Some Secondary,
24,41,,FALSE,Female,,Some Secondary,
23,41,,FALSE,Female,,Some Secondary,
23,38,,FALSE,Female,,Some Secondary,
23,24,,FALSE,Female,,Some Secondary,
24,65,,FALSE,Female,,Some Secondary,
24,63,,FALSE,Male,,Some Secondary,
24,61,,FALSE,Female,,Some Secondary,
24,62,,FALSE,Female,,Some Secondary,
24,49,,FALSE,Male,,Some Secondary,
24,55,,FALSE,Female,,Some Secondary,
26,96,,FALSE,Female,,Some Secondary,
26,97,,FALSE,Female,,Some Secondary,
24,13,,FALSE,Male,,Some Secondary,
24,17,,FALSE,Male,,Some Secondary,
24,45,,FALSE,Male,,Some Secondary,
24,45,,FALSE,Male,,Some Secondary,
23,51,,FALSE,Male,,Some Secondary,
23,56,,FALSE,Male,,Some Secondary,
23,40,,FALSE,Female,,Some Secondary,
23,35,,FALSE,Male,,Some Secondary,
25,77,,FALSE,Male,,Some Secondary,
25,80,,FALSE,Male,,Some Secondary,
24,29,,FALSE,Male,,Some Secondary,
24,20,,FALSE,Male,,Some Secondary,
27,75,,FALSE,Female,,Some Secondary,
27,63,,FALSE,Female,,Some Secondary,
24,18,,FALSE,Female,,Some Secondary,
24,20,,FALSE,Female,,Some Secondary,
25,35,,FALSE,Male,,Some Secondary,
25,33,,FALSE,Male,,Some Secondary,
24,41,,FALSE,Female,,Some Secondary,
24,46,,FALSE,Female,,Some Secondary,
24,97,,FALSE,Female,,Some Secondary,
24,95,,FALSE,Female,,Some Secondary,
27,0,,FALSE,Male,,Some Secondary,
27,96,,FALSE,Male,,Some Secondary,
24,31,,FALSE,Male,,Some Secondary,
24,31,,FALSE,Male,,Some Secondary,
24,32,,FALSE,Female,,Some Secondary,
24,62,,FALSE,Female,,Some Secondary,
24,80,,FALSE,Female,,Some Secondary,
24,81,,FALSE,Female,,Some Secondary,
24,78,,FALSE,Male,,Some Secondary,
24,69,,FALSE,Male,,Some Secondary,
24,12,,FALSE,Male,,Some Secondary,
24,12,,FALSE,Male,,Some Secondary,
24,4,,FALSE,Male,,Some Secondary,
24,4,,FALSE,Female,,Some Secondary,
30,100,,FALSE,Female,,Some Secondary,
30,100,,FALSE,Female,,Some Secondary,
24,97,,FALSE,Female,,Some Secondary,
24,74,,FALSE,Female,,Some Secondary,
24,34,,FALSE,Male,,Some Secondary,
24,48,,FALSE,Male,,Some Secondary,
24,43,,FALSE,Male,,Some Secondary,
24,46,,FALSE,Male,,Some Secondary,
24,52,,FALSE,Female,,Some Secondary,
24,52,,FALSE,Female,,Some Secondary,
24,69,,FALSE,Male,,Some Secondary,
24,70,,FALSE,Male,,Some Secondary,
29,92,,FALSE,Male,,Some Secondary,
29,100,,FALSE,Female,,Some Secondary,
24,17,,FALSE,Male,,Some Secondary,
24,13,,FALSE,Male,,Some Secondary,
23,77,,FALSE,Female,,Some Secondary,
23,70,,FALSE,Female,,Some Secondary,
24,36,,FALSE,Male,,Some Secondary,
23,30,,FALSE,Male,,Some Secondary,
24,57,,FALSE,Female,,Some Secondary,
24,61,,FALSE,Male,,Some Secondary,
24,49,,FALSE,Male,,Some Secondary,
24,29,,FALSE,Female,,Some Secondary,
24,61,,FALSE,Female,,Some Secondary,
24,99,,FALSE,Female,,Some Secondary,
23,46,,FALSE,Male,,Some Secondary,
23,64,,FALSE,Male,,Some Secondary,
24,24,,FALSE,Male,,Some Secondary,
24,42,,FALSE,Female,,Some Secondary,
24,6,,FALSE,Male,,Some Secondary,
24,6,,FALSE,Male,,Some Secondary,
24,19,,FALSE,Male,,Some Secondary,
24,40,,FALSE,Female,,Some Secondary,
24,48,,FALSE,Male,,Some Secondary,
23,50,,FALSE,Female,,Some Secondary,
24,17,,FALSE,Male,,Some Secondary,
24,19,,FALSE,Female,,Some Secondary,
24,48,,FALSE,Female,,Some Secondary,
24,38,,FALSE,Female,,Some Secondary,
25,71,,FALSE,Male,,Some Secondary,
25,61,,FALSE,Male,,Some Secondary,
24,62,,FALSE,Female,,Some Secondary,
24,97,,FALSE,Female,,Some Secondary,
23,62,,FALSE,Female,,Some Secondary,
23,46,,FALSE,Male,,Some Secondary,
25,100,,FALSE,Female,,Some Secondary,
25,100,,FALSE,Male,,Some Secondary,
24,37,,FALSE,Female,,Some Secondary,
24,38,,FALSE,Female,,Some Secondary,
24,66,,FALSE,Male,,Some Secondary,
24,69,,FALSE,Female,,Some Secondary,
23,36,,FALSE,Female,,Some Secondary,
23,28,,FALSE,Female,,Some Secondary,
24,33,,FALSE,Male,,Some Secondary,
24,37,,FALSE,Female,,Some Secondary,
24,51,,FALSE,Female,,Some Secondary,
23,49,,FALSE,Female,,Some Secondary,
24,51,,FALSE,Female,,Some Secondary,
24,19,,FALSE,Female,,Some Secondary,
23,22,,FALSE,Female,,Some Secondary,
23,22,,FALSE,Female,,Some Secondary,
24,49,,FALSE,Male,,Some Secondary,
24,38,,FALSE,Male,,Some Secondary,
24,28,,FALSE,Female,,Some Secondary,
24,26,,FALSE,Male,,Some Secondary,
24,36,,FALSE,Male,,Some Secondary,
24,39,,FALSE,Female,,Some Secondary,
23,33,,FALSE,Male,,Some Secondary,
23,32,,FALSE,Male,,Some Secondary,
24,74,,FALSE,Male,,Some Secondary,
24,61,,FALSE,Male,,Some Secondary,
24,46,,FALSE,Female,,Some Secondary,
24,20,,FALSE,Female,,Some Secondary,
24,20,,FALSE,Male,,Some Secondary,
24,12,,FALSE,Female,,Some Secondary,
23,10,,FALSE,Male,,Some Secondary,
23,35,,FALSE,Male,,Some Secondary,
29,0,,FALSE,Female,,Some Secondary,
29,0,,FALSE,Female,,Some Secondary,
22,16,,FALSE,Female,,Some Secondary,
22,20,,FALSE,Female,,Some Secondary,
25,26,,FALSE,Male,,Some Secondary,
25,31,,FALSE,Male,,Some Secondary,
23,14,,FALSE,Male,,Some Secondary,
23,20,,FALSE,Female,,Some Secondary,
25,96,,FALSE,Male,,Some Secondary,
25,90,,FALSE,Male,,Some Secondary,
23,82,,FALSE,Female,,Some Secondary,
23,41,,FALSE,Male,,Some Secondary,
24,53,,FALSE,Female,,Some Secondary,
24,41,,FALSE,Female,,Some Secondary,
24,100,,FALSE,Female,,Some Secondary,
23,93,,FALSE,Male,,Some Secondary,
24,42,,FALSE,Male,,Some Secondary,
24,41,,FALSE,Female,,Some Secondary,
25,51,,FALSE,Male,,Some Secondary,
25,51,,FALSE,Male,,Some Secondary,
24,53,,FALSE,Female,,Some Secondary,
24,68,,FALSE,Male,,Some Secondary,
23,51,,FALSE,Male,,Some Secondary,
23,42,,FALSE,Female,,Some Secondary,
24,92,,FALSE,Female,,Some Secondary,
24,90,,FALSE,Male,,Some Secondary,
24,32,,FALSE,Female,,Some Secondary,
25,38,,FALSE,Female,,Some Secondary,
24,60,,FALSE,Female,,Some Secondary,
24,56,,FALSE,Male,,Some Secondary,
24,57,,FALSE,Male,,Some Secondary,
24,64,,FALSE,Female,,Some Secondary,
24,32,,FALSE,Male,,Some Secondary,
24,10,,FALSE,Male,,Some Secondary,
25,81,,FALSE,Male,,Some Secondary,
25,77,,FALSE,Female,,Some Secondary,
25,77,,FALSE,Male,,Some Secondary,
25,81,,FALSE,Female,,Some Secondary,
24,44,,FALSE,Female,,Some Secondary,
24,44,,FALSE,Female,,Some Secondary,
24,100,,FALSE,Female,,Some Secondary,
24,100,,FALSE,Male,,Some Secondary,
24,52,,FALSE,Male,,Some Secondary,
24,47,,FALSE,Male,,Some Secondary,
24,67,,FALSE,Female,,Some Secondary,
24,65,,FALSE,Female,,Some Secondary,
24,70,,FALSE,Male,,Some Secondary,
24,70,,FALSE,Female,,Some Secondary,
24,20,,FALSE,Female,,Some Secondary,
24,20,,FALSE,Female,,Some Secondary,
24,55,,FALSE,Male,,Some Secondary,
24,59,,FALSE,Male,,Some Secondary,
23,93,,FALSE,Male,,Some Secondary,
24,86,,FALSE,Male,,Some Secondary,
24,15,,FALSE,Female,,Some Secondary,
24,34,,FALSE,Female,,Some Secondary,
25,66,,FALSE,Male,,Some Secondary,
25,54,,FALSE,Male,,Some Secondary,
29,84,,FALSE,Male,,Some Secondary,
29,0,,FALSE,Female,,Some Secondary,
25,34,,FALSE,Male,,Some Secondary,
25,35,,FALSE,Male,,Some Secondary,
24,48,,FALSE,Male,,Some Secondary,
24,52,,FALSE,Male,,Some Secondary,
24,48,,FALSE,Male,,Some Secondary,
24,53,,FALSE,Male,,Some Secondary,
24,64,,FALSE,Female,,Some Secondary,
24,63,,FALSE,Male,,Some Secondary,
23,49,,FALSE,Female,,Some Secondary,
23,48,,FALSE,Male,,Some Secondary,
25,95,,FALSE,Male,,Some Secondary,
25,97,,FALSE,Male,,Some Secondary,
24,49,,FALSE,Male,,Some Secondary,
24,49,,FALSE,Male,,Some Secondary,
24,100,,FALSE,Female,,Some Secondary,
24,100,,FALSE,Female,,Some Secondary,
23,6,,FALSE,Male,,Some Secondary,
23,6,,FALSE,Male,,Some Secondary,
24,20,,FALSE,Male,,Some Secondary,
24,32,,FALSE,Male,,Some Secondary,
24,3,,FALSE,Female,,Some Secondary,
24,3,,FALSE,Male,,Some Secondary,
24,96,,FALSE,Male,,Some Secondary,
24,91,,FALSE,Male,,Some Secondary,
23,43,,FALSE,Male,,Some Secondary,
23,43,,FALSE,Male,,Some Secondary,
24,100,,FALSE,Female,,Some Secondary,
24,100,,FALSE,Female,,Some Secondary,
24,76,,FALSE,Female,,Some Secondary,
24,74,,FALSE,Female,,Some Secondary,
24,33,,FALSE,Female,,Some Secondary,
24,33,,FALSE,Female,,Some Secondary,
24,54,,FALSE,Female,,Some Secondary,
24,55,,FALSE,Female,,Some Secondary,
24,65,,FALSE,Female,,Some Secondary,
24,65,,FALSE,Female,,Some Secondary,
24,27,,FALSE,Male,,Some Secondary,
24,25,,FALSE,Male,,Some Secondary,
24,63,,FALSE,Female,,Some Secondary,
24,14,,FALSE,Male,,Some Secondary,
24,48,,FALSE,Female,,Some Secondary,
24,47,,FALSE,Female,,Some Secondary,
24,67,,FALSE,Male,,Some Secondary,
23,64,,FALSE,Male,,Some Secondary,
23,10,,FALSE,Male,,Some Secondary,
23,13,,FALSE,Female,,Some Secondary,
24,63,,FALSE,Female,,Some Secondary,
24,34,,FALSE,Male,,Some Secondary,
22,19,,FALSE,Male,,Some Secondary,
22,29,,FALSE,Female,,Some Secondary,
24,37,,FALSE,Male,,Some Secondary,
24,32,,FALSE,Male,,Some Secondary,
24,53,,FALSE,Male,,Some Secondary,
24,35,,FALSE,Female,,Some Secondary,
25,8,,FALSE,Female,,Some Secondary,
25,10,,FALSE,Female,,Some Secondary,
23,28,,FALSE,Male,,Some Secondary,
23,22,,FALSE,Female,,Some Secondary,
24,7,,FALSE,Female,,Some Secondary,
24,9,,FALSE,Male,,Some Secondary,
24,62,,FALSE,Male,,Some Secondary,
24,59,,FALSE,Male,,Some Secondary,
26,54,,FALSE,Male,,Some Secondary,
26,77,,FALSE,Female,,Some Secondary,
23,41,,FALSE,Male,,Some Secondary,
23,46,,FALSE,Female,,Some Secondary,
24,10,,FALSE,Male,,Some Secondary,
24,9,,FALSE,Male,,Some Secondary,
23,27,,FALSE,Male,,Some Secondary,
23,22,,FALSE,Male,,Some Secondary,
24,18,,FALSE,Female,,Some Secondary,
24,16,,FALSE,Female,,Some Secondary,
23,21,,FALSE,Male,,Some Secondary,
23,19,,FALSE,Male,,Some Secondary,
23,16,,FALSE,Male,,Some Secondary,
23,17,,FALSE,Male,,Some Secondary,
24,59,,FALSE,Male,,Some Secondary,
24,0,,FALSE,Female,,Some Secondary,
24,46,,FALSE,Female,,Some Secondary,
24,44,,FALSE,Female,,Some Secondary,
24,57,,FALSE,Female,,Some Secondary,
24,61,,FALSE,Female,,Some Secondary,
27,51,,FALSE,Male,,Some Secondary,
29,52,,FALSE,Male,,Some Secondary,
24,68,,FALSE,Female,,Some Secondary,
24,61,,FALSE,Female,,Some Secondary,
23,40,,FALSE,Male,,Some Secondary,
23,35,,FALSE,Male,,Some Secondary,
26,54,,FALSE,Male,,Some Secondary,
26,50,,FALSE,Male,,Some Secondary,
24,96,,FALSE,Male,,Some Secondary,
24,57,,FALSE,Male,,Some Secondary,
24,71,,FALSE,Female,,Some Secondary,
24,69,,FALSE,Female,,Some Secondary,
23,42,,FALSE,Male,,Some Secondary,
23,45,,FALSE,Male,,Some Secondary,
24,7,,FALSE,Male,,Some Secondary,
24,4,,FALSE,Male,,Some Secondary,
25,26,,FALSE,Male,,Some Secondary,
25,23,,FALSE,Female,,Some Secondary,
24,45,,FALSE,Male,,Some Secondary,
24,44,,FALSE,Male,,Some Secondary,
24,41,,FALSE,Male,,Some Secondary,
24,42,,FALSE,Male,,Some Secondary,
24,48,,FALSE,Female,,Some Secondary,
24,47,,FALSE,Female,,Some Secondary,
23,17,,FALSE,Male,,Some Secondary,
24,21,,FALSE,Male,,Some Secondary,
24,25,,FALSE,Male,,Some Secondary,
24,28,,FALSE,Female,,Some Secondary,
24,61,,FALSE,Male,,Some Secondary,
24,62,,FALSE,Female,,Some Secondary,
25,24,,FALSE,Female,,Some Secondary,
24,25,,FALSE,Female,,Some Secondary,
23,68,,FALSE,Female,,Some Secondary,
23,69,,FALSE,Female,,Some Secondary,
24,99,,FALSE,Female,,Some Secondary,
24,84,,FALSE,Female,,Some Secondary,
24,21,,FALSE,Male,,Some Secondary,
24,23,,FALSE,Male,,Some Secondary,
25,35,,FALSE,Male,,Some Secondary,
25,24,,FALSE,Male,,Some Secondary,
23,95,,FALSE,Male,,Some Secondary,
23,64,,FALSE,Female,,Some Secondary,
24,64,,FALSE,Female,,Some Secondary,
24,63,,FALSE,Female,,Some Secondary,
24,38,,FALSE,Male,,Some Secondary,
24,44,,FALSE,Female,,Some Secondary,
24,48,,FALSE,Female,,Some Secondary,
24,47,,FALSE,Female,,Some Secondary,
24,4,,FALSE,Male,,Some Secondary,
24,5,,FALSE,Female,,Some Secondary,
24,19,,FALSE,Female,,Some Secondary,
24,6,,FALSE,Female,,Some Secondary,
24,14,,FALSE,Male,,Some Secondary,
23,12,,FALSE,Male,,Some Secondary,
24,93,,FALSE,Female,,Some Secondary,
24,47,,FALSE,Male,,Some Secondary,
23,49,,FALSE,Female,,Some Secondary,
23,28,,FALSE,Male,,Some Secondary,
24,95,,FALSE,Male,,Some Secondary,
24,54,,FALSE,Male,,Some Secondary,
24,9,,FALSE,Male,,Some Secondary,
24,48,,FALSE,Female,,Some Secondary,
23,45,,FALSE,Female,,Some Secondary,
23,18,,FALSE,Male,,Some Secondary,
23,29,,FALSE,Female,,Some Secondary,
23,21,,FALSE,Female,,Some Secondary,
24,5,,FALSE,Male,,Some Secondary,
24,4,,FALSE,Male,,Some Secondary,
23,35,,FALSE,Male,,Some Secondary,
23,36,,FALSE,Male,,Some Secondary,
23,86,,FALSE,Female,,Some Secondary,
23,89,,FALSE,Male,,Some Secondary,
23,38,,FALSE,Male,,Some Secondary,
23,39,,FALSE,Male,,Some Secondary,
24,29,,FALSE,Female,,Some Secondary,
24,32,,FALSE,Female,,Some Secondary,
24,63,,FALSE,Female,,Some Secondary,
24,73,,FALSE,Male,,Some Secondary,
24,80,,FALSE,Male,,Some Secondary,
24,80,,FALSE,Male,,Some Secondary,
23,21,,FALSE,Male,,Some Secondary,
23,21,,FALSE,Male,,Some Secondary,
23,85,,FALSE,Male,,Some Secondary,
24,0,,FALSE,Male,,Some Secondary,
24,63,,FALSE,Female,,Some Secondary,
24,64,,FALSE,Female,,Some Secondary,
24,47,,FALSE,Female,,Some Secondary,
24,48,,FALSE,Female,,Some Secondary,
26,79,,FALSE,Female,,Some Secondary,
26,75,,FALSE,Male,,Some Secondary,
24,37,,FALSE,Male,,Some Secondary,
24,32,,FALSE,Male,,Some Secondary,
24,37,,FALSE,Male,,Some Secondary,
24,37,,FALSE,Male,,Some Secondary,
24,91,,FALSE,Male,,Some Secondary,
24,91,,FALSE,Male,,Some Secondary,
24,100,,FALSE,Female,,Some Secondary,
24,100,,FALSE,Female,,Some Secondary,
24,37,,FALSE,Male,,Some Secondary,
24,35,,FALSE,Female,,Some Secondary,
24,61,,FALSE,Female,,Some Secondary,
24,54,,FALSE,Female,,Some Secondary,
22,14,,FALSE,Male,,Some Secondary,
22,13,,FALSE,Male,,Some Secondary,
23,67,,FALSE,Female,,Some Secondary,
24,69,,FALSE,Female,,Some Secondary,
24,38,,FALSE,Female,,Some Secondary,
24,43,,FALSE,Female,,Some Secondary,
24,83,,FALSE,Female,,Some Secondary,
24,82,,FALSE,Male,,Some Secondary,
23,54,,FALSE,Female,,Some Secondary,
23,57,,FALSE,Female,,Some Secondary,
23,64,,FALSE,Female,,Some Secondary,
23,76,,FALSE,Female,,Some Secondary,
23,45,,FALSE,Male,,Some Secondary,
23,44,,FALSE,Male,,Some Secondary,
24,90,,FALSE,Female,,Some Secondary,
24,86,,FALSE,Female,,Some Secondary,
23,33,,FALSE,Male,,Some Secondary,
23,40,,FALSE,Female,,Some Secondary,
24,6,,FALSE,Male,,Some Secondary,
24,7,,FALSE,Male,,Some Secondary,
27,96,,FALSE,Female,,Some Secondary,
23,39,,FALSE,Male,,Some Secondary,
24,19,,FALSE,Male,,Some Secondary,
24,16,,FALSE,Male,,Some Secondary,
24,42,,FALSE,Male,,Some Secondary,
24,66,,FALSE,Male,,Some Secondary,
24,65,,FALSE,Male,,Some Secondary,
24,53,,FALSE,Female,,Some Secondary,
24,72,,FALSE,Female,,Some Secondary,
24,66,,FALSE,Female,,Some Secondary,
24,16,,FALSE,Male,,Some Secondary,
24,24,,FALSE,Male,,Some Secondary,
24,68,,FALSE,Female,,Some Secondary,
24,68,,FALSE,Male,,Some Secondary,
24,84,,FALSE,Male,,Some Secondary,
24,71,,FALSE,Female,,Some Secondary,
24,42,,FALSE,Female,,Some Secondary,
24,39,,FALSE,Female,,Some Secondary,
23,54,,FALSE,Female,,Some Secondary,
23,53,,FALSE,Male,,Some Secondary,
24,31,,FALSE,Female,,Some Secondary,
24,10,,FALSE,Male,,Some Secondary,
24,4,,FALSE,Male,,Some Secondary,
24,4,,FALSE,Male,,Some Secondary,
24,84,,FALSE,Female,,Some Secondary,
24,22,,FALSE,Female,,Some Secondary,
26,36,,FALSE,Male,,Some Secondary,
24,17,,FALSE,Male,,Some Secondary,
26,77,,FALSE,Male,,Some Secondary,
26,79,,FALSE,Female,,Some Secondary,
22,86,,FALSE,Male,,Some Secondary,
24,85,,FALSE,Male,,Some Secondary,
23,47,,FALSE,Male,,Some Secondary,
23,38,,FALSE,Male,,Some Secondary,
24,40,,FALSE,Male,,Some Secondary,
24,32,,FALSE,Male,,Some Secondary,
26,72,,FALSE,Female,,Some Secondary,
26,82,,FALSE,Male,,Some Secondary,
24,81,,FALSE,Male,,Some Secondary,
24,86,,FALSE,Male,,Some Secondary,
24,100,,FALSE,Female,,Some Secondary,
24,100,,FALSE,Female,,Some Secondary,
24,4,,FALSE,Male,,Some Secondary,
24,6,,FALSE,Male,,Some Secondary,
24,53,,FALSE,Male,,Some Secondary,
24,56,,FALSE,Male,,Some Secondary,
24,19,,FALSE,Male,,Some Secondary,
24,69,,FALSE,Female,,Some Secondary,
24,19,,FALSE,Female,,Some Secondary,
24,14,,FALSE,Male,,Some Secondary,
23,35,,FALSE,Male,,Some Secondary,
23,32,,FALSE,Male,,Some Secondary,
24,68,,FALSE,Female,,Some Secondary,
24,49,,FALSE,Female,,Some Secondary,
23,17,,FALSE,Female,,Some Secondary,
23,16,,FALSE,Female,,Some Secondary,
24,29,,FALSE,Male,,Some Secondary,
24,22,,FALSE,Male,,Some Secondary,
24,16,,FALSE,Female,,Some Secondary,
24,18,,FALSE,Male,,Some Secondary,
24,48,,FALSE,Female,,Some Secondary,
23,18,,FALSE,Male,,Some Secondary,
22,64,,FALSE,Male,,Some Secondary,
22,60,,FALSE,Male,,Some Secondary,
24,37,,FALSE,Female,,Some Secondary,
24,32,,FALSE,Male,,Some Secondary,
24,24,,FALSE,Male,,Some Secondary,
24,22,,FALSE,Male,,Some Secondary,
24,54,,FALSE,Female,,Some Secondary,
24,54,,FALSE,Female,,Some Secondary,
24,45,,FALSE,Female,,Some Secondary,
24,50,,FALSE,Female,,Some Secondary,
24,43,,FALSE,Female,,Some Secondary,
24,53,,FALSE,Female,,Some Secondary,
24,19,,FALSE,Female,,Some Secondary,
24,6,,FALSE,Male,,Some Secondary,
24,34,,FALSE,Male,,Some Secondary,
24,33,,FALSE,Male,,Some Secondary,
24,25,,FALSE,Female,,Some Secondary,
24,33,,FALSE,Female,,Some Secondary,
23,22,,FALSE,Male,,Some Secondary,
23,25,,FALSE,Male,,Some Secondary,
26,16,,FALSE,Male,,Some Secondary,
26,13,,FALSE,Male,,Some Secondary,
23,41,,FALSE,Male,,Some Secondary,
23,35,,FALSE,Male,,Some Secondary,
24,13,,FALSE,Female,,Some Secondary,
24,11,,FALSE,Female,,Some Secondary,
23,60,,FALSE,Female,,Some Secondary,
23,14,,FALSE,Female,,Some Secondary,
23,23,,FALSE,Male,,Some Secondary,
23,19,,FALSE,Female,,Some Secondary,
24,100,,FALSE,Female,,Some Secondary,
24,92,,FALSE,Female,,Some Secondary,
23,44,,FALSE,Male,,Some Secondary,
23,48,,FALSE,Male,,Some Secondary,
25,31,,FALSE,Female,,Some Secondary,
25,28,,FALSE,Female,,Some Secondary,
24,17,,FALSE,Male,,Some Secondary,
24,16,,FALSE,Male,,Some Secondary,
23,51,,FALSE,Female,,Some Secondary,
23,44,,FALSE,Male,,Some Secondary,
23,54,,FALSE,Female,,Some Secondary,
23,42,,FALSE,Female,,Some Secondary,
24,46,,FALSE,Female,,Some Secondary,
24,35,,FALSE,Female,,Some Secondary,
23,58,,FALSE,Female,,Some Secondary,
23,56,,FALSE,Female,,Some Secondary,
24,57,,FALSE,Male,,Some Secondary,
24,59,,FALSE,Male,,Some Secondary,
25,100,,FALSE,Male,,Some Secondary,
25,100,,FALSE,Male,,Some Secondary,
24,15,,FALSE,Female,,Some Secondary,
24,65,,FALSE,Male,,Some Secondary,
23,92,,FALSE,Female,,Some Secondary,
23,89,,FALSE,Male,,Some Secondary,
24,55,,FALSE,Female,,Some Secondary,
24,42,,FALSE,Female,,Some Secondary,
23,53,,FALSE,Female,,Some Secondary,
23,59,,FALSE,Female,,Some Secondary,
24,50,,FALSE,Male,,Some Secondary,
24,47,,FALSE,Male,,Some Secondary,
23,18,,FALSE,Male,,Some Secondary,
23,27,,FALSE,Male,,Some Secondary,
23,25,,FALSE,Male,,Some Secondary,
23,50,,FALSE,Female,,Some Secondary,
24,15,,FALSE,Male,,Some Secondary,
24,17,,FALSE,Male,,Some Secondary,
24,51,,FALSE,Male,,Some Secondary,
24,54,,FALSE,Male,,Some Secondary,
24,100,,FALSE,Female,,Some Secondary,
24,100,,FALSE,Female,,Some Secondary,
27,85,,FALSE,Male,,Some Secondary,
27,97,,FALSE,Female,,Some Secondary,
24,19,,FALSE,Male,,Some Secondary,
24,33,,FALSE,Male,,Some Secondary,
23,49,,FALSE,Female,,Some Secondary,
23,50,,FALSE,Female,,Some Secondary,
24,10,,FALSE,Female,,Some Secondary,
24,9,,FALSE,Male,,Some Secondary,
29,80,,FALSE,Male,,Some Secondary,
29,71,,FALSE,Female,,Some Secondary,
23,60,,FALSE,Male,,Some Secondary,
23,61,,FALSE,Male,,Some Secondary,
26,37,,FALSE,Male,,Some Secondary,
26,37,,FALSE,Female,,Some Secondary,
24,73,,FALSE,Male,,Some Secondary,
24,69,,FALSE,Female,,Some Secondary,
23,58,,FALSE,Female,,Some Secondary,
23,2,,FALSE,Female,,Some Secondary,
23,13,,FALSE,Female,,Some Secondary,
23,13,,FALSE,Female,,Some Secondary,
25,94,,FALSE,Female,,Some Secondary,
24,94,,FALSE,Female,,Some Secondary,
23,6,,FALSE,Male,,Some Secondary,
23,5,,FALSE,Male,,Some Secondary,
24,5,,FALSE,Female,,Some Secondary,
24,30,,FALSE,Female,,Some Secondary,
28,54,,FALSE,Male,,Some Secondary,
28,70,,FALSE,Female,,Some Secondary,
24,36,,FALSE,Male,,Some Secondary,
24,32,,FALSE,Male,,Some Secondary,
24,31,,FALSE,Female,,Some Secondary,
24,30,,FALSE,Female,,Some Secondary,
24,47,,FALSE,Female,,Some Secondary,
24,48,,FALSE,Female,,Some Secondary,
28,100,,FALSE,Female,,Some Secondary,
28,100,,FALSE,Female,,Some Secondary,
23,78,,FALSE,Female,,Some Secondary,
23,41,,FALSE,Female,,Some Secondary,
24,51,,FALSE,Female,,Some Secondary,
24,56,,FALSE,Female,,Some Secondary,
23,46,,FALSE,Male,,Some Secondary,
23,50,,FALSE,Female,,Some Secondary,
29,67,,FALSE,Female,,Some Secondary,
29,39,,FALSE,Female,,Some Secondary,
24,80,,FALSE,Female,,Some Secondary,
24,24,,FALSE,Female,,Some Secondary,
24,50,,FALSE,Male,,Some Secondary,
24,56,,FALSE,Female,,Some Secondary,
24,84,,FALSE,Female,,Some Secondary,
24,85,,FALSE,Male,,Some Secondary,
24,5,,FALSE,Female,,Some Secondary,
24,6,,FALSE,Male,,Some Secondary,
24,100,,FALSE,Female,,Some Secondary,
24,100,,FALSE,Female,,Some Secondary,
24,46,,FALSE,Female,,Some Secondary,
25,31,,FALSE,Female,,Some Secondary,
23,59,,FALSE,Male,,Some Secondary,
23,58,,FALSE,Male,,Some Secondary,
23,38,,FALSE,Female,,Some Secondary,
23,66,,FALSE,Male,,Some Secondary,
24,23,,FALSE,Male,,Some Secondary,
24,25,,FALSE,Female,,Some Secondary,
24,15,,FALSE,Female,,Some Secondary,
24,17,,FALSE,Male,,Some Secondary,
24,70,,FALSE,Male,,Some Secondary,
24,72,,FALSE,Female,,Some Secondary,
24,57,,FALSE,Male,,Some Secondary,
24,60,,FALSE,Male,,Some Secondary,
24,56,,FALSE,Female,,Some Secondary,
24,57,,FALSE,Female,,Some Secondary,
24,89,,FALSE,Male,,Some Secondary,
24,89,,FALSE,Female,,Some Secondary,
24,45,,FALSE,Male,,Some Secondary,
24,42,,FALSE,Male,,Some Secondary,
24,11,,FALSE,Female,,Some Secondary,
24,5,,FALSE,Female,,Some Secondary,
24,13,,FALSE,Female,,Some Secondary,
24,14,,FALSE,Female,,Some Secondary,
24,88,,FALSE,Female,,Some Secondary,
24,93,,FALSE,Female,,Some Secondary,
24,3,,FALSE,Male,,Some Secondary,
24,5,,FALSE,Male,,Some Secondary,
24,76,,FALSE,Male,,Some Secondary,
24,67,,FALSE,Male,,Some Secondary,
24,58,,FALSE,Male,,Some Secondary,
24,58,,FALSE,Male,,Some Secondary,
24,43,,FALSE,Female,,Some Secondary,
24,46,,FALSE,Female,,Some Secondary,
24,48,,FALSE,Male,,Some Secondary,
24,48,,FALSE,Male,,Some Secondary,
23,100,,FALSE,Female,,Some Secondary,
23,100,,FALSE,Female,,Some Secondary,
25,74,,FALSE,Female,,Some Secondary,
25,73,,FALSE,Female,,Some Secondary,
24,25,,FALSE,Female,,Some Secondary,
24,22,,FALSE,Female,,Some Secondary,
28,100,,FALSE,Female,,Some Secondary,
28,29,,FALSE,Female,,Some Secondary,
23,10,,FALSE,Male,,Some Secondary,
23,20,,FALSE,Female,,Some Secondary,
24,81,,FALSE,Male,,Some Secondary,
24,61,,FALSE,Male,,Some Secondary,
24,82,,FALSE,Female,,Some Secondary,
24,85,,FALSE,Female,,Some Secondary,
22,46,,FALSE,Female,,Some Secondary,
22,48,,FALSE,Female,,Some Secondary,
23,15,,FALSE,Female,,Some Secondary,
23,25,,FALSE,Male,,Some Secondary,
24,19,,FALSE,Female,,Some Secondary,
24,17,,FALSE,Female,,Some Secondary,
24,76,,FALSE,Female,,Some Secondary,
24,64,,FALSE,Male,,Some Secondary,
24,21,,FALSE,Female,,Some Secondary,
24,22,,FALSE,Male,,Some Secondary,
24,53,,FALSE,Female,,Some Secondary,
24,64,,FALSE,Female,,Some Secondary,
24,100,,FALSE,Female,,Some Secondary,
24,100,,FALSE,Female,,Some Secondary,
25,9,,FALSE,Male,,Some Secondary,
25,7,,FALSE,Male,,Some Secondary,
30,66,,FALSE,Female,,Some Secondary,
30,65,,FALSE,Female,,Some Secondary,
23,90,,FALSE,Male,,Some Secondary,
23,89,,FALSE,Male,,Some Secondary,
24,33,,FALSE,Male,,Some Secondary,
24,54,,FALSE,Male,,Some Secondary,
23,33,,FALSE,Male,,Some Secondary,
23,32,,FALSE,Male,,Some Secondary,
23,100,,FALSE,Female,,Some Secondary,
23,100,,FALSE,Female,,Some Secondary,
23,48,,FALSE,Female,,Some Secondary,
23,44,,FALSE,Female,,Some Secondary,
24,79,,FALSE,Female,,Some Secondary,
24,80,,FALSE,Female,,Some Secondary,
24,38,,FALSE,Male,,Some Secondary,
24,66,,FALSE,Male,,Some Secondary,
25,71,,FALSE,Female,,Some Secondary,
25,37,,FALSE,Male,,Some Secondary,
24,64,,FALSE,Female,,Some Secondary,
24,66,,FALSE,Male,,Some Secondary,
24,16,,FALSE,Male,,Some Secondary,
24,15,,FALSE,Male,,Some Secondary,
24,66,,FALSE,Male,,Some Secondary,
24,61,,FALSE,Male,,Some Secondary,
26,81,,FALSE,Male,,Some Secondary,
26,80,,FALSE,Female,,Some Secondary,
24,19,,FALSE,Male,,Some Secondary,
24,26,,FALSE,Male,,Some Secondary,
24,78,,FALSE,Female,,Some Secondary,
24,78,,FALSE,Female,,Some Secondary,
24,54,,FALSE,Female,,Some Secondary,
24,56,,FALSE,Female,,Some Secondary,
23,7,,FALSE,Male,,Some Secondary,
23,9,,FALSE,Male,,Some Secondary,
24,100,,FALSE,Female,,Some Secondary,
24,100,,FALSE,Female,,Some Secondary,
29,91,,FALSE,Female,,Some Secondary,
29,89,,FALSE,Male,,Some Secondary,
23,10,,FALSE,Male,,Some Secondary,
23,11,,FALSE,Male,,Some Secondary,
28,26,,FALSE,Male,,Some Secondary,
28,35,,FALSE,Male,,Some Secondary,
23,4,,FALSE,Male,,Some Secondary,
23,12,,FALSE,Male,,Some Secondary,
22,100,,FALSE,Female,,Some Secondary,
22,97,,FALSE,Male,,Some Secondary,
23,42,,FALSE,Female,,Some Secondary,
23,46,,FALSE,Male,,Some Secondary,
24,13,,FALSE,Male,,Some Secondary,
24,61,,FALSE,Female,,Some Secondary,
24,54,,FALSE,Male,,Some Secondary,
32,68,,FALSE,Male,,Some Secondary,
23,31,,FALSE,Male,,Some Secondary,
23,22,,FALSE,Male,,Some Secondary,
24,3,,FALSE,Male,,Some Secondary,
23,4,,FALSE,Male,,Some Secondary,
23,39,,FALSE,Female,,Some Secondary,
23,42,,FALSE,Male,,Some Secondary,
24,25,,FALSE,Male,,Some Secondary,
24,23,,FALSE,Male,,Some Secondary,
24,19,,FALSE,Female,,Some Secondary,
24,19,,FALSE,Female,,Some Secondary,
22,56,,FALSE,Male,,Some Secondary,
22,58,,FALSE,Female,,Some Secondary,
23,5,,FALSE,Female,,Some Secondary,
23,4,,FALSE,Male,,Some Secondary,
24,23,,FALSE,Male,,Some Secondary,
24,40,,FALSE,Female,,Some Secondary,
24,39,,FALSE,Male,,Some Secondary,
24,40,,FALSE,Female,,Some Secondary,
23,68,,FALSE,Female,,Some Secondary,
23,41,,FALSE,Female,,Some Secondary,
26,22,,FALSE,Male,,Some Secondary,
26,21,,FALSE,Male,,Some Secondary,
24,36,,FALSE,Female,,Some Secondary,
24,44,,FALSE,Female,,Some Secondary,
23,29,,FALSE,Female,,Some Secondary,
23,31,,FALSE,Female,,Some Secondary,
24,95,,FALSE,Female,,Some Secondary,
24,90,,FALSE,Male,,Some Secondary,
23,0,,FALSE,Female,,Some Secondary,
23,0,,FALSE,Female,,Some Secondary,
24,24,,FALSE,Male,,Some Secondary,
24,30,,FALSE,Male,,Some Secondary,
24,34,,FALSE,Male,,Some Secondary,
24,27,,FALSE,Female,,Some Secondary,
23,55,,FALSE,Male,,Some Secondary,
23,45,,FALSE,Male,,Some Secondary,
23,31,,FALSE,Male,,Some Secondary,
23,28,,FALSE,Female,,Some Secondary,
23,50,,FALSE,Female,,Some Secondary,
24,49,,FALSE,Female,,Some Secondary,
24,21,,FALSE,Male,,Some Secondary,
24,22,,FALSE,Male,,Some Secondary,
24,39,,FALSE,Male,,Some Secondary,
25,10,,FALSE,Female,,Some Secondary,
24,62,,FALSE,Male,,Some Secondary,
24,60,,FALSE,Female,,Some Secondary,
24,44,,FALSE,Female,,Some Secondary,
24,41,,FALSE,Female,,Some Secondary,
23,45,,FALSE,Male,,Some Secondary,
23,32,,FALSE,Male,,Some Secondary,
24,59,,FALSE,Male,,Some Secondary,
24,54,,FALSE,Male,,Some Secondary,
23,34,,FALSE,Female,,Some Secondary,
23,58,,FALSE,Female,,Some Secondary,
24,61,,FALSE,Male,,Some Secondary,
24,58,,FALSE,Male,,Some Secondary,
29,92,,FALSE,Male,,Some Secondary,
29,93,,FALSE,Male,,Some Secondary,
25,76,,FALSE,Female,,Some Secondary,
25,67,,FALSE,Female,,Some Secondary,
24,33,,FALSE,Male,,Some Secondary,
24,66,,FALSE,Female,,Some Secondary,
24,38,,FALSE,Female,,Some Secondary,
24,38,,FALSE,Female,,Some Secondary,
24,45,,FALSE,Female,,Some Secondary,
24,45,,FALSE,Female,,Some Secondary,
24,12,,FALSE,Female,,Some Secondary,
22,13,,FALSE,Female,,Some Secondary,
24,13,,FALSE,Male,,Some Secondary,
23,27,,FALSE,Female,,Some Secondary,
24,75,,FALSE,Female,,Some Secondary,
24,66,,FALSE,Male,,Some Secondary,
24,89,,FALSE,Male,,Some Secondary,
23,80,,FALSE,Male,,Some Secondary,
23,52,,FALSE,Female,,Some Secondary,
23,58,,FALSE,Female,,Some Secondary,
23,41,,FALSE,Male,,Some Secondary,
23,54,,FALSE,Male,,Some Secondary,
24,36,,FALSE,Female,,Some Secondary,
24,29,,FALSE,Male,,Some Secondary,
23,23,,FALSE,Male,,Some Secondary,
23,26,,FALSE,Male,,Some Secondary,
22,29,,FALSE,Female,,Some Secondary,
22,34,,FALSE,Female,,Some Secondary,
24,100,,FALSE,Male,,Some Secondary,
24,70,,FALSE,Male,,Some Secondary,
24,94,,FALSE,Female,,Some Secondary,
24,100,,FALSE,Female,,Some Secondary,
24,53,,FALSE,Female,,Some Secondary,
24,45,,FALSE,Male,,Some Secondary,
23,40,,FALSE,Female,,Some Secondary,
24,41,,FALSE,Female,,Some Secondary,
23,17,,FALSE,Female,,Some Secondary,
23,13,,FALSE,Male,,Some Secondary,
24,42,,FALSE,Male,,Some Secondary,
24,54,,FALSE,Female,,Some Secondary,
23,8,,FALSE,Female,,Some Secondary,
23,7,,FALSE,Male,,Some Secondary,
25,40,,FALSE,Female,,Some Secondary,
27,48,,FALSE,Female,,Some Secondary,
22,41,,FALSE,Female,,Some Secondary,
22,46,,FALSE,Female,,Some Secondary,
22,23,,FALSE,Female,,Some Secondary,
22,45,,FALSE,Male,,Some Secondary,
24,58,,FALSE,Female,,Some Secondary,
24,59,,FALSE,Female,,Some Secondary,
24,57,,FALSE,Male,,Some Secondary,
23,54,,FALSE,Male,,Some Secondary,
23,17,,FALSE,Female,,Some Secondary,
23,18,,FALSE,Female,,Some Secondary,
24,23,,FALSE,Female,,Some Secondary,
24,18,,FALSE,Female,,Some Secondary,
24,82,,FALSE,Male,,Some Secondary,
24,84,,FALSE,Male,,Some Secondary,
22,45,,FALSE,Female,,Some Secondary,
22,47,,FALSE,Female,,Some Secondary,
23,12,,FALSE,Male,,Some Secondary,
24,16,,FALSE,Male,,Some Secondary,
24,13,,FALSE,Male,,Some Secondary,
24,12,,FALSE,Male,,Some Secondary,
24,63,,FALSE,Male,,Some Secondary,
24,67,,FALSE,Female,,Some Secondary,
29,50,,FALSE,Female,,Some Secondary,
29,18,,FALSE,Male,,Some Secondary,
24,31,,FALSE,Female,,Some Secondary,
24,30,,FALSE,Female,,Some Secondary,
24,54,,FALSE,Female,,Some Secondary,
24,42,,FALSE,Female,,Some Secondary,
32,100,,FALSE,Female,,Some Secondary,
30,100,,FALSE,Female,,Some Secondary,
26,52,,FALSE,Male,,Some Secondary,
24,50,,FALSE,Male,,Some Secondary,
25,61,,FALSE,Female,,Some Secondary,
25,61,,FALSE,Female,,Some Secondary,
23,66,,FALSE,Female,,Some Secondary,
23,67,,FALSE,Female,,Some Secondary,
24,40,,FALSE,Male,,Some Secondary,
24,41,,FALSE,Male,,Some Secondary,
24,58,,FALSE,Female,,Some Secondary,
24,58,,FALSE,Female,,Some Secondary,
24,70,,FALSE,Female,,Some Secondary,
24,28,,FALSE,Female,,Some Secondary,
27,100,,FALSE,Female,,Some Secondary,
27,100,,FALSE,Female,,Some Secondary,
23,51,,FALSE,Female,,Some Secondary,
23,75,,FALSE,Female,,Some Secondary,
24,11,,FALSE,Female,,Some Secondary,
24,5,,FALSE,Male,,Some Secondary,
24,29,,FALSE,Female,,Some Secondary,
24,45,,FALSE,Female,,Some Secondary,
27,82,,FALSE,Female,,Some Secondary,
28,85,,FALSE,Female,,Some Secondary,
24,84,,FALSE,Female,,Some Secondary,
24,92,,FALSE,Male,,Some Secondary,
23,0,,FALSE,Female,,Some Secondary,
23,0,,FALSE,Male,,Some Secondary,
24,32,,FALSE,Female,,Some Secondary,
24,35,,FALSE,Female,,Some Secondary,
24,66,,FALSE,Male,,Some Secondary,
24,65,,FALSE,Male,,Some Secondary,
24,44,,FALSE,Male,,Some Secondary,
24,45,,FALSE,Male,,Some Secondary,
24,80,,FALSE,Male,,Some Secondary,
24,75,,FALSE,Female,,Some Secondary,
29,73,,FALSE,Female,,Some Secondary,
29,80,,FALSE,Female,,Some Secondary,
24,49,,FALSE,Female,,Some Secondary,
24,81,,FALSE,Female,,Some Secondary,
24,87,,FALSE,Male,,Some Secondary,
24,86,,FALSE,Male,,Some Secondary,
22,53,,FALSE,Female,,Some Secondary,
23,89,,FALSE,Female,,Some Secondary,
25,36,,FALSE,Male,,Some Secondary,
24,32,,FALSE,Male,,Some Secondary,
29,68,,FALSE,Female,,Some Secondary,
29,68,,FALSE,Female,,Some Secondary,
24,71,,FALSE,Female,,Some Secondary,
24,71,,FALSE,Female,,Some Secondary,
24,53,,FALSE,Male,,Some Secondary,
24,52,,FALSE,Male,,Some Secondary,
33,77,,FALSE,Male,,Some Secondary,
30,96,,FALSE,Male,,Some Secondary,
24,25,,FALSE,Male,,Some Secondary,
24,30,,FALSE,Male,,Some Secondary,
24,93,,FALSE,Male,,Some Secondary,
24,100,,FALSE,Female,,Some Secondary,
24,64,,FALSE,Female,,Some Secondary,
24,65,,FALSE,Female,,Some Secondary,
24,38,,FALSE,Male,,Some Secondary,
24,27,,FALSE,Female,,Some Secondary,
24,68,,FALSE,Male,,Some Secondary,
24,62,,FALSE,Female,,Some Secondary,
24,58,,FALSE,Male,,Some Secondary,
24,58,,FALSE,Female,,Some Secondary,
24,36,,FALSE,Male,,Some Secondary,
24,35,,FALSE,Male,,Some Secondary,
23,70,,FALSE,Female,,Some Secondary,
23,69,,FALSE,Female,,Some Secondary,
23,38,,FALSE,Male,,Some Secondary,
23,43,,FALSE,Male,,Some Secondary,
24,51,,FALSE,Female,,Some Secondary,
24,51,,FALSE,Female,,Some Secondary,
24,20,,FALSE,Female,,Some Secondary,
23,22,,FALSE,Female,,Some Secondary,
23,49,,FALSE,Male,,Some Secondary,
23,53,,FALSE,Female,,Some Secondary,
23,11,,FALSE,Male,,Some Secondary,
23,13,,FALSE,Male,,Some Secondary,
24,14,,FALSE,Male,,Some Secondary,
24,36,,FALSE,Male,,Some Secondary,
25,78,,FALSE,Male,,Some Secondary,
25,78,,FALSE,Male,,Some Secondary,
23,6,,FALSE,Male,,Some Secondary,
23,6,,FALSE,Male,,Some Secondary,
24,62,,FALSE,Female,,Some Secondary,
24,67,,FALSE,Female,,Some Secondary,
23,96,,FALSE,Male,,Some Secondary,
24,93,,FALSE,Male,,Some Secondary,
27,58,,FALSE,Male,,Some Secondary,
27,76,,FALSE,Female,,Some Secondary,
25,5,,FALSE,Male,,Some Secondary,
25,13,,FALSE,Female,,Some Secondary,
25,8,,FALSE,Male,,Some Secondary,
25,100,,FALSE,Male,,Some Secondary,
25,16,,FALSE,Female,,Some Secondary,
25,16,,FALSE,Female,,Some Secondary,
26,37,,FALSE,Male,,Some Secondary,
26,43,,FALSE,Male,,Some Secondary,
24,100,,FALSE,Female,,Some Secondary,
24,100,,FALSE,Male,,Some Secondary,
22,100,,FALSE,Female,,Some Secondary,
22,100,,FALSE,Female,,Some Secondary,
24,18,,FALSE,Male,,Some Secondary,
24,23,,FALSE,Male,,Some Secondary,
24,69,,FALSE,Female,,Some Secondary,
24,67,,FALSE,Female,,Some Secondary,
24,75,,FALSE,Female,,Some Secondary,
24,77,,FALSE,Female,,Some Secondary,
24,87,,FALSE,Female,,Some Secondary,
23,79,,FALSE,Female,,Some Secondary,
24,43,,FALSE,Male,,Some Secondary,
24,56,,FALSE,Male,,Some Secondary,
24,76,,FALSE,Male,,Some Secondary,
24,79,,FALSE,Male,,Some Secondary,
24,52,,FALSE,Male,,Some Secondary,
24,58,,FALSE,Female,,Some Secondary,
24,97,,FALSE,Male,,Some Secondary,
24,94,,FALSE,Female,,Some Secondary,
24,46,,FALSE,Male,,Some Secondary,
25,46,,FALSE,Male,,Some Secondary,
23,48,,FALSE,Female,,Some Secondary,
23,50,,FALSE,Male,,Some Secondary,
24,88,,FALSE,Male,,Some Secondary,
24,98,,FALSE,Female,,Some Secondary,
24,18,,FALSE,Female,,Some Secondary,
24,18,,FALSE,Female,,Some Secondary,
24,47,,FALSE,Male,,Some Secondary,
24,52,,FALSE,Female,,Some Secondary,
24,100,,FALSE,Female,,Some Secondary,
24,100,,FALSE,Female,,Some Secondary,
24,48,,FALSE,Male,,Some Secondary,
24,68,,FALSE,Male,,Some Secondary,
24,54,,FALSE,Female,,Some Secondary,
24,53,,FALSE,Female,,Some Secondary,
24,35,,FALSE,Female,,Some Secondary,
24,38,,FALSE,Female,,Some Secondary,
24,12,,FALSE,Female,,Some Secondary,
24,21,,FALSE,Female,,Some Secondary,
24,72,,FALSE,Female,,Some Secondary,
24,77,,FALSE,Male,,Some Secondary,
24,12,,FALSE,Male,,Some Secondary,
24,14,,FALSE,Male,,Some Secondary,
23,19,,FALSE,Male,,Some Secondary,
23,34,,FALSE,Male,,Some Secondary,
24,9,,FALSE,Male,,Some Secondary,
24,37,,FALSE,Female,,Some Secondary,
23,44,,FALSE,Female,,Some Secondary,
23,45,,FALSE,Female,,Some Secondary,
25,50,,FALSE,Male,,Some Secondary,
24,53,,FALSE,Male,,Some Secondary,
23,12,,FALSE,Male,,Some Secondary,
23,0,,FALSE,Male,,Some Secondary,
25,80,,FALSE,Female,,Some Secondary,
25,73,,FALSE,Male,,Some Secondary,
26,20,,FALSE,Male,,Some Secondary,
24,98,,FALSE,Female,,Some Secondary,
23,11,,FALSE,Female,,Some Secondary,
23,8,,FALSE,Male,,Some Secondary,
23,76,,FALSE,Female,,Some Secondary,
23,73,,FALSE,Female,,Some Secondary,
23,19,,FALSE,Male,,Some Secondary,
23,37,,FALSE,Male,,Some Secondary,
24,45,,FALSE,Female,,Some Secondary,
24,62,,FALSE,Female,,Some Secondary,
24,27,,FALSE,Male,,Some Secondary,
24,31,,FALSE,Male,,Some Secondary,
23,6,,FALSE,Male,,Some Secondary,
21,3,,FALSE,Male,,Some Secondary,
24,27,,FALSE,Female,,Some Secondary,
24,27,,FALSE,Female,,Some Secondary,
24,95,,FALSE,Male,,Some Secondary,
24,49,,FALSE,Male,,Some Secondary,
23,90,,FALSE,Female,,Some Secondary,
23,49,,FALSE,Male,,Some Secondary,
23,63,,FALSE,Male,,Some Secondary,
23,63,,FALSE,Male,,Some Secondary,
23,75,,FALSE,Female,,Some Secondary,
23,76,,FALSE,Male,,Some Secondary,
24,9,,FALSE,Male,,Some Secondary,
24,4,,FALSE,Male,,Some Secondary,
24,28,,FALSE,Male,,Some Secondary,
24,20,,FALSE,Male,,Some Secondary,
23,68,,FALSE,Female,,Some Secondary,
23,68,,FALSE,Female,,Some Secondary,
24,51,,FALSE,Female,,Some Secondary,
24,62,,FALSE,Female,,Some Secondary,
23,50,,FALSE,Female,,Some Secondary,
24,49,,FALSE,Male,,Some Secondary,
23,23,,FALSE,Male,,Some Secondary,
23,55,,FALSE,Female,,Some Secondary,
23,24,,FALSE,Male,,Some Secondary,
23,20,,FALSE,Male,,Some Secondary,
23,81,,FALSE,Female,,Some Secondary,
23,82,,FALSE,Female,,Some Secondary,
24,45,,FALSE,Female,,Some Secondary,
24,35,,FALSE,Male,,Some Secondary,
23,0,,FALSE,Female,,Some Secondary,
24,33,,FALSE,Male,,Some Secondary,
23,28,,FALSE,Male,,Some Secondary,
23,27,,FALSE,Male,,Some Secondary,
24,81,,FALSE,Male,,Some Secondary,
24,82,,FALSE,Female,,Some Secondary,
24,54,,FALSE,Female,,Some Secondary,
24,56,,FALSE,Male,,Some Secondary,
24,18,,FALSE,Male,,Some Secondary,
24,22,,FALSE,Male,,Some Secondary,
24,51,,FALSE,Female,,Some Secondary,
24,52,,FALSE,Female,,Some Secondary,
24,20,,FALSE,Female,,Some Secondary,
24,22,,FALSE,Male,,Some Secondary,
23,49,,FALSE,Male,,Some Secondary,
23,51,,FALSE,Male,,Some Secondary,
22,17,,FALSE,Male,,Some Secondary,
22,74,,FALSE,Male,,Some Secondary,
24,58,,FALSE,Male,,Some Secondary,
24,59,,FALSE,Male,,Some Secondary,
23,15,,FALSE,Female,,Some Secondary,
23,15,,FALSE,Female,,Some Secondary,
25,33,,FALSE,Male,,Some Secondary,
25,33,,FALSE,Male,,Some Secondary,
26,12,,FALSE,Male,,Some Secondary,
26,11,,FALSE,Male,,Some Secondary,
24,68,,FALSE,Female,,Some Secondary,
24,58,,FALSE,Male,,Some Secondary,
23,9,,FALSE,Male,,Some Secondary,
23,15,,FALSE,Female,,Some Secondary,
25,44,,FALSE,Female,,Some Secondary,
25,41,,FALSE,Male,,Some Secondary,
24,24,,FALSE,Male,,Some Secondary,
24,17,,FALSE,Male,,Some Secondary,
24,16,,FALSE,Male,,Some Secondary,
24,61,,FALSE,Female,,Some Secondary,
23,100,,FALSE,Male,,Some Secondary,
23,86,,FALSE,Male,,Some Secondary,
24,33,,FALSE,Female,,Some Secondary,
24,22,,FALSE,Female,,Some Secondary,
24,14,,FALSE,Male,,Some Secondary,
24,18,,FALSE,Male,,Some Secondary,
24,58,,FALSE,Female,,Some Secondary,
24,46,,FALSE,Male,,Some Secondary,
33,100,,FALSE,Female,,Some Secondary,
33,100,,FALSE,Male,,Some Secondary,
23,50,,FALSE,Male,,Some Secondary,
23,43,,FALSE,Male,,Some Secondary,
23,45,,FALSE,Male,,Some Secondary,
23,44,,FALSE,Male,,Some Secondary,
23,43,,FALSE,Female,,Some Secondary,
23,39,,FALSE,Male,,Some Secondary,
24,59,,FALSE,Female,,Some Secondary,
24,50,,FALSE,Female,,Some Secondary,
25,8,,FALSE,Male,,Some Secondary,
24,62,,FALSE,Female,,Some Secondary,
27,27,,FALSE,Male,,Some Secondary,
27,28,,FALSE,Male,,Some Secondary,
23,56,,FALSE,Female,,Some Secondary,
23,54,,FALSE,Female,,Some Secondary,
24,14,,FALSE,Male,,Some Secondary,
24,18,,FALSE,Male,,Some Secondary,
28,85,,FALSE,Male,,Some Secondary,
28,78,,FALSE,Male,,Some Secondary,
24,88,,FALSE,Male,,Some Secondary,
24,84,,FALSE,Male,,Some Secondary,
26,75,,FALSE,Female,,Some Secondary,
26,69,,FALSE,Male,,Some Secondary,
23,36,,FALSE,Female,,Some Secondary,
23,34,,FALSE,Female,,Some Secondary,
24,28,,FALSE,Male,,Some Secondary,
24,32,,FALSE,Female,,Some Secondary,
24,50,,FALSE,Female,,Some Secondary,
24,50,,FALSE,Male,,Some Secondary,
24,28,,FALSE,Female,,Some Secondary,
24,31,,FALSE,Female,,Some Secondary,
33,100,,FALSE,Female,,Some Secondary,
33,100,,FALSE,Female,,Some Secondary,
23,41,,FALSE,Male,,Some Secondary,
23,42,,FALSE,Male,,Some Secondary,
24,65,,FALSE,Male,,Some Secondary,
24,69,,FALSE,Female,,Some Secondary,
25,26,,FALSE,Male,,Some Secondary,
25,18,,FALSE,Male,,Some Secondary,
24,30,,FALSE,Male,,Some Secondary,
24,23,,FALSE,Male,,Some Secondary,
24,50,,FALSE,Male,,Some Secondary,
24,61,,FALSE,Female,,Some Secondary,
24,27,,FALSE,Male,,Some Secondary,
24,44,,FALSE,Female,,Some Secondary,
23,63,,FALSE,Male,,Some Secondary,
23,65,,FALSE,Female,,Some Secondary,
25,17,,FALSE,Male,,Some Secondary,
25,14,,FALSE,Male,,Some Secondary,
24,100,,FALSE,Male,,Some Secondary,
24,100,,FALSE,Male,,Some Secondary,
23,26,,FALSE,Female,,Some Secondary,
23,23,,FALSE,Female,,Some Secondary,
22,49,,FALSE,Female,,Some Secondary,
22,58,,FALSE,Female,,Some Secondary,
24,46,,FALSE,Female,,Some Secondary,
24,43,,FALSE,Female,,Some Secondary,
23,99,,FALSE,Male,,Some Secondary,
23,100,,FALSE,Male,,Some Secondary,
23,81,,FALSE,Male,,Some Secondary,
23,83,,FALSE,Female,,Some Secondary,
24,4,,FALSE,Female,,Some Secondary,
24,4,,FALSE,Female,,Some Secondary,
23,44,,FALSE,Male,,Some Secondary,
23,30,,FALSE,Male,,Some Secondary,
24,42,,FALSE,Male,,Some Secondary,
24,45,,FALSE,Male,,Some Secondary,
24,51,,FALSE,Female,,Some Secondary,
24,51,,FALSE,Female,,Some Secondary,
23,37,,FALSE,Female,,Some Secondary,
23,38,,FALSE,Female,,Some Secondary,
23,12,,FALSE,Female,,Some Secondary,
23,24,,FALSE,Male,,Some Secondary,
24,89,,FALSE,Female,,Some Secondary,
24,92,,FALSE,Female,,Some Secondary,
26,81,,FALSE,Male,,Some Secondary,
26,82,,FALSE,Female,,Some Secondary,
27,55,,FALSE,Male,,Some Secondary,
27,45,,FALSE,Male,,Some Secondary,
24,29,,FALSE,Male,,Some Secondary,
24,25,,FALSE,Female,,Some Secondary,
24,63,,FALSE,Female,,Some Secondary,
24,59,,FALSE,Female,,Some Secondary,
24,93,,FALSE,Male,,Some Secondary,
24,99,,FALSE,Male,,Some Secondary,
24,49,,FALSE,Female,,Some Secondary,
24,31,,FALSE,Male,,Some Secondary,
23,7,,FALSE,Female,,Some Secondary,
23,7,,FALSE,Male,,Some Secondary,
23,21,,FALSE,Female,,Some Secondary,
23,21,,FALSE,Female,,Some Secondary,
24,57,,FALSE,Female,,Some Secondary,
24,62,,FALSE,Female,,Some Secondary,
24,39,,FALSE,Male,,Some Secondary,
24,43,,FALSE,Male,,Some Secondary,
24,22,,FALSE,Male,,Some Secondary,
24,26,,FALSE,Female,,Some Secondary,
24,12,,FALSE,Male,,Some Secondary,
24,0,,FALSE,Male,,Some Secondary,
26,69,,FALSE,Female,,Some Secondary,
26,60,,FALSE,Female,,Some Secondary,
26,62,,FALSE,Male,,Some Secondary,
26,54,,FALSE,Female,,Some Secondary,
24,41,,FALSE,Male,,Some Secondary,
24,36,,FALSE,Male,,Some Secondary,
24,33,,FALSE,Male,,Some Secondary,
24,41,,FALSE,Female,,Some Secondary,
24,37,,FALSE,Male,,Some Secondary,
24,32,,FALSE,Female,,Some Secondary,
24,65,,FALSE,Female,,Some Secondary,
24,55,,FALSE,Female,,Some Secondary,
23,47,,FALSE,Male,,Some Secondary,
23,45,,FALSE,Female,,Some Secondary,
24,78,,FALSE,Male,,Some Secondary,
24,91,,FALSE,Female,,Some Secondary,
23,47,,FALSE,Male,,Some Secondary,
23,57,,FALSE,Female,,Some Secondary,
24,30,,FALSE,Male,,Some Secondary,
24,21,,FALSE,Male,,Some Secondary,
23,22,,FALSE,Female,,Some Secondary,
23,16,,FALSE,Female,,Some Secondary,
24,28,,FALSE,Male,,Some Secondary,
24,40,,FALSE,Male,,Some Secondary,
25,54,,FALSE,Female,,Some Secondary,
24,54,,FALSE,Male,,Some Secondary,
22,41,,FALSE,Male,,Some Secondary,
23,37,,FALSE,Male,,Some Secondary,
24,11,,FALSE,Male,,Some Secondary,
24,17,,FALSE,Male,,Some Secondary,
24,94,,FALSE,Male,,Some Secondary,
24,95,,FALSE,Female,,Some Secondary,
23,50,,FALSE,Male,,Some Secondary,
23,40,,FALSE,Male,,Some Secondary,
24,27,,FALSE,Male,,Some Secondary,
24,73,,FALSE,Male,,Some Secondary,
23,16,,FALSE,Male,,Some Secondary,
23,16,,FALSE,Male,,Some Secondary,
25,75,,FALSE,Female,,Some Secondary,
24,76,,FALSE,Female,,Some Secondary,
24,33,,FALSE,Male,,Some Secondary,
24,52,,FALSE,Male,,Some Secondary,
24,44,,FALSE,Male,,Some Secondary,
24,44,,FALSE,Female,,Some Secondary,
24,60,,FALSE,Male,,Some Secondary,
24,60,,FALSE,Male,,Some Secondary,
23,37,,FALSE,Female,,Some Secondary,
23,36,,FALSE,Male,,Some Secondary,
24,62,,FALSE,Male,,Some Secondary,
24,56,,FALSE,Male,,Some Secondary,
24,99,,FALSE,Male,,Some Secondary,
24,100,,FALSE,Male,,Some Secondary,
24,100,,FALSE,Female,,Some Secondary,
24,97,,FALSE,Female,,Some Secondary,
25,69,,FALSE,Male,,Some Secondary,
25,64,,FALSE,Female,,Some Secondary,
24,30,,FALSE,Female,,Some Secondary,
24,13,,FALSE,Female,,Some Secondary,
26,70,,FALSE,Female,,Some Secondary,
26,71,,FALSE,Male,,Some Secondary,
24,15,,FALSE,Male,,Some Secondary,
24,15,,FALSE,Male,,Some Secondary,
23,49,,FALSE,Female,,Some Secondary,
23,43,,FALSE,Female,,Some Secondary,
24,33,,FALSE,Male,,Some Secondary,
24,50,,FALSE,Female,,Some Secondary,
23,52,,FALSE,Female,,Some Secondary,
23,57,,FALSE,Female,,Some Secondary,
27,63,,FALSE,Female,,Some Secondary,
27,73,,FALSE,Male,,Some Secondary,
23,75,,FALSE,Male,,Some Secondary,
23,74,,FALSE,Male,,Some Secondary,
24,57,,FALSE,Female,,Some Secondary,
23,57,,FALSE,Male,,Some Secondary,
24,46,,FALSE,Female,,Some Secondary,
24,12,,FALSE,Female,,Some Secondary,
24,16,,FALSE,Female,,Some Secondary,
25,26,,FALSE,Male,,Some Secondary,
26,65,,FALSE,Female,,Some Secondary,
26,39,,FALSE,Male,,Some Secondary,
25,50,,FALSE,Male,,Some Secondary,
25,52,,FALSE,Male,,Some Secondary,
26,66,,FALSE,Male,,Some Secondary,
26,73,,FALSE,Female,,Some Secondary,
24,72,,FALSE,Female,,Some Secondary,
24,71,,FALSE,Female,,Some Secondary,
27,83,,FALSE,Female,,Some Secondary,
27,83,,FALSE,Female,,Some Secondary,
24,31,,FALSE,Male,,Some Secondary,
24,22,,FALSE,Male,,Some Secondary,
25,41,,FALSE,Female,,Some Secondary,
26,44,,FALSE,Male,,Some Secondary,
24,56,,FALSE,Male,,Some Secondary,
24,72,,FALSE,Female,,Some Secondary,
23,33,,FALSE,Female,,Some Secondary,
23,13,,FALSE,Male,,Some Secondary,
23,89,,FALSE,Female,,Some Secondary,
23,89,,FALSE,Female,,Some Secondary,
24,24,,FALSE,Male,,Some Secondary,
23,33,,FALSE,Female,,Some Secondary,
23,29,,FALSE,Female,,Some Secondary,
24,28,,FALSE,Female,,Some Secondary,
24,54,,FALSE,Female,,Some Secondary,
24,15,,FALSE,Male,,Some Secondary,
24,100,,FALSE,Female,,Some Secondary,
24,28,,FALSE,Male,,Some Secondary,
24,28,,FALSE,Male,,Some Secondary,
23,51,,FALSE,Male,,Some Secondary,
23,54,,FALSE,Male,,Some Secondary,
24,100,,FALSE,Male,,Some Secondary,
24,41,,FALSE,Male,,Some Secondary,
24,100,,FALSE,Male,,Some Secondary,
24,100,,FALSE,Female,,Some Secondary,
24,10,,FALSE,Male,,Some Secondary,
24,20,,FALSE,Male,,Some Secondary,
23,70,,FALSE,Male,,Some Secondary,
23,84,,FALSE,Female,,Some Secondary,
24,76,,FALSE,Female,,Some Secondary,
24,75,,FALSE,Female,,Some Secondary,
24,58,,FALSE,Male,,Some Secondary,
24,50,,FALSE,Female,,Some Secondary,
23,68,,FALSE,Female,,Some Secondary,
23,68,,FALSE,Female,,Some Secondary,
24,13,,FALSE,Female,,Some Secondary,
24,18,,FALSE,Female,,Some Secondary,
24,24,,FALSE,Female,,Some Secondary,
24,24,,FALSE,Male,,Some Secondary,
23,21,,FALSE,Male,,Some Secondary,
23,10,,FALSE,Male,,Some Secondary,
23,48,,FALSE,Female,,Some Secondary,
23,50,,FALSE,Male,,Some Secondary,
24,31,,FALSE,Male,,Some Secondary,
24,30,,FALSE,Male,,Some Secondary,
23,33,,FALSE,Female,,Some Secondary,
23,20,,FALSE,Male,,Some Secondary,
24,27,,FALSE,Female,,Some Secondary,
24,30,,FALSE,Female,,Some Secondary,
24,50,,FALSE,Female,,Some Secondary,
24,51,,FALSE,Female,,Some Secondary,
24,20,,FALSE,Female,,Some Secondary,
24,60,,FALSE,Female,,Some Secondary,
24,64,,FALSE,Female,,Some Secondary,
24,65,,FALSE,Female,,Some Secondary,
23,65,,FALSE,Female,,Some Secondary,
23,71,,FALSE,Female,,Some Secondary,
25,46,,FALSE,Female,,Some Secondary,
25,42,,FALSE,Female,,Some Secondary,
24,23,,FALSE,Male,,Some Secondary,
23,23,,FALSE,Male,,Some Secondary,
24,23,,FALSE,Male,,Some Secondary,
24,28,,FALSE,Female,,Some Secondary,
24,76,,FALSE,Female,,Some Secondary,
24,79,,FALSE,Female,,Some Secondary,
22,22,,FALSE,Female,,Some Secondary,
23,32,,FALSE,Female,,Some Secondary,
24,45,,FALSE,Female,,Some Secondary,
24,46,,FALSE,Female,,Some Secondary,
24,20,,FALSE,Male,,Some Secondary,
24,15,,FALSE,Female,,Some Secondary,
23,22,,FALSE,Female,,Some Secondary,
23,28,,FALSE,Female,,Some Secondary,
24,13,,FALSE,Male,,Some Secondary,
24,38,,FALSE,Female,,Some Secondary,
24,11,,FALSE,Male,,Some Secondary,
24,10,,FALSE,Male,,Some Secondary,
23,20,,FALSE,Male,,Some Secondary,
23,21,,FALSE,Female,,Some Secondary,
24,19,,FALSE,Male,,Some Secondary,
24,23,,FALSE,Male,,Some Secondary,
23,16,,FALSE,Male,,Some Secondary,
23,16,,FALSE,Male,,Some Secondary,
24,100,,FALSE,Female,,Some Secondary,
24,51,,FALSE,Male,,Some Secondary,
24,92,,FALSE,Female,,Some Secondary,
24,57,,FALSE,Male,,Some Secondary,
24,49,,FALSE,Female,,Some Secondary,
24,49,,FALSE,Male,,Some Secondary,
24,18,,FALSE,Male,,Some Secondary,
23,21,,FALSE,Male,,Some Secondary,
24,79,,FALSE,Male,,Some Secondary,
24,75,,FALSE,Male,,Some Secondary,
24,96,,FALSE,Female,,Some Secondary,
24,75,,FALSE,Female,,Some Secondary,
24,11,,FALSE,Male,,Some Secondary,
24,20,,FALSE,Female,,Some Secondary,
23,13,,FALSE,Male,,Some Secondary,
23,15,,FALSE,Male,,Some Secondary,
24,97,,FALSE,Male,,Some Secondary,
24,94,,FALSE,Male,,Some Secondary,
23,41,,FALSE,Male,,Some Secondary,
23,40,,FALSE,Female,,Some Secondary,
24,53,,FALSE,Male,,Some Secondary,
24,51,,FALSE,Male,,Some Secondary,
23,66,,FALSE,Male,,Some Secondary,
23,85,,FALSE,Female,,Some Secondary,
25,100,,FALSE,Male,,Some Secondary,
25,99,,FALSE,Male,,Some Secondary,
23,51,,FALSE,Male,,Some Secondary,
23,47,,FALSE,Male,,Some Secondary,
24,49,,FALSE,Male,,Some Secondary,
24,40,,FALSE,Male,,Some Secondary,
24,27,,FALSE,Female,,Some Secondary,
24,26,,FALSE,Female,,Some Secondary,
26,0,,FALSE,Female,,Some Secondary,
23,0,,FALSE,Male,,Some Secondary,
24,83,,FALSE,Female,,Some Secondary,
24,68,,FALSE,Male,,Some Secondary,
23,28,,FALSE,Male,,Some Secondary,
23,23,,FALSE,Male,,Some Secondary,
24,72,,FALSE,Female,,Some Secondary,
24,71,,FALSE,Female,,Some Secondary,
25,50,,FALSE,Female,,Some Secondary,
25,48,,FALSE,Male,,Some Secondary,
25,46,,FALSE,Female,,Some Secondary,
25,39,,FALSE,Female,,Some Secondary,
24,54,,FALSE,Female,,Some Secondary,
24,51,,FALSE,Female,,Some Secondary,
26,18,,FALSE,Male,,Some Secondary,
26,18,,FALSE,Male,,Some Secondary,
23,39,,FALSE,Female,,Some Secondary,
23,30,,FALSE,Female,,Some Secondary,
24,53,,FALSE,Female,,Some Secondary,
24,53,,FALSE,Female,,Some Secondary,
24,67,,FALSE,Female,,Some Secondary,
26,65,,FALSE,Female,,Some Secondary,
24,16,,FALSE,Male,,Some Secondary,
24,20,,FALSE,Female,,Some Secondary,
24,13,,FALSE,Male,,Some Secondary,
24,22,,FALSE,Female,,Some Secondary,
24,76,,FALSE,Male,,Some Secondary,
25,0,,FALSE,Female,,Some Secondary,
23,18,,FALSE,Male,,Some Secondary,
23,22,,FALSE,Male,,Some Secondary,
24,60,,FALSE,Female,,Some Secondary,
24,59,,FALSE,Female,,Some Secondary,
24,20,,FALSE,Male,,Some Secondary,
24,27,,FALSE,Female,,Some Secondary,
24,62,,FALSE,Male,,Some Secondary,
24,64,,FALSE,Female,,Some Secondary,
24,48,,FALSE,Male,,Some Secondary,
24,50,,FALSE,Male,,Some Secondary,
24,65,,FALSE,Male,,Some Secondary,
24,65,,FALSE,Female,,Some Secondary,
23,53,,FALSE,Male,,Some Secondary,
23,63,,FALSE,Female,,Some Secondary,
24,58,,FALSE,Female,,Some Secondary,
24,71,,FALSE,Female,,Some Secondary,
24,73,,FALSE,Male,,Some Secondary,
24,41,,FALSE,Male,,Some Secondary,
23,49,,FALSE,Male,,Some Secondary,
23,53,,FALSE,Male,,Some Secondary,
24,40,,FALSE,Female,,Some Secondary,
24,28,,FALSE,Female,,Some Secondary,
23,54,,FALSE,Male,,Some Secondary,
23,53,,FALSE,Male,,Some Secondary,
24,32,,FALSE,Male,,Some Secondary,
24,24,,FALSE,Male,,Some Secondary,
26,17,,FALSE,Male,,Some Secondary,
26,15,,FALSE,Male,,Some Secondary,
24,57,,FALSE,Male,,Some Secondary,
23,55,,FALSE,Male,,Some Secondary,
24,68,,FALSE,Female,,Some Secondary,
24,50,,FALSE,Male,,Some Secondary,
23,24,,FALSE,Male,,Some Secondary,
23,26,,FALSE,Male,,Some Secondary,
23,97,,FALSE,Female,,Some Secondary,
23,98,,FALSE,Female,,Some Secondary,
24,70,,FALSE,Female,,Some Secondary,
24,82,,FALSE,Male,,Some Secondary,
24,100,,FALSE,Female,,Some Secondary,
24,51,,FALSE,Male,,Some Secondary,
24,51,,FALSE,Female,,Some Secondary,
24,54,,FALSE,Female,,Some Secondary,
25,0,,FALSE,Female,,Some Secondary,
25,0,,FALSE,Female,,Some Secondary,
24,71,,FALSE,Female,,Some Secondary,
24,61,,FALSE,Male,,Some Secondary,
24,60,,FALSE,Female,,Some Secondary,
24,61,,FALSE,Female,,Some Secondary,
25,96,,FALSE,Male,,Some Secondary,
25,91,,FALSE,Male,,Some Secondary,
23,23,,FALSE,Female,,Some Secondary,
23,31,,FALSE,Female,,Some Secondary,
28,0,,FALSE,Male,,Some Secondary,
28,80,,FALSE,Male,,Some Secondary,
24,92,,FALSE,Female,,Some Secondary,
24,93,,FALSE,Female,,Some Secondary,
23,57,,FALSE,Female,,Some Secondary,
23,45,,FALSE,Male,,Some Secondary,
24,13,,FALSE,Male,,Some Secondary,
24,10,,FALSE,Male,,Some Secondary,
24,67,,FALSE,Male,,Some Secondary,
24,65,,FALSE,Male,,Some Secondary,
24,100,,FALSE,Male,,Some Secondary,
24,100,,FALSE,Female,,Some Secondary,
23,18,,FALSE,Male,,Some Secondary,
23,8,,FALSE,Male,,Some Secondary,
24,66,,FALSE,Male,,Some Secondary,
24,64,,FALSE,Male,,Some Secondary,
29,90,,FALSE,Male,,Some Secondary,
24,88,,FALSE,Male,,Some Secondary,
24,6,,FALSE,Male,,Some Secondary,
24,6,,FALSE,Male,,Some Secondary,
24,37,,FALSE,Female,,Some Secondary,
24,30,,FALSE,Male,,Some Secondary,
24,51,,FALSE,Male,,Some Secondary,
24,49,,FALSE,Male,,Some Secondary,
23,51,,FALSE,Female,,Some Secondary,
24,44,,FALSE,Female,,Some Secondary,
22,58,,FALSE,Male,,Some Secondary,
22,52,,FALSE,Male,,Some Secondary,
26,29,,FALSE,Male,,Some Secondary,
26,35,,FALSE,Male,,Some Secondary,
23,82,,FALSE,Female,,Some Secondary,
23,82,,FALSE,Male,,Some Secondary,
22,31,,FALSE,Female,,Some Secondary,
23,42,,FALSE,Female,,Some Secondary,
23,67,,FALSE,Female,,Some Secondary,
23,70,,FALSE,Female,,Some Secondary,
28,72,,FALSE,Female,,Some Secondary,
24,64,,FALSE,Female,,Some Secondary,
24,24,,FALSE,Male,,Some Secondary,
24,44,,FALSE,Male,,Some Secondary,
23,38,,FALSE,Male,,Some Secondary,
23,32,,FALSE,Male,,Some Secondary,
23,35,,FALSE,Female,,Some Secondary,
23,36,,FALSE,Male,,Some Secondary,
24,46,,FALSE,Male,,Some Secondary,
24,59,,FALSE,Female,,Some Secondary,
23,36,,FALSE,Female,,Some Secondary,
25,47,,FALSE,Female,,Some Secondary,
23,81,,FALSE,Female,,Some Secondary,
23,84,,FALSE,Female,,Some Secondary,
23,58,,FALSE,Female,,Some Secondary,
23,65,,FALSE,Female,,Some Secondary,
24,26,,FALSE,Male,,Some Secondary,
26,30,,FALSE,Female,,Some Secondary,
23,31,,FALSE,Male,,Some Secondary,
23,42,,FALSE,Female,,Some Secondary,
24,77,,FALSE,Male,,Some Secondary,
24,79,,FALSE,Female,,Some Secondary,
23,96,,FALSE,Female,,Some Secondary,
23,95,,FALSE,Female,,Some Secondary,
24,69,,FALSE,Female,,Some Secondary,
24,76,,FALSE,Male,,Some Secondary,
23,53,,FALSE,Female,,Some Secondary,
24,64,,FALSE,Female,,Some Secondary,
24,59,,FALSE,Female,,Some Secondary,
24,58,,FALSE,Female,,Some Secondary,
23,86,,FALSE,Female,,Some Secondary,
23,75,,FALSE,Male,,Some Secondary,
24,0,,FALSE,Female,,Some Secondary,
24,0,,FALSE,Female,,Some Secondary,
24,72,,FALSE,Male,,Some Secondary,
24,69,,FALSE,Male,,Some Secondary,
24,100,,FALSE,Female,,Some Secondary,
24,100,,FALSE,Female,,Some Secondary,
24,64,,FALSE,Female,,Some Secondary,
24,64,,FALSE,Male,,Some Secondary,
24,59,,FALSE,Male,,Some Secondary,
24,54,,FALSE,Male,,Some Secondary,
24,28,,FALSE,Female,,Some Secondary,
24,26,,FALSE,Female,,Some Secondary,
23,56,,FALSE,Male,,Some Secondary,
23,57,,FALSE,Male,,Some Secondary,
26,41,,FALSE,Male,,Some Secondary,
26,41,,FALSE,Female,,Some Secondary,
23,10,,FALSE,Female,,Some Secondary,
23,76,,FALSE,Female,,Some Secondary,
22,8,,FALSE,Male,,Some Secondary,
22,5,,FALSE,Male,,Some Secondary,
27,44,,FALSE,Female,,Some Secondary,
27,37,,FALSE,Male,,Some Secondary,
24,45,,FALSE,Male,,Some Secondary,
24,30,,FALSE,Male,,Some Secondary,
23,58,,FALSE,Female,,Some Secondary,
23,95,,FALSE,Male,,Some Secondary,
23,24,,FALSE,Male,,Some Secondary,
23,36,,FALSE,Female,,Some Secondary,
23,64,,FALSE,Male,,Some Secondary,
23,63,,FALSE,Male,,Some Secondary,
24,32,,FALSE,Male,,Some Secondary,
24,36,,FALSE,Female,,Some Secondary,
24,42,,FALSE,Male,,Some Secondary,
24,43,,FALSE,Female,,Some Secondary,
23,64,,FALSE,Male,,Some Secondary,
23,70,,FALSE,Female,,Some Secondary,
24,36,,FALSE,Male,,Some Secondary,
24,36,,FALSE,Male,,Some Secondary,
24,35,,FALSE,Female,,Some Secondary,
24,32,,FALSE,Male,,Some Secondary,
24,22,,FALSE,Male,,Some Secondary,
24,30,,FALSE,Male,,Some Secondary,
24,64,,FALSE,Female,,Some Secondary,
24,67,,FALSE,Male,,Some Secondary,
24,43,,FALSE,Male,,Some Secondary,
24,33,,FALSE,Female,,Some Secondary,
24,100,,FALSE,Female,,Some Secondary,
24,100,,FALSE,Female,,Some Secondary,
24,29,,FALSE,Female,,Some Secondary,
24,21,,FALSE,Male,,Some Secondary,
24,20,,FALSE,Male,,Some Secondary,
24,28,,FALSE,Male,,Some Secondary,
25,50,,FALSE,Female,,Some Secondary,
25,51,,FALSE,Female,,Some Secondary,
24,100,,FALSE,Female,,Some Secondary,
24,100,,FALSE,Female,,Some Secondary,
24,87,,FALSE,Female,,Some Secondary,
24,78,,FALSE,Female,,Some Secondary,
24,47,,FALSE,Male,,Some Secondary,
24,46,,FALSE,Male,,Some Secondary,
24,78,,FALSE,Female,,Some Secondary,
24,85,,FALSE,Female,,Some Secondary,
25,46,,FALSE,Male,,Some Secondary,
25,46,,FALSE,Female,,Some Secondary,
23,57,,FALSE,Female,,Some Secondary,
23,51,,FALSE,Female,,Some Secondary,
24,47,,FALSE,Male,,Some Secondary,
24,46,,FALSE,Female,,Some Secondary,
24,30,,FALSE,Male,,Some Secondary,
24,35,,FALSE,Male,,Some Secondary,
25,72,,FALSE,Male,,Some Secondary,
25,68,,FALSE,Female,,Some Secondary,
24,51,,FALSE,Female,,Some Secondary,
24,47,,FALSE,Male,,Some Secondary,
23,50,,FALSE,Female,,Some Secondary,
23,45,,FALSE,Male,,Some Secondary,
25,15,,FALSE,Male,,Some Secondary,
26,19,,FALSE,Male,,Some Secondary,
24,50,,FALSE,Female,,Some Secondary,
24,31,,FALSE,Female,,Some Secondary,
24,34,,FALSE,Male,,Some Secondary,
24,36,,FALSE,Female,,Some Secondary,
24,5,,FALSE,Male,,Some Secondary,
24,5,,FALSE,Male,,Some Secondary,
23,13,,FALSE,Male,,Some Secondary,
23,6,,FALSE,Male,,Some Secondary,
24,94,,FALSE,Female,,Some Secondary,
24,99,,FALSE,Male,,Some Secondary,
23,47,,FALSE,Female,,Some Secondary,
23,60,,FALSE,Female,,Some Secondary,
23,4,,FALSE,Male,,Some Secondary,
23,5,,FALSE,Male,,Some Secondary,
24,72,,FALSE,Female,,Some Secondary,
24,96,,FALSE,Female,,Some Secondary,
24,63,,FALSE,Male,,Some Secondary,
24,67,,FALSE,Male,,Some Secondary,
24,57,,FALSE,Female,,Some Secondary,
28,42,,FALSE,Female,,Some Secondary,
25,41,,FALSE,Male,,Some Secondary,
25,46,,FALSE,Male,,Some Secondary,
25,73,,FALSE,Female,,Some Secondary,
25,70,,FALSE,Female,,Some Secondary,
24,63,,FALSE,Male,,Some Secondary,
24,52,,FALSE,Female,,Some Secondary,
24,42,,FALSE,Male,,Some Secondary,
24,50,,FALSE,Male,,Some Secondary,
24,12,,FALSE,Female,,Some Secondary,
24,10,,FALSE,Female,,Some Secondary,
24,99,,FALSE,Female,,Some Secondary,
24,99,,FALSE,Female,,Some Secondary,
24,74,,FALSE,Female,,Some Secondary,
24,71,,FALSE,Female,,Some Secondary,
23,54,,FALSE,Male,,Some Secondary,
24,60,,FALSE,Female,,Some Secondary,
24,33,,FALSE,Female,,Some Secondary,
24,34,,FALSE,Male,,Some Secondary,
24,71,,FALSE,Male,,Some Secondary,
24,79,,FALSE,Male,,Some Secondary,
23,99,,FALSE,Male,,Some Secondary,
24,100,,FALSE,Male,,Some Secondary,
24,89,,FALSE,Female,,Some Secondary,
24,73,,FALSE,Female,,Some Secondary,
24,100,,FALSE,Female,,Some Secondary,
24,100,,FALSE,Male,,Some Secondary,
23,32,,FALSE,Female,,Some Secondary,
23,28,,FALSE,Male,,Some Secondary,
23,77,,FALSE,Female,,Some Secondary,
23,75,,FALSE,Female,,Some Secondary,
24,45,,FALSE,Female,,Some Secondary,
24,44,,FALSE,Male,,Some Secondary,
24,78,,FALSE,Male,,Some Secondary,
24,57,,FALSE,Female,,Some Secondary,
24,24,,FALSE,Male,,Some Secondary,
24,38,,FALSE,Male,,Some Secondary,
23,27,,FALSE,Male,,Some Secondary,
23,29,,FALSE,Male,,Some Secondary,
24,70,,FALSE,Male,,Some Secondary,
24,69,,FALSE,Female,,Some Secondary,
24,69,,FALSE,Female,,Some Secondary,
24,69,,FALSE,Female,,Some Secondary,
24,47,,FALSE,Female,,Some Secondary,
24,23,,FALSE,Male,,Some Secondary,
25,48,,FALSE,Male,,Some Secondary,
25,58,,FALSE,Male,,Some Secondary,
25,28,,FALSE,Female,,Some Secondary,
25,28,,FALSE,Female,,Some Secondary,
24,87,,FALSE,Female,,Some Secondary,
24,70,,FALSE,Male,,Some Secondary,
24,57,,FALSE,Male,,Some Secondary,
24,38,,FALSE,Female,,Some Secondary,
24,75,,FALSE,Male,,Some Secondary,
24,75,,FALSE,Male,,Some Secondary,
24,44,,FALSE,Male,,Some Secondary,
24,42,,FALSE,Male,,Some Secondary,
23,14,,FALSE,Male,,Some Secondary,
23,17,,FALSE,Female,,Some Secondary,
24,36,,FALSE,Male,,Some Secondary,
24,29,,FALSE,Male,,Some Secondary,
23,64,,FALSE,Female,,Some Secondary,
23,60,,FALSE,Female,,Some Secondary,
24,74,,FALSE,Female,,Some Secondary,
24,71,,FALSE,Male,,Some Secondary,
24,100,,FALSE,Female,,Some Secondary,
24,100,,FALSE,Female,,Some Secondary,
24,60,,FALSE,Male,,Some Secondary,
24,57,,FALSE,Male,,Some Secondary,
23,54,,FALSE,Female,,Some Secondary,
23,41,,FALSE,Female,,Some Secondary,
24,81,,FALSE,Male,,Some Secondary,
24,78,,FALSE,Male,,Some Secondary,
24,11,,FALSE,Female,,Some Secondary,
24,9,,FALSE,Female,,Some Secondary,
23,52,,FALSE,Male,,Some Secondary,
23,64,,FALSE,Male,,Some Secondary,
23,64,,FALSE,Female,,Some Secondary,
23,61,,FALSE,Female,,Some Secondary,
24,56,,FALSE,Male,,Some Secondary,
25,63,,FALSE,Male,,Some Secondary,
24,33,,FALSE,Male,,Some Secondary,
24,31,,FALSE,Male,,Some Secondary,
24,68,,FALSE,Female,,Some Secondary,
24,71,,FALSE,Female,,Some Secondary,
24,28,,FALSE,Male,,Some Secondary,
24,25,,FALSE,Male,,Some Secondary,
24,40,,FALSE,Male,,Some Secondary,
24,23,,FALSE,Female,,Some Secondary,
24,48,,FALSE,Male,,Some Secondary,
24,50,,FALSE,Female,,Some Secondary,
24,30,,FALSE,Male,,Some Secondary,
24,70,,FALSE,Female,,Some Secondary,
24,26,,FALSE,Female,,Some Secondary,
24,30,,FALSE,Female,,Some Secondary,
25,37,,FALSE,Female,,Some Secondary,
25,37,,FALSE,Female,,Some Secondary,
24,30,,FALSE,Male,,Some Secondary,
24,31,,FALSE,Female,,Some Secondary,
24,28,,FALSE,Female,,Some Secondary,
24,28,,FALSE,Female,,Some Secondary,
24,32,,FALSE,Female,,Some Secondary,
24,30,,FALSE,Male,,Some Secondary,
24,47,,FALSE,Male,,Some Secondary,
24,48,,FALSE,Male,,Some Secondary,
24,8,,FALSE,Male,,Some Secondary,
24,8,,FALSE,Male,,Some Secondary,
24,42,,FALSE,Male,,Some Secondary,
24,54,,FALSE,Female,,Some Secondary,
26,72,,FALSE,Female,,Some Secondary,
26,63,,FALSE,Male,,Some Secondary,
24,9,,FALSE,Female,,Some Secondary,
24,11,,FALSE,Male,,Some Secondary,
24,38,,FALSE,Male,,Some Secondary,
24,43,,FALSE,Male,,Some Secondary,
24,33,,FALSE,Female,,Some Secondary,
24,23,,FALSE,Female,,Some Secondary,
24,48,,FALSE,Male,,Some Secondary,
24,55,,FALSE,Male,,Some Secondary,
24,43,,FALSE,Female,,Some Secondary,
24,6,,FALSE,Male,,Some Secondary,
23,61,,FALSE,Male,,Some Secondary,
23,63,,FALSE,Male,,Some Secondary,
23,59,,FALSE,Female,,Some Secondary,
23,61,,FALSE,Female,,Some Secondary,
23,74,,FALSE,Male,,Some Secondary,
25,58,,FALSE,Male,,Some Secondary,
24,36,,FALSE,Male,,Some Secondary,
24,36,,FALSE,Male,,Some Secondary,
24,100,,FALSE,Female,,Some Secondary,
25,100,,FALSE,Male,,Some Secondary,
24,0,,FALSE,Female,,Some Secondary,
24,0,,FALSE,Female,,Some Secondary,
23,15,,FALSE,Male,,Some Secondary,
23,21,,FALSE,Male,,Some Secondary,
24,50,,FALSE,Male,,Some Secondary,
24,53,,FALSE,Male,,Some Secondary,
24,20,,FALSE,Male,,Some Secondary,
24,11,,FALSE,Female,,Some Secondary,
26,35,,FALSE,Male,,Some Secondary,
26,41,,FALSE,Male,,Some Secondary,
24,29,,FALSE,Male,,Some Secondary,
24,26,,FALSE,Male,,Some Secondary,
24,80,,FALSE,Female,,Some Secondary,
24,73,,FALSE,Male,,Some Secondary,
24,82,,FALSE,Male,,Some Secondary,
24,46,,FALSE,Female,,Some Secondary,
24,35,,FALSE,Female,,Some Secondary,
24,37,,FALSE,Male,,Some Secondary,
24,88,,FALSE,Female,,Some Secondary,
24,0,,FALSE,Male,,Some Secondary,
24,23,,FALSE,Female,,Some Secondary,
24,22,,FALSE,Female,,Some Secondary,
24,39,,FALSE,Male,,Some Secondary,
25,58,,FALSE,Male,,Some Secondary,
24,20,,FALSE,Female,,Some Secondary,
24,20,,FALSE,Female,,Some Secondary,
24,35,,FALSE,Female,,Some Secondary,
24,29,,FALSE,Male,,Some Secondary,
23,69,,FALSE,Male,,Some Secondary,
23,82,,FALSE,Female,,Some Secondary,
24,0,,FALSE,Male,,Some Secondary,
24,89,,FALSE,Female,,Some Secondary,
24,84,,FALSE,Female,,Some Secondary,
24,42,,FALSE,Female,,Some Secondary,
24,41,,FALSE,Male,,Some Secondary,
24,55,,FALSE,Male,,Some Secondary,
24,58,,FALSE,Male,,Some Secondary,
24,65,,FALSE,Female,,Some Secondary,
24,67,,FALSE,Female,,Some Secondary,
26,83,,FALSE,Female,,Some Secondary,
26,75,,FALSE,Female,,Some Secondary,
24,94,,FALSE,Female,,Some Secondary,
24,40,,FALSE,Male,,Some Secondary,
23,48,,FALSE,Male,,Some Secondary,
23,50,,FALSE,Male,,Some Secondary,
24,71,,FALSE,Female,,Some Secondary,
24,72,,FALSE,Female,,Some Secondary,
23,43,,FALSE,Female,,Some Secondary,
23,35,,FALSE,Male,,Some Secondary,
24,44,,FALSE,Female,,Some Secondary,
24,30,,FALSE,Male,,Some Secondary,
25,4,,FALSE,Male,,Some Secondary,
25,3,,FALSE,Male,,Some Secondary,
24,9,,FALSE,Female,,Some Secondary,
24,9,,FALSE,Female,,Some Secondary,
25,58,,FALSE,Female,,Some Secondary,
25,54,,FALSE,Female,,Some Secondary,
23,58,,FALSE,Female,,Some Secondary,
23,64,,FALSE,Female,,Some Secondary,
23,62,,FALSE,Female,,Some Secondary,
23,65,,FALSE,Female,,Some Secondary,
24,72,,FALSE,Male,,Some Secondary,
24,66,,FALSE,Female,,Some Secondary,
23,35,,FALSE,Female,,Some Secondary,
24,39,,FALSE,Female,,Some Secondary,
23,66,,FALSE,Male,,Some Secondary,
23,54,,FALSE,Male,,Some Secondary,
25,53,,FALSE,Female,,Some Secondary,
25,43,,FALSE,Male,,Some Secondary,
23,81,,FALSE,Female,,Some Secondary,
23,81,,FALSE,Female,,Some Secondary,
22,55,,FALSE,Male,,Some Secondary,
22,47,,FALSE,Male,,Some Secondary,
24,37,,FALSE,Female,,Some Secondary,
24,31,,FALSE,Female,,Some Secondary,
28,12,,FALSE,Male,,Some Secondary,
28,100,,FALSE,Female,,Some Secondary,
24,39,,FALSE,Female,,Some Secondary,
24,37,,FALSE,Female,,Some Secondary,
23,29,,FALSE,Male,,Some Secondary,
24,23,,FALSE,Male,,Some Secondary,
24,88,,FALSE,Female,,Some Secondary,
24,51,,FALSE,Male,,Some Secondary,
31,52,,FALSE,Male,,Some Secondary,
31,54,,FALSE,Male,,Some Secondary,
24,86,,FALSE,Female,,Some Secondary,
24,5,,FALSE,Male,,Some Secondary,
24,45,,FALSE,Female,,Some Secondary,
24,46,,FALSE,Female,,Some Secondary,
24,39,,FALSE,Female,,Some Secondary,
24,31,,FALSE,Male,,Some Secondary,
25,54,,FALSE,Female,,Some Secondary,
25,76,,FALSE,Female,,Some Secondary,
