age,production,comprehension,is_norming,sex,birth_order,caregiver_education,ethnicity
35,21,,FALSE,Female,,,
35,26,,FALSE,Female,,,
36,55,,FALSE,Female,,,
36,59,,FALSE,Female,,,
36,13,,FALSE,Female,,,
36,13,,FALSE,Female,,,
36,21,,FALSE,Male,,,
36,27,,FALSE,Female,,,
37,100,,FALSE,Female,,,
37,63,,FALSE,Male,,,
35,55,,FALSE,Female,,,
35,49,,FALSE,Male,,,
38,0,,FALSE,Female,,,
38,0,,FALSE,Female,,,
35,100,,FALSE,Male,,,
35,100,,FALSE,Male,,,
34,47,,FALSE,Male,,,
34,56,,FALSE,Female,,,
36,81,,FALSE,Female,,,
36,76,,FALSE,Female,,,
36,50,,FALSE,Female,,,
36,47,,FALSE,Female,,,
36,63,,FALSE,Female,,,
36,74,,FALSE,Female,,,
36,90,,FALSE,Female,,,
36,92,,FALSE,Female,,,
35,32,,FALSE,Male,,,
34,40,,FALSE,Female,,,
38,78,,FALSE,Male,,,
38,78,,FALSE,Male,,,
35,96,,FALSE,Female,,,
36,100,,FALSE,Female,,,
35,79,,FALSE,Female,,,
35,82,,FALSE,Male,,,
35,75,,FALSE,Male,,,
35,12,,FALSE,Male,,,
36,11,,FALSE,Female,,,
36,60,,FALSE,Female,,,
36,56,,FALSE,Female,,,
36,43,,FALSE,Male,,,
36,43,,FALSE,Male,,,
35,76,,FALSE,Female,,,
35,74,,FALSE,Male,,,
36,89,,FALSE,Female,,,
36,89,,FALSE,Male,,,
36,80,,FALSE,Male,,,
36,75,,FALSE,Male,,,
37,0,,FALSE,Female,,,
37,0,,FALSE,Female,,,
36,29,,FALSE,Male,,,
36,41,,FALSE,Female,,,
35,27,,FALSE,Female,,,
36,20,,FALSE,Male,,,
36,67,,FALSE,Male,,,
36,66,,FALSE,Female,,,
36,39,,FALSE,Female,,,
36,38,,FALSE,Female,,,
36,85,,FALSE,Female,,,
36,87,,FALSE,Female,,,
35,58,,FALSE,Male,,,
35,52,,FALSE,Male,,,
35,34,,FALSE,Male,,,
35,39,,FALSE,Male,,,
35,99,,FALSE,Female,,,
35,96,,FALSE,Female,,,
36,0,,FALSE,Male,,,
37,0,,FALSE,Male,,,
35,39,,FALSE,Female,,,
35,42,,FALSE,Female,,,
36,80,,FALSE,Female,,,
35,59,,FALSE,Female,,,
38,10,,FALSE,Female,,,
39,11,,FALSE,Female,,,
36,74,,FALSE,Male,,,
35,74,,FALSE,Male,,,
37,6,,FALSE,Male,,,
37,15,,FALSE,Male,,,
36,77,,FALSE,Female,,,
36,0,,FALSE,Female,,,
36,63,,FALSE,Female,,,
36,82,,FALSE,Male,,,
35,99,,FALSE,Female,,,
35,100,,FALSE,Female,,,
36,67,,FALSE,Male,,,
36,59,,FALSE,Female,,,
34,0,,FALSE,Male,,,
34,0,,FALSE,Male,,,
36,81,,FALSE,Male,,,
36,87,,FALSE,Male,,,
36,98,,FALSE,Female,,,
36,98,,FALSE,Female,,,
35,73,,FALSE,Female,,,
35,64,,FALSE,Female,,,
35,17,,FALSE,Female,,,
35,16,,FALSE,Male,,,
35,47,,FALSE,Male,,,
35,81,,FALSE,Male,,,
35,100,,FALSE,Male,,,
36,70,,FALSE,Female,,,
36,75,,FALSE,Female,,,
35,20,,FALSE,Female,,,
35,74,,FALSE,Female,,,
35,87,,FALSE,Male,,,
35,68,,FALSE,Female,,,
35,67,,FALSE,Female,,,
36,68,,FALSE,Male,,,
36,67,,FALSE,Female,,,
36,58,,FALSE,Male,,,
36,57,,FALSE,Male,,,
37,81,,FALSE,Female,,,
37,74,,FALSE,Female,,,
35,80,,FALSE,Male,,,
35,83,,FALSE,Male,,,
37,85,,FALSE,Male,,,
37,87,,FALSE,Female,,,
36,0,,FALSE,Male,,,
36,0,,FALSE,Male,,,
36,32,,FALSE,Male,,,
36,32,,FALSE,Male,,,
36,74,,FALSE,Male,,,
36,71,,FALSE,Male,,,
36,93,,FALSE,Female,,,
36,87,,FALSE,Female,,,
35,72,,FALSE,Male,,,
35,76,,FALSE,Male,,,
37,0,,FALSE,Female,,,
37,0,,FALSE,Female,,,
36,99,,FALSE,Male,,,
36,97,,FALSE,Male,,,
36,0,,FALSE,Male,,,
35,0,,FALSE,Female,,,
36,100,,FALSE,Male,,,
36,96,,FALSE,Male,,,
38,28,,FALSE,Female,,,
38,24,,FALSE,Female,,,
35,92,,FALSE,Female,,,
35,0,,FALSE,Female,,,
34,0,,FALSE,Male,,,
34,0,,FALSE,Male,,,
35,99,,FALSE,Female,,,
38,98,,FALSE,Female,,,
36,98,,FALSE,Female,,,
36,100,,FALSE,Female,,,
35,88,,FALSE,Female,,,
35,92,,FALSE,Female,,,
36,100,,FALSE,Female,,,
36,92,,FALSE,Male,,,
35,52,,FALSE,Female,,,
35,55,,FALSE,Female,,,
38,10,,FALSE,Male,,,
38,7,,FALSE,Male,,,
35,0,,FALSE,Female,,,
35,65,,FALSE,Female,,,
35,40,,FALSE,Male,,,
35,55,,FALSE,Female,,,
36,98,,FALSE,Male,,College,
36,95,,FALSE,Male,,College,
36,94,,FALSE,Male,,College,
36,93,,FALSE,Male,,College,
36,85,,FALSE,Female,,College,
36,89,,FALSE,Male,,College,
37,33,,FALSE,Female,,College,
35,23,,FALSE,Male,,College,
37,83,,FALSE,Male,,College,
35,80,,FALSE,Male,,College,
35,0,,FALSE,Male,,College,
35,0,,FALSE,Male,,College,
47,91,,FALSE,Female,,College,
47,91,,FALSE,Female,,College,
36,49,,FALSE,Male,,College,
36,0,,FALSE,Male,,College,
37,38,,FALSE,Male,,College,
37,34,,FALSE,Male,,College,
36,0,,FALSE,Male,,College,
36,0,,FALSE,Female,,College,
35,24,,FALSE,Male,,College,
35,39,,FALSE,Female,,College,
35,76,,FALSE,Male,,College,
35,76,,FALSE,Female,,College,
36,99,,FALSE,Female,,College,
36,97,,FALSE,Female,,College,
36,88,,FALSE,Male,,College,
36,85,,FALSE,Male,,College,
36,52,,FALSE,Female,,College,
36,38,,FALSE,Female,,College,
38,0,,FALSE,Female,,College,
38,0,,FALSE,Female,,College,
36,67,,FALSE,Female,,College,
36,61,,FALSE,Female,,College,
36,50,,FALSE,Male,,College,
36,38,,FALSE,Male,,College,
35,83,,FALSE,Female,,College,
35,83,,FALSE,Female,,College,
36,90,,FALSE,Female,,College,
36,85,,FALSE,Male,,College,
36,96,,FALSE,Female,,College,
36,96,,FALSE,Female,,College,
36,58,,FALSE,Female,,College,
36,49,,FALSE,Male,,College,
35,93,,FALSE,Male,,College,
36,92,,FALSE,Female,,College,
36,33,,FALSE,Male,,College,
36,60,,FALSE,Male,,College,
35,56,,FALSE,Female,,College,
35,0,,FALSE,Female,,College,
35,87,,FALSE,Male,,College,
35,87,,FALSE,Female,,College,
36,56,,FALSE,Male,,College,
36,56,,FALSE,Male,,College,
36,96,,FALSE,Male,,College,
36,93,,FALSE,Female,,College,
36,62,,FALSE,Female,,College,
36,66,,FALSE,Female,,College,
36,60,,FALSE,Male,,College,
36,69,,FALSE,Female,,College,
36,57,,FALSE,Male,,College,
36,76,,FALSE,Female,,College,
35,95,,FALSE,Male,,College,
35,98,,FALSE,Male,,College,
36,73,,FALSE,Female,,College,
36,73,,FALSE,Female,,College,
37,88,,FALSE,Female,,College,
37,80,,FALSE,Male,,College,
36,77,,FALSE,Male,,College,
36,87,,FALSE,Female,,College,
35,93,,FALSE,Male,,College,
35,90,,FALSE,Male,,College,
36,55,,FALSE,Male,,College,
36,56,,FALSE,Female,,College,
37,0,,FALSE,Male,,College,
37,87,,FALSE,Male,,College,
34,33,,FALSE,Female,,College,
34,41,,FALSE,Female,,College,
36,30,,FALSE,Female,,College,
36,27,,FALSE,Female,,College,
37,95,,FALSE,Female,,College,
37,97,,FALSE,Female,,College,
35,100,,FALSE,Female,,College,
35,97,,FALSE,Male,,College,
36,82,,FALSE,Male,,College,
36,79,,FALSE,Male,,College,
36,0,,FALSE,Male,,College,
36,56,,FALSE,Male,,College,
36,62,,FALSE,Male,,College,
36,0,,FALSE,Male,,College,
36,96,,FALSE,Female,,College,
36,95,,FALSE,Female,,College,
39,77,,FALSE,Male,,College,
35,56,,FALSE,Male,,College,
36,63,,FALSE,Male,,College,
36,74,,FALSE,Female,,College,
37,77,,FALSE,Male,,College,
36,82,,FALSE,Male,,College,
34,91,,FALSE,Male,,College,
34,89,,FALSE,Male,,College,
36,86,,FALSE,Female,,College,
36,67,,FALSE,Female,,College,
37,70,,FALSE,Female,,College,
37,68,,FALSE,Female,,College,
35,89,,FALSE,Female,,College,
36,90,,FALSE,Male,,College,
36,93,,FALSE,Male,,College,
36,92,,FALSE,Female,,College,
36,55,,FALSE,Female,,College,
36,44,,FALSE,Female,,College,
35,91,,FALSE,Male,,College,
36,0,,FALSE,Female,,College,
36,36,,FALSE,Male,,College,
36,34,,FALSE,Male,,College,
36,82,,FALSE,Female,,College,
38,84,,FALSE,Male,,College,
35,23,,FALSE,Female,,College,
35,18,,FALSE,Female,,College,
36,40,,FALSE,Male,,College,
36,49,,FALSE,Female,,College,
35,85,,FALSE,Female,,College,
35,89,,FALSE,Female,,College,
35,98,,FALSE,Male,,College,
35,94,,FALSE,Female,,College,
34,31,,FALSE,Male,,College,
34,43,,FALSE,Female,,College,
34,45,,FALSE,Female,,College,
35,37,,FALSE,Female,,College,
36,94,,FALSE,Male,,College,
36,95,,FALSE,Male,,College,
36,97,,FALSE,Male,,College,
36,94,,FALSE,Male,,College,
37,74,,FALSE,Female,,College,
37,74,,FALSE,Female,,College,
35,52,,FALSE,Female,,College,
35,46,,FALSE,Female,,College,
36,59,,FALSE,Female,,College,
35,62,,FALSE,Female,,College,
36,84,,FALSE,Female,,College,
36,77,,FALSE,Female,,College,
35,55,,FALSE,Male,,College,
35,66,,FALSE,Female,,College,
36,87,,FALSE,Female,,College,
36,87,,FALSE,Female,,College,
36,78,,FALSE,Female,,College,
36,78,,FALSE,Female,,College,
36,33,,FALSE,Male,,College,
36,20,,FALSE,Male,,College,
36,93,,FALSE,Female,,College,
36,95,,FALSE,Female,,College,
36,53,,FALSE,Male,,College,
36,58,,FALSE,Male,,College,
35,56,,FALSE,Male,,College,
35,65,,FALSE,Male,,College,
36,60,,FALSE,Male,,College,
36,0,,FALSE,Female,,College,
36,93,,FALSE,Female,,College,
36,90,,FALSE,Female,,College,
36,47,,FALSE,Male,,College,
36,46,,FALSE,Male,,College,
36,39,,FALSE,Male,,College,
36,45,,FALSE,Female,,College,
35,55,,FALSE,Female,,College,
35,57,,FALSE,Female,,College,
35,58,,FALSE,Female,,College,
36,54,,FALSE,Male,,College,
42,0,,FALSE,Male,,College,
42,0,,FALSE,Male,,College,
36,69,,FALSE,Male,,College,
36,68,,FALSE,Female,,College,
35,81,,FALSE,Male,,College,
35,89,,FALSE,Male,,College,
36,63,,FALSE,Male,,College,
36,53,,FALSE,Female,,College,
36,66,,FALSE,Male,,College,
36,84,,FALSE,Female,,College,
35,60,,FALSE,Male,,College,
35,0,,FALSE,Male,,College,
35,99,,FALSE,Female,,College,
35,99,,FALSE,Female,,College,
36,85,,FALSE,Female,,College,
36,64,,FALSE,Male,,College,
37,86,,FALSE,Female,,College,
37,76,,FALSE,Male,,College,
36,0,,FALSE,Male,,College,
36,67,,FALSE,Male,,College,
36,50,,FALSE,Female,,College,
36,60,,FALSE,Female,,College,
35,100,,FALSE,Female,,College,
35,100,,FALSE,Female,,College,
36,0,,FALSE,Male,,College,
36,96,,FALSE,Male,,College,
36,51,,FALSE,Male,,College,
36,73,,FALSE,Female,,College,
35,67,,FALSE,Female,,College,
35,69,,FALSE,Female,,College,
37,28,,FALSE,Female,,College,
37,28,,FALSE,Female,,College,
35,58,,FALSE,Female,,College,
36,64,,FALSE,Female,,College,
36,84,,FALSE,Female,,College,
36,86,,FALSE,Female,,College,
36,0,,FALSE,Female,,College,
36,0,,FALSE,Female,,College,
34,73,,FALSE,Male,,College,
34,77,,FALSE,Male,,College,
37,59,,FALSE,Female,,College,
37,66,,FALSE,Female,,College,
36,81,,FALSE,Male,,College,
35,80,,FALSE,Male,,College,
34,100,,FALSE,Male,,College,
34,100,,FALSE,Male,,College,
36,46,,FALSE,Male,,College,
36,51,,FALSE,Female,,College,
35,77,,FALSE,Female,,College,
35,72,,FALSE,Female,,College,
36,62,,FALSE,Female,,College,
36,64,,FALSE,Female,,College,
37,0,,FALSE,Male,,College,
36,94,,FALSE,Male,,College,
35,70,,FALSE,Male,,College,
37,80,,FALSE,Male,,College,
40,60,,FALSE,Female,,College,
39,40,,FALSE,Female,,College,
36,44,,FALSE,Female,,College,
36,0,,FALSE,Female,,College,
36,66,,FALSE,Male,,College,
36,65,,FALSE,Male,,College,
35,63,,FALSE,Male,,College,
36,68,,FALSE,Male,,College,
36,67,,FALSE,Male,,College,
36,68,,FALSE,Male,,College,
37,0,,FALSE,Female,,College,
39,99,,FALSE,Male,,College,
37,72,,FALSE,Male,,College,
37,87,,FALSE,Male,,College,
36,75,,FALSE,Female,,College,
36,77,,FALSE,Female,,College,
36,76,,FALSE,Female,,College,
36,87,,FALSE,Female,,College,
35,50,,FALSE,Female,,College,
35,76,,FALSE,Female,,College,
39,90,,FALSE,Female,,College,
39,89,,FALSE,Female,,College,
35,57,,FALSE,Male,,College,
35,58,,FALSE,Male,,College,
36,84,,FALSE,Female,,College,
36,13,,FALSE,Male,,College,
36,51,,FALSE,Male,,College,
36,34,,FALSE,Male,,College,
36,72,,FALSE,Male,,College,
36,72,,FALSE,Male,,College,
36,75,,FALSE,Male,,College,
36,77,,FALSE,Female,,College,
35,70,,FALSE,Female,,College,
35,70,,FALSE,Female,,College,
36,55,,FALSE,Female,,College,
36,57,,FALSE,Female,,College,
36,99,,FALSE,Male,,College,
36,97,,FALSE,Female,,College,
35,71,,FALSE,Male,,College,
35,67,,FALSE,Male,,College,
36,76,,FALSE,Male,,College,
36,80,,FALSE,Male,,College,
35,92,,FALSE,Female,,College,
35,81,,FALSE,Female,,College,
36,53,,FALSE,Female,,College,
36,62,,FALSE,Female,,College,
36,49,,FALSE,Male,,College,
36,0,,FALSE,Male,,College,
36,0,,FALSE,Male,,College,
36,79,,FALSE,Female,,College,
36,75,,FALSE,Male,,College,
36,47,,FALSE,Female,,College,
35,98,,FALSE,Female,,College,
35,88,,FALSE,Female,,College,
35,83,,FALSE,Male,,College,
35,80,,FALSE,Male,,College,
36,79,,FALSE,Female,,College,
36,0,,FALSE,Female,,College,
35,86,,FALSE,Male,,College,
35,90,,FALSE,Male,,College,
35,72,,FALSE,Male,,College,
35,69,,FALSE,Male,,College,
35,73,,FALSE,Male,,College,
35,71,,FALSE,Male,,College,
36,25,,FALSE,Male,,College,
36,23,,FALSE,Female,,College,
35,74,,FALSE,Male,,College,
35,82,,FALSE,Male,,College,
35,88,,FALSE,Male,,College,
35,96,,FALSE,Female,,College,
36,68,,FALSE,Male,,College,
36,68,,FALSE,Male,,College,
36,40,,FALSE,Male,,College,
36,45,,FALSE,Female,,College,
36,71,,FALSE,Male,,College,
36,72,,FALSE,Male,,College,
35,22,,FALSE,Female,,College,
35,21,,FALSE,Female,,College,
35,0,,FALSE,Male,,College,
35,83,,FALSE,Male,,College,
35,44,,FALSE,Male,,College,
35,22,,FALSE,Female,,College,
35,17,,FALSE,Male,,College,
35,24,,FALSE,Female,,College,
35,79,,FALSE,Male,,College,
36,58,,FALSE,Male,,College,
35,67,,FALSE,Male,,College,
35,0,,FALSE,Male,,College,
36,67,,FALSE,Female,,College,
36,67,,FALSE,Female,,College,
36,24,,FALSE,Female,,College,
36,21,,FALSE,Male,,College,
36,87,,FALSE,Female,,College,
36,88,,FALSE,Female,,College,
36,61,,FALSE,Female,,College,
36,52,,FALSE,Male,,College,
35,56,,FALSE,Male,,College,
35,40,,FALSE,Female,,College,
36,70,,FALSE,Male,,College,
36,72,,FALSE,Female,,College,
36,0,,FALSE,Male,,College,
35,48,,FALSE,Male,,College,
35,84,,FALSE,Male,,College,
35,87,,FALSE,Female,,College,
37,64,,FALSE,Male,,College,
36,65,,FALSE,Male,,College,
35,45,,FALSE,Female,,College,
35,47,,FALSE,Female,,College,
35,25,,FALSE,Male,,College,
35,29,,FALSE,Male,,College,
37,95,,FALSE,Female,,College,
37,1,,FALSE,Female,,College,
36,72,,FALSE,Female,,College,
36,0,,FALSE,Male,,College,
36,93,,FALSE,Female,,College,
36,91,,FALSE,Female,,College,
45,74,,FALSE,Female,,College,
45,74,,FALSE,Female,,College,
36,37,,FALSE,Female,,College,
36,41,,FALSE,Male,,College,
36,91,,FALSE,Female,,College,
36,91,,FALSE,Female,,College,
35,71,,FALSE,Female,,College,
36,66,,FALSE,Female,,College,
36,80,,FALSE,Male,,College,
36,80,,FALSE,Female,,College,
35,99,,FALSE,Male,,College,
35,99,,FALSE,Female,,College,
35,70,,FALSE,Female,,College,
35,67,,FALSE,Female,,College,
36,66,,FALSE,Female,,College,
36,76,,FALSE,Male,,College,
36,84,,FALSE,Male,,College,
36,0,,FALSE,Male,,College,
36,63,,FALSE,Female,,College,
36,49,,FALSE,Male,,College,
35,2,,FALSE,Male,,College,
35,28,,FALSE,Female,,College,
36,63,,FALSE,Female,,College,
36,0,,FALSE,Male,,College,
36,74,,FALSE,Female,,College,
36,89,,FALSE,Female,,College,
36,45,,FALSE,Female,,College,
36,62,,FALSE,Female,,College,
36,83,,FALSE,Male,,College,
36,83,,FALSE,Male,,College,
38,37,,FALSE,Male,,College,
38,40,,FALSE,Male,,College,
36,54,,FALSE,Male,,College,
36,53,,FALSE,Male,,College,
36,100,,FALSE,Female,,College,
36,0,,FALSE,Male,,College,
36,85,,FALSE,Female,,College,
36,89,,FALSE,Male,,College,
35,34,,FALSE,Male,,College,
34,56,,FALSE,Female,,College,
36,57,,FALSE,Female,,College,
36,67,,FALSE,Female,,College,
36,0,,FALSE,Female,,College,
36,65,,FALSE,Female,,College,
36,0,,FALSE,Male,,College,
36,0,,FALSE,Male,,College,
39,92,,FALSE,Male,,College,
39,77,,FALSE,Female,,College,
36,50,,FALSE,Male,,College,
36,45,,FALSE,Male,,College,
35,68,,FALSE,Male,,College,
35,77,,FALSE,Female,,College,
36,0,,FALSE,Female,,College,
35,70,,FALSE,Female,,College,
36,62,,FALSE,Male,,College,
36,54,,FALSE,Male,,College,
36,61,,FALSE,Male,,College,
36,58,,FALSE,Male,,College,
35,32,,FALSE,Male,,College,
35,29,,FALSE,Female,,College,
36,36,,FALSE,Male,,College,
36,44,,FALSE,Female,,College,
36,70,,FALSE,Male,,College,
36,74,,FALSE,Male,,College,
35,0,,FALSE,Male,,College,
35,78,,FALSE,Male,,College,
36,93,,FALSE,Female,,College,
36,89,,FALSE,Female,,College,
36,73,,FALSE,Male,,College,
36,64,,FALSE,Male,,College,
35,16,,FALSE,Female,,College,
35,34,,FALSE,Female,,College,
37,80,,FALSE,Female,,College,
37,0,,FALSE,Female,,College,
36,63,,FALSE,Male,,College,
36,80,,FALSE,Male,,College,
35,66,,FALSE,Male,,College,
35,66,,FALSE,Female,,College,
37,41,,FALSE,Male,,College,
37,50,,FALSE,Male,,College,
36,30,,FALSE,Female,,College,
36,37,,FALSE,Male,,College,
37,88,,FALSE,Male,,College,
37,38,,FALSE,Female,,College,
39,91,,FALSE,Male,,College,
39,97,,FALSE,Female,,College,
36,46,,FALSE,Female,,College,
36,44,,FALSE,Female,,College,
37,68,,FALSE,Male,,College,
37,67,,FALSE,Male,,College,
36,83,,FALSE,Female,,College,
36,84,,FALSE,Female,,College,
36,65,,FALSE,Male,,College,
36,69,,FALSE,Male,,College,
36,96,,FALSE,Male,,College,
36,96,,FALSE,Female,,College,
36,0,,FALSE,Female,,College,
36,0,,FALSE,Female,,College,
40,69,,FALSE,Male,,College,
38,64,,FALSE,Male,,College,
35,0,,FALSE,Female,,College,
35,64,,FALSE,Female,,College,
38,71,,FALSE,Male,,College,
38,58,,FALSE,Male,,College,
35,75,,FALSE,Female,,College,
35,0,,FALSE,Female,,College,
36,19,,FALSE,Female,,College,
36,24,,FALSE,Male,,College,
35,68,,FALSE,Female,,College,
35,57,,FALSE,Male,,College,
36,79,,FALSE,Female,,College,
36,0,,FALSE,Male,,College,
35,54,,FALSE,Female,,College,
35,54,,FALSE,Female,,College,
36,87,,FALSE,Female,,College,
36,94,,FALSE,Female,,College,
36,74,,FALSE,Male,,College,
36,73,,FALSE,Male,,College,
36,54,,FALSE,Male,,College,
36,74,,FALSE,Female,,College,
36,74,,FALSE,Female,,College,
36,82,,FALSE,Male,,College,
36,63,,FALSE,Male,,College,
37,44,,FALSE,Male,,College,
36,76,,FALSE,Female,,College,
36,75,,FALSE,Female,,College,
35,95,,FALSE,Male,,College,
35,94,,FALSE,Female,,College,
36,18,,FALSE,Male,,College,
36,30,,FALSE,Female,,College,
36,35,,FALSE,Female,,College,
36,44,,FALSE,Male,,College,
40,0,,FALSE,Female,,College,
40,0,,FALSE,Male,,College,
37,48,,FALSE,Female,,College,
37,48,,FALSE,Female,,College,
36,71,,FALSE,Male,,College,
36,67,,FALSE,Male,,College,
36,29,,FALSE,Male,,College,
36,27,,FALSE,Male,,College,
35,29,,FALSE,Male,,College,
35,38,,FALSE,Male,,College,
37,61,,FALSE,Male,,College,
35,54,,FALSE,Female,,College,
36,96,,FALSE,Female,,College,
36,94,,FALSE,Female,,College,
36,63,,FALSE,Female,,College,
36,66,,FALSE,Female,,College,
36,35,,FALSE,Female,,College,
36,34,,FALSE,Male,,College,
35,0,,FALSE,Male,,College,
35,100,,FALSE,Male,,College,
36,38,,FALSE,Female,,College,
36,66,,FALSE,Male,,College,
35,49,,FALSE,Male,,College,
35,44,,FALSE,Male,,College,
36,0,,FALSE,Female,,College,
36,42,,FALSE,Female,,College,
36,94,,FALSE,Female,,College,
36,94,,FALSE,Female,,College,
37,0,,FALSE,Female,,College,
37,70,,FALSE,Female,,College,
36,44,,FALSE,Male,,College,
36,43,,FALSE,Male,,College,
37,0,,FALSE,Female,,College,
37,92,,FALSE,Female,,College,
36,64,,FALSE,Female,,College,
36,36,,FALSE,Male,,College,
36,87,,FALSE,Female,,College,
36,92,,FALSE,Female,,College,
35,96,,FALSE,Male,,College,
35,96,,FALSE,Male,,College,
36,58,,FALSE,Male,,College,
36,57,,FALSE,Female,,College,
35,73,,FALSE,Male,,College,
35,83,,FALSE,Female,,College,
36,73,,FALSE,Male,,College,
36,77,,FALSE,Male,,College,
36,58,,FALSE,Female,,College,
36,72,,FALSE,Female,,College,
36,90,,FALSE,Male,,College,
36,70,,FALSE,Male,,College,
37,0,,FALSE,Male,,College,
37,83,,FALSE,Male,,College,
36,41,,FALSE,Female,,College,
36,48,,FALSE,Male,,College,
36,100,,FALSE,Male,,College,
36,100,,FALSE,Female,,College,
36,73,,FALSE,Female,,College,
36,60,,FALSE,Male,,College,
35,0,,FALSE,Female,,College,
35,0,,FALSE,Female,,College,
35,92,,FALSE,Female,,College,
35,93,,FALSE,Female,,College,
36,6,,FALSE,Male,,College,
36,6,,FALSE,Male,,College,
36,89,,FALSE,Female,,College,
36,91,,FALSE,Female,,College,
36,64,,FALSE,Female,,College,
36,63,,FALSE,Female,,College,
35,51,,FALSE,Female,,College,
36,46,,FALSE,Female,,College,
36,89,,FALSE,Female,,College,
36,90,,FALSE,Male,,College,
37,83,,FALSE,Male,,College,
37,81,,FALSE,Male,,College,
35,51,,FALSE,Female,,College,
35,47,,FALSE,Female,,College,
36,58,,FALSE,Male,,College,
36,49,,FALSE,Female,,College,
36,73,,FALSE,Male,,College,
36,62,,FALSE,Female,,College,
36,50,,FALSE,Male,,College,
36,42,,FALSE,Female,,College,
35,0,,FALSE,Female,,College,
36,0,,FALSE,Female,,College,
35,99,,FALSE,Female,,College,
35,99,,FALSE,Male,,College,
35,57,,FALSE,Male,,College,
35,57,,FALSE,Male,,College,
35,0,,FALSE,Male,,College,
35,77,,FALSE,Female,,College,
37,47,,FALSE,Male,,College,
37,40,,FALSE,Male,,College,
36,27,,FALSE,Male,,College,
36,0,,FALSE,Male,,College,
35,60,,FALSE,Male,,College,
35,10,,FALSE,Male,,College,
36,52,,FALSE,Male,,College,
36,42,,FALSE,Female,,College,
36,51,,FALSE,Female,,College,
36,28,,FALSE,Male,,College,
36,75,,FALSE,Female,,College,
36,75,,FALSE,Female,,College,
36,63,,FALSE,Female,,College,
37,64,,FALSE,Female,,College,
36,91,,FALSE,Male,,College,
36,96,,FALSE,Female,,College,
35,71,,FALSE,Female,,College,
35,65,,FALSE,Male,,College,
36,70,,FALSE,Female,,College,
36,57,,FALSE,Male,,College,
35,81,,FALSE,Female,,College,
35,89,,FALSE,Female,,College,
36,95,,FALSE,Female,,College,
36,95,,FALSE,Female,,College,
35,68,,FALSE,Male,,College,
35,77,,FALSE,Female,,College,
36,77,,FALSE,Female,,College,
36,74,,FALSE,Male,,College,
37,43,,FALSE,Female,,College,
37,57,,FALSE,Male,,College,
36,45,,FALSE,Male,,College,
36,38,,FALSE,Female,,College,
36,20,,FALSE,Male,,College,
36,34,,FALSE,Female,,College,
36,11,,FALSE,Male,,College,
36,8,,FALSE,Male,,College,
34,73,,FALSE,Female,,College,
34,78,,FALSE,Female,,College,
37,100,,FALSE,Female,,College,
37,73,,FALSE,Female,,College,
35,83,,FALSE,Female,,College,
36,79,,FALSE,Male,,College,
35,0,,FALSE,Female,,College,
35,85,,FALSE,Female,,College,
36,63,,FALSE,Female,,College,
36,66,,FALSE,Female,,College,
34,79,,FALSE,Female,,College,
34,64,,FALSE,Female,,College,
36,97,,FALSE,Female,,College,
36,95,,FALSE,Male,,College,
35,72,,FALSE,Male,,College,
36,85,,FALSE,Female,,College,
35,78,,FALSE,Female,,College,
36,78,,FALSE,Female,,College,
36,0,,FALSE,Female,,College,
35,73,,FALSE,Female,,College,
35,72,,FALSE,Male,,College,
35,73,,FALSE,Male,,College,
35,75,,FALSE,Female,,College,
36,60,,FALSE,Female,,College,
36,58,,FALSE,Male,,College,
34,86,,FALSE,Male,,College,
35,73,,FALSE,Male,,College,
36,72,,FALSE,Female,,College,
36,73,,FALSE,Female,,College,
37,84,,FALSE,Male,,College,
35,86,,FALSE,Female,,College,
35,83,,FALSE,Male,,College,
36,0,,FALSE,Female,,College,
36,79,,FALSE,Female,,College,
36,95,,FALSE,Female,,College,
36,95,,FALSE,Female,,College,
35,0,,FALSE,Female,,College,
35,78,,FALSE,Female,,College,
36,72,,FALSE,Male,,College,
36,73,,FALSE,Male,,College,
35,38,,FALSE,Male,,College,
35,36,,FALSE,Male,,College,
36,62,,FALSE,Female,,College,
35,63,,FALSE,Male,,College,
35,88,,FALSE,Male,,College,
35,93,,FALSE,Male,,College,
36,64,,FALSE,Female,,College,
36,51,,FALSE,Female,,College,
36,73,,FALSE,Male,,College,
36,74,,FALSE,Female,,College,
36,92,,FALSE,Female,,College,
36,93,,FALSE,Female,,College,
36,83,,FALSE,Female,,College,
36,83,,FALSE,Female,,College,
36,70,,FALSE,Male,,College,
36,58,,FALSE,Male,,College,
35,69,,FALSE,Male,,College,
35,69,,FALSE,Male,,College,
36,63,,FALSE,Female,,College,
36,45,,FALSE,Male,,College,
37,0,,FALSE,Male,,College,
37,42,,FALSE,Female,,College,
37,70,,FALSE,Female,,College,
37,58,,FALSE,Male,,College,
36,60,,FALSE,Female,,College,
36,50,,FALSE,Female,,College,
36,75,,FALSE,Female,,College,
36,75,,FALSE,Female,,College,
35,89,,FALSE,Male,,College,
35,78,,FALSE,Male,,College,
36,40,,FALSE,Female,,College,
36,53,,FALSE,Female,,College,
36,54,,FALSE,Female,,College,
37,66,,FALSE,Male,,College,
36,61,,FALSE,Male,,College,
36,60,,FALSE,Male,,College,
36,66,,FALSE,Male,,College,
36,74,,FALSE,Female,,College,
36,56,,FALSE,Male,,College,
36,55,,FALSE,Male,,College,
37,36,,FALSE,Male,,College,
37,36,,FALSE,Male,,College,
36,73,,FALSE,Male,,College,
36,71,,FALSE,Male,,College,
36,0,,FALSE,Female,,College,
36,98,,FALSE,Female,,College,
36,87,,FALSE,Male,,College,
36,82,,FALSE,Male,,College,
36,38,,FALSE,Male,,College,
36,61,,FALSE,Female,,College,
36,29,,FALSE,Male,,College,
36,28,,FALSE,Male,,College,
36,62,,FALSE,Male,,College,
36,75,,FALSE,Male,,College,
36,21,,FALSE,Male,,College,
36,54,,FALSE,Female,,College,
35,33,,FALSE,Male,,College,
35,50,,FALSE,Male,,College,
35,64,,FALSE,Male,,College,
35,69,,FALSE,Female,,College,
36,0,,FALSE,Female,,College,
36,45,,FALSE,Female,,College,
36,67,,FALSE,Female,,College,
36,67,,FALSE,Male,,College,
36,68,,FALSE,Male,,College,
36,53,,FALSE,Female,,College,
36,38,,FALSE,Male,,College,
36,40,,FALSE,Male,,College,
36,38,,FALSE,Female,,College,
36,27,,FALSE,Male,,College,
36,63,,FALSE,Male,,College,
36,47,,FALSE,Male,,College,
35,90,,FALSE,Female,,College,
35,90,,FALSE,Female,,College,
35,46,,FALSE,Female,,College,
35,43,,FALSE,Female,,College,
35,78,,FALSE,Male,,College,
35,78,,FALSE,Male,,College,
36,46,,FALSE,Male,,College,
36,43,,FALSE,Male,,College,
35,63,,FALSE,Female,,College,
35,66,,FALSE,Male,,College,
35,62,,FALSE,Female,,College,
35,60,,FALSE,Female,,College,
35,41,,FALSE,Male,,College,
35,33,,FALSE,Male,,College,
35,75,,FALSE,Female,,College,
35,91,,FALSE,Male,,College,
36,46,,FALSE,Male,,College,
36,46,,FALSE,Male,,College,
36,71,,FALSE,Male,,College,
36,76,,FALSE,Female,,College,
35,75,,FALSE,Male,,College,
35,72,,FALSE,Male,,College,
37,43,,FALSE,Male,,College,
37,38,,FALSE,Female,,College,
36,91,,FALSE,Male,,College,
36,93,,FALSE,Female,,College,
39,56,,FALSE,Female,,College,
39,61,,FALSE,Male,,College,
36,96,,FALSE,Female,,College,
36,99,,FALSE,Female,,College,
37,34,,FALSE,Male,,College,
37,44,,FALSE,Male,,College,
35,58,,FALSE,Male,,College,
35,61,,FALSE,Female,,College,
35,15,,FALSE,Male,,College,
35,15,,FALSE,Male,,College,
36,21,,FALSE,Male,,College,
36,0,,FALSE,Male,,College,
36,87,,FALSE,Female,,College,
36,88,,FALSE,Female,,College,
36,80,,FALSE,Female,,College,
35,83,,FALSE,Male,,College,
36,69,,FALSE,Female,,College,
36,69,,FALSE,Female,,College,
37,41,,FALSE,Male,,College,
35,45,,FALSE,Female,,College,
36,0,,FALSE,Male,,College,
36,96,,FALSE,Male,,College,
36,34,,FALSE,Male,,College,
36,0,,FALSE,Female,,College,
37,83,,FALSE,Male,,College,
37,81,,FALSE,Male,,College,
36,76,,FALSE,Female,,College,
36,89,,FALSE,Female,,College,
36,84,,FALSE,Female,,College,
36,86,,FALSE,Female,,College,
36,72,,FALSE,Female,,College,
36,73,,FALSE,Female,,College,
37,89,,FALSE,Female,,College,
37,92,,FALSE,Male,,College,
35,71,,FALSE,Female,,College,
35,65,,FALSE,Female,,College,
36,93,,FALSE,Female,,College,
36,92,,FALSE,Female,,College,
35,6,,FALSE,Male,,College,
36,8,,FALSE,Male,,College,
37,45,,FALSE,Female,,College,
38,42,,FALSE,Male,,College,
36,58,,FALSE,Female,,College,
36,56,,FALSE,Female,,College,
35,77,,FALSE,Male,,College,
35,77,,FALSE,Male,,College,
36,69,,FALSE,Male,,College,
36,64,,FALSE,Male,,College,
35,51,,FALSE,Male,,College,
35,48,,FALSE,Male,,College,
35,40,,FALSE,Female,,College,
35,68,,FALSE,Female,,College,
35,58,,FALSE,Male,,College,
35,58,,FALSE,Male,,College,
36,79,,FALSE,Female,,College,
36,76,,FALSE,Male,,College,
36,0,,FALSE,Male,,College,
36,0,,FALSE,Male,,College,
35,37,,FALSE,Male,,College,
35,38,,FALSE,Male,,College,
47,6,,FALSE,Female,,College,
47,3,,FALSE,Male,,College,
36,35,,FALSE,Male,,College,
36,36,,FALSE,Male,,College,
36,67,,FALSE,Female,,College,
35,0,,FALSE,Female,,College,
35,0,,FALSE,Female,,College,
35,0,,FALSE,Female,,College,
36,0,,FALSE,Male,,College,
36,44,,FALSE,Male,,College,
36,0,,FALSE,Male,,College,
36,0,,FALSE,Female,,College,
36,93,,FALSE,Male,,College,
36,91,,FALSE,Female,,College,
35,81,,FALSE,Male,,College,
35,82,,FALSE,Male,,College,
36,64,,FALSE,Female,,College,
36,52,,FALSE,Male,,College,
35,76,,FALSE,Male,,College,
35,71,,FALSE,Female,,College,
36,86,,FALSE,Female,,College,
36,77,,FALSE,Male,,College,
36,41,,FALSE,Male,,College,
36,28,,FALSE,Male,,College,
41,15,,FALSE,Female,,College,
41,23,,FALSE,Female,,College,
36,44,,FALSE,Female,,College,
36,41,,FALSE,Female,,College,
36,0,,FALSE,Female,,College,
36,63,,FALSE,Female,,College,
35,62,,FALSE,Female,,College,
35,62,,FALSE,Female,,College,
36,67,,FALSE,Female,,College,
38,76,,FALSE,Female,,College,
39,79,,FALSE,Male,,College,
39,0,,FALSE,Male,,College,
36,81,,FALSE,Female,,College,
36,82,,FALSE,Female,,College,
36,64,,FALSE,Male,,College,
36,72,,FALSE,Female,,College,
35,26,,FALSE,Male,,College,
35,28,,FALSE,Male,,College,
36,66,,FALSE,Female,,College,
36,46,,FALSE,Male,,College,
35,25,,FALSE,Male,,College,
35,25,,FALSE,Male,,College,
36,94,,FALSE,Female,,College,
36,65,,FALSE,Male,,College,
35,45,,FALSE,Female,,College,
36,64,,FALSE,Female,,College,
35,83,,FALSE,Female,,College,
35,82,,FALSE,Female,,College,
36,83,,FALSE,Female,,College,
36,73,,FALSE,Male,,College,
39,56,,FALSE,Female,,College,
39,56,,FALSE,Male,,College,
35,87,,FALSE,Male,,College,
35,87,,FALSE,Male,,College,
35,40,,FALSE,Female,,College,
35,38,,FALSE,Female,,College,
35,82,,FALSE,Female,,College,
35,86,,FALSE,Female,,College,
35,88,,FALSE,Male,,College,
36,97,,FALSE,Female,,College,
37,62,,FALSE,Female,,College,
37,69,,FALSE,Male,,College,
35,78,,FALSE,Male,,College,
35,72,,FALSE,Female,,College,
35,0,,FALSE,Male,,College,
35,0,,FALSE,Female,,College,
39,69,,FALSE,Female,,College,
36,72,,FALSE,Female,,College,
36,62,,FALSE,Female,,College,
36,51,,FALSE,Female,,College,
35,0,,FALSE,Male,,College,
35,64,,FALSE,Male,,College,
35,62,,FALSE,Male,,College,
35,92,,FALSE,Female,,College,
36,81,,FALSE,Male,,College,
36,82,,FALSE,Male,,College,
35,64,,FALSE,Female,,College,
35,60,,FALSE,Female,,College,
35,56,,FALSE,Female,,College,
35,54,,FALSE,Male,,College,
36,33,,FALSE,Male,,College,
36,34,,FALSE,Female,,College,
36,86,,FALSE,Female,,College,
36,90,,FALSE,Female,,College,
35,29,,FALSE,Male,,College,
35,59,,FALSE,Male,,College,
36,71,,FALSE,Female,,College,
36,75,,FALSE,Female,,College,
36,0,,FALSE,Male,,College,
36,87,,FALSE,Male,,College,
36,52,,FALSE,Male,,College,
36,50,,FALSE,Male,,College,
36,40,,FALSE,Female,,College,
36,0,,FALSE,Male,,College,
36,86,,FALSE,Female,,College,
36,86,,FALSE,Male,,College,
36,27,,FALSE,Male,,College,
36,35,,FALSE,Female,,College,
38,76,,FALSE,Male,,College,
38,74,,FALSE,Male,,College,
36,48,,FALSE,Male,,College,
36,56,,FALSE,Male,,College,
38,92,,FALSE,Female,,College,
38,93,,FALSE,Female,,College,
35,92,,FALSE,Female,,College,
35,91,,FALSE,Male,,College,
36,100,,FALSE,Female,,College,
36,100,,FALSE,Female,,College,
35,19,,FALSE,Female,,College,
35,27,,FALSE,Male,,College,
36,65,,FALSE,Male,,College,
36,65,,FALSE,Male,,College,
36,61,,FALSE,Male,,College,
36,89,,FALSE,Male,,College,
36,66,,FALSE,Male,,College,
36,71,,FALSE,Female,,College,
36,98,,FALSE,Female,,College,
36,93,,FALSE,Male,,College,
37,20,,FALSE,Female,,College,
37,20,,FALSE,Female,,College,
35,87,,FALSE,Male,,College,
36,80,,FALSE,Female,,College,
35,46,,FALSE,Female,,College,
36,27,,FALSE,Male,,College,
36,47,,FALSE,Female,,College,
36,43,,FALSE,Male,,College,
36,77,,FALSE,Male,,College,
36,41,,FALSE,Female,,College,
36,0,,FALSE,Female,,College,
36,86,,FALSE,Female,,College,
36,86,,FALSE,Male,,College,
36,82,,FALSE,Male,,College,
36,34,,FALSE,Male,,College,
36,39,,FALSE,Male,,College,
36,79,,FALSE,Female,,College,
36,81,,FALSE,Male,,College,
35,63,,FALSE,Female,,College,
35,0,,FALSE,Male,,College,
36,37,,FALSE,Male,,College,
36,37,,FALSE,Male,,College,
35,70,,FALSE,Female,,College,
35,68,,FALSE,Male,,College,
36,48,,FALSE,Female,,College,
36,0,,FALSE,Female,,College,
36,87,,FALSE,Female,,College,
36,85,,FALSE,Male,,College,
36,80,,FALSE,Male,,College,
36,79,,FALSE,Female,,College,
36,38,,FALSE,Female,,College,
36,40,,FALSE,Female,,College,
36,84,,FALSE,Male,,College,
36,0,,FALSE,Male,,College,
36,75,,FALSE,Female,,College,
36,71,,FALSE,Female,,College,
37,27,,FALSE,Male,,College,
37,26,,FALSE,Male,,College,
34,66,,FALSE,Male,,College,
34,80,,FALSE,Female,,College,
35,64,,FALSE,Male,,College,
36,0,,FALSE,Male,,College,
36,88,,FALSE,Female,,College,
36,90,,FALSE,Male,,College,
38,76,,FALSE,Female,,College,
39,78,,FALSE,Female,,College,
37,76,,FALSE,Female,,College,
37,66,,FALSE,Female,,College,
37,54,,FALSE,Male,,College,
37,51,,FALSE,Male,,College,
36,0,,FALSE,Male,,College,
36,96,,FALSE,Male,,College,
36,83,,FALSE,Female,,College,
36,86,,FALSE,Male,,College,
35,37,,FALSE,Female,,College,
35,43,,FALSE,Female,,College,
36,62,,FALSE,Female,,College,
36,0,,FALSE,Male,,College,
35,79,,FALSE,Female,,College,
35,79,,FALSE,Male,,College,
35,83,,FALSE,Male,,College,
35,83,,FALSE,Male,,College,
35,25,,FALSE,Female,,College,
35,29,,FALSE,Female,,College,
35,80,,FALSE,Female,,College,
35,73,,FALSE,Female,,College,
36,68,,FALSE,Female,,College,
36,68,,FALSE,Female,,College,
35,50,,FALSE,Female,,College,
36,52,,FALSE,Female,,College,
37,76,,FALSE,Male,,College,
37,82,,FALSE,Female,,College,
35,61,,FALSE,Female,,College,
35,62,,FALSE,Male,,College,
36,59,,FALSE,Male,,College,
36,62,,FALSE,Male,,College,
36,89,,FALSE,Male,,College,
36,90,,FALSE,Female,,College,
36,67,,FALSE,Female,,College,
36,62,,FALSE,Male,,College,
37,1,,FALSE,Male,,College,
37,4,,FALSE,Male,,College,
36,0,,FALSE,Female,,College,
36,57,,FALSE,Female,,College,
37,82,,FALSE,Female,,College,
37,85,,FALSE,Female,,College,
37,82,,FALSE,Female,,College,
37,0,,FALSE,Female,,College,
34,18,,FALSE,Male,,College,
34,43,,FALSE,Female,,College,
35,78,,FALSE,Female,,College,
35,83,,FALSE,Female,,College,
35,74,,FALSE,Male,,College,
34,73,,FALSE,Male,,College,
36,86,,FALSE,Male,,College,
36,87,,FALSE,Female,,College,
36,22,,FALSE,Male,,College,
36,37,,FALSE,Female,,College,
35,64,,FALSE,Female,,College,
35,65,,FALSE,Female,,College,
37,84,,FALSE,Male,,College,
37,87,,FALSE,Male,,College,
35,39,,FALSE,Male,,College,
35,43,,FALSE,Male,,College,
36,62,,FALSE,Female,,College,
36,58,,FALSE,Female,,College,
35,36,,FALSE,Male,,College,
35,41,,FALSE,Male,,College,
36,74,,FALSE,Male,,College,
37,77,,FALSE,Female,,College,
36,86,,FALSE,Male,,College,
36,87,,FALSE,Female,,College,
36,95,,FALSE,Male,,College,
36,89,,FALSE,Female,,College,
37,88,,FALSE,Female,,College,
35,100,,FALSE,Male,,College,
35,94,,FALSE,Male,,College,
35,95,,FALSE,Female,,College,
36,84,,FALSE,Male,,College,
36,79,,FALSE,Male,,College,
36,77,,FALSE,Female,,College,
36,78,,FALSE,Female,,College,
36,58,,FALSE,Female,,College,
36,58,,FALSE,Female,,College,
45,96,,FALSE,Male,,College,
35,94,,FALSE,Male,,College,
36,57,,FALSE,Male,,College,
36,76,,FALSE,Male,,College,
36,61,,FALSE,Female,,College,
37,77,,FALSE,Female,,College,
35,94,,FALSE,Female,,College,
35,95,,FALSE,Female,,College,
36,63,,FALSE,Male,,College,
36,65,,FALSE,Male,,College,
36,47,,FALSE,Female,,College,
36,52,,FALSE,Female,,College,
37,41,,FALSE,Male,,College,
37,53,,FALSE,Male,,College,
36,81,,FALSE,Female,,College,
36,81,,FALSE,Female,,College,
35,0,,FALSE,Male,,College,
35,0,,FALSE,Male,,College,
36,87,,FALSE,Male,,College,
36,87,,FALSE,Female,,College,
36,97,,FALSE,Female,,College,
36,96,,FALSE,Female,,College,
36,67,,FALSE,Female,,College,
36,69,,FALSE,Female,,College,
35,42,,FALSE,Male,,College,
35,39,,FALSE,Male,,College,
36,94,,FALSE,Male,,College,
36,96,,FALSE,Male,,College,
36,83,,FALSE,Male,,College,
35,83,,FALSE,Male,,College,
36,55,,FALSE,Female,,College,
36,47,,FALSE,Female,,College,
36,24,,FALSE,Male,,College,
36,21,,FALSE,Male,,College,
36,43,,FALSE,Female,,College,
36,41,,FALSE,Female,,College,
36,68,,FALSE,Male,,College,
36,64,,FALSE,Male,,College,
36,48,,FALSE,Female,,College,
36,41,,FALSE,Male,,College,
36,55,,FALSE,Male,,College,
35,56,,FALSE,Female,,College,
34,0,,FALSE,Male,,College,
34,0,,FALSE,Male,,College,
36,0,,FALSE,Male,,College,
36,77,,FALSE,Male,,College,
35,82,,FALSE,Female,,College,
35,81,,FALSE,Male,,College,
40,57,,FALSE,Female,,College,
40,58,,FALSE,Female,,College,
35,45,,FALSE,Male,,College,
35,49,,FALSE,Male,,College,
35,54,,FALSE,Male,,College,
35,15,,FALSE,Male,,College,
35,82,,FALSE,Female,,College,
35,83,,FALSE,Male,,College,
36,94,,FALSE,Female,,College,
36,52,,FALSE,Female,,College,
36,69,,FALSE,Male,,College,
36,60,,FALSE,Male,,College,
37,77,,FALSE,Male,,College,
36,0,,FALSE,Female,,College,
35,49,,FALSE,Male,,College,
35,98,,FALSE,Female,,College,
36,99,,FALSE,Female,,College,
36,99,,FALSE,Female,,College,
36,66,,FALSE,Female,,College,
36,66,,FALSE,Female,,College,
35,78,,FALSE,Female,,College,
36,89,,FALSE,Male,,College,
37,98,,FALSE,Male,,College,
37,90,,FALSE,Female,,College,
37,6,,FALSE,Male,,College,
37,6,,FALSE,Male,,College,
36,0,,FALSE,Female,,College,
36,74,,FALSE,Male,,College,
36,55,,FALSE,Male,,College,
36,66,,FALSE,Male,,College,
36,80,,FALSE,Male,,College,
36,85,,FALSE,Male,,College,
36,65,,FALSE,Female,,College,
36,65,,FALSE,Male,,College,
36,70,,FALSE,Male,,College,
36,74,,FALSE,Male,,College,
36,10,,FALSE,Female,,College,
36,13,,FALSE,Female,,College,
35,57,,FALSE,Male,,College,
35,60,,FALSE,Male,,College,
36,67,,FALSE,Female,,College,
36,61,,FALSE,Female,,College,
36,70,,FALSE,Male,,College,
36,72,,FALSE,Male,,College,
35,73,,FALSE,Male,,College,
35,27,,FALSE,Male,,College,
34,39,,FALSE,Female,,College,
34,48,,FALSE,Female,,College,
36,36,,FALSE,Female,,College,
36,34,,FALSE,Female,,College,
36,73,,FALSE,Male,,College,
35,59,,FALSE,Female,,College,
34,66,,FALSE,Female,,College,
35,73,,FALSE,Female,,College,
36,78,,FALSE,Male,,College,
39,89,,FALSE,Male,,College,
40,74,,FALSE,Female,,College,
40,76,,FALSE,Female,,College,
36,20,,FALSE,Female,,College,
36,18,,FALSE,Female,,College,
35,1,,FALSE,Male,,College,
35,6,,FALSE,Male,,College,
36,47,,FALSE,Female,,College,
36,47,,FALSE,Male,,College,
36,62,,FALSE,Female,,College,
36,62,,FALSE,Female,,College,
37,76,,FALSE,Female,,College,
37,75,,FALSE,Female,,College,
36,55,,FALSE,Male,,College,
36,48,,FALSE,Female,,College,
35,97,,FALSE,Male,,College,
35,90,,FALSE,Male,,College,
35,76,,FALSE,Male,,College,
35,73,,FALSE,Female,,College,
36,72,,FALSE,Female,,College,
36,63,,FALSE,Female,,College,
36,55,,FALSE,Female,,College,
36,53,,FALSE,Male,,College,
36,95,,FALSE,Male,,College,
36,97,,FALSE,Female,,College,
36,79,,FALSE,Female,,College,
36,77,,FALSE,Male,,College,
36,92,,FALSE,Female,,College,
36,93,,FALSE,Female,,College,
36,61,,FALSE,Female,,College,
36,88,,FALSE,Female,,College,
35,79,,FALSE,Female,,College,
35,80,,FALSE,Female,,College,
36,47,,FALSE,Male,,College,
36,43,,FALSE,Male,,College,
36,84,,FALSE,Male,,College,
35,80,,FALSE,Male,,College,
35,79,,FALSE,Female,,College,
35,66,,FALSE,Male,,College,
36,22,,FALSE,Male,,College,
36,22,,FALSE,Female,,College,
37,56,,FALSE,Female,,College,
37,0,,FALSE,Male,,College,
35,96,,FALSE,Female,,College,
36,98,,FALSE,Male,,College,
36,0,,FALSE,Male,,Graduate,
36,89,,FALSE,Male,,Graduate,
36,70,,FALSE,Female,,Graduate,
36,51,,FALSE,Female,,Graduate,
36,24,,FALSE,Male,,Graduate,
36,38,,FALSE,Male,,Graduate,
35,69,,FALSE,Female,,Graduate,
35,54,,FALSE,Female,,Graduate,
35,83,,FALSE,Male,,Graduate,
35,83,,FALSE,Male,,Graduate,
35,40,,FALSE,Male,,Graduate,
35,40,,FALSE,Male,,Graduate,
37,48,,FALSE,Male,,Graduate,
37,51,,FALSE,Female,,Graduate,
36,56,,FALSE,Female,,Graduate,
36,57,,FALSE,Male,,Graduate,
37,19,,FALSE,Female,,Graduate,
37,41,,FALSE,Male,,Graduate,
36,74,,FALSE,Female,,Graduate,
36,83,,FALSE,Female,,Graduate,
36,1,,FALSE,Female,,Graduate,
36,73,,FALSE,Male,,Graduate,
36,48,,FALSE,Female,,Graduate,
36,44,,FALSE,Female,,Graduate,
35,36,,FALSE,Male,,Graduate,
35,83,,FALSE,Male,,Graduate,
36,92,,FALSE,Female,,Graduate,
36,92,,FALSE,Female,,Graduate,
35,78,,FALSE,Female,,Graduate,
35,78,,FALSE,Female,,Graduate,
36,0,,FALSE,Male,,Graduate,
36,0,,FALSE,Female,,Graduate,
35,71,,FALSE,Female,,Graduate,
36,77,,FALSE,Female,,Graduate,
36,55,,FALSE,Male,,Graduate,
36,87,,FALSE,Female,,Graduate,
36,0,,FALSE,Male,,Graduate,
36,49,,FALSE,Male,,Graduate,
36,85,,FALSE,Female,,Graduate,
36,83,,FALSE,Male,,Graduate,
35,0,,FALSE,Male,,Graduate,
35,90,,FALSE,Female,,Graduate,
35,69,,FALSE,Female,,Graduate,
36,70,,FALSE,Male,,Graduate,
37,95,,FALSE,Female,,Graduate,
37,89,,FALSE,Female,,Graduate,
36,51,,FALSE,Female,,Graduate,
36,47,,FALSE,Male,,Graduate,
36,93,,FALSE,Female,,Graduate,
36,88,,FALSE,Female,,Graduate,
36,81,,FALSE,Female,,Graduate,
36,71,,FALSE,Female,,Graduate,
35,86,,FALSE,Female,,Graduate,
35,75,,FALSE,Female,,Graduate,
36,61,,FALSE,Male,,Graduate,
36,65,,FALSE,Male,,Graduate,
36,52,,FALSE,Female,,Graduate,
36,61,,FALSE,Female,,Graduate,
35,85,,FALSE,Female,,Graduate,
35,88,,FALSE,Female,,Graduate,
36,77,,FALSE,Male,,Graduate,
36,78,,FALSE,Male,,Graduate,
36,52,,FALSE,Male,,Graduate,
36,67,,FALSE,Male,,Graduate,
35,78,,FALSE,Male,,Graduate,
35,79,,FALSE,Male,,Graduate,
35,40,,FALSE,Female,,Graduate,
35,37,,FALSE,Female,,Graduate,
35,62,,FALSE,Male,,Graduate,
35,59,,FALSE,Male,,Graduate,
37,92,,FALSE,Male,,Graduate,
37,98,,FALSE,Male,,Graduate,
36,98,,FALSE,Female,,Graduate,
36,97,,FALSE,Female,,Graduate,
37,76,,FALSE,Female,,Graduate,
37,84,,FALSE,Male,,Graduate,
35,39,,FALSE,Male,,Graduate,
36,42,,FALSE,Female,,Graduate,
37,88,,FALSE,Male,,Graduate,
37,69,,FALSE,Male,,Graduate,
36,73,,FALSE,Male,,Graduate,
36,80,,FALSE,Female,,Graduate,
37,72,,FALSE,Female,,Graduate,
37,68,,FALSE,Male,,Graduate,
36,89,,FALSE,Male,,Graduate,
36,87,,FALSE,Male,,Graduate,
35,84,,FALSE,Female,,Graduate,
35,73,,FALSE,Male,,Graduate,
36,68,,FALSE,Male,,Graduate,
36,57,,FALSE,Male,,Graduate,
36,38,,FALSE,Female,,Graduate,
36,37,,FALSE,Female,,Graduate,
36,76,,FALSE,Female,,Graduate,
36,56,,FALSE,Male,,Graduate,
36,51,,FALSE,Male,,Graduate,
36,51,,FALSE,Male,,Graduate,
36,83,,FALSE,Male,,Graduate,
36,86,,FALSE,Male,,Graduate,
36,79,,FALSE,Male,,Graduate,
36,79,,FALSE,Female,,Graduate,
35,47,,FALSE,Male,,Graduate,
35,70,,FALSE,Female,,Graduate,
36,42,,FALSE,Male,,Graduate,
36,53,,FALSE,Female,,Graduate,
35,100,,FALSE,Female,,Graduate,
36,99,,FALSE,Female,,Graduate,
37,90,,FALSE,Female,,Graduate,
37,93,,FALSE,Male,,Graduate,
35,64,,FALSE,Female,,Graduate,
35,0,,FALSE,Female,,Graduate,
36,33,,FALSE,Male,,Graduate,
37,20,,FALSE,Male,,Graduate,
37,32,,FALSE,Male,,Graduate,
37,38,,FALSE,Female,,Graduate,
36,76,,FALSE,Female,,Graduate,
36,75,,FALSE,Male,,Graduate,
37,86,,FALSE,Male,,Graduate,
37,90,,FALSE,Male,,Graduate,
36,68,,FALSE,Female,,Graduate,
36,49,,FALSE,Female,,Graduate,
36,10,,FALSE,Female,,Graduate,
36,10,,FALSE,Female,,Graduate,
35,45,,FALSE,Female,,Graduate,
35,52,,FALSE,Male,,Graduate,
36,74,,FALSE,Female,,Graduate,
36,74,,FALSE,Female,,Graduate,
39,62,,FALSE,Male,,Graduate,
36,57,,FALSE,Male,,Graduate,
36,26,,FALSE,Female,,Graduate,
36,28,,FALSE,Female,,Graduate,
36,0,,FALSE,Male,,Graduate,
36,0,,FALSE,Male,,Graduate,
36,23,,FALSE,Female,,Graduate,
36,24,,FALSE,Female,,Graduate,
36,56,,FALSE,Male,,Graduate,
36,45,,FALSE,Male,,Graduate,
36,55,,FALSE,Male,,Graduate,
36,47,,FALSE,Male,,Graduate,
36,16,,FALSE,Male,,Graduate,
36,18,,FALSE,Male,,Graduate,
36,39,,FALSE,Female,,Graduate,
36,46,,FALSE,Female,,Graduate,
35,47,,FALSE,Female,,Graduate,
35,62,,FALSE,Female,,Graduate,
36,82,,FALSE,Male,,Graduate,
36,0,,FALSE,Male,,Graduate,
34,81,,FALSE,Male,,Graduate,
34,84,,FALSE,Male,,Graduate,
36,41,,FALSE,Female,,Graduate,
36,30,,FALSE,Male,,Graduate,
36,0,,FALSE,Female,,Graduate,
36,95,,FALSE,Female,,Graduate,
36,63,,FALSE,Male,,Graduate,
36,66,,FALSE,Male,,Graduate,
35,57,,FALSE,Female,,Graduate,
36,48,,FALSE,Male,,Graduate,
37,68,,FALSE,Male,,Graduate,
36,74,,FALSE,Female,,Graduate,
37,50,,FALSE,Female,,Graduate,
37,48,,FALSE,Female,,Graduate,
36,0,,FALSE,Male,,Graduate,
36,93,,FALSE,Female,,Graduate,
35,78,,FALSE,Female,,Graduate,
36,84,,FALSE,Male,,Graduate,
36,77,,FALSE,Female,,Graduate,
36,81,,FALSE,Male,,Graduate,
36,51,,FALSE,Female,,Graduate,
36,42,,FALSE,Female,,Graduate,
36,0,,FALSE,Male,,Graduate,
36,0,,FALSE,Male,,Graduate,
35,49,,FALSE,Female,,Graduate,
35,39,,FALSE,Male,,Graduate,
35,44,,FALSE,Male,,Graduate,
35,37,,FALSE,Female,,Graduate,
35,69,,FALSE,Male,,Graduate,
35,69,,FALSE,Male,,Graduate,
38,86,,FALSE,Female,,Graduate,
38,81,,FALSE,Female,,Graduate,
36,0,,FALSE,Female,,Graduate,
36,0,,FALSE,Male,,Graduate,
37,26,,FALSE,Female,,Graduate,
37,29,,FALSE,Male,,Graduate,
38,39,,FALSE,Female,,Graduate,
38,46,,FALSE,Female,,Graduate,
37,51,,FALSE,Male,,Graduate,
37,43,,FALSE,Female,,Graduate,
36,83,,FALSE,Male,,Graduate,
36,85,,FALSE,Female,,Graduate,
39,84,,FALSE,Female,,Graduate,
39,83,,FALSE,Female,,Graduate,
35,76,,FALSE,Female,,Graduate,
35,74,,FALSE,Female,,Graduate,
35,83,,FALSE,Female,,Graduate,
35,94,,FALSE,Female,,Graduate,
36,64,,FALSE,Male,,Graduate,
36,64,,FALSE,Male,,Graduate,
35,45,,FALSE,Female,,Graduate,
36,39,,FALSE,Male,,Graduate,
35,90,,FALSE,Male,,Graduate,
35,91,,FALSE,Female,,Graduate,
34,0,,FALSE,Female,,Graduate,
34,91,,FALSE,Female,,Graduate,
35,71,,FALSE,Female,,Graduate,
35,71,,FALSE,Female,,Graduate,
37,0,,FALSE,Male,,Graduate,
37,0,,FALSE,Male,,Graduate,
36,0,,FALSE,Male,,Graduate,
36,0,,FALSE,Female,,Graduate,
36,59,,FALSE,Female,,Graduate,
36,58,,FALSE,Female,,Graduate,
36,90,,FALSE,Female,,Graduate,
36,94,,FALSE,Female,,Graduate,
38,0,,FALSE,Female,,Graduate,
38,0,,FALSE,Female,,Graduate,
36,29,,FALSE,Female,,Graduate,
36,0,,FALSE,Female,,Graduate,
35,74,,FALSE,Male,,Graduate,
35,74,,FALSE,Male,,Graduate,
36,64,,FALSE,Female,,Graduate,
36,64,,FALSE,Male,,Graduate,
36,0,,FALSE,Male,,Graduate,
36,46,,FALSE,Male,,Graduate,
36,51,,FALSE,Male,,Graduate,
36,48,,FALSE,Female,,Graduate,
36,79,,FALSE,Female,,Graduate,
36,43,,FALSE,Male,,Graduate,
37,59,,FALSE,Male,,Graduate,
37,83,,FALSE,Female,,Graduate,
36,89,,FALSE,Female,,Graduate,
36,90,,FALSE,Male,,Graduate,
35,85,,FALSE,Female,,Graduate,
39,86,,FALSE,Female,,Graduate,
36,30,,FALSE,Male,,Graduate,
36,25,,FALSE,Male,,Graduate,
35,33,,FALSE,Male,,Graduate,
35,49,,FALSE,Female,,Graduate,
36,80,,FALSE,Male,,Graduate,
36,83,,FALSE,Male,,Graduate,
36,57,,FALSE,Male,,Graduate,
36,58,,FALSE,Female,,Graduate,
35,76,,FALSE,Female,,Graduate,
36,54,,FALSE,Male,,Graduate,
45,87,,FALSE,Female,,Graduate,
45,93,,FALSE,Female,,Graduate,
35,40,,FALSE,Male,,Graduate,
35,17,,FALSE,Male,,Graduate,
36,88,,FALSE,Female,,Graduate,
37,90,,FALSE,Female,,Graduate,
36,91,,FALSE,Male,,Graduate,
36,91,,FALSE,Male,,Graduate,
36,91,,FALSE,Male,,Graduate,
36,0,,FALSE,Female,,Graduate,
36,58,,FALSE,Male,,Graduate,
36,58,,FALSE,Female,,Graduate,
36,69,,FALSE,Female,,Graduate,
36,79,,FALSE,Female,,Graduate,
36,67,,FALSE,Female,,Graduate,
36,71,,FALSE,Female,,Graduate,
37,8,,FALSE,Female,,Graduate,
37,6,,FALSE,Female,,Graduate,
36,70,,FALSE,Male,,Graduate,
36,69,,FALSE,Female,,Graduate,
36,0,,FALSE,Female,,Graduate,
36,92,,FALSE,Female,,Graduate,
35,0,,FALSE,Male,,Graduate,
39,64,,FALSE,Female,,Graduate,
39,61,,FALSE,Female,,Graduate,
36,80,,FALSE,Female,,Graduate,
36,72,,FALSE,Male,,Graduate,
35,61,,FALSE,Male,,Graduate,
35,58,,FALSE,Male,,Graduate,
36,37,,FALSE,Male,,Graduate,
36,45,,FALSE,Female,,Graduate,
35,89,,FALSE,Male,,Graduate,
35,91,,FALSE,Female,,Graduate,
37,89,,FALSE,Male,,Graduate,
37,85,,FALSE,Male,,Graduate,
35,42,,FALSE,Female,,Graduate,
35,41,,FALSE,Male,,Graduate,
36,56,,FALSE,Male,,Graduate,
37,74,,FALSE,Female,,Graduate,
36,74,,FALSE,Female,,Graduate,
36,73,,FALSE,Female,,Graduate,
36,90,,FALSE,Female,,Graduate,
36,94,,FALSE,Female,,Graduate,
35,68,,FALSE,Female,,Graduate,
35,60,,FALSE,Female,,Graduate,
35,52,,FALSE,Male,,Graduate,
35,53,,FALSE,Female,,Graduate,
37,55,,FALSE,Female,,Graduate,
37,46,,FALSE,Female,,Graduate,
35,17,,FALSE,Female,,Graduate,
36,51,,FALSE,Male,,Graduate,
35,54,,FALSE,Female,,Graduate,
35,44,,FALSE,Male,,Graduate,
35,86,,FALSE,Male,,Graduate,
35,94,,FALSE,Male,,Graduate,
37,43,,FALSE,Female,,Graduate,
37,44,,FALSE,Female,,Graduate,
36,44,,FALSE,Male,,Graduate,
36,35,,FALSE,Male,,Graduate,
36,75,,FALSE,Female,,Graduate,
36,72,,FALSE,Female,,Graduate,
37,86,,FALSE,Male,,Graduate,
36,92,,FALSE,Male,,Graduate,
35,78,,FALSE,Male,,Graduate,
35,79,,FALSE,Male,,Graduate,
36,76,,FALSE,Male,,Graduate,
36,81,,FALSE,Male,,Graduate,
36,73,,FALSE,Male,,Graduate,
36,72,,FALSE,Male,,Graduate,
36,89,,FALSE,Female,,Graduate,
36,90,,FALSE,Female,,Graduate,
35,60,,FALSE,Female,,Graduate,
35,61,,FALSE,Male,,Graduate,
36,49,,FALSE,Female,,Graduate,
36,62,,FALSE,Female,,Graduate,
36,54,,FALSE,Male,,Graduate,
36,51,,FALSE,Female,,Graduate,
36,0,,FALSE,Male,,Graduate,
36,0,,FALSE,Female,,Graduate,
36,15,,FALSE,Male,,Graduate,
36,16,,FALSE,Male,,Graduate,
35,0,,FALSE,Female,,Graduate,
35,7,,FALSE,Female,,Graduate,
36,75,,FALSE,Male,,Graduate,
36,74,,FALSE,Male,,Graduate,
36,67,,FALSE,Male,,Graduate,
36,75,,FALSE,Male,,Graduate,
36,73,,FALSE,Female,,Graduate,
36,72,,FALSE,Male,,Graduate,
36,57,,FALSE,Male,,Graduate,
35,48,,FALSE,Female,,Graduate,
36,96,,FALSE,Female,,Graduate,
36,97,,FALSE,Female,,Graduate,
36,0,,FALSE,Female,,Graduate,
36,0,,FALSE,Male,,Graduate,
36,83,,FALSE,Female,,Graduate,
36,83,,FALSE,Female,,Graduate,
35,49,,FALSE,Female,,Graduate,
35,0,,FALSE,Female,,Graduate,
36,58,,FALSE,Female,,Graduate,
36,56,,FALSE,Female,,Graduate,
36,77,,FALSE,Female,,Graduate,
36,77,,FALSE,Male,,Graduate,
36,74,,FALSE,Female,,Graduate,
36,41,,FALSE,Male,,Graduate,
36,64,,FALSE,Female,,Graduate,
36,65,,FALSE,Male,,Graduate,
34,50,,FALSE,Female,,Graduate,
36,23,,FALSE,Male,,Graduate,
36,84,,FALSE,Male,,Graduate,
36,85,,FALSE,Female,,Graduate,
36,19,,FALSE,Male,,Graduate,
37,17,,FALSE,Male,,Graduate,
35,90,,FALSE,Male,,Graduate,
35,88,,FALSE,Male,,Graduate,
36,76,,FALSE,Female,,Graduate,
37,76,,FALSE,Female,,Graduate,
37,0,,FALSE,Female,,Graduate,
37,0,,FALSE,Female,,Graduate,
35,55,,FALSE,Male,,Graduate,
35,48,,FALSE,Male,,Graduate,
38,42,,FALSE,Male,,Graduate,
38,47,,FALSE,Female,,Graduate,
35,87,,FALSE,Male,,Graduate,
35,95,,FALSE,Male,,Graduate,
36,85,,FALSE,Female,,Graduate,
36,90,,FALSE,Male,,Graduate,
36,48,,FALSE,Female,,Graduate,
36,46,,FALSE,Female,,Graduate,
35,9,,FALSE,Male,,Graduate,
35,8,,FALSE,Male,,Graduate,
35,41,,FALSE,Male,,Graduate,
35,50,,FALSE,Male,,Graduate,
37,65,,FALSE,Female,,Graduate,
36,66,,FALSE,Male,,Graduate,
36,75,,FALSE,Male,,Graduate,
36,78,,FALSE,Female,,Graduate,
35,78,,FALSE,Female,,Graduate,
35,78,,FALSE,Female,,Graduate,
36,70,,FALSE,Female,,Graduate,
36,70,,FALSE,Male,,Graduate,
36,91,,FALSE,Female,,Graduate,
36,66,,FALSE,Female,,Graduate,
36,46,,FALSE,Male,,Graduate,
36,39,,FALSE,Female,,Graduate,
36,78,,FALSE,Male,,Graduate,
36,95,,FALSE,Male,,Graduate,
36,58,,FALSE,Male,,Graduate,
36,70,,FALSE,Female,,Graduate,
36,81,,FALSE,Female,,Graduate,
36,80,,FALSE,Female,,Graduate,
35,67,,FALSE,Male,,Graduate,
35,76,,FALSE,Female,,Graduate,
36,58,,FALSE,Male,,Graduate,
35,65,,FALSE,Male,,Graduate,
35,81,,FALSE,Male,,Graduate,
35,80,,FALSE,Female,,Graduate,
36,0,,FALSE,Male,,Graduate,
36,90,,FALSE,Male,,Graduate,
36,96,,FALSE,Female,,Graduate,
36,84,,FALSE,Male,,Graduate,
36,90,,FALSE,Male,,Graduate,
36,85,,FALSE,Female,,Graduate,
36,77,,FALSE,Female,,Graduate,
36,80,,FALSE,Female,,Graduate,
36,87,,FALSE,Male,,Graduate,
36,86,,FALSE,Male,,Graduate,
36,84,,FALSE,Male,,Graduate,
36,72,,FALSE,Female,,Graduate,
36,75,,FALSE,Male,,Graduate,
36,75,,FALSE,Male,,Graduate,
36,73,,FALSE,Male,,Graduate,
36,73,,FALSE,Male,,Graduate,
36,95,,FALSE,Male,,Graduate,
36,98,,FALSE,Female,,Graduate,
36,60,,FALSE,Male,,Graduate,
36,61,,FALSE,Male,,Graduate,
35,50,,FALSE,Male,,Graduate,
35,77,,FALSE,Male,,Graduate,
36,77,,FALSE,Male,,Graduate,
36,77,,FALSE,Female,,Graduate,
36,68,,FALSE,Female,,Graduate,
36,72,,FALSE,Female,,Graduate,
35,64,,FALSE,Female,,Graduate,
35,61,,FALSE,Female,,Graduate,
43,56,,FALSE,Male,,Graduate,
43,61,,FALSE,Male,,Graduate,
36,75,,FALSE,Female,,Graduate,
36,67,,FALSE,Male,,Graduate,
35,97,,FALSE,Male,,Graduate,
35,99,,FALSE,Male,,Graduate,
36,0,,FALSE,Male,,Graduate,
36,30,,FALSE,Male,,Graduate,
36,67,,FALSE,Female,,Graduate,
36,72,,FALSE,Female,,Graduate,
35,93,,FALSE,Female,,Graduate,
35,95,,FALSE,Female,,Graduate,
36,64,,FALSE,Male,,Graduate,
36,76,,FALSE,Female,,Graduate,
36,77,,FALSE,Female,,Graduate,
35,71,,FALSE,Male,,Graduate,
36,90,,FALSE,Female,,Graduate,
36,84,,FALSE,Female,,Graduate,
35,87,,FALSE,Female,,Graduate,
35,91,,FALSE,Female,,Graduate,
35,19,,FALSE,Male,,Graduate,
35,20,,FALSE,Male,,Graduate,
35,65,,FALSE,Female,,Graduate,
35,67,,FALSE,Female,,Graduate,
36,0,,FALSE,Female,,Graduate,
36,0,,FALSE,Female,,Graduate,
36,51,,FALSE,Male,,Graduate,
36,47,,FALSE,Male,,Graduate,
35,49,,FALSE,Male,,Graduate,
35,85,,FALSE,Female,,Graduate,
36,68,,FALSE,Male,,Graduate,
36,61,,FALSE,Male,,Graduate,
36,76,,FALSE,Female,,Graduate,
36,76,,FALSE,Female,,Graduate,
35,0,,FALSE,Female,,Graduate,
36,77,,FALSE,Female,,Graduate,
36,93,,FALSE,Male,,Graduate,
36,88,,FALSE,Male,,Graduate,
36,61,,FALSE,Female,,Graduate,
36,55,,FALSE,Male,,Graduate,
34,26,,FALSE,Female,,Graduate,
34,26,,FALSE,Female,,Graduate,
35,76,,FALSE,Female,,Graduate,
35,9,,FALSE,Female,,Graduate,
36,81,,FALSE,Male,,Graduate,
36,85,,FALSE,Male,,Graduate,
35,29,,FALSE,Female,,Graduate,
36,30,,FALSE,Female,,Graduate,
36,66,,FALSE,Male,,Graduate,
36,48,,FALSE,Male,,Graduate,
36,42,,FALSE,Male,,Graduate,
36,46,,FALSE,Female,,Graduate,
36,81,,FALSE,Female,,Graduate,
38,89,,FALSE,Female,,Graduate,
36,69,,FALSE,Female,,Graduate,
36,75,,FALSE,Female,,Graduate,
36,3,,FALSE,Male,,Graduate,
36,9,,FALSE,Female,,Graduate,
35,99,,FALSE,Female,,Graduate,
36,97,,FALSE,Male,,Graduate,
35,0,,FALSE,Female,,Graduate,
35,0,,FALSE,Male,,Graduate,
36,87,,FALSE,Female,,Graduate,
36,90,,FALSE,Female,,Graduate,
35,77,,FALSE,Male,,Graduate,
35,77,,FALSE,Male,,Graduate,
35,0,,FALSE,Male,,Graduate,
35,63,,FALSE,Female,,Graduate,
36,68,,FALSE,Female,,Graduate,
36,69,,FALSE,Female,,Graduate,
36,44,,FALSE,Male,,Graduate,
36,58,,FALSE,Female,,Graduate,
36,65,,FALSE,Male,,Graduate,
36,57,,FALSE,Male,,Graduate,
35,85,,FALSE,Female,,Graduate,
35,82,,FALSE,Female,,Graduate,
36,81,,FALSE,Female,,Graduate,
36,79,,FALSE,Female,,Graduate,
36,0,,FALSE,Male,,Graduate,
36,0,,FALSE,Male,,Graduate,
35,0,,FALSE,Male,,Graduate,
35,75,,FALSE,Female,,Graduate,
37,58,,FALSE,Female,,Graduate,
37,61,,FALSE,Female,,Graduate,
35,39,,FALSE,Male,,Graduate,
35,0,,FALSE,Male,,Graduate,
37,23,,FALSE,Male,,Graduate,
37,41,,FALSE,Female,,Graduate,
35,50,,FALSE,Female,,Graduate,
35,50,,FALSE,Female,,Graduate,
36,23,,FALSE,Female,,Graduate,
36,30,,FALSE,Male,,Graduate,
35,95,,FALSE,Female,,Graduate,
36,95,,FALSE,Female,,Graduate,
36,52,,FALSE,Male,,Graduate,
36,44,,FALSE,Female,,Graduate,
36,93,,FALSE,Female,,Graduate,
36,95,,FALSE,Female,,Graduate,
35,89,,FALSE,Female,,Graduate,
35,95,,FALSE,Female,,Graduate,
37,35,,FALSE,Male,,Graduate,
37,46,,FALSE,Male,,Graduate,
36,24,,FALSE,Male,,Graduate,
36,27,,FALSE,Male,,Graduate,
35,56,,FALSE,Male,,Graduate,
35,57,,FALSE,Male,,Graduate,
35,41,,FALSE,Male,,Graduate,
35,61,,FALSE,Male,,Graduate,
35,54,,FALSE,Male,,Graduate,
35,51,,FALSE,Male,,Graduate,
36,53,,FALSE,Female,,Graduate,
36,63,,FALSE,Female,,Graduate,
35,71,,FALSE,Female,,Graduate,
35,77,,FALSE,Female,,Graduate,
35,64,,FALSE,Female,,Graduate,
35,61,,FALSE,Female,,Graduate,
35,100,,FALSE,Male,,Graduate,
35,100,,FALSE,Male,,Graduate,
36,83,,FALSE,Female,,Graduate,
36,85,,FALSE,Male,,Graduate,
36,82,,FALSE,Female,,Graduate,
36,66,,FALSE,Male,,Graduate,
36,78,,FALSE,Female,,Graduate,
36,87,,FALSE,Female,,Graduate,
35,70,,FALSE,Male,,Graduate,
35,68,,FALSE,Male,,Graduate,
35,89,,FALSE,Female,,Graduate,
35,87,,FALSE,Female,,Graduate,
35,69,,FALSE,Female,,Graduate,
35,72,,FALSE,Female,,Graduate,
35,88,,FALSE,Male,,Graduate,
35,96,,FALSE,Female,,Graduate,
36,58,,FALSE,Female,,Graduate,
36,55,,FALSE,Female,,Graduate,
36,64,,FALSE,Female,,Graduate,
36,46,,FALSE,Female,,Graduate,
36,48,,FALSE,Male,,Graduate,
36,58,,FALSE,Male,,Graduate,
41,14,,FALSE,Female,,Graduate,
36,33,,FALSE,Female,,Graduate,
34,29,,FALSE,Male,,Graduate,
34,26,,FALSE,Male,,Graduate,
37,0,,FALSE,Male,,Graduate,
37,44,,FALSE,Male,,Graduate,
36,0,,FALSE,Male,,Graduate,
36,63,,FALSE,Female,,Graduate,
35,66,,FALSE,Male,,Graduate,
35,67,,FALSE,Male,,Graduate,
36,90,,FALSE,Male,,Graduate,
36,97,,FALSE,Male,,Graduate,
35,76,,FALSE,Female,,Graduate,
35,74,,FALSE,Female,,Graduate,
36,7,,FALSE,Female,,Graduate,
36,6,,FALSE,Female,,Graduate,
38,79,,FALSE,Female,,Graduate,
38,70,,FALSE,Female,,Graduate,
36,44,,FALSE,Female,,Graduate,
36,44,,FALSE,Female,,Graduate,
36,69,,FALSE,Male,,Graduate,
36,69,,FALSE,Male,,Graduate,
36,88,,FALSE,Male,,Graduate,
36,78,,FALSE,Male,,Graduate,
36,0,,FALSE,Female,,Graduate,
35,0,,FALSE,Female,,Graduate,
36,93,,FALSE,Female,,Graduate,
36,95,,FALSE,Female,,Graduate,
39,80,,FALSE,Female,,Graduate,
39,79,,FALSE,Male,,Graduate,
36,58,,FALSE,Female,,Graduate,
36,58,,FALSE,Female,,Graduate,
36,10,,FALSE,Male,,Graduate,
36,54,,FALSE,Female,,Graduate,
38,46,,FALSE,Female,,Graduate,
38,47,,FALSE,Female,,Graduate,
35,55,,FALSE,Male,,Graduate,
35,63,,FALSE,Male,,Graduate,
36,20,,FALSE,Female,,Graduate,
36,46,,FALSE,Male,,Graduate,
36,0,,FALSE,Male,,Graduate,
36,76,,FALSE,Male,,Graduate,
35,61,,FALSE,Male,,Graduate,
35,42,,FALSE,Male,,Graduate,
35,84,,FALSE,Male,,Graduate,
35,77,,FALSE,Female,,Graduate,
35,0,,FALSE,Female,,Graduate,
35,56,,FALSE,Male,,Graduate,
36,74,,FALSE,Male,,Graduate,
36,71,,FALSE,Male,,Graduate,
36,0,,FALSE,Male,,Graduate,
36,21,,FALSE,Female,,Graduate,
36,71,,FALSE,Female,,Graduate,
36,65,,FALSE,Male,,Graduate,
36,0,,FALSE,Female,,Graduate,
36,0,,FALSE,Male,,Graduate,
36,40,,FALSE,Male,,Graduate,
36,63,,FALSE,Male,,Graduate,
36,85,,FALSE,Male,,Graduate,
36,87,,FALSE,Male,,Graduate,
35,100,,FALSE,Male,,Graduate,
35,76,,FALSE,Female,,Graduate,
36,87,,FALSE,Female,,Graduate,
36,83,,FALSE,Female,,Graduate,
36,14,,FALSE,Male,,Graduate,
36,14,,FALSE,Female,,Graduate,
34,30,,FALSE,Male,,Graduate,
34,32,,FALSE,Female,,Graduate,
36,94,,FALSE,Female,,Graduate,
36,93,,FALSE,Female,,Graduate,
36,83,,FALSE,Male,,Graduate,
36,77,,FALSE,Male,,Graduate,
36,70,,FALSE,Male,,Graduate,
36,82,,FALSE,Female,,Graduate,
35,66,,FALSE,Female,,Graduate,
35,67,,FALSE,Female,,Graduate,
35,68,,FALSE,Female,,Graduate,
35,78,,FALSE,Male,,Graduate,
35,74,,FALSE,Male,,Graduate,
35,74,,FALSE,Male,,Graduate,
35,99,,FALSE,Male,,Graduate,
36,80,,FALSE,Male,,Graduate,
36,88,,FALSE,Female,,Graduate,
36,90,,FALSE,Female,,Graduate,
36,27,,FALSE,Female,,Graduate,
35,35,,FALSE,Male,,Graduate,
36,43,,FALSE,Male,,Graduate,
35,48,,FALSE,Male,,Graduate,
35,100,,FALSE,Male,,Graduate,
35,99,,FALSE,Male,,Graduate,
44,91,,FALSE,Female,,Graduate,
35,0,,FALSE,Female,,Graduate,
35,100,,FALSE,Male,,Graduate,
35,100,,FALSE,Female,,Graduate,
35,85,,FALSE,Female,,Graduate,
35,89,,FALSE,Female,,Graduate,
35,78,,FALSE,Male,,Graduate,
36,89,,FALSE,Male,,Graduate,
36,92,,FALSE,Female,,Graduate,
36,77,,FALSE,Female,,Graduate,
36,78,,FALSE,Female,,Graduate,
36,10,,FALSE,Female,,Graduate,
36,74,,FALSE,Female,,Graduate,
36,61,,FALSE,Female,,Graduate,
36,0,,FALSE,Male,,Graduate,
35,71,,FALSE,Female,,Graduate,
35,72,,FALSE,Female,,Graduate,
38,70,,FALSE,Female,,Graduate,
38,58,,FALSE,Female,,Graduate,
35,56,,FALSE,Female,,Graduate,
35,48,,FALSE,Male,,Graduate,
36,86,,FALSE,Male,,Graduate,
36,78,,FALSE,Male,,Graduate,
36,90,,FALSE,Male,,Graduate,
36,90,,FALSE,Male,,Graduate,
36,87,,FALSE,Female,,Graduate,
36,87,,FALSE,Female,,Graduate,
36,81,,FALSE,Male,,Graduate,
36,79,,FALSE,Male,,Graduate,
36,78,,FALSE,Male,,Graduate,
36,75,,FALSE,Male,,Graduate,
36,79,,FALSE,Female,,Graduate,
35,68,,FALSE,Male,,Graduate,
35,52,,FALSE,Female,,Graduate,
35,67,,FALSE,Male,,Graduate,
36,55,,FALSE,Male,,Graduate,
35,66,,FALSE,Male,,Graduate,
37,89,,FALSE,Female,,Graduate,
36,88,,FALSE,Male,,Graduate,
35,73,,FALSE,Male,,Graduate,
35,76,,FALSE,Female,,Graduate,
36,90,,FALSE,Female,,Graduate,
36,89,,FALSE,Female,,Graduate,
35,77,,FALSE,Female,,Graduate,
35,75,,FALSE,Male,,Graduate,
36,78,,FALSE,Female,,Graduate,
36,71,,FALSE,Female,,Graduate,
39,68,,FALSE,Male,,Graduate,
38,0,,FALSE,Female,,Graduate,
36,62,,FALSE,Female,,Graduate,
36,53,,FALSE,Female,,Graduate,
36,95,,FALSE,Female,,Graduate,
36,95,,FALSE,Female,,Graduate,
36,21,,FALSE,Male,,Graduate,
36,41,,FALSE,Female,,Graduate,
37,74,,FALSE,Female,,Graduate,
37,74,,FALSE,Female,,Graduate,
35,59,,FALSE,Male,,Graduate,
35,56,,FALSE,Male,,Graduate,
36,89,,FALSE,Female,,Graduate,
36,93,,FALSE,Female,,Graduate,
35,82,,FALSE,Female,,Graduate,
35,85,,FALSE,Female,,Graduate,
35,60,,FALSE,Male,,Graduate,
35,57,,FALSE,Male,,Graduate,
37,52,,FALSE,Male,,Graduate,
37,56,,FALSE,Male,,Graduate,
37,39,,FALSE,Male,,Graduate,
37,63,,FALSE,Male,,Graduate,
35,84,,FALSE,Male,,Graduate,
36,80,,FALSE,Female,,Graduate,
36,95,,FALSE,Male,,None,
36,89,,FALSE,Male,,None,
34,93,,FALSE,Female,,None,
35,91,,FALSE,Female,,None,
35,46,,FALSE,Female,,None,
35,53,,FALSE,Female,,None,
34,30,,FALSE,Male,,None,
36,61,,FALSE,Male,,None,
36,57,,FALSE,Male,,None,
36,87,,FALSE,Male,,None,
36,16,,FALSE,Male,,None,
36,24,,FALSE,Male,,None,
36,52,,FALSE,Female,,None,
36,52,,FALSE,Female,,None,
39,81,,FALSE,Female,,None,
39,78,,FALSE,Male,,None,
37,70,,FALSE,Male,,None,
37,74,,FALSE,Male,,None,
36,73,,FALSE,Female,,None,
35,76,,FALSE,Female,,None,
36,26,,FALSE,Female,,None,
36,29,,FALSE,Male,,None,
36,64,,FALSE,Male,,None,
36,71,,FALSE,Male,,None,
35,54,,FALSE,Male,,None,
35,52,,FALSE,Female,,None,
35,67,,FALSE,Female,,None,
35,63,,FALSE,Male,,None,
36,55,,FALSE,Female,,None,
36,38,,FALSE,Female,,None,
36,26,,FALSE,Male,,None,
36,26,,FALSE,Male,,None,
35,83,,FALSE,Female,,None,
35,0,,FALSE,Female,,None,
36,20,,FALSE,Male,,None,
36,52,,FALSE,Male,,None,
36,2,,FALSE,Male,,None,
36,2,,FALSE,Male,,None,
36,99,,FALSE,Male,,None,
36,99,,FALSE,Male,,None,
39,25,,FALSE,Female,,None,
39,23,,FALSE,Female,,None,
36,89,,FALSE,Female,,None,
36,79,,FALSE,Female,,None,
35,22,,FALSE,Male,,None,
35,41,,FALSE,Female,,None,
36,53,,FALSE,Female,,None,
36,28,,FALSE,Female,,None,
35,30,,FALSE,Female,,None,
35,23,,FALSE,Male,,None,
35,32,,FALSE,Female,,None,
35,33,,FALSE,Female,,None,
34,0,,FALSE,Female,,None,
34,0,,FALSE,Female,,None,
35,88,,FALSE,Male,,None,
35,85,,FALSE,Female,,None,
37,70,,FALSE,Male,,None,
37,73,,FALSE,Female,,None,
37,45,,FALSE,Male,,None,
35,0,,FALSE,Female,,None,
36,100,,FALSE,Female,,None,
36,100,,FALSE,Female,,None,
35,53,,FALSE,Male,,None,
35,51,,FALSE,Male,,None,
34,0,,FALSE,Female,,None,
34,0,,FALSE,Female,,None,
36,44,,FALSE,Female,,None,
36,53,,FALSE,Female,,None,
35,21,,FALSE,Female,,None,
35,20,,FALSE,Female,,None,
34,20,,FALSE,Female,,None,
34,37,,FALSE,Female,,None,
36,62,,FALSE,Female,,None,
36,33,,FALSE,Male,,None,
40,11,,FALSE,Female,,None,
38,6,,FALSE,Male,,None,
44,8,,FALSE,Male,,None,
37,7,,FALSE,Female,,None,
34,1,,FALSE,Female,,None,
34,0,,FALSE,Female,,None,
36,0,,FALSE,Male,,None,
36,93,,FALSE,Male,,None,
35,45,,FALSE,Female,,None,
35,44,,FALSE,Male,,None,
36,100,,FALSE,Male,,None,
36,97,,FALSE,Female,,None,
37,92,,FALSE,Male,,None,
37,92,,FALSE,Female,,None,
35,81,,FALSE,Female,,None,
35,85,,FALSE,Female,,None,
36,65,,FALSE,Female,,None,
36,72,,FALSE,Female,,None,
35,0,,FALSE,Male,,None,
35,37,,FALSE,Female,,None,
35,91,,FALSE,Female,,None,
35,88,,FALSE,Female,,None,
36,9,,FALSE,Male,,None,
35,36,,FALSE,Male,,None,
35,37,,FALSE,Female,,None,
35,27,,FALSE,Female,,None,
35,15,,FALSE,Male,,None,
35,99,,FALSE,Female,,None,
35,70,,FALSE,Male,,None,
35,72,,FALSE,Male,,None,
35,97,,FALSE,Female,,None,
35,96,,FALSE,Female,,None,
35,67,,FALSE,Male,,None,
35,67,,FALSE,Female,,None,
36,70,,FALSE,Female,,None,
36,65,,FALSE,Male,,None,
36,23,,FALSE,Male,,None,
36,22,,FALSE,Male,,None,
38,16,,FALSE,Female,,None,
38,18,,FALSE,Female,,None,
34,95,,FALSE,Male,,None,
34,0,,FALSE,Male,,None,
36,86,,FALSE,Female,,None,
36,87,,FALSE,Male,,None,
35,100,,FALSE,Female,,None,
35,100,,FALSE,Female,,None,
35,63,,FALSE,Female,,None,
35,73,,FALSE,Male,,None,
36,85,,FALSE,Male,,None,
36,86,,FALSE,Female,,None,
35,81,,FALSE,Female,,None,
35,88,,FALSE,Male,,None,
36,0,,FALSE,Male,,None,
36,74,,FALSE,Male,,None,
36,27,,FALSE,Male,,None,
36,3,,FALSE,Male,,None,
35,58,,FALSE,Male,,None,
35,58,,FALSE,Male,,None,
35,69,,FALSE,Female,,None,
35,71,,FALSE,Female,,None,
35,97,,FALSE,Female,,None,
35,90,,FALSE,Male,,None,
35,42,,FALSE,Female,,None,
35,42,,FALSE,Female,,None,
36,100,,FALSE,Female,,None,
36,60,,FALSE,Male,,None,
35,28,,FALSE,Male,,None,
35,28,,FALSE,Male,,None,
35,2,,FALSE,Male,,None,
35,2,,FALSE,Male,,None,
36,45,,FALSE,Female,,None,
36,38,,FALSE,Female,,None,
36,46,,FALSE,Male,,None,
36,49,,FALSE,Female,,None,
35,58,,FALSE,Female,,None,
35,52,,FALSE,Female,,None,
36,62,,FALSE,Male,,None,
36,63,,FALSE,Female,,None,
36,36,,FALSE,Female,,None,
36,33,,FALSE,Female,,None,
35,47,,FALSE,Female,,None,
35,62,,FALSE,Male,,None,
35,11,,FALSE,Male,,None,
35,30,,FALSE,Male,,None,
35,2,,FALSE,Female,,None,
35,2,,FALSE,Female,,None,
36,64,,FALSE,Female,,None,
36,62,,FALSE,Male,,None,
35,19,,FALSE,Male,,None,
35,23,,FALSE,Male,,None,
35,0,,FALSE,Female,,None,
35,0,,FALSE,Female,,None,
35,63,,FALSE,Female,,None,
35,69,,FALSE,Female,,None,
36,71,,FALSE,Female,,None,
36,71,,FALSE,Female,,None,
35,0,,FALSE,Female,,None,
35,0,,FALSE,Female,,None,
35,82,,FALSE,Male,,None,
35,80,,FALSE,Male,,None,
36,90,,FALSE,Female,,None,
36,91,,FALSE,Female,,None,
35,89,,FALSE,Male,,None,
35,92,,FALSE,Female,,None,
36,64,,FALSE,Female,,None,
36,63,,FALSE,Female,,None,
35,30,,FALSE,Female,,None,
35,39,,FALSE,Male,,None,
36,2,,FALSE,Male,,None,
36,41,,FALSE,Female,,None,
35,89,,FALSE,Male,,None,
35,96,,FALSE,Male,,None,
35,79,,FALSE,Female,,None,
35,94,,FALSE,Male,,None,
35,56,,FALSE,Female,,None,
35,49,,FALSE,Female,,None,
36,43,,FALSE,Male,,None,
36,58,,FALSE,Female,,None,
34,39,,FALSE,Male,,None,
34,36,,FALSE,Male,,None,
35,68,,FALSE,Female,,None,
35,54,,FALSE,Female,,None,
36,48,,FALSE,Male,,None,
36,48,,FALSE,Female,,None,
34,77,,FALSE,Male,,None,
34,0,,FALSE,Male,,None,
35,95,,FALSE,Female,,None,
35,97,,FALSE,Female,,None,
36,51,,FALSE,Male,,None,
36,65,,FALSE,Male,,None,
35,42,,FALSE,Male,,None,
34,42,,FALSE,Female,,None,
37,24,,FALSE,Male,,None,
37,34,,FALSE,Male,,None,
36,88,,FALSE,Female,,None,
36,94,,FALSE,Female,,None,
34,34,,FALSE,Female,,None,
34,40,,FALSE,Female,,None,
38,4,,FALSE,Male,,None,
38,8,,FALSE,Male,,None,
35,0,,FALSE,Male,,None,
35,0,,FALSE,Male,,None,
35,81,,FALSE,Female,,None,
35,81,,FALSE,Female,,None,
36,100,,FALSE,Female,,None,
35,100,,FALSE,Female,,None,
36,73,,FALSE,Female,,None,
36,73,,FALSE,Female,,None,
35,16,,FALSE,Male,,None,
35,18,,FALSE,Female,,None,
36,41,,FALSE,Male,,None,
35,37,,FALSE,Female,,None,
34,100,,FALSE,Female,,None,
34,100,,FALSE,Female,,None,
35,100,,FALSE,Female,,None,
35,100,,FALSE,Female,,None,
37,22,,FALSE,Female,,None,
37,23,,FALSE,Male,,None,
38,0,,FALSE,Male,,None,
38,73,,FALSE,Male,,None,
37,53,,FALSE,Male,,None,
37,52,,FALSE,Male,,None,
37,100,,FALSE,Female,,None,
36,100,,FALSE,Female,,None,
37,100,,FALSE,Female,,None,
37,94,,FALSE,Female,,None,
36,64,,FALSE,Female,,None,
36,64,,FALSE,Female,,None,
34,100,,FALSE,Female,,None,
34,93,,FALSE,Female,,None,
35,47,,FALSE,Female,,None,
35,46,,FALSE,Female,,None,
35,84,,FALSE,Female,,None,
35,99,,FALSE,Male,,None,
35,26,,FALSE,Male,,None,
35,14,,FALSE,Female,,None,
35,78,,FALSE,Male,,None,
35,84,,FALSE,Male,,None,
35,100,,FALSE,Female,,None,
35,100,,FALSE,Male,,None,
36,100,,FALSE,Female,,None,
37,100,,FALSE,Female,,None,
36,73,,FALSE,Female,,None,
36,78,,FALSE,Male,,None,
35,60,,FALSE,Male,,None,
35,50,,FALSE,Female,,None,
36,33,,FALSE,Male,,None,
36,0,,FALSE,Male,,None,
36,70,,FALSE,Male,,None,
36,84,,FALSE,Male,,None,
35,11,,FALSE,Male,,None,
35,12,,FALSE,Male,,None,
38,89,,FALSE,Female,,None,
38,86,,FALSE,Female,,None,
35,96,,FALSE,Male,,None,
35,96,,FALSE,Male,,None,
35,57,,FALSE,Female,,None,
35,87,,FALSE,Female,,None,
35,62,,FALSE,Male,,None,
35,62,,FALSE,Male,,None,
34,100,,FALSE,Male,,None,
34,100,,FALSE,Male,,None,
35,58,,FALSE,Male,,None,
35,37,,FALSE,Male,,None,
34,98,,FALSE,Male,,None,
34,86,,FALSE,Female,,None,
36,33,,FALSE,Female,,None,
36,23,,FALSE,Female,,None,
35,94,,FALSE,Female,,None,
35,0,,FALSE,Female,,None,
35,0,,FALSE,Male,,None,
35,0,,FALSE,Male,,None,
36,90,,FALSE,Male,,None,
36,86,,FALSE,Female,,None,
36,99,,FALSE,Female,,None,
36,99,,FALSE,Female,,None,
40,92,,FALSE,Male,,None,
40,88,,FALSE,Female,,None,
34,100,,FALSE,Male,,None,
34,100,,FALSE,Male,,None,
35,86,,FALSE,Female,,None,
35,85,,FALSE,Female,,None,
37,33,,FALSE,Male,,None,
37,44,,FALSE,Female,,None,
35,0,,FALSE,Female,,None,
35,0,,FALSE,Male,,None,
35,65,,FALSE,Male,,None,
35,66,,FALSE,Male,,None,
34,100,,FALSE,Female,,None,
38,100,,FALSE,Male,,None,
35,25,,FALSE,Female,,None,
35,23,,FALSE,Female,,None,
36,73,,FALSE,Male,,None,
36,73,,FALSE,Male,,None,
36,96,,FALSE,Female,,None,
36,98,,FALSE,Female,,None,
35,81,,FALSE,Male,,None,
35,89,,FALSE,Male,,None,
35,93,,FALSE,Male,,None,
35,87,,FALSE,Male,,None,
34,81,,FALSE,Female,,None,
34,45,,FALSE,Female,,None,
35,33,,FALSE,Male,,None,
36,35,,FALSE,Male,,None,
34,91,,FALSE,Female,,None,
34,90,,FALSE,Female,,None,
36,25,,FALSE,Male,,None,
36,32,,FALSE,Male,,None,
35,51,,FALSE,Male,,None,
35,49,,FALSE,Male,,None,
37,8,,FALSE,Male,,None,
37,12,,FALSE,Female,,None,
36,39,,FALSE,Female,,None,
36,48,,FALSE,Female,,None,
35,71,,FALSE,Female,,None,
39,75,,FALSE,Female,,None,
38,80,,FALSE,Male,,None,
38,78,,FALSE,Male,,None,
35,100,,FALSE,Male,,None,
38,95,,FALSE,Female,,None,
34,71,,FALSE,Male,,None,
35,71,,FALSE,Male,,None,
35,77,,FALSE,Female,,None,
35,74,,FALSE,Female,,None,
37,25,,FALSE,Male,,None,
37,16,,FALSE,Male,,None,
35,99,,FALSE,Female,,None,
36,68,,FALSE,Female,,None,
37,68,,FALSE,Male,,None,
37,79,,FALSE,Male,,None,
37,100,,FALSE,Male,,None,
37,100,,FALSE,Female,,None,
36,38,,FALSE,Female,,None,
36,36,,FALSE,Female,,None,
35,99,,FALSE,Female,,None,
35,97,,FALSE,Female,,None,
35,32,,FALSE,Female,,None,
35,33,,FALSE,Female,,None,
35,92,,FALSE,Female,,None,
35,93,,FALSE,Female,,None,
35,80,,FALSE,Female,,None,
35,79,,FALSE,Male,,None,
36,76,,FALSE,Male,,None,
36,65,,FALSE,Male,,None,
35,13,,FALSE,Male,,None,
35,13,,FALSE,Female,,None,
34,17,,FALSE,Male,,None,
37,0,,FALSE,Female,,None,
34,13,,FALSE,Male,,None,
34,13,,FALSE,Male,,None,
35,33,,FALSE,Male,,None,
35,42,,FALSE,Male,,None,
35,82,,FALSE,Male,,None,
35,78,,FALSE,Female,,None,
35,73,,FALSE,Female,,None,
35,75,,FALSE,Female,,None,
35,45,,FALSE,Female,,None,
36,47,,FALSE,Male,,None,
35,14,,FALSE,Male,,None,
35,19,,FALSE,Female,,None,
35,0,,FALSE,Female,,None,
35,0,,FALSE,Female,,None,
35,32,,FALSE,Male,,None,
36,32,,FALSE,Male,,None,
36,96,,FALSE,Male,,None,
36,94,,FALSE,Female,,None,
35,0,,FALSE,Male,,None,
35,0,,FALSE,Male,,None,
35,30,,FALSE,Male,,None,
35,30,,FALSE,Male,,None,
35,4,,FALSE,Male,,None,
35,0,,FALSE,Female,,None,
36,100,,FALSE,Female,,None,
36,100,,FALSE,Female,,None,
35,65,,FALSE,Female,,None,
35,67,,FALSE,Male,,None,
37,100,,FALSE,Male,,None,
37,100,,FALSE,Male,,None,
36,91,,FALSE,Female,,None,
36,90,,FALSE,Female,,None,
36,50,,FALSE,Female,,None,
36,36,,FALSE,Female,,None,
36,66,,FALSE,Female,,None,
36,40,,FALSE,Male,,None,
34,100,,FALSE,Male,,None,
34,99,,FALSE,Female,,None,
36,59,,FALSE,Female,,None,
36,73,,FALSE,Female,,None,
36,11,,FALSE,Male,,None,
35,73,,FALSE,Female,,None,
35,88,,FALSE,Female,,None,
35,78,,FALSE,Male,,None,
35,80,,FALSE,Male,,None,
35,83,,FALSE,Male,,None,
35,50,,FALSE,Female,,None,
35,42,,FALSE,Female,,None,
36,100,,FALSE,Male,,None,
36,100,,FALSE,Female,,None,
36,78,,FALSE,Male,,None,
36,78,,FALSE,Female,,None,
34,9,,FALSE,Female,,None,
34,19,,FALSE,Female,,None,
36,73,,FALSE,Female,,None,
40,65,,FALSE,Female,,None,
35,60,,FALSE,Female,,None,
35,76,,FALSE,Female,,None,
35,74,,FALSE,Male,,None,
35,0,,FALSE,Female,,None,
34,57,,FALSE,Female,,None,
34,68,,FALSE,Female,,None,
36,1,,FALSE,Female,,None,
36,1,,FALSE,Female,,None,
36,32,,FALSE,Male,,None,
36,20,,FALSE,Female,,None,
35,98,,FALSE,Female,,None,
35,97,,FALSE,Male,,None,
36,11,,FALSE,Female,,None,
36,0,,FALSE,Female,,None,
36,55,,FALSE,Male,,None,
36,58,,FALSE,Female,,None,
34,68,,FALSE,Female,,None,
34,66,,FALSE,Male,,None,
35,52,,FALSE,Male,,None,
35,57,,FALSE,Male,,None,
36,25,,FALSE,Female,,None,
36,25,,FALSE,Female,,None,
41,100,,FALSE,Female,,None,
41,99,,FALSE,Male,,None,
37,100,,FALSE,Male,,None,
37,100,,FALSE,Male,,None,
34,40,,FALSE,Female,,None,
34,45,,FALSE,Female,,None,
36,0,,FALSE,Male,,None,
37,0,,FALSE,Male,,None,
35,94,,FALSE,Female,,None,
36,95,,FALSE,Female,,None,
34,70,,FALSE,Male,,None,
34,84,,FALSE,Male,,None,
35,8,,FALSE,Male,,None,
36,0,,FALSE,Male,,None,
35,0,,FALSE,Male,,None,
35,0,,FALSE,Female,,None,
35,62,,FALSE,Male,,None,
35,57,,FALSE,Male,,None,
35,94,,FALSE,Male,,None,
35,92,,FALSE,Male,,None,
35,66,,FALSE,Male,,None,
35,44,,FALSE,Female,,None,
35,23,,FALSE,Male,,None,
35,20,,FALSE,Male,,None,
35,28,,FALSE,Male,,None,
36,22,,FALSE,Male,,None,
37,44,,FALSE,Female,,None,
36,56,,FALSE,Female,,None,
35,61,,FALSE,Female,,None,
35,62,,FALSE,Female,,None,
37,73,,FALSE,Male,,None,
37,72,,FALSE,Male,,None,
36,17,,FALSE,Female,,None,
35,78,,FALSE,Female,,None,
36,96,,FALSE,Female,,None,
36,95,,FALSE,Female,,None,
36,50,,FALSE,Male,,None,
36,51,,FALSE,Female,,None,
35,97,,FALSE,Female,,None,
35,96,,FALSE,Male,,None,
35,26,,FALSE,Male,,None,
35,38,,FALSE,Male,,None,
35,36,,FALSE,Male,,None,
35,35,,FALSE,Male,,None,
35,40,,FALSE,Male,,None,
35,40,,FALSE,Male,,None,
35,46,,FALSE,Female,,None,
35,45,,FALSE,Female,,None,
35,0,,FALSE,Male,,None,
35,93,,FALSE,Male,,None,
35,81,,FALSE,Male,,None,
35,83,,FALSE,Female,,None,
36,0,,FALSE,Female,,None,
36,76,,FALSE,Male,,None,
35,0,,FALSE,Male,,None,
35,57,,FALSE,Male,,None,
36,58,,FALSE,Male,,None,
36,68,,FALSE,Male,,None,
34,49,,FALSE,Male,,None,
35,48,,FALSE,Male,,None,
36,85,,FALSE,Male,,None,
36,44,,FALSE,Male,,None,
38,100,,FALSE,Female,,None,
38,93,,FALSE,Male,,None,
36,17,,FALSE,Female,,None,
36,9,,FALSE,Male,,None,
35,64,,FALSE,Male,,None,
35,55,,FALSE,Male,,None,
36,0,,FALSE,Male,,None,
36,34,,FALSE,Male,,None,
36,100,,FALSE,Female,,None,
36,100,,FALSE,Male,,None,
35,73,,FALSE,Male,,None,
35,67,,FALSE,Male,,None,
36,46,,FALSE,Female,,None,
36,37,,FALSE,Male,,None,
36,15,,FALSE,Male,,None,
36,14,,FALSE,Female,,None,
36,79,,FALSE,Male,,None,
36,80,,FALSE,Male,,None,
34,63,,FALSE,Female,,None,
34,58,,FALSE,Male,,None,
37,27,,FALSE,Male,,None,
37,35,,FALSE,Male,,None,
36,60,,FALSE,Male,,None,
36,77,,FALSE,Female,,None,
36,51,,FALSE,Female,,None,
35,78,,FALSE,Female,,None,
36,68,,FALSE,Female,,None,
36,70,,FALSE,Female,,None,
37,61,,FALSE,Male,,None,
37,62,,FALSE,Female,,None,
35,18,,FALSE,Male,,None,
35,16,,FALSE,Male,,None,
35,59,,FALSE,Female,,None,
35,59,,FALSE,Female,,None,
36,68,,FALSE,Female,,None,
36,68,,FALSE,Female,,None,
35,0,,FALSE,Male,,None,
35,0,,FALSE,Male,,None,
37,0,,FALSE,Female,,None,
37,72,,FALSE,Female,,None,
34,32,,FALSE,Female,,None,
34,61,,FALSE,Female,,None,
34,55,,FALSE,Male,,None,
34,57,,FALSE,Female,,None,
36,98,,FALSE,Female,,None,
36,0,,FALSE,Female,,None,
36,41,,FALSE,Female,,None,
36,25,,FALSE,Male,,None,
36,44,,FALSE,Male,,None,
36,68,,FALSE,Male,,None,
35,68,,FALSE,Female,,None,
35,68,,FALSE,Male,,None,
35,0,,FALSE,Female,,None,
36,0,,FALSE,Female,,None,
36,56,,FALSE,Female,,None,
36,62,,FALSE,Female,,None,
36,76,,FALSE,Male,,None,
36,70,,FALSE,Male,,None,
35,17,,FALSE,Male,,None,
35,30,,FALSE,Female,,None,
35,92,,FALSE,Female,,None,
35,0,,FALSE,Male,,None,
34,27,,FALSE,Female,,None,
34,27,,FALSE,Female,,None,
35,34,,FALSE,Female,,None,
35,23,,FALSE,Female,,None,
35,89,,FALSE,Male,,None,
35,86,,FALSE,Female,,None,
35,0,,FALSE,Female,,None,
35,94,,FALSE,Female,,None,
37,29,,FALSE,Female,,None,
37,96,,FALSE,Male,,None,
37,96,,FALSE,Male,,None,
36,24,,FALSE,Female,,None,
36,27,,FALSE,Female,,None,
35,50,,FALSE,Female,,None,
35,49,,FALSE,Female,,None,
35,69,,FALSE,Female,,None,
35,67,,FALSE,Female,,None,
35,50,,FALSE,Female,,None,
35,4,,FALSE,Male,,None,
35,95,,FALSE,Male,,None,
35,94,,FALSE,Male,,None,
35,80,,FALSE,Female,,None,
36,68,,FALSE,Male,,None,
35,31,,FALSE,Female,,None,
35,14,,FALSE,Female,,None,
36,88,,FALSE,Female,,None,
36,89,,FALSE,Male,,None,
36,46,,FALSE,Male,,None,
36,51,,FALSE,Male,,None,
35,82,,FALSE,Male,,None,
35,48,,FALSE,Male,,None,
38,58,,FALSE,Female,,None,
38,54,,FALSE,Female,,None,
36,0,,FALSE,Male,,None,
36,0,,FALSE,Male,,None,
35,37,,FALSE,Male,,None,
36,51,,FALSE,Male,,None,
35,100,,FALSE,Female,,None,
35,100,,FALSE,Female,,None,
38,13,,FALSE,Female,,None,
38,9,,FALSE,Male,,None,
36,79,,FALSE,Male,,None,
36,70,,FALSE,Male,,None,
36,54,,FALSE,Female,,None,
36,54,,FALSE,Female,,None,
36,71,,FALSE,Female,,None,
36,71,,FALSE,Female,,None,
35,35,,FALSE,Male,,None,
35,35,,FALSE,Female,,None,
35,65,,FALSE,Male,,None,
35,65,,FALSE,Male,,None,
35,41,,FALSE,Female,,None,
35,36,,FALSE,Male,,None,
36,70,,FALSE,Female,,None,
36,0,,FALSE,Female,,None,
35,82,,FALSE,Male,,None,
35,74,,FALSE,Male,,None,
36,26,,FALSE,Female,,None,
36,26,,FALSE,Female,,None,
36,33,,FALSE,Male,,None,
36,29,,FALSE,Male,,None,
35,42,,FALSE,Male,,None,
35,45,,FALSE,Female,,None,
35,58,,FALSE,Female,,None,
35,0,,FALSE,Female,,None,
35,34,,FALSE,Male,,None,
35,44,,FALSE,Male,,None,
35,27,,FALSE,Female,,None,
35,28,,FALSE,Male,,None,
35,38,,FALSE,Male,,None,
35,44,,FALSE,Female,,None,
37,62,,FALSE,Male,,None,
37,60,,FALSE,Male,,None,
36,17,,FALSE,Male,,None,
36,20,,FALSE,Male,,None,
36,0,,FALSE,Female,,None,
36,98,,FALSE,Female,,None,
34,53,,FALSE,Female,,None,
34,37,,FALSE,Male,,None,
37,3,,FALSE,Female,,None,
37,2,,FALSE,Male,,None,
35,80,,FALSE,Female,,None,
35,76,,FALSE,Female,,None,
35,52,,FALSE,Female,,None,
35,42,,FALSE,Male,,None,
37,57,,FALSE,Female,,None,
37,66,,FALSE,Female,,None,
36,90,,FALSE,Female,,None,
36,98,,FALSE,Female,,None,
35,85,,FALSE,Female,,None,
35,83,,FALSE,Female,,None,
35,50,,FALSE,Female,,None,
35,45,,FALSE,Female,,None,
38,0,,FALSE,Male,,None,
38,0,,FALSE,Male,,None,
37,97,,FALSE,Male,,None,
37,95,,FALSE,Male,,None,
36,69,,FALSE,Female,,None,
36,55,,FALSE,Female,,None,
35,91,,FALSE,Female,,None,
35,96,,FALSE,Female,,None,
35,99,,FALSE,Male,,None,
35,98,,FALSE,Male,,None,
37,83,,FALSE,Female,,None,
38,82,,FALSE,Female,,None,
36,100,,FALSE,Male,,None,
36,100,,FALSE,Male,,None,
37,100,,FALSE,Female,,None,
37,100,,FALSE,Female,,None,
35,8,,FALSE,Male,,None,
35,9,,FALSE,Male,,None,
36,78,,FALSE,Male,,None,
36,85,,FALSE,Male,,None,
35,69,,FALSE,Male,,None,
36,20,,FALSE,Male,,None,
36,96,,FALSE,Male,,None,
36,97,,FALSE,Female,,None,
36,86,,FALSE,Male,,None,
36,85,,FALSE,Male,,None,
36,82,,FALSE,Female,,None,
38,93,,FALSE,Female,,None,
36,100,,FALSE,Female,,None,
36,100,,FALSE,Female,,None,
35,46,,FALSE,Female,,None,
35,46,,FALSE,Female,,None,
35,88,,FALSE,Female,,None,
35,0,,FALSE,Female,,None,
35,95,,FALSE,Male,,None,
35,100,,FALSE,Male,,None,
36,60,,FALSE,Male,,None,
36,73,,FALSE,Female,,None,
35,49,,FALSE,Female,,None,
35,59,,FALSE,Female,,None,
36,35,,FALSE,Male,,None,
36,0,,FALSE,Male,,None,
37,64,,FALSE,Female,,None,
37,62,,FALSE,Male,,None,
35,18,,FALSE,Male,,None,
35,89,,FALSE,Female,,None,
36,52,,FALSE,Female,,None,
36,55,,FALSE,Male,,None,
35,73,,FALSE,Female,,None,
35,0,,FALSE,Female,,None,
35,15,,FALSE,Female,,None,
35,9,,FALSE,Male,,None,
36,66,,FALSE,Male,,None,
35,76,,FALSE,Female,,None,
37,5,,FALSE,Male,,None,
37,10,,FALSE,Male,,None,
35,53,,FALSE,Female,,None,
35,53,,FALSE,Male,,None,
36,85,,FALSE,Male,,None,
35,93,,FALSE,Male,,None,
35,99,,FALSE,Female,,None,
35,99,,FALSE,Female,,None,
36,97,,FALSE,Female,,None,
36,96,,FALSE,Male,,None,
34,27,,FALSE,Male,,None,
34,58,,FALSE,Male,,None,
35,90,,FALSE,Male,,None,
35,84,,FALSE,Male,,None,
35,48,,FALSE,Male,,None,
35,29,,FALSE,Male,,None,
35,57,,FALSE,Male,,None,
35,74,,FALSE,Male,,None,
34,32,,FALSE,Female,,None,
35,33,,FALSE,Female,,None,
36,86,,FALSE,Female,,None,
36,87,,FALSE,Female,,None,
35,100,,FALSE,Male,,None,
35,0,,FALSE,Male,,None,
36,77,,FALSE,Female,,None,
36,77,,FALSE,Female,,None,
36,0,,FALSE,Male,,None,
35,47,,FALSE,Male,,None,
35,39,,FALSE,Male,,None,
36,61,,FALSE,Female,,None,
35,49,,FALSE,Female,,None,
36,100,,FALSE,Female,,None,
36,0,,FALSE,Female,,None,
38,96,,FALSE,Female,,None,
38,91,,FALSE,Male,,None,
35,28,,FALSE,Male,,None,
35,35,,FALSE,Female,,None,
35,17,,FALSE,Male,,None,
35,21,,FALSE,Male,,None,
36,66,,FALSE,Female,,None,
36,66,,FALSE,Female,,None,
35,57,,FALSE,Male,,None,
35,48,,FALSE,Male,,None,
35,38,,FALSE,Male,,None,
35,40,,FALSE,Female,,None,
36,91,,FALSE,Female,,None,
36,95,,FALSE,Female,,None,
35,62,,FALSE,Female,,None,
35,62,,FALSE,Female,,None,
35,0,,FALSE,Male,,None,
35,52,,FALSE,Male,,None,
36,22,,FALSE,Male,,None,
35,34,,FALSE,Female,,None,
34,30,,FALSE,Male,,None,
34,87,,FALSE,Female,,None,
36,70,,FALSE,Female,,None,
36,66,,FALSE,Female,,None,
35,91,,FALSE,Female,,None,
35,88,,FALSE,Female,,None,
35,0,,FALSE,Male,,None,
35,0,,FALSE,Male,,None,
35,100,,FALSE,Female,,None,
35,100,,FALSE,Female,,None,
36,0,,FALSE,Male,,None,
36,0,,FALSE,Male,,None,
36,54,,FALSE,Female,,None,
35,50,,FALSE,Female,,None,
35,100,,FALSE,Male,,None,
35,24,,FALSE,Female,,None,
35,1,,FALSE,Male,,None,
35,0,,FALSE,Male,,None,
35,0,,FALSE,Female,,None,
35,2,,FALSE,Female,,None,
34,72,,FALSE,Female,,None,
34,63,,FALSE,Female,,None,
40,26,,FALSE,Male,,None,
40,24,,FALSE,Male,,None,
35,20,,FALSE,Female,,None,
35,18,,FALSE,Female,,None,
34,85,,FALSE,Female,,None,
34,90,,FALSE,Female,,None,
36,76,,FALSE,Male,,None,
36,60,,FALSE,Female,,None,
35,87,,FALSE,Female,,None,
35,86,,FALSE,Female,,None,
40,28,,FALSE,Male,,None,
37,21,,FALSE,Female,,None,
37,63,,FALSE,Female,,None,
37,63,,FALSE,Female,,None,
36,23,,FALSE,Female,,None,
36,26,,FALSE,Female,,None,
35,73,,FALSE,Female,,None,
35,79,,FALSE,Male,,None,
35,27,,FALSE,Female,,None,
35,32,,FALSE,Female,,None,
36,62,,FALSE,Female,,None,
36,50,,FALSE,Male,,None,
34,31,,FALSE,Female,,None,
34,27,,FALSE,Female,,None,
35,46,,FALSE,Male,,None,
35,47,,FALSE,Male,,None,
35,100,,FALSE,Female,,None,
35,100,,FALSE,Male,,None,
37,80,,FALSE,Female,,None,
37,79,,FALSE,Female,,None,
35,42,,FALSE,Female,,None,
35,42,,FALSE,Male,,None,
36,47,,FALSE,Male,,None,
35,39,,FALSE,Male,,None,
35,76,,FALSE,Female,,None,
35,0,,FALSE,Female,,None,
34,0,,FALSE,Female,,None,
34,60,,FALSE,Male,,None,
35,23,,FALSE,Female,,None,
35,27,,FALSE,Female,,None,
36,95,,FALSE,Female,,None,
36,91,,FALSE,Female,,None,
35,30,,FALSE,Male,,Primary,
35,33,,FALSE,Male,,Primary,
37,51,,FALSE,Female,,Primary,
37,54,,FALSE,Female,,Primary,
36,97,,FALSE,Male,,Primary,
36,95,,FALSE,Male,,Primary,
35,50,,FALSE,Female,,Primary,
35,56,,FALSE,Female,,Primary,
35,52,,FALSE,Male,,Primary,
35,49,,FALSE,Male,,Primary,
36,61,,FALSE,Female,,Primary,
36,61,,FALSE,Female,,Primary,
35,47,,FALSE,Female,,Primary,
35,46,,FALSE,Male,,Primary,
35,95,,FALSE,Male,,Primary,
35,88,,FALSE,Female,,Primary,
36,12,,FALSE,Male,,Primary,
36,8,,FALSE,Male,,Primary,
34,100,,FALSE,Female,,Primary,
34,100,,FALSE,Male,,Primary,
35,0,,FALSE,Female,,Primary,
35,91,,FALSE,Female,,Primary,
36,97,,FALSE,Female,,Primary,
36,97,,FALSE,Female,,Primary,
35,47,,FALSE,Female,,Primary,
35,47,,FALSE,Female,,Primary,
39,77,,FALSE,Female,,Primary,
39,75,,FALSE,Female,,Primary,
36,56,,FALSE,Female,,Primary,
36,44,,FALSE,Male,,Primary,
36,40,,FALSE,Male,,Primary,
36,67,,FALSE,Female,,Primary,
36,95,,FALSE,Male,,Primary,
36,98,,FALSE,Male,,Primary,
35,48,,FALSE,Female,,Primary,
35,50,,FALSE,Female,,Primary,
35,30,,FALSE,Female,,Primary,
35,30,,FALSE,Female,,Primary,
35,98,,FALSE,Female,,Primary,
35,99,,FALSE,Female,,Primary,
37,0,,FALSE,Female,,Primary,
37,64,,FALSE,Female,,Primary,
36,32,,FALSE,Female,,Primary,
36,43,,FALSE,Male,,Primary,
35,0,,FALSE,Male,,Primary,
35,76,,FALSE,Female,,Primary,
36,29,,FALSE,Female,,Primary,
36,35,,FALSE,Female,,Primary,
36,64,,FALSE,Male,,Primary,
36,69,,FALSE,Female,,Primary,
36,100,,FALSE,Male,,Primary,
36,99,,FALSE,Male,,Primary,
34,95,,FALSE,Female,,Primary,
34,95,,FALSE,Female,,Primary,
37,55,,FALSE,Male,,Primary,
37,60,,FALSE,Male,,Primary,
35,55,,FALSE,Female,,Primary,
35,0,,FALSE,Male,,Primary,
34,80,,FALSE,Male,,Primary,
34,97,,FALSE,Male,,Primary,
35,77,,FALSE,Female,,Primary,
35,73,,FALSE,Male,,Primary,
38,80,,FALSE,Male,,Primary,
38,78,,FALSE,Female,,Primary,
36,0,,FALSE,Male,,Primary,
36,47,,FALSE,Female,,Primary,
35,47,,FALSE,Female,,Primary,
35,47,,FALSE,Male,,Primary,
37,89,,FALSE,Female,,Primary,
37,83,,FALSE,Female,,Primary,
34,52,,FALSE,Female,,Primary,
34,51,,FALSE,Female,,Primary,
36,26,,FALSE,Female,,Primary,
36,26,,FALSE,Female,,Primary,
36,82,,FALSE,Female,,Primary,
36,81,,FALSE,Male,,Primary,
36,31,,FALSE,Female,,Primary,
35,42,,FALSE,Female,,Primary,
35,50,,FALSE,Male,,Primary,
36,0,,FALSE,Female,,Primary,
35,53,,FALSE,Female,,Primary,
35,0,,FALSE,Female,,Primary,
35,64,,FALSE,Male,,Primary,
35,66,,FALSE,Male,,Primary,
35,81,,FALSE,Male,,Primary,
35,78,,FALSE,Female,,Primary,
36,16,,FALSE,Female,,Primary,
36,22,,FALSE,Female,,Primary,
37,32,,FALSE,Female,,Primary,
37,27,,FALSE,Female,,Primary,
36,97,,FALSE,Female,,Primary,
36,84,,FALSE,Female,,Primary,
37,93,,FALSE,Male,,Primary,
36,91,,FALSE,Male,,Primary,
35,64,,FALSE,Female,,Primary,
35,58,,FALSE,Female,,Primary,
34,76,,FALSE,Female,,Primary,
34,76,,FALSE,Male,,Primary,
36,27,,FALSE,Female,,Primary,
36,29,,FALSE,Female,,Primary,
36,83,,FALSE,Female,,Primary,
36,83,,FALSE,Female,,Primary,
35,0,,FALSE,Female,,Primary,
35,0,,FALSE,Female,,Primary,
35,32,,FALSE,Female,,Primary,
35,29,,FALSE,Male,,Primary,
36,54,,FALSE,Female,,Primary,
36,88,,FALSE,Female,,Primary,
35,91,,FALSE,Male,,Primary,
34,0,,FALSE,Male,,Primary,
36,62,,FALSE,Male,,Primary,
35,67,,FALSE,Male,,Primary,
36,73,,FALSE,Female,,Primary,
36,75,,FALSE,Female,,Primary,
36,84,,FALSE,Male,,Primary,
36,57,,FALSE,Male,,Primary,
35,71,,FALSE,Female,,Primary,
35,69,,FALSE,Female,,Primary,
37,70,,FALSE,Female,,Primary,
37,74,,FALSE,Female,,Primary,
37,26,,FALSE,Male,,Primary,
37,21,,FALSE,Female,,Primary,
36,76,,FALSE,Female,,Primary,
36,75,,FALSE,Female,,Primary,
35,80,,FALSE,Female,,Primary,
35,69,,FALSE,Female,,Primary,
35,12,,FALSE,Female,,Primary,
36,15,,FALSE,Female,,Primary,
37,97,,FALSE,Male,,Primary,
37,92,,FALSE,Female,,Primary,
35,36,,FALSE,Male,,Primary,
35,30,,FALSE,Male,,Primary,
35,73,,FALSE,Female,,Primary,
35,73,,FALSE,Female,,Primary,
34,100,,FALSE,Male,,Primary,
35,100,,FALSE,Male,,Primary,
35,70,,FALSE,Male,,Primary,
35,70,,FALSE,Male,,Primary,
34,14,,FALSE,Female,,Primary,
34,32,,FALSE,Female,,Primary,
36,89,,FALSE,Male,,Primary,
36,85,,FALSE,Male,,Primary,
35,48,,FALSE,Female,,Primary,
35,40,,FALSE,Male,,Primary,
37,65,,FALSE,Female,,Primary,
37,0,,FALSE,Female,,Primary,
36,45,,FALSE,Male,,Primary,
36,0,,FALSE,Female,,Primary,
36,86,,FALSE,Female,,Primary,
36,83,,FALSE,Female,,Primary,
36,58,,FALSE,Female,,Primary,
36,62,,FALSE,Female,,Primary,
36,88,,FALSE,Female,,Primary,
36,87,,FALSE,Female,,Primary,
36,76,,FALSE,Male,,Primary,
35,22,,FALSE,Female,,Primary,
35,25,,FALSE,Male,,Primary,
36,0,,FALSE,Male,,Primary,
37,10,,FALSE,Male,,Primary,
36,94,,FALSE,Female,,Primary,
36,98,,FALSE,Male,,Primary,
34,88,,FALSE,Male,,Primary,
34,91,,FALSE,Male,,Primary,
34,0,,FALSE,Male,,Primary,
34,82,,FALSE,Female,,Primary,
37,69,,FALSE,Female,,Primary,
37,69,,FALSE,Female,,Primary,
36,41,,FALSE,Female,,Primary,
36,46,,FALSE,Female,,Primary,
35,7,,FALSE,Male,,Primary,
35,12,,FALSE,Male,,Primary,
36,83,,FALSE,Male,,Primary,
36,90,,FALSE,Male,,Primary,
36,90,,FALSE,Female,,Primary,
36,89,,FALSE,Female,,Primary,
35,56,,FALSE,Female,,Primary,
35,54,,FALSE,Female,,Primary,
36,42,,FALSE,Male,,Primary,
34,64,,FALSE,Female,,Primary,
36,64,,FALSE,Male,,Primary,
37,55,,FALSE,Male,,Primary,
35,67,,FALSE,Female,,Primary,
35,79,,FALSE,Female,,Primary,
36,87,,FALSE,Female,,Primary,
36,88,,FALSE,Female,,Primary,
35,66,,FALSE,Male,,Primary,
35,69,,FALSE,Female,,Primary,
36,61,,FALSE,Female,,Primary,
35,63,,FALSE,Female,,Primary,
36,23,,FALSE,Female,,Primary,
36,15,,FALSE,Female,,Primary,
36,66,,FALSE,Male,,Primary,
36,48,,FALSE,Male,,Primary,
37,96,,FALSE,Male,,Primary,
37,93,,FALSE,Male,,Primary,
35,50,,FALSE,Female,,Primary,
35,55,,FALSE,Female,,Primary,
35,96,,FALSE,Male,,Primary,
35,97,,FALSE,Female,,Primary,
35,40,,FALSE,Female,,Primary,
35,23,,FALSE,Female,,Primary,
35,96,,FALSE,Female,,Primary,
35,82,,FALSE,Female,,Primary,
35,35,,FALSE,Female,,Primary,
35,60,,FALSE,Female,,Primary,
36,24,,FALSE,Male,,Primary,
36,32,,FALSE,Male,,Primary,
35,26,,FALSE,Female,,Primary,
35,18,,FALSE,Female,,Primary,
35,35,,FALSE,Female,,Primary,
35,33,,FALSE,Female,,Primary,
35,38,,FALSE,Female,,Primary,
35,29,,FALSE,Male,,Primary,
36,13,,FALSE,Male,,Primary,
36,25,,FALSE,Male,,Primary,
35,84,,FALSE,Female,,Primary,
35,69,,FALSE,Female,,Primary,
34,88,,FALSE,Female,,Primary,
34,92,,FALSE,Male,,Primary,
35,25,,FALSE,Female,,Primary,
36,45,,FALSE,Male,,Primary,
35,68,,FALSE,Male,,Primary,
35,70,,FALSE,Female,,Primary,
38,0,,FALSE,Female,,Primary,
38,0,,FALSE,Female,,Primary,
36,98,,FALSE,Female,,Primary,
36,89,,FALSE,Female,,Primary,
36,51,,FALSE,Male,,Primary,
36,73,,FALSE,Male,,Primary,
36,0,,FALSE,Male,,Primary,
36,95,,FALSE,Male,,Primary,
35,87,,FALSE,Female,,Primary,
35,84,,FALSE,Female,,Primary,
36,54,,FALSE,Male,,Primary,
36,46,,FALSE,Male,,Primary,
36,99,,FALSE,Female,,Primary,
37,100,,FALSE,Female,,Primary,
36,61,,FALSE,Male,,Primary,
36,66,,FALSE,Female,,Primary,
34,41,,FALSE,Male,,Primary,
34,43,,FALSE,Female,,Primary,
35,86,,FALSE,Female,,Primary,
35,87,,FALSE,Female,,Primary,
35,58,,FALSE,Male,,Primary,
35,84,,FALSE,Male,,Primary,
35,81,,FALSE,Female,,Primary,
35,82,,FALSE,Female,,Primary,
35,93,,FALSE,Female,,Primary,
35,89,,FALSE,Female,,Primary,
34,87,,FALSE,Female,,Primary,
35,46,,FALSE,Male,,Primary,
38,44,,FALSE,Male,,Primary,
38,41,,FALSE,Male,,Primary,
35,72,,FALSE,Male,,Primary,
35,77,,FALSE,Male,,Primary,
40,0,,FALSE,Female,,Primary,
40,0,,FALSE,Female,,Primary,
36,16,,FALSE,Male,,Primary,
36,16,,FALSE,Male,,Primary,
36,66,,FALSE,Female,,Primary,
35,75,,FALSE,Female,,Primary,
35,58,,FALSE,Female,,Primary,
35,54,,FALSE,Male,,Primary,
36,64,,FALSE,Female,,Primary,
36,70,,FALSE,Female,,Primary,
36,63,,FALSE,Male,,Primary,
36,65,,FALSE,Female,,Primary,
36,56,,FALSE,Male,,Primary,
35,34,,FALSE,Male,,Primary,
35,86,,FALSE,Male,,Primary,
35,93,,FALSE,Female,,Primary,
35,0,,FALSE,Male,,Primary,
35,12,,FALSE,Male,,Primary,
37,81,,FALSE,Male,,Primary,
37,81,,FALSE,Male,,Primary,
35,73,,FALSE,Female,,Primary,
35,73,,FALSE,Male,,Primary,
35,63,,FALSE,Male,,Primary,
36,63,,FALSE,Male,,Primary,
35,86,,FALSE,Female,,Primary,
35,99,,FALSE,Female,,Primary,
36,32,,FALSE,Male,,Primary,
36,29,,FALSE,Male,,Primary,
35,92,,FALSE,Female,,Primary,
35,0,,FALSE,Female,,Primary,
34,0,,FALSE,Female,,Primary,
34,0,,FALSE,Female,,Primary,
35,100,,FALSE,Female,,Primary,
35,100,,FALSE,Female,,Primary,
37,42,,FALSE,Male,,Primary,
37,40,,FALSE,Male,,Primary,
36,61,,FALSE,Female,,Primary,
36,42,,FALSE,Female,,Primary,
35,55,,FALSE,Male,,Primary,
35,44,,FALSE,Female,,Primary,
37,0,,FALSE,Male,,Primary,
37,69,,FALSE,Male,,Primary,
36,8,,FALSE,Male,,Primary,
36,9,,FALSE,Female,,Primary,
36,91,,FALSE,Male,,Primary,
36,93,,FALSE,Male,,Primary,
36,54,,FALSE,Male,,Primary,
36,0,,FALSE,Female,,Primary,
35,74,,FALSE,Male,,Primary,
35,92,,FALSE,Male,,Primary,
36,69,,FALSE,Male,,Primary,
36,66,,FALSE,Male,,Primary,
35,27,,FALSE,Male,,Primary,
35,25,,FALSE,Male,,Primary,
35,39,,FALSE,Male,,Primary,
35,30,,FALSE,Male,,Primary,
35,92,,FALSE,Male,,Primary,
35,98,,FALSE,Male,,Primary,
36,65,,FALSE,Female,,Primary,
36,65,,FALSE,Female,,Primary,
36,15,,FALSE,Male,,Primary,
36,26,,FALSE,Male,,Primary,
36,49,,FALSE,Female,,Primary,
36,62,,FALSE,Female,,Primary,
35,96,,FALSE,Female,,Primary,
35,98,,FALSE,Male,,Primary,
35,71,,FALSE,Male,,Primary,
35,68,,FALSE,Male,,Primary,
35,0,,FALSE,Male,,Primary,
35,0,,FALSE,Male,,Primary,
36,57,,FALSE,Male,,Primary,
36,51,,FALSE,Male,,Primary,
36,25,,FALSE,Male,,Primary,
36,19,,FALSE,Male,,Primary,
35,85,,FALSE,Female,,Primary,
35,85,,FALSE,Female,,Primary,
36,13,,FALSE,Male,,Primary,
36,13,,FALSE,Male,,Primary,
37,45,,FALSE,Female,,Primary,
37,43,,FALSE,Male,,Primary,
36,65,,FALSE,Female,,Primary,
36,65,,FALSE,Female,,Primary,
35,48,,FALSE,Female,,Primary,
35,0,,FALSE,Female,,Primary,
35,98,,FALSE,Male,,Primary,
35,0,,FALSE,Male,,Primary,
35,40,,FALSE,Male,,Primary,
35,49,,FALSE,Male,,Primary,
36,51,,FALSE,Male,,Primary,
36,0,,FALSE,Female,,Primary,
35,92,,FALSE,Female,,Primary,
35,90,,FALSE,Male,,Primary,
35,31,,FALSE,Female,,Primary,
35,31,,FALSE,Female,,Primary,
35,100,,FALSE,Male,,Primary,
35,0,,FALSE,Male,,Primary,
35,98,,FALSE,Male,,Primary,
35,95,,FALSE,Male,,Primary,
36,41,,FALSE,Male,,Primary,
36,56,,FALSE,Male,,Primary,
35,0,,FALSE,Female,,Primary,
35,83,,FALSE,Male,,Primary,
36,0,,FALSE,Male,,Primary,
36,0,,FALSE,Male,,Primary,
37,19,,FALSE,Male,,Primary,
37,19,,FALSE,Male,,Primary,
35,60,,FALSE,Male,,Primary,
35,53,,FALSE,Male,,Primary,
36,100,,FALSE,Male,,Primary,
36,100,,FALSE,Female,,Primary,
35,43,,FALSE,Female,,Primary,
35,39,,FALSE,Female,,Primary,
35,26,,FALSE,Male,,Primary,
35,23,,FALSE,Male,,Primary,
35,76,,FALSE,Female,,Primary,
35,77,,FALSE,Female,,Primary,
35,83,,FALSE,Male,,Primary,
35,85,,FALSE,Male,,Primary,
35,23,,FALSE,Male,,Primary,
36,21,,FALSE,Male,,Primary,
35,70,,FALSE,Female,,Primary,
35,71,,FALSE,Female,,Primary,
36,28,,FALSE,Female,,Primary,
36,26,,FALSE,Female,,Primary,
35,20,,FALSE,Male,,Primary,
35,20,,FALSE,Male,,Primary,
35,71,,FALSE,Female,,Primary,
35,78,,FALSE,Female,,Primary,
36,69,,FALSE,Female,,Primary,
36,80,,FALSE,Male,,Primary,
35,36,,FALSE,Male,,Primary,
35,0,,FALSE,Male,,Primary,
36,100,,FALSE,Female,,Primary,
36,0,,FALSE,Female,,Primary,
36,0,,FALSE,Male,,Primary,
36,83,,FALSE,Male,,Primary,
35,77,,FALSE,Female,,Primary,
35,74,,FALSE,Male,,Primary,
37,95,,FALSE,Male,,Primary,
37,100,,FALSE,Male,,Primary,
36,73,,FALSE,Male,,Primary,
36,81,,FALSE,Male,,Primary,
37,71,,FALSE,Male,,Primary,
37,98,,FALSE,Female,,Primary,
36,0,,FALSE,Female,,Primary,
36,0,,FALSE,Female,,Primary,
35,50,,FALSE,Male,,Primary,
35,51,,FALSE,Male,,Primary,
36,100,,FALSE,Male,,Primary,
36,100,,FALSE,Female,,Primary,
37,54,,FALSE,Male,,Primary,
37,51,,FALSE,Male,,Primary,
36,94,,FALSE,Female,,Primary,
36,97,,FALSE,Female,,Primary,
36,67,,FALSE,Female,,Primary,
36,61,,FALSE,Female,,Primary,
35,43,,FALSE,Male,,Primary,
35,33,,FALSE,Male,,Primary,
36,81,,FALSE,Female,,Primary,
36,90,,FALSE,Female,,Primary,
35,36,,FALSE,Female,,Primary,
35,57,,FALSE,Female,,Primary,
36,66,,FALSE,Female,,Primary,
36,0,,FALSE,Female,,Primary,
35,11,,FALSE,Male,,Primary,
35,8,,FALSE,Male,,Primary,
34,14,,FALSE,Male,,Primary,
34,17,,FALSE,Male,,Primary,
36,91,,FALSE,Male,,Primary,
37,86,,FALSE,Female,,Primary,
36,58,,FALSE,Female,,Primary,
36,63,,FALSE,Male,,Primary,
35,0,,FALSE,Male,,Primary,
35,0,,FALSE,Male,,Primary,
36,0,,FALSE,Male,,Primary,
36,70,,FALSE,Male,,Primary,
35,84,,FALSE,Male,,Primary,
35,90,,FALSE,Female,,Primary,
37,100,,FALSE,Male,,Primary,
37,100,,FALSE,Male,,Primary,
36,0,,FALSE,Female,,Primary,
36,85,,FALSE,Male,,Primary,
36,98,,FALSE,Male,,Primary,
36,98,,FALSE,Male,,Primary,
36,23,,FALSE,Male,,Primary,
36,78,,FALSE,Male,,Primary,
35,100,,FALSE,Male,,Primary,
35,100,,FALSE,Female,,Primary,
35,60,,FALSE,Male,,Primary,
35,62,,FALSE,Male,,Primary,
36,31,,FALSE,Female,,Primary,
36,26,,FALSE,Female,,Primary,
35,61,,FALSE,Female,,Primary,
35,42,,FALSE,Male,,Primary,
37,84,,FALSE,Female,,Primary,
37,85,,FALSE,Female,,Primary,
36,24,,FALSE,Male,,Primary,
38,41,,FALSE,Male,,Primary,
35,51,,FALSE,Male,,Primary,
36,27,,FALSE,Male,,Primary,
36,100,,FALSE,Male,,Primary,
36,100,,FALSE,Male,,Primary,
36,84,,FALSE,Male,,Primary,
36,82,,FALSE,Female,,Primary,
35,85,,FALSE,Male,,Primary,
35,84,,FALSE,Male,,Primary,
36,50,,FALSE,Male,,Primary,
36,55,,FALSE,Male,,Primary,
35,74,,FALSE,Male,,Primary,
35,78,,FALSE,Male,,Primary,
36,46,,FALSE,Male,,Primary,
36,45,,FALSE,Male,,Primary,
34,9,,FALSE,Male,,Primary,
34,4,,FALSE,Female,,Primary,
35,0,,FALSE,Male,,Primary,
35,100,,FALSE,Male,,Primary,
35,45,,FALSE,Female,,Primary,
35,15,,FALSE,Female,,Primary,
35,50,,FALSE,Male,,Primary,
35,56,,FALSE,Female,,Primary,
36,36,,FALSE,Female,,Primary,
36,0,,FALSE,Male,,Primary,
46,0,,FALSE,Female,,Primary,
46,0,,FALSE,Male,,Primary,
36,51,,FALSE,Female,,Primary,
36,51,,FALSE,Female,,Primary,
36,38,,FALSE,Female,,Primary,
36,36,,FALSE,Female,,Primary,
35,100,,FALSE,Female,,Primary,
44,99,,FALSE,Male,,Primary,
36,66,,FALSE,Male,,Primary,
36,65,,FALSE,Male,,Primary,
36,20,,FALSE,Male,,Primary,
36,17,,FALSE,Male,,Primary,
35,39,,FALSE,Female,,Primary,
35,36,,FALSE,Female,,Primary,
37,0,,FALSE,Male,,Primary,
37,98,,FALSE,Female,,Primary,
37,67,,FALSE,Male,,Primary,
37,73,,FALSE,Male,,Primary,
36,11,,FALSE,Female,,Primary,
36,11,,FALSE,Female,,Primary,
34,69,,FALSE,Female,,Primary,
34,53,,FALSE,Female,,Primary,
35,3,,FALSE,Male,,Primary,
35,0,,FALSE,Male,,Primary,
35,80,,FALSE,Male,,Primary,
35,85,,FALSE,Female,,Primary,
35,0,,FALSE,Female,,Primary,
35,0,,FALSE,Female,,Primary,
35,43,,FALSE,Male,,Primary,
35,44,,FALSE,Male,,Primary,
35,0,,FALSE,Female,,Primary,
35,0,,FALSE,Female,,Primary,
35,87,,FALSE,Female,,Primary,
35,90,,FALSE,Male,,Primary,
36,87,,FALSE,Male,,Primary,
36,87,,FALSE,Female,,Primary,
35,0,,FALSE,Female,,Primary,
36,17,,FALSE,Male,,Primary,
36,86,,FALSE,Female,,Primary,
36,2,,FALSE,Female,,Primary,
35,66,,FALSE,Female,,Primary,
35,73,,FALSE,Male,,Primary,
35,63,,FALSE,Female,,Primary,
36,82,,FALSE,Male,,Primary,
36,80,,FALSE,Female,,Primary,
36,89,,FALSE,Female,,Primary,
36,100,,FALSE,Female,,Primary,
36,99,,FALSE,Female,,Primary,
36,37,,FALSE,Female,,Primary,
36,50,,FALSE,Female,,Primary,
36,12,,FALSE,Male,,Primary,
35,11,,FALSE,Male,,Primary,
36,81,,FALSE,Male,,Primary,
36,81,,FALSE,Female,,Primary,
35,20,,FALSE,Female,,Primary,
37,28,,FALSE,Female,,Primary,
36,48,,FALSE,Male,,Primary,
36,52,,FALSE,Female,,Primary,
36,49,,FALSE,Female,,Primary,
36,48,,FALSE,Male,,Primary,
35,61,,FALSE,Female,,Primary,
36,53,,FALSE,Male,,Primary,
38,0,,FALSE,Female,,Primary,
38,0,,FALSE,Male,,Primary,
35,17,,FALSE,Female,,Primary,
35,17,,FALSE,Female,,Primary,
36,68,,FALSE,Male,,Primary,
36,59,,FALSE,Male,,Primary,
35,0,,FALSE,Female,,Primary,
35,0,,FALSE,Female,,Primary,
36,34,,FALSE,Female,,Primary,
36,46,,FALSE,Female,,Primary,
37,81,,FALSE,Male,,Primary,
37,76,,FALSE,Male,,Primary,
36,85,,FALSE,Male,,Primary,
36,77,,FALSE,Female,,Primary,
36,8,,FALSE,Female,,Primary,
36,69,,FALSE,Female,,Primary,
44,0,,FALSE,Male,,Primary,
44,0,,FALSE,Female,,Primary,
35,57,,FALSE,Female,,Primary,
35,63,,FALSE,Male,,Primary,
34,0,,FALSE,Female,,Primary,
34,0,,FALSE,Female,,Primary,
36,50,,FALSE,Female,,Primary,
37,0,,FALSE,Male,,Primary,
36,65,,FALSE,Female,,Primary,
36,57,,FALSE,Male,,Primary,
34,25,,FALSE,Male,,Primary,
34,24,,FALSE,Male,,Primary,
35,95,,FALSE,Male,,Primary,
35,93,,FALSE,Male,,Primary,
36,80,,FALSE,Female,,Primary,
36,77,,FALSE,Female,,Primary,
37,100,,FALSE,Female,,Primary,
37,37,,FALSE,Female,,Primary,
35,0,,FALSE,Male,,Primary,
35,45,,FALSE,Male,,Primary,
36,44,,FALSE,Female,,Primary,
36,49,,FALSE,Female,,Primary,
35,62,,FALSE,Female,,Primary,
35,60,,FALSE,Male,,Primary,
36,78,,FALSE,Male,,Primary,
36,95,,FALSE,Female,,Primary,
36,88,,FALSE,Male,,Primary,
36,0,,FALSE,Female,,Primary,
34,66,,FALSE,Female,,Primary,
34,34,,FALSE,Female,,Primary,
34,54,,FALSE,Male,,Primary,
34,82,,FALSE,Male,,Primary,
36,86,,FALSE,Male,,Primary,
36,88,,FALSE,Male,,Primary,
36,60,,FALSE,Male,,Primary,
35,78,,FALSE,Female,,Primary,
36,89,,FALSE,Female,,Primary,
36,14,,FALSE,Male,,Primary,
36,23,,FALSE,Male,,Primary,
36,16,,FALSE,Male,,Primary,
36,0,,FALSE,Female,,Primary,
36,0,,FALSE,Female,,Primary,
35,63,,FALSE,Female,,Primary,
35,63,,FALSE,Female,,Primary,
41,73,,FALSE,Male,,Primary,
41,69,,FALSE,Female,,Primary,
37,63,,FALSE,Female,,Primary,
37,65,,FALSE,Female,,Primary,
36,100,,FALSE,Male,,Primary,
35,100,,FALSE,Male,,Primary,
35,0,,FALSE,Female,,Primary,
35,28,,FALSE,Female,,Primary,
35,66,,FALSE,Male,,Primary,
35,0,,FALSE,Male,,Primary,
36,52,,FALSE,Male,,Primary,
35,43,,FALSE,Male,,Primary,
36,60,,FALSE,Female,,Primary,
36,63,,FALSE,Female,,Primary,
35,57,,FALSE,Female,,Primary,
35,57,,FALSE,Female,,Primary,
36,51,,FALSE,Male,,Primary,
36,52,,FALSE,Male,,Primary,
34,90,,FALSE,Female,,Primary,
34,91,,FALSE,Female,,Primary,
35,95,,FALSE,Male,,Primary,
35,97,,FALSE,Male,,Primary,
35,42,,FALSE,Male,,Primary,
35,42,,FALSE,Male,,Primary,
36,83,,FALSE,Male,,Primary,
36,88,,FALSE,Male,,Primary,
36,71,,FALSE,Male,,Primary,
36,37,,FALSE,Female,,Primary,
37,81,,FALSE,Female,,Primary,
37,81,,FALSE,Female,,Primary,
36,73,,FALSE,Female,,Primary,
36,77,,FALSE,Male,,Primary,
34,53,,FALSE,Female,,Primary,
34,79,,FALSE,Female,,Primary,
35,41,,FALSE,Male,,Primary,
36,61,,FALSE,Male,,Primary,
35,4,,FALSE,Female,,Primary,
35,0,,FALSE,Female,,Primary,
36,59,,FALSE,Female,,Primary,
36,20,,FALSE,Male,,Primary,
37,65,,FALSE,Female,,Primary,
37,53,,FALSE,Male,,Primary,
36,43,,FALSE,Male,,Primary,
36,33,,FALSE,Male,,Primary,
35,82,,FALSE,Female,,Primary,
35,77,,FALSE,Female,,Primary,
36,40,,FALSE,Male,,Primary,
36,41,,FALSE,Female,,Primary,
35,74,,FALSE,Male,,Primary,
35,72,,FALSE,Male,,Primary,
37,72,,FALSE,Male,,Primary,
37,83,,FALSE,Female,,Primary,
36,0,,FALSE,Female,,Primary,
36,89,,FALSE,Female,,Primary,
34,67,,FALSE,Female,,Primary,
34,53,,FALSE,Female,,Primary,
35,5,,FALSE,Female,,Primary,
35,4,,FALSE,Male,,Primary,
36,75,,FALSE,Female,,Primary,
36,58,,FALSE,Female,,Primary,
35,78,,FALSE,Female,,Primary,
35,77,,FALSE,Male,,Primary,
35,8,,FALSE,Male,,Primary,
35,7,,FALSE,Female,,Primary,
36,54,,FALSE,Female,,Primary,
36,52,,FALSE,Female,,Primary,
36,48,,FALSE,Male,,Primary,
36,61,,FALSE,Male,,Primary,
35,29,,FALSE,Male,,Primary,
35,30,,FALSE,Male,,Primary,
36,0,,FALSE,Male,,Primary,
36,27,,FALSE,Female,,Primary,
35,77,,FALSE,Female,,Primary,
35,72,,FALSE,Male,,Primary,
36,100,,FALSE,Male,,Primary,
36,100,,FALSE,Male,,Primary,
42,0,,FALSE,Male,,Primary,
42,0,,FALSE,Female,,Primary,
36,82,,FALSE,Male,,Primary,
36,91,,FALSE,Male,,Primary,
36,72,,FALSE,Male,,Primary,
36,58,,FALSE,Male,,Primary,
36,0,,FALSE,Female,,Primary,
36,0,,FALSE,Male,,Primary,
36,68,,FALSE,Female,,Primary,
36,68,,FALSE,Female,,Primary,
35,65,,FALSE,Male,,Primary,
35,62,,FALSE,Male,,Primary,
34,96,,FALSE,Female,,Primary,
34,35,,FALSE,Female,,Primary,
35,0,,FALSE,Female,,Primary,
35,0,,FALSE,Female,,Primary,
36,65,,FALSE,Female,,Primary,
36,69,,FALSE,Female,,Primary,
36,29,,FALSE,Male,,Primary,
36,10,,FALSE,Male,,Primary,
36,100,,FALSE,Female,,Primary,
36,100,,FALSE,Female,,Primary,
37,48,,FALSE,Male,,Primary,
37,55,,FALSE,Male,,Primary,
35,32,,FALSE,Male,,Primary,
35,44,,FALSE,Male,,Primary,
36,0,,FALSE,Male,,Primary,
35,0,,FALSE,Male,,Primary,
35,0,,FALSE,Male,,Primary,
36,17,,FALSE,Male,,Primary,
36,33,,FALSE,Female,,Primary,
35,100,,FALSE,Male,,Primary,
35,100,,FALSE,Male,,Primary,
35,50,,FALSE,Female,,Primary,
35,47,,FALSE,Female,,Primary,
36,27,,FALSE,Male,,Primary,
36,26,,FALSE,Male,,Primary,
35,56,,FALSE,Female,,Primary,
35,57,,FALSE,Female,,Primary,
36,89,,FALSE,Female,,Primary,
36,86,,FALSE,Female,,Primary,
35,70,,FALSE,Female,,Primary,
35,64,,FALSE,Female,,Primary,
36,48,,FALSE,Male,,Primary,
36,51,,FALSE,Male,,Primary,
34,87,,FALSE,Female,,Primary,
34,84,,FALSE,Female,,Primary,
35,0,,FALSE,Male,,Primary,
35,0,,FALSE,Female,,Primary,
35,0,,FALSE,Female,,Primary,
35,0,,FALSE,Female,,Primary,
36,99,,FALSE,Male,,Primary,
36,100,,FALSE,Female,,Primary,
35,0,,FALSE,Female,,Primary,
35,85,,FALSE,Female,,Primary,
36,19,,FALSE,Female,,Primary,
35,24,,FALSE,Male,,Primary,
34,51,,FALSE,Female,,Primary,
34,55,,FALSE,Male,,Primary,
36,81,,FALSE,Female,,Primary,
36,72,,FALSE,Female,,Primary,
35,92,,FALSE,Male,,Primary,
35,92,,FALSE,Male,,Primary,
35,72,,FALSE,Female,,Primary,
35,71,,FALSE,Female,,Primary,
35,99,,FALSE,Female,,Primary,
35,80,,FALSE,Male,,Primary,
35,88,,FALSE,Female,,Primary,
35,88,,FALSE,Female,,Primary,
41,96,,FALSE,Male,,Primary,
41,98,,FALSE,Female,,Primary,
36,74,,FALSE,Male,,Primary,
36,62,,FALSE,Female,,Primary,
42,12,,FALSE,Female,,Primary,
36,80,,FALSE,Female,,Primary,
36,81,,FALSE,Female,,Primary,
36,11,,FALSE,Male,,Primary,
36,11,,FALSE,Male,,Primary,
37,90,,FALSE,Female,,Primary,
37,79,,FALSE,Female,,Primary,
35,100,,FALSE,Female,,Primary,
35,100,,FALSE,Female,,Primary,
38,0,,FALSE,Female,,Primary,
38,32,,FALSE,Female,,Primary,
35,83,,FALSE,Female,,Primary,
35,85,,FALSE,Female,,Primary,
36,97,,FALSE,Female,,Primary,
36,95,,FALSE,Female,,Primary,
36,0,,FALSE,Female,,Primary,
36,72,,FALSE,Female,,Primary,
36,96,,FALSE,Male,,Primary,
36,97,,FALSE,Female,,Primary,
35,89,,FALSE,Female,,Primary,
35,87,,FALSE,Female,,Primary,
36,87,,FALSE,Female,,Primary,
36,82,,FALSE,Female,,Primary,
36,92,,FALSE,Female,,Primary,
36,92,,FALSE,Female,,Primary,
35,78,,FALSE,Female,,Primary,
36,78,,FALSE,Female,,Primary,
35,48,,FALSE,Female,,Primary,
35,30,,FALSE,Male,,Primary,
35,45,,FALSE,Female,,Primary,
35,46,,FALSE,Female,,Primary,
36,27,,FALSE,Female,,Primary,
36,28,,FALSE,Male,,Primary,
36,63,,FALSE,Male,,Primary,
36,62,,FALSE,Male,,Primary,
35,2,,FALSE,Female,,Primary,
36,3,,FALSE,Female,,Primary,
36,60,,FALSE,Male,,Primary,
36,63,,FALSE,Male,,Primary,
36,67,,FALSE,Female,,Primary,
36,78,,FALSE,Female,,Primary,
36,87,,FALSE,Female,,Primary,
36,90,,FALSE,Female,,Primary,
37,87,,FALSE,Female,,Primary,
37,87,,FALSE,Female,,Primary,
36,80,,FALSE,Male,,Primary,
36,80,,FALSE,Male,,Primary,
37,41,,FALSE,Male,,Primary,
37,38,,FALSE,Female,,Primary,
36,53,,FALSE,Female,,Primary,
36,53,,FALSE,Female,,Primary,
38,60,,FALSE,Male,,Primary,
36,59,,FALSE,Male,,Primary,
37,100,,FALSE,Female,,Primary,
37,100,,FALSE,Female,,Primary,
35,58,,FALSE,Male,,Primary,
36,57,,FALSE,Male,,Primary,
35,21,,FALSE,Male,,Primary,
35,13,,FALSE,Female,,Primary,
39,68,,FALSE,Female,,Primary,
38,64,,FALSE,Male,,Primary,
35,81,,FALSE,Male,,Primary,
35,88,,FALSE,Male,,Primary,
35,54,,FALSE,Male,,Primary,
35,54,,FALSE,Male,,Primary,
36,77,,FALSE,Female,,Primary,
36,98,,FALSE,Female,,Primary,
34,64,,FALSE,Female,,Primary,
34,66,,FALSE,Female,,Primary,
35,2,,FALSE,Male,,Primary,
35,2,,FALSE,Male,,Primary,
35,92,,FALSE,Male,,Primary,
35,96,,FALSE,Male,,Primary,
36,80,,FALSE,Female,,Primary,
36,80,,FALSE,Female,,Primary,
40,55,,FALSE,Female,,Primary,
40,60,,FALSE,Female,,Primary,
35,34,,FALSE,Female,,Primary,
35,37,,FALSE,Female,,Primary,
35,31,,FALSE,Male,,Primary,
35,41,,FALSE,Male,,Primary,
35,84,,FALSE,Female,,Primary,
35,82,,FALSE,Female,,Primary,
36,80,,FALSE,Female,,Primary,
36,78,,FALSE,Female,,Primary,
37,94,,FALSE,Male,,Primary,
37,93,,FALSE,Male,,Primary,
34,27,,FALSE,Female,,Primary,
34,22,,FALSE,Female,,Primary,
38,59,,FALSE,Female,,Primary,
38,39,,FALSE,Female,,Primary,
37,0,,FALSE,Female,,Primary,
37,0,,FALSE,Female,,Primary,
36,55,,FALSE,Female,,Primary,
36,48,,FALSE,Female,,Primary,
35,81,,FALSE,Male,,Primary,
35,89,,FALSE,Male,,Primary,
35,65,,FALSE,Male,,Primary,
35,66,,FALSE,Male,,Primary,
34,66,,FALSE,Male,,Primary,
34,67,,FALSE,Male,,Primary,
35,62,,FALSE,Male,,Primary,
35,36,,FALSE,Male,,Primary,
37,66,,FALSE,Male,,Primary,
37,64,,FALSE,Male,,Primary,
36,87,,FALSE,Male,,Primary,
36,0,,FALSE,Male,,Primary,
35,43,,FALSE,Female,,Primary,
35,44,,FALSE,Male,,Primary,
36,67,,FALSE,Female,,Primary,
36,68,,FALSE,Female,,Primary,
34,78,,FALSE,Female,,Primary,
35,87,,FALSE,Female,,Primary,
35,24,,FALSE,Male,,Primary,
35,31,,FALSE,Male,,Primary,
36,25,,FALSE,Female,,Primary,
36,31,,FALSE,Male,,Primary,
36,0,,FALSE,Male,,Primary,
36,86,,FALSE,Female,,Primary,
35,39,,FALSE,Female,,Primary,
35,27,,FALSE,Female,,Primary,
37,19,,FALSE,Male,,Primary,
36,28,,FALSE,Male,,Primary,
34,77,,FALSE,Female,,Primary,
34,77,,FALSE,Male,,Primary,
35,82,,FALSE,Female,,Primary,
35,90,,FALSE,Male,,Primary,
36,58,,FALSE,Male,,Primary,
36,71,,FALSE,Female,,Primary,
36,100,,FALSE,Female,,Primary,
36,98,,FALSE,Male,,Primary,
38,94,,FALSE,Male,,Primary,
38,94,,FALSE,Male,,Primary,
36,78,,FALSE,Male,,Primary,
36,81,,FALSE,Male,,Primary,
34,51,,FALSE,Male,,Primary,
34,40,,FALSE,Female,,Primary,
35,100,,FALSE,Male,,Primary,
35,100,,FALSE,Female,,Primary,
35,97,,FALSE,Female,,Primary,
35,98,,FALSE,Female,,Primary,
37,20,,FALSE,Male,,Primary,
36,25,,FALSE,Female,,Primary,
35,51,,FALSE,Female,,Primary,
35,50,,FALSE,Female,,Primary,
36,0,,FALSE,Female,,Primary,
36,40,,FALSE,Female,,Primary,
35,0,,FALSE,Female,,Primary,
35,0,,FALSE,Female,,Primary,
36,80,,FALSE,Female,,Primary,
36,57,,FALSE,Female,,Primary,
34,80,,FALSE,Female,,Primary,
34,47,,FALSE,Female,,Primary,
35,95,,FALSE,Female,,Primary,
35,96,,FALSE,Female,,Primary,
35,69,,FALSE,Female,,Primary,
35,69,,FALSE,Female,,Primary,
35,21,,FALSE,Male,,Primary,
35,7,,FALSE,Female,,Primary,
36,53,,FALSE,Male,,Primary,
36,45,,FALSE,Male,,Primary,
35,0,,FALSE,Female,,Primary,
35,0,,FALSE,Female,,Primary,
36,87,,FALSE,Male,,Primary,
36,94,,FALSE,Male,,Primary,
35,11,,FALSE,Male,,Primary,
35,13,,FALSE,Female,,Primary,
36,5,,FALSE,Female,,Primary,
36,4,,FALSE,Female,,Primary,
35,67,,FALSE,Female,,Primary,
35,69,,FALSE,Female,,Primary,
36,37,,FALSE,Female,,Primary,
36,35,,FALSE,Male,,Primary,
36,65,,FALSE,Female,,Primary,
36,68,,FALSE,Female,,Primary,
36,24,,FALSE,Female,,Primary,
36,21,,FALSE,Female,,Primary,
35,57,,FALSE,Male,,Primary,
35,59,,FALSE,Male,,Primary,
35,56,,FALSE,Male,,Primary,
35,52,,FALSE,Male,,Primary,
35,39,,FALSE,Female,,Primary,
35,0,,FALSE,Male,,Primary,
35,84,,FALSE,Female,,Primary,
36,79,,FALSE,Female,,Primary,
35,88,,FALSE,Female,,Primary,
36,62,,FALSE,Female,,Primary,
35,40,,FALSE,Female,,Primary,
35,40,,FALSE,Female,,Primary,
34,100,,FALSE,Female,,Primary,
34,100,,FALSE,Female,,Primary,
35,33,,FALSE,Female,,Primary,
35,49,,FALSE,Female,,Primary,
35,63,,FALSE,Male,,Primary,
35,64,,FALSE,Male,,Primary,
35,41,,FALSE,Male,,Primary,
35,38,,FALSE,Female,,Primary,
35,35,,FALSE,Male,,Primary,
36,63,,FALSE,Male,,Primary,
35,100,,FALSE,Female,,Primary,
35,100,,FALSE,Female,,Primary,
36,54,,FALSE,Male,,Primary,
36,54,,FALSE,Male,,Primary,
35,96,,FALSE,Female,,Primary,
35,98,,FALSE,Female,,Primary,
35,85,,FALSE,Female,,Primary,
35,89,,FALSE,Female,,Primary,
36,36,,FALSE,Female,,Primary,
36,0,,FALSE,Female,,Primary,
36,21,,FALSE,Female,,Primary,
36,17,,FALSE,Female,,Primary,
35,29,,FALSE,Female,,Primary,
35,25,,FALSE,Female,,Primary,
35,87,,FALSE,Male,,Primary,
35,98,,FALSE,Female,,Primary,
38,84,,FALSE,Male,,Primary,
38,82,,FALSE,Female,,Primary,
36,89,,FALSE,Male,,Primary,
36,93,,FALSE,Male,,Primary,
35,80,,FALSE,Female,,Primary,
35,83,,FALSE,Female,,Primary,
35,40,,FALSE,Female,,Primary,
35,33,,FALSE,Female,,Primary,
35,0,,FALSE,Female,,Primary,
35,0,,FALSE,Female,,Primary,
36,74,,FALSE,Male,,Primary,
36,100,,FALSE,Female,,Primary,
35,46,,FALSE,Male,,Primary,
35,45,,FALSE,Female,,Primary,
36,0,,FALSE,Male,,Primary,
36,94,,FALSE,Male,,Primary,
36,0,,FALSE,Female,,Primary,
36,0,,FALSE,Female,,Primary,
34,18,,FALSE,Female,,Primary,
35,18,,FALSE,Female,,Primary,
35,0,,FALSE,Male,,Primary,
35,1,,FALSE,Male,,Primary,
35,33,,FALSE,Male,,Primary,
35,27,,FALSE,Male,,Primary,
35,78,,FALSE,Female,,Primary,
35,88,,FALSE,Female,,Primary,
35,10,,FALSE,Male,,Primary,
35,10,,FALSE,Male,,Primary,
36,26,,FALSE,Male,,Primary,
36,33,,FALSE,Male,,Primary,
37,68,,FALSE,Female,,Primary,
37,96,,FALSE,Female,,Primary,
36,33,,FALSE,Female,,Primary,
36,52,,FALSE,Female,,Primary,
38,2,,FALSE,Female,,Primary,
38,2,,FALSE,Female,,Primary,
36,47,,FALSE,Male,,Primary,
36,29,,FALSE,Female,,Primary,
35,0,,FALSE,Male,,Primary,
35,0,,FALSE,Male,,Primary,
35,51,,FALSE,Female,,Primary,
35,50,,FALSE,Female,,Primary,
35,76,,FALSE,Male,,Primary,
35,29,,FALSE,Male,,Primary,
36,20,,FALSE,Female,,Primary,
36,15,,FALSE,Male,,Primary,
36,90,,FALSE,Female,,Primary,
36,91,,FALSE,Female,,Primary,
36,100,,FALSE,Female,,Primary,
35,100,,FALSE,Male,,Primary,
35,84,,FALSE,Male,,Primary,
35,71,,FALSE,Male,,Primary,
34,61,,FALSE,Male,,Primary,
34,58,,FALSE,Male,,Primary,
35,100,,FALSE,Male,,Primary,
35,100,,FALSE,Male,,Primary,
35,76,,FALSE,Male,,Primary,
35,0,,FALSE,Female,,Primary,
36,23,,FALSE,Male,,Primary,
36,28,,FALSE,Male,,Primary,
36,83,,FALSE,Female,,Primary,
36,0,,FALSE,Female,,Primary,
36,100,,FALSE,Male,,Primary,
36,98,,FALSE,Male,,Primary,
35,80,,FALSE,Female,,Primary,
36,89,,FALSE,Male,,Primary,
35,16,,FALSE,Female,,Primary,
35,16,,FALSE,Female,,Primary,
36,79,,FALSE,Female,,Primary,
36,93,,FALSE,Female,,Primary,
35,100,,FALSE,Male,,Primary,
35,3,,FALSE,Male,,Primary,
36,70,,FALSE,Male,,Primary,
36,50,,FALSE,Male,,Primary,
35,63,,FALSE,Male,,Primary,
34,70,,FALSE,Female,,Primary,
35,12,,FALSE,Female,,Primary,
35,0,,FALSE,Female,,Primary,
36,29,,FALSE,Female,,Primary,
37,65,,FALSE,Female,,Primary,
34,16,,FALSE,Female,,Primary,
35,75,,FALSE,Female,,Primary,
35,71,,FALSE,Female,,Primary,
36,93,,FALSE,Male,,Primary,
36,92,,FALSE,Male,,Primary,
34,59,,FALSE,Female,,Primary,
34,71,,FALSE,Female,,Primary,
36,81,,FALSE,Male,,Primary,
36,78,,FALSE,Male,,Primary,
36,45,,FALSE,Female,,Primary,
36,36,,FALSE,Female,,Primary,
36,87,,FALSE,Female,,Primary,
36,84,,FALSE,Female,,Primary,
35,72,,FALSE,Female,,Primary,
35,87,,FALSE,Female,,Primary,
35,56,,FALSE,Male,,Primary,
35,53,,FALSE,Male,,Primary,
35,33,,FALSE,Male,,Primary,
35,25,,FALSE,Male,,Primary,
39,89,,FALSE,Female,,Primary,
39,89,,FALSE,Female,,Primary,
35,61,,FALSE,Female,,Primary,
34,62,,FALSE,Male,,Primary,
35,99,,FALSE,Female,,Primary,
35,100,,FALSE,Female,,Primary,
36,0,,FALSE,Female,,Primary,
36,99,,FALSE,Female,,Primary,
35,52,,FALSE,Female,,Primary,
35,50,,FALSE,Female,,Primary,
36,0,,FALSE,Male,,Primary,
36,0,,FALSE,Male,,Primary,
34,79,,FALSE,Male,,Primary,
34,100,,FALSE,Male,,Primary,
37,29,,FALSE,Female,,Primary,
36,26,,FALSE,Female,,Primary,
36,94,,FALSE,Female,,Primary,
36,93,,FALSE,Male,,Primary,
36,49,,FALSE,Male,,Primary,
35,50,,FALSE,Male,,Primary,
35,17,,FALSE,Male,,Primary,
35,17,,FALSE,Male,,Primary,
35,100,,FALSE,Male,,Primary,
35,100,,FALSE,Male,,Primary,
36,41,,FALSE,Male,,Primary,
36,38,,FALSE,Female,,Primary,
35,100,,FALSE,Female,,Primary,
35,99,,FALSE,Female,,Primary,
37,87,,FALSE,Male,,Primary,
37,73,,FALSE,Female,,Primary,
35,61,,FALSE,Male,,Primary,
35,60,,FALSE,Male,,Primary,
35,74,,FALSE,Male,,Primary,
35,66,,FALSE,Male,,Primary,
35,67,,FALSE,Male,,Primary,
37,59,,FALSE,Male,,Primary,
34,0,,FALSE,Female,,Primary,
34,59,,FALSE,Male,,Primary,
35,68,,FALSE,Female,,Primary,
35,68,,FALSE,Female,,Primary,
36,43,,FALSE,Male,,Primary,
36,26,,FALSE,Female,,Primary,
36,100,,FALSE,Female,,Primary,
36,99,,FALSE,Male,,Primary,
35,45,,FALSE,Male,,Primary,
35,41,,FALSE,Male,,Primary,
35,100,,FALSE,Female,,Primary,
34,100,,FALSE,Female,,Primary,
36,100,,FALSE,Female,,Primary,
35,100,,FALSE,Female,,Primary,
35,91,,FALSE,Male,,Primary,
35,86,,FALSE,Male,,Primary,
36,46,,FALSE,Female,,Primary,
36,46,,FALSE,Female,,Primary,
37,77,,FALSE,Male,,Primary,
37,77,,FALSE,Male,,Primary,
35,59,,FALSE,Female,,Primary,
35,77,,FALSE,Male,,Primary,
36,77,,FALSE,Female,,Primary,
36,69,,FALSE,Male,,Primary,
36,73,,FALSE,Male,,Primary,
36,75,,FALSE,Male,,Primary,
35,84,,FALSE,Female,,Primary,
35,73,,FALSE,Male,,Primary,
35,89,,FALSE,Male,,Primary,
35,85,,FALSE,Female,,Primary,
35,100,,FALSE,Female,,Primary,
35,100,,FALSE,Female,,Primary,
37,69,,FALSE,Male,,Primary,
37,64,,FALSE,Male,,Primary,
34,42,,FALSE,Male,,Primary,
34,41,,FALSE,Male,,Primary,
36,17,,FALSE,Male,,Primary,
36,36,,FALSE,Female,,Primary,
36,61,,FALSE,Male,,Primary,
36,61,,FALSE,Male,,Primary,
35,100,,FALSE,Female,,Primary,
35,100,,FALSE,Female,,Primary,
38,0,,FALSE,Male,,Primary,
38,7,,FALSE,Male,,Primary,
35,6,,FALSE,Male,,Primary,
35,6,,FALSE,Male,,Primary,
36,96,,FALSE,Female,,Primary,
36,90,,FALSE,Male,,Primary,
36,59,,FALSE,Female,,Primary,
36,62,,FALSE,Female,,Primary,
36,91,,FALSE,Female,,Primary,
35,66,,FALSE,Male,,Primary,
35,35,,FALSE,Male,,Primary,
35,40,,FALSE,Female,,Primary,
38,21,,FALSE,Female,,Primary,
38,21,,FALSE,Female,,Primary,
35,50,,FALSE,Male,,Primary,
35,0,,FALSE,Male,,Primary,
36,36,,FALSE,Male,,Primary,
36,37,,FALSE,Male,,Primary,
35,43,,FALSE,Female,,Primary,
35,57,,FALSE,Female,,Primary,
34,36,,FALSE,Female,,Primary,
34,32,,FALSE,Male,,Primary,
36,0,,FALSE,Female,,Primary,
35,0,,FALSE,Female,,Primary,
35,84,,FALSE,Male,,Primary,
35,85,,FALSE,Male,,Primary,
35,55,,FALSE,Male,,Primary,
35,54,,FALSE,Female,,Primary,
40,99,,FALSE,Male,,Primary,
40,100,,FALSE,Male,,Primary,
36,100,,FALSE,Male,,Primary,
36,100,,FALSE,Male,,Primary,
37,49,,FALSE,Female,,Primary,
37,51,,FALSE,Female,,Primary,
34,49,,FALSE,Female,,Primary,
34,67,,FALSE,Female,,Primary,
34,50,,FALSE,Male,,Primary,
34,46,,FALSE,Female,,Primary,
36,30,,FALSE,Male,,Primary,
36,31,,FALSE,Female,,Primary,
36,36,,FALSE,Female,,Primary,
36,42,,FALSE,Female,,Primary,
42,100,,FALSE,Male,,Primary,
42,99,,FALSE,Female,,Primary,
39,80,,FALSE,Female,,Primary,
39,81,,FALSE,Male,,Primary,
36,75,,FALSE,Female,,Primary,
36,0,,FALSE,Male,,Primary,
36,69,,FALSE,Female,,Primary,
36,0,,FALSE,Male,,Primary,
34,97,,FALSE,Male,,Primary,
35,93,,FALSE,Female,,Primary,
35,76,,FALSE,Female,,Primary,
35,55,,FALSE,Male,,Primary,
36,92,,FALSE,Female,,Primary,
36,90,,FALSE,Female,,Primary,
35,21,,FALSE,Female,,Primary,
40,48,,FALSE,Female,,Primary,
36,0,,FALSE,Female,,Primary,
45,0,,FALSE,Female,,Primary,
36,17,,FALSE,Male,,Primary,
36,22,,FALSE,Male,,Primary,
36,0,,FALSE,Female,,Primary,
36,0,,FALSE,Male,,Primary,
37,76,,FALSE,Female,,Primary,
37,62,,FALSE,Female,,Primary,
35,100,,FALSE,Male,,Primary,
35,100,,FALSE,Male,,Primary,
47,75,,FALSE,Female,,Primary,
47,82,,FALSE,Male,,Primary,
35,95,,FALSE,Female,,Primary,
35,95,,FALSE,Male,,Primary,
39,59,,FALSE,Male,,Primary,
39,0,,FALSE,Female,,Primary,
35,57,,FALSE,Female,,Primary,
35,93,,FALSE,Female,,Primary,
37,100,,FALSE,Male,,Primary,
37,100,,FALSE,Male,,Primary,
36,80,,FALSE,Female,,Primary,
36,74,,FALSE,Male,,Primary,
35,86,,FALSE,Male,,Primary,
35,92,,FALSE,Male,,Primary,
37,14,,FALSE,Male,,Primary,
37,32,,FALSE,Female,,Primary,
36,94,,FALSE,Male,,Primary,
36,93,,FALSE,Male,,Primary,
35,0,,FALSE,Female,,Primary,
35,75,,FALSE,Male,,Primary,
35,41,,FALSE,Female,,Primary,
35,42,,FALSE,Female,,Primary,
36,74,,FALSE,Female,,Primary,
36,71,,FALSE,Female,,Primary,
35,19,,FALSE,Male,,Primary,
35,51,,FALSE,Male,,Primary,
36,42,,FALSE,Male,,Primary,
36,30,,FALSE,Male,,Primary,
36,56,,FALSE,Female,,Primary,
36,58,,FALSE,Male,,Primary,
35,73,,FALSE,Female,,Primary,
35,72,,FALSE,Male,,Primary,
36,60,,FALSE,Female,,Primary,
36,99,,FALSE,Female,,Primary,
37,88,,FALSE,Female,,Primary,
37,90,,FALSE,Female,,Primary,
35,67,,FALSE,Male,,Primary,
35,0,,FALSE,Female,,Primary,
35,54,,FALSE,Male,,Primary,
35,54,,FALSE,Male,,Primary,
37,94,,FALSE,Male,,Primary,
37,96,,FALSE,Male,,Primary,
36,67,,FALSE,Female,,Primary,
36,55,,FALSE,Female,,Primary,
36,68,,FALSE,Male,,Primary,
36,54,,FALSE,Male,,Primary,
36,42,,FALSE,Female,,Primary,
36,51,,FALSE,Female,,Primary,
37,27,,FALSE,Male,,Primary,
37,28,,FALSE,Male,,Primary,
36,87,,FALSE,Female,,Primary,
36,82,,FALSE,Male,,Primary,
35,98,,FALSE,Male,,Primary,
35,95,,FALSE,Male,,Primary,
36,46,,FALSE,Male,,Primary,
36,51,,FALSE,Male,,Primary,
35,0,,FALSE,Female,,Primary,
36,57,,FALSE,Female,,Primary,
35,45,,FALSE,Female,,Primary,
35,41,,FALSE,Female,,Primary,
36,84,,FALSE,Male,,Primary,
36,92,,FALSE,Male,,Primary,
36,29,,FALSE,Female,,Primary,
36,26,,FALSE,Female,,Primary,
36,83,,FALSE,Male,,Primary,
36,84,,FALSE,Male,,Primary,
35,87,,FALSE,Male,,Primary,
35,89,,FALSE,Male,,Primary,
35,0,,FALSE,Male,,Primary,
35,0,,FALSE,Male,,Primary,
35,46,,FALSE,Female,,Primary,
35,100,,FALSE,Female,,Primary,
35,86,,FALSE,Female,,Primary,
35,85,,FALSE,Male,,Primary,
36,43,,FALSE,Female,,Primary,
36,45,,FALSE,Female,,Primary,
36,0,,FALSE,Male,,Primary,
36,90,,FALSE,Male,,Primary,
36,100,,FALSE,Female,,Primary,
36,100,,FALSE,Female,,Primary,
35,83,,FALSE,Male,,Primary,
35,81,,FALSE,Male,,Primary,
36,42,,FALSE,Male,,Primary,
36,43,,FALSE,Male,,Primary,
36,67,,FALSE,Female,,Primary,
36,74,,FALSE,Female,,Primary,
36,81,,FALSE,Male,,Primary,
36,0,,FALSE,Male,,Primary,
36,95,,FALSE,Male,,Primary,
36,97,,FALSE,Male,,Primary,
35,62,,FALSE,Female,,Primary,
35,62,,FALSE,Female,,Primary,
37,86,,FALSE,Female,,Primary,
37,62,,FALSE,Male,,Primary,
36,0,,FALSE,Male,,Primary,
36,85,,FALSE,Female,,Primary,
36,62,,FALSE,Female,,Primary,
35,39,,FALSE,Male,,Primary,
36,98,,FALSE,Female,,Primary,
36,100,,FALSE,Female,,Primary,
35,76,,FALSE,Female,,Primary,
35,76,,FALSE,Female,,Primary,
36,58,,FALSE,Female,,Primary,
36,51,,FALSE,Male,,Primary,
36,64,,FALSE,Female,,Primary,
36,63,,FALSE,Female,,Primary,
35,77,,FALSE,Male,,Primary,
35,87,,FALSE,Male,,Primary,
39,99,,FALSE,Male,,Primary,
38,99,,FALSE,Male,,Primary,
36,68,,FALSE,Female,,Primary,
36,69,,FALSE,Male,,Primary,
36,89,,FALSE,Male,,Primary,
36,87,,FALSE,Female,,Primary,
37,33,,FALSE,Male,,Primary,
37,38,,FALSE,Female,,Primary,
36,0,,FALSE,Female,,Primary,
36,46,,FALSE,Female,,Primary,
35,100,,FALSE,Female,,Primary,
35,100,,FALSE,Female,,Primary,
35,71,,FALSE,Female,,Primary,
35,72,,FALSE,Female,,Primary,
36,76,,FALSE,Female,,Primary,
36,78,,FALSE,Female,,Primary,
37,98,,FALSE,Female,,Primary,
37,97,,FALSE,Female,,Primary,
36,63,,FALSE,Male,,Primary,
36,0,,FALSE,Male,,Primary,
34,79,,FALSE,Female,,Primary,
34,84,,FALSE,Female,,Primary,
36,36,,FALSE,Female,,Primary,
36,35,,FALSE,Male,,Primary,
35,75,,FALSE,Male,,Primary,
35,75,,FALSE,Male,,Primary,
36,49,,FALSE,Female,,Primary,
35,47,,FALSE,Male,,Primary,
35,100,,FALSE,Male,,Primary,
35,100,,FALSE,Male,,Primary,
36,0,,FALSE,Female,,Primary,
36,96,,FALSE,Female,,Primary,
37,82,,FALSE,Male,,Primary,
37,79,,FALSE,Male,,Primary,
35,53,,FALSE,Female,,Primary,
36,66,,FALSE,Female,,Primary,
37,51,,FALSE,Male,,Primary,
38,59,,FALSE,Male,,Primary,
37,74,,FALSE,Male,,Primary,
37,66,,FALSE,Male,,Primary,
36,86,,FALSE,Female,,Primary,
36,0,,FALSE,Male,,Primary,
35,91,,FALSE,Male,,Primary,
35,0,,FALSE,Female,,Primary,
36,68,,FALSE,Male,,Primary,
35,68,,FALSE,Male,,Primary,
35,0,,FALSE,Male,,Primary,
35,7,,FALSE,Male,,Primary,
35,55,,FALSE,Male,,Primary,
35,58,,FALSE,Male,,Primary,
36,49,,FALSE,Female,,Primary,
36,49,,FALSE,Male,,Primary,
35,0,,FALSE,Female,,Primary,
35,97,,FALSE,Female,,Primary,
36,88,,FALSE,Female,,Primary,
36,91,,FALSE,Female,,Primary,
38,100,,FALSE,Male,,Primary,
38,100,,FALSE,Male,,Primary,
34,22,,FALSE,Male,,Primary,
34,48,,FALSE,Male,,Primary,
35,0,,FALSE,Male,,Primary,
35,0,,FALSE,Male,,Primary,
35,6,,FALSE,Male,,Primary,
35,5,,FALSE,Male,,Primary,
36,64,,FALSE,Female,,Primary,
36,64,,FALSE,Female,,Primary,
35,96,,FALSE,Male,,Primary,
35,100,,FALSE,Female,,Primary,
40,0,,FALSE,Male,,Primary,
39,42,,FALSE,Male,,Primary,
35,47,,FALSE,Male,,Primary,
35,46,,FALSE,Male,,Primary,
42,100,,FALSE,Male,,Primary,
40,100,,FALSE,Male,,Primary,
35,100,,FALSE,Female,,Primary,
35,100,,FALSE,Female,,Primary,
40,41,,FALSE,Female,,Primary,
40,40,,FALSE,Male,,Primary,
35,0,,FALSE,Male,,Primary,
35,0,,FALSE,Female,,Primary,
36,91,,FALSE,Male,,Primary,
36,86,,FALSE,Male,,Primary,
38,44,,FALSE,Male,,Primary,
38,32,,FALSE,Female,,Primary,
35,22,,FALSE,Female,,Primary,
35,22,,FALSE,Male,,Primary,
34,75,,FALSE,Male,,Primary,
34,73,,FALSE,Male,,Primary,
35,53,,FALSE,Female,,Primary,
37,60,,FALSE,Male,,Primary,
36,87,,FALSE,Female,,Primary,
36,87,,FALSE,Male,,Primary,
36,100,,FALSE,Female,,Primary,
36,100,,FALSE,Female,,Primary,
37,89,,FALSE,Female,,Primary,
37,88,,FALSE,Female,,Primary,
36,80,,FALSE,Male,,Primary,
36,79,,FALSE,Female,,Primary,
36,48,,FALSE,Female,,Primary,
36,41,,FALSE,Female,,Primary,
36,49,,FALSE,Male,,Primary,
36,48,,FALSE,Male,,Primary,
36,69,,FALSE,Male,,Primary,
36,79,,FALSE,Male,,Primary,
36,61,,FALSE,Female,,Primary,
36,61,,FALSE,Female,,Primary,
40,29,,FALSE,Male,,Primary,
40,37,,FALSE,Female,,Primary,
35,82,,FALSE,Female,,Primary,
35,82,,FALSE,Female,,Primary,
34,99,,FALSE,Male,,Primary,
34,100,,FALSE,Male,,Primary,
36,59,,FALSE,Female,,Primary,
36,67,,FALSE,Male,,Primary,
35,48,,FALSE,Female,,Primary,
36,40,,FALSE,Female,,Primary,
35,79,,FALSE,Male,,Primary,
35,79,,FALSE,Male,,Primary,
35,66,,FALSE,Female,,Primary,
35,64,,FALSE,Male,,Primary,
35,25,,FALSE,Female,,Primary,
36,0,,FALSE,Female,,Primary,
35,32,,FALSE,Female,,Primary,
35,49,,FALSE,Male,,Primary,
36,49,,FALSE,Female,,Primary,
36,43,,FALSE,Female,,Primary,
37,39,,FALSE,Female,,Primary,
37,39,,FALSE,Female,,Primary,
35,54,,FALSE,Female,,Primary,
35,55,,FALSE,Female,,Primary,
37,41,,FALSE,Female,,Primary,
37,40,,FALSE,Female,,Primary,
35,58,,FALSE,Female,,Primary,
36,62,,FALSE,Female,,Primary,
35,91,,FALSE,Female,,Primary,
35,85,,FALSE,Male,,Primary,
35,76,,FALSE,Female,,Primary,
35,78,,FALSE,Male,,Primary,
38,89,,FALSE,Male,,Primary,
38,87,,FALSE,Male,,Primary,
36,100,,FALSE,Female,,Primary,
36,100,,FALSE,Male,,Primary,
38,85,,FALSE,Male,,Primary,
38,95,,FALSE,Female,,Primary,
35,63,,FALSE,Male,,Primary,
35,64,,FALSE,Male,,Primary,
35,92,,FALSE,Female,,Primary,
35,0,,FALSE,Female,,Primary,
35,43,,FALSE,Female,,Primary,
35,46,,FALSE,Female,,Primary,
36,90,,FALSE,Female,,Primary,
36,89,,FALSE,Female,,Primary,
34,21,,FALSE,Female,,Primary,
34,20,,FALSE,Female,,Primary,
35,29,,FALSE,Male,,Primary,
35,30,,FALSE,Female,,Primary,
36,39,,FALSE,Female,,Primary,
36,47,,FALSE,Male,,Primary,
36,84,,FALSE,Female,,Primary,
36,81,,FALSE,Female,,Primary,
35,15,,FALSE,Male,,Primary,
35,86,,FALSE,Female,,Primary,
36,69,,FALSE,Female,,Primary,
36,55,,FALSE,Male,,Primary,
36,17,,FALSE,Male,,Primary,
35,2,,FALSE,Female,,Primary,
35,95,,FALSE,Male,,Primary,
35,100,,FALSE,Male,,Primary,
37,75,,FALSE,Female,,Primary,
37,74,,FALSE,Female,,Primary,
34,86,,FALSE,Male,,Primary,
34,97,,FALSE,Female,,Primary,
36,58,,FALSE,Male,,Primary,
36,58,,FALSE,Male,,Primary,
36,78,,FALSE,Female,,Primary,
37,0,,FALSE,Male,,Primary,
36,83,,FALSE,Male,,Primary,
35,83,,FALSE,Male,,Primary,
36,98,,FALSE,Female,,Primary,
36,96,,FALSE,Male,,Primary,
36,6,,FALSE,Male,,Primary,
36,92,,FALSE,Female,,Primary,
36,94,,FALSE,Male,,Primary,
35,89,,FALSE,Male,,Primary,
35,0,,FALSE,Female,,Primary,
35,100,,FALSE,Male,,Primary,
36,40,,FALSE,Male,,Primary,
36,57,,FALSE,Female,,Primary,
36,81,,FALSE,Male,,Primary,
35,12,,FALSE,Male,,Primary,
35,99,,FALSE,Female,,Primary,
35,100,,FALSE,Female,,Primary,
36,95,,FALSE,Male,,Primary,
36,96,,FALSE,Male,,Primary,
35,75,,FALSE,Female,,Primary,
35,75,,FALSE,Female,,Primary,
36,93,,FALSE,Female,,Primary,
36,97,,FALSE,Male,,Primary,
36,73,,FALSE,Male,,Primary,
36,72,,FALSE,Male,,Primary,
36,75,,FALSE,Male,,Primary,
36,54,,FALSE,Male,,Primary,
36,87,,FALSE,Female,,Primary,
36,86,,FALSE,Female,,Primary,
35,22,,FALSE,Female,,Primary,
35,25,,FALSE,Female,,Primary,
36,93,,FALSE,Female,,Primary,
36,85,,FALSE,Male,,Primary,
36,60,,FALSE,Male,,Primary,
36,60,,FALSE,Male,,Primary,
35,100,,FALSE,Male,,Primary,
35,0,,FALSE,Male,,Primary,
35,17,,FALSE,Male,,Primary,
37,68,,FALSE,Male,,Primary,
35,100,,FALSE,Female,,Primary,
35,100,,FALSE,Female,,Primary,
38,100,,FALSE,Female,,Primary,
38,100,,FALSE,Male,,Primary,
35,37,,FALSE,Female,,Primary,
35,32,,FALSE,Male,,Primary,
34,100,,FALSE,Female,,Primary,
35,100,,FALSE,Female,,Primary,
43,85,,FALSE,Female,,Primary,
43,84,,FALSE,Male,,Primary,
38,25,,FALSE,Female,,Primary,
38,16,,FALSE,Female,,Primary,
35,0,,FALSE,Male,,Primary,
35,81,,FALSE,Male,,Primary,
37,100,,FALSE,Male,,Primary,
37,99,,FALSE,Male,,Primary,
35,0,,FALSE,Male,,Primary,
36,0,,FALSE,Male,,Primary,
35,42,,FALSE,Male,,Primary,
35,41,,FALSE,Male,,Primary,
36,69,,FALSE,Female,,Primary,
36,32,,FALSE,Male,,Primary,
35,34,,FALSE,Female,,Primary,
35,27,,FALSE,Female,,Primary,
36,41,,FALSE,Male,,Primary,
36,41,,FALSE,Male,,Primary,
36,71,,FALSE,Male,,Primary,
36,68,,FALSE,Female,,Primary,
35,32,,FALSE,Female,,Primary,
35,4,,FALSE,Female,,Primary,
36,0,,FALSE,Female,,Primary,
36,0,,FALSE,Female,,Primary,
36,100,,FALSE,Female,,Primary,
36,100,,FALSE,Female,,Primary,
36,47,,FALSE,Male,,Primary,
36,49,,FALSE,Male,,Primary,
36,1,,FALSE,Male,,Primary,
36,2,,FALSE,Male,,Primary,
35,48,,FALSE,Female,,Primary,
35,43,,FALSE,Female,,Primary,
38,42,,FALSE,Male,,Primary,
37,64,,FALSE,Male,,Primary,
35,100,,FALSE,Male,,Primary,
35,100,,FALSE,Male,,Primary,
36,42,,FALSE,Female,,Primary,
36,43,,FALSE,Female,,Primary,
35,81,,FALSE,Female,,Primary,
35,77,,FALSE,Female,,Primary,
36,85,,FALSE,Female,,Primary,
36,82,,FALSE,Female,,Primary,
36,93,,FALSE,Male,,Primary,
36,92,,FALSE,Female,,Primary,
36,85,,FALSE,Female,,Primary,
36,84,,FALSE,Female,,Primary,
34,100,,FALSE,Male,,Primary,
34,94,,FALSE,Male,,Primary,
36,38,,FALSE,Female,,Primary,
36,40,,FALSE,Male,,Primary,
36,9,,FALSE,Male,,Primary,
36,6,,FALSE,Male,,Primary,
35,98,,FALSE,Male,,Primary,
35,99,,FALSE,Male,,Primary,
36,96,,FALSE,Female,,Primary,
36,93,,FALSE,Female,,Primary,
36,0,,FALSE,Female,,Primary,
36,89,,FALSE,Female,,Primary,
34,18,,FALSE,Female,,Primary,
34,0,,FALSE,Male,,Primary,
36,74,,FALSE,Male,,Primary,
37,63,,FALSE,Female,,Primary,
35,54,,FALSE,Female,,Primary,
35,55,,FALSE,Female,,Primary,
36,17,,FALSE,Female,,Primary,
35,17,,FALSE,Female,,Primary,
36,71,,FALSE,Female,,Primary,
36,74,,FALSE,Female,,Primary,
36,79,,FALSE,Female,,Primary,
36,71,,FALSE,Male,,Primary,
36,7,,FALSE,Male,,Primary,
36,8,,FALSE,Male,,Primary,
37,50,,FALSE,Male,,Primary,
37,41,,FALSE,Male,,Primary,
35,80,,FALSE,Male,,Primary,
35,87,,FALSE,Male,,Primary,
35,68,,FALSE,Female,,Primary,
35,69,,FALSE,Female,,Primary,
36,100,,FALSE,Male,,Primary,
36,100,,FALSE,Female,,Primary,
36,66,,FALSE,Female,,Primary,
36,66,,FALSE,Male,,Primary,
36,0,,FALSE,Male,,Primary,
36,75,,FALSE,Female,,Primary,
35,21,,FALSE,Female,,Secondary,
35,17,,FALSE,Female,,Secondary,
36,30,,FALSE,Male,,Secondary,
36,30,,FALSE,Male,,Secondary,
35,32,,FALSE,Female,,Secondary,
35,32,,FALSE,Male,,Secondary,
35,55,,FALSE,Female,,Secondary,
35,60,,FALSE,Female,,Secondary,
35,81,,FALSE,Female,,Secondary,
35,78,,FALSE,Male,,Secondary,
36,62,,FALSE,Female,,Secondary,
36,62,,FALSE,Male,,Secondary,
36,59,,FALSE,Male,,Secondary,
36,35,,FALSE,Male,,Secondary,
36,95,,FALSE,Female,,Secondary,
36,94,,FALSE,Male,,Secondary,
37,35,,FALSE,Female,,Secondary,
37,31,,FALSE,Female,,Secondary,
36,49,,FALSE,Male,,Secondary,
36,59,,FALSE,Male,,Secondary,
36,0,,FALSE,Female,,Secondary,
36,0,,FALSE,Female,,Secondary,
35,0,,FALSE,Female,,Secondary,
35,40,,FALSE,Female,,Secondary,
36,87,,FALSE,Female,,Secondary,
36,89,,FALSE,Female,,Secondary,
36,14,,FALSE,Male,,Secondary,
36,100,,FALSE,Female,,Secondary,
35,46,,FALSE,Male,,Secondary,
35,51,,FALSE,Female,,Secondary,
35,96,,FALSE,Female,,Secondary,
37,100,,FALSE,Female,,Secondary,
36,88,,FALSE,Female,,Secondary,
36,83,,FALSE,Female,,Secondary,
35,62,,FALSE,Male,,Secondary,
35,61,,FALSE,Male,,Secondary,
36,36,,FALSE,Female,,Secondary,
36,36,,FALSE,Female,,Secondary,
36,100,,FALSE,Female,,Secondary,
36,98,,FALSE,Female,,Secondary,
35,59,,FALSE,Male,,Secondary,
35,57,,FALSE,Male,,Secondary,
35,76,,FALSE,Female,,Secondary,
35,74,,FALSE,Female,,Secondary,
35,88,,FALSE,Female,,Secondary,
35,89,,FALSE,Female,,Secondary,
37,81,,FALSE,Female,,Secondary,
37,87,,FALSE,Female,,Secondary,
35,74,,FALSE,Female,,Secondary,
35,77,,FALSE,Female,,Secondary,
36,54,,FALSE,Male,,Secondary,
35,56,,FALSE,Female,,Secondary,
36,0,,FALSE,Male,,Secondary,
36,73,,FALSE,Female,,Secondary,
38,67,,FALSE,Female,,Secondary,
38,73,,FALSE,Male,,Secondary,
35,80,,FALSE,Female,,Secondary,
35,88,,FALSE,Female,,Secondary,
36,56,,FALSE,Male,,Secondary,
36,53,,FALSE,Male,,Secondary,
36,80,,FALSE,Male,,Secondary,
36,93,,FALSE,Female,,Secondary,
35,55,,FALSE,Male,,Secondary,
35,50,,FALSE,Male,,Secondary,
36,84,,FALSE,Male,,Secondary,
36,83,,FALSE,Female,,Secondary,
35,77,,FALSE,Female,,Secondary,
35,73,,FALSE,Female,,Secondary,
35,70,,FALSE,Female,,Secondary,
35,74,,FALSE,Female,,Secondary,
36,85,,FALSE,Female,,Secondary,
36,88,,FALSE,Female,,Secondary,
36,63,,FALSE,Male,,Secondary,
36,80,,FALSE,Male,,Secondary,
36,42,,FALSE,Female,,Secondary,
36,49,,FALSE,Male,,Secondary,
36,52,,FALSE,Female,,Secondary,
36,48,,FALSE,Male,,Secondary,
35,67,,FALSE,Male,,Secondary,
35,75,,FALSE,Male,,Secondary,
36,48,,FALSE,Female,,Secondary,
36,5,,FALSE,Male,,Secondary,
36,65,,FALSE,Male,,Secondary,
36,56,,FALSE,Female,,Secondary,
37,0,,FALSE,Male,,Secondary,
37,0,,FALSE,Male,,Secondary,
38,79,,FALSE,Female,,Secondary,
39,0,,FALSE,Male,,Secondary,
36,42,,FALSE,Female,,Secondary,
36,37,,FALSE,Female,,Secondary,
35,33,,FALSE,Male,,Secondary,
35,30,,FALSE,Female,,Secondary,
36,65,,FALSE,Female,,Secondary,
36,62,,FALSE,Male,,Secondary,
36,92,,FALSE,Female,,Secondary,
36,85,,FALSE,Female,,Secondary,
35,41,,FALSE,Male,,Secondary,
35,41,,FALSE,Male,,Secondary,
37,54,,FALSE,Male,,Secondary,
37,56,,FALSE,Male,,Secondary,
35,70,,FALSE,Female,,Secondary,
35,69,,FALSE,Female,,Secondary,
36,49,,FALSE,Male,,Secondary,
36,72,,FALSE,Female,,Secondary,
35,94,,FALSE,Female,,Secondary,
35,100,,FALSE,Female,,Secondary,
34,72,,FALSE,Male,,Secondary,
35,59,,FALSE,Female,,Secondary,
35,100,,FALSE,Male,,Secondary,
36,68,,FALSE,Male,,Secondary,
42,92,,FALSE,Male,,Secondary,
36,92,,FALSE,Male,,Secondary,
36,50,,FALSE,Female,,Secondary,
36,45,,FALSE,Male,,Secondary,
35,53,,FALSE,Male,,Secondary,
35,76,,FALSE,Female,,Secondary,
36,62,,FALSE,Male,,Secondary,
36,51,,FALSE,Female,,Secondary,
36,100,,FALSE,Female,,Secondary,
36,100,,FALSE,Male,,Secondary,
36,23,,FALSE,Male,,Secondary,
36,13,,FALSE,Male,,Secondary,
36,91,,FALSE,Female,,Secondary,
37,80,,FALSE,Male,,Secondary,
36,33,,FALSE,Male,,Secondary,
36,33,,FALSE,Female,,Secondary,
35,33,,FALSE,Male,,Secondary,
35,34,,FALSE,Male,,Secondary,
38,0,,FALSE,Male,,Secondary,
37,0,,FALSE,Male,,Secondary,
36,44,,FALSE,Male,,Secondary,
36,87,,FALSE,Female,,Secondary,
37,79,,FALSE,Female,,Secondary,
37,85,,FALSE,Female,,Secondary,
36,99,,FALSE,Female,,Secondary,
36,100,,FALSE,Female,,Secondary,
37,76,,FALSE,Female,,Secondary,
37,77,,FALSE,Female,,Secondary,
36,60,,FALSE,Female,,Secondary,
36,53,,FALSE,Female,,Secondary,
36,85,,FALSE,Male,,Secondary,
36,84,,FALSE,Male,,Secondary,
36,47,,FALSE,Male,,Secondary,
36,0,,FALSE,Male,,Secondary,
36,58,,FALSE,Male,,Secondary,
35,80,,FALSE,Male,,Secondary,
36,83,,FALSE,Female,,Secondary,
36,85,,FALSE,Female,,Secondary,
35,83,,FALSE,Female,,Secondary,
35,78,,FALSE,Female,,Secondary,
36,74,,FALSE,Male,,Secondary,
36,90,,FALSE,Female,,Secondary,
36,61,,FALSE,Female,,Secondary,
36,63,,FALSE,Female,,Secondary,
36,6,,FALSE,Male,,Secondary,
36,6,,FALSE,Male,,Secondary,
36,64,,FALSE,Male,,Secondary,
36,52,,FALSE,Female,,Secondary,
36,83,,FALSE,Male,,Secondary,
36,56,,FALSE,Male,,Secondary,
35,77,,FALSE,Female,,Secondary,
35,76,,FALSE,Female,,Secondary,
34,33,,FALSE,Female,,Secondary,
35,27,,FALSE,Male,,Secondary,
36,41,,FALSE,Male,,Secondary,
36,3,,FALSE,Male,,Secondary,
36,91,,FALSE,Male,,Secondary,
35,83,,FALSE,Female,,Secondary,
35,84,,FALSE,Female,,Secondary,
35,79,,FALSE,Female,,Secondary,
41,99,,FALSE,Male,,Secondary,
35,100,,FALSE,Male,,Secondary,
36,31,,FALSE,Female,,Secondary,
36,46,,FALSE,Female,,Secondary,
36,45,,FALSE,Female,,Secondary,
36,45,,FALSE,Female,,Secondary,
35,61,,FALSE,Female,,Secondary,
35,66,,FALSE,Female,,Secondary,
36,81,,FALSE,Male,,Secondary,
36,91,,FALSE,Male,,Secondary,
36,31,,FALSE,Male,,Secondary,
46,32,,FALSE,Female,,Secondary,
36,46,,FALSE,Male,,Secondary,
36,46,,FALSE,Male,,Secondary,
35,43,,FALSE,Female,,Secondary,
35,42,,FALSE,Female,,Secondary,
36,89,,FALSE,Male,,Secondary,
36,89,,FALSE,Male,,Secondary,
37,90,,FALSE,Male,,Secondary,
37,0,,FALSE,Female,,Secondary,
35,29,,FALSE,Female,,Secondary,
35,7,,FALSE,Male,,Secondary,
36,0,,FALSE,Female,,Secondary,
36,0,,FALSE,Male,,Secondary,
35,48,,FALSE,Female,,Secondary,
35,49,,FALSE,Female,,Secondary,
36,27,,FALSE,Female,,Secondary,
36,31,,FALSE,Female,,Secondary,
36,84,,FALSE,Female,,Secondary,
36,82,,FALSE,Female,,Secondary,
35,16,,FALSE,Male,,Secondary,
35,17,,FALSE,Male,,Secondary,
36,0,,FALSE,Male,,Secondary,
36,0,,FALSE,Female,,Secondary,
36,62,,FALSE,Male,,Secondary,
36,62,,FALSE,Male,,Secondary,
39,73,,FALSE,Male,,Secondary,
39,91,,FALSE,Female,,Secondary,
35,68,,FALSE,Female,,Secondary,
35,68,,FALSE,Male,,Secondary,
35,100,,FALSE,Female,,Secondary,
36,94,,FALSE,Female,,Secondary,
36,99,,FALSE,Female,,Secondary,
36,99,,FALSE,Female,,Secondary,
36,13,,FALSE,Male,,Secondary,
36,13,,FALSE,Male,,Secondary,
35,89,,FALSE,Male,,Secondary,
35,87,,FALSE,Female,,Secondary,
35,99,,FALSE,Female,,Secondary,
35,0,,FALSE,Male,,Secondary,
36,51,,FALSE,Male,,Secondary,
36,78,,FALSE,Male,,Secondary,
35,88,,FALSE,Female,,Secondary,
35,90,,FALSE,Female,,Secondary,
45,0,,FALSE,Male,,Secondary,
35,0,,FALSE,Male,,Secondary,
34,32,,FALSE,Male,,Secondary,
34,8,,FALSE,Male,,Secondary,
35,38,,FALSE,Female,,Secondary,
35,63,,FALSE,Female,,Secondary,
35,100,,FALSE,Female,,Secondary,
35,100,,FALSE,Female,,Secondary,
36,41,,FALSE,Female,,Secondary,
35,43,,FALSE,Male,,Secondary,
38,51,,FALSE,Female,,Secondary,
38,51,,FALSE,Female,,Secondary,
36,63,,FALSE,Male,,Secondary,
36,65,,FALSE,Male,,Secondary,
36,11,,FALSE,Male,,Secondary,
36,39,,FALSE,Male,,Secondary,
36,97,,FALSE,Male,,Secondary,
36,98,,FALSE,Female,,Secondary,
35,77,,FALSE,Female,,Secondary,
35,75,,FALSE,Female,,Secondary,
38,95,,FALSE,Female,,Secondary,
38,91,,FALSE,Female,,Secondary,
36,75,,FALSE,Female,,Secondary,
36,68,,FALSE,Male,,Secondary,
36,100,,FALSE,Male,,Secondary,
35,100,,FALSE,Female,,Secondary,
36,69,,FALSE,Male,,Secondary,
36,69,,FALSE,Male,,Secondary,
35,34,,FALSE,Male,,Secondary,
35,31,,FALSE,Male,,Secondary,
36,74,,FALSE,Female,,Secondary,
36,46,,FALSE,Female,,Secondary,
35,71,,FALSE,Female,,Secondary,
35,69,,FALSE,Male,,Secondary,
36,24,,FALSE,Male,,Secondary,
36,33,,FALSE,Female,,Secondary,
37,94,,FALSE,Female,,Secondary,
37,94,,FALSE,Female,,Secondary,
35,58,,FALSE,Male,,Secondary,
36,58,,FALSE,Male,,Secondary,
36,53,,FALSE,Male,,Secondary,
36,61,,FALSE,Female,,Secondary,
37,79,,FALSE,Male,,Secondary,
37,80,,FALSE,Female,,Secondary,
35,59,,FALSE,Male,,Secondary,
35,73,,FALSE,Female,,Secondary,
35,93,,FALSE,Male,,Secondary,
35,86,,FALSE,Female,,Secondary,
36,93,,FALSE,Male,,Secondary,
36,94,,FALSE,Male,,Secondary,
36,16,,FALSE,Male,,Secondary,
36,0,,FALSE,Male,,Secondary,
38,67,,FALSE,Female,,Secondary,
38,0,,FALSE,Male,,Secondary,
37,70,,FALSE,Female,,Secondary,
37,75,,FALSE,Male,,Secondary,
36,21,,FALSE,Female,,Secondary,
36,20,,FALSE,Female,,Secondary,
37,69,,FALSE,Male,,Secondary,
37,69,,FALSE,Male,,Secondary,
35,57,,FALSE,Male,,Secondary,
36,49,,FALSE,Female,,Secondary,
36,53,,FALSE,Male,,Secondary,
41,38,,FALSE,Male,,Secondary,
36,21,,FALSE,Male,,Secondary,
36,23,,FALSE,Male,,Secondary,
35,69,,FALSE,Male,,Secondary,
35,81,,FALSE,Male,,Secondary,
35,84,,FALSE,Female,,Secondary,
35,93,,FALSE,Female,,Secondary,
36,39,,FALSE,Female,,Secondary,
36,30,,FALSE,Male,,Secondary,
35,81,,FALSE,Female,,Secondary,
35,0,,FALSE,Female,,Secondary,
36,23,,FALSE,Female,,Secondary,
36,25,,FALSE,Female,,Secondary,
37,91,,FALSE,Male,,Secondary,
37,90,,FALSE,Male,,Secondary,
35,18,,FALSE,Male,,Secondary,
35,35,,FALSE,Female,,Secondary,
35,0,,FALSE,Male,,Secondary,
36,75,,FALSE,Female,,Secondary,
35,75,,FALSE,Female,,Secondary,
35,62,,FALSE,Female,,Secondary,
37,84,,FALSE,Female,,Secondary,
37,84,,FALSE,Female,,Secondary,
35,88,,FALSE,Female,,Secondary,
35,83,,FALSE,Female,,Secondary,
35,0,,FALSE,Male,,Secondary,
35,0,,FALSE,Male,,Secondary,
39,84,,FALSE,Male,,Secondary,
39,86,,FALSE,Male,,Secondary,
36,56,,FALSE,Female,,Secondary,
36,56,,FALSE,Female,,Secondary,
36,29,,FALSE,Male,,Secondary,
36,28,,FALSE,Male,,Secondary,
36,97,,FALSE,Female,,Secondary,
36,100,,FALSE,Male,,Secondary,
36,84,,FALSE,Female,,Secondary,
36,0,,FALSE,Female,,Secondary,
36,62,,FALSE,Female,,Secondary,
36,52,,FALSE,Female,,Secondary,
35,0,,FALSE,Female,,Secondary,
35,100,,FALSE,Female,,Secondary,
35,8,,FALSE,Female,,Secondary,
35,7,,FALSE,Female,,Secondary,
36,76,,FALSE,Female,,Secondary,
36,76,,FALSE,Female,,Secondary,
36,0,,FALSE,Male,,Secondary,
37,85,,FALSE,Female,,Secondary,
35,58,,FALSE,Male,,Secondary,
35,48,,FALSE,Female,,Secondary,
36,64,,FALSE,Female,,Secondary,
36,59,,FALSE,Male,,Secondary,
36,91,,FALSE,Male,,Secondary,
36,93,,FALSE,Male,,Secondary,
36,22,,FALSE,Male,,Secondary,
36,23,,FALSE,Male,,Secondary,
36,14,,FALSE,Female,,Secondary,
36,45,,FALSE,Female,,Secondary,
36,42,,FALSE,Male,,Secondary,
36,43,,FALSE,Male,,Secondary,
35,82,,FALSE,Male,,Secondary,
35,82,,FALSE,Male,,Secondary,
36,62,,FALSE,Male,,Secondary,
36,61,,FALSE,Male,,Secondary,
35,83,,FALSE,Male,,Secondary,
35,0,,FALSE,Male,,Secondary,
35,40,,FALSE,Male,,Secondary,
35,41,,FALSE,Male,,Secondary,
35,65,,FALSE,Male,,Secondary,
35,64,,FALSE,Female,,Secondary,
35,88,,FALSE,Female,,Secondary,
35,87,,FALSE,Female,,Secondary,
36,73,,FALSE,Male,,Secondary,
36,66,,FALSE,Female,,Secondary,
37,66,,FALSE,Male,,Secondary,
37,66,,FALSE,Male,,Secondary,
36,57,,FALSE,Male,,Secondary,
36,46,,FALSE,Male,,Secondary,
36,76,,FALSE,Male,,Secondary,
35,74,,FALSE,Female,,Secondary,
35,88,,FALSE,Female,,Secondary,
35,88,,FALSE,Male,,Secondary,
36,76,,FALSE,Female,,Secondary,
36,0,,FALSE,Female,,Secondary,
35,0,,FALSE,Male,,Secondary,
35,64,,FALSE,Male,,Secondary,
36,98,,FALSE,Female,,Secondary,
36,98,,FALSE,Female,,Secondary,
35,92,,FALSE,Male,,Secondary,
35,92,,FALSE,Female,,Secondary,
35,27,,FALSE,Female,,Secondary,
35,22,,FALSE,Male,,Secondary,
38,59,,FALSE,Female,,Secondary,
38,68,,FALSE,Female,,Secondary,
36,93,,FALSE,Female,,Secondary,
36,96,,FALSE,Female,,Secondary,
34,96,,FALSE,Female,,Secondary,
34,95,,FALSE,Male,,Secondary,
36,68,,FALSE,Female,,Secondary,
36,60,,FALSE,Male,,Secondary,
36,37,,FALSE,Female,,Secondary,
36,36,,FALSE,Female,,Secondary,
37,95,,FALSE,Male,,Secondary,
37,92,,FALSE,Male,,Secondary,
36,85,,FALSE,Female,,Secondary,
36,88,,FALSE,Female,,Secondary,
36,0,,FALSE,Female,,Secondary,
36,58,,FALSE,Female,,Secondary,
36,88,,FALSE,Male,,Secondary,
36,89,,FALSE,Male,,Secondary,
36,47,,FALSE,Female,,Secondary,
36,57,,FALSE,Female,,Secondary,
36,0,,FALSE,Male,,Secondary,
36,97,,FALSE,Female,,Secondary,
36,80,,FALSE,Male,,Secondary,
36,73,,FALSE,Male,,Secondary,
43,93,,FALSE,Male,,Secondary,
43,95,,FALSE,Male,,Secondary,
36,81,,FALSE,Female,,Secondary,
36,83,,FALSE,Female,,Secondary,
35,22,,FALSE,Female,,Secondary,
35,23,,FALSE,Female,,Secondary,
35,69,,FALSE,Female,,Secondary,
35,58,,FALSE,Female,,Secondary,
36,67,,FALSE,Male,,Secondary,
36,80,,FALSE,Female,,Secondary,
35,40,,FALSE,Female,,Secondary,
35,37,,FALSE,Female,,Secondary,
35,29,,FALSE,Male,,Secondary,
35,30,,FALSE,Male,,Secondary,
35,71,,FALSE,Female,,Secondary,
35,65,,FALSE,Female,,Secondary,
36,86,,FALSE,Female,,Secondary,
36,84,,FALSE,Female,,Secondary,
36,82,,FALSE,Male,,Secondary,
36,76,,FALSE,Female,,Secondary,
36,62,,FALSE,Female,,Secondary,
36,53,,FALSE,Male,,Secondary,
35,74,,FALSE,Male,,Secondary,
35,74,,FALSE,Female,,Secondary,
36,76,,FALSE,Male,,Secondary,
36,58,,FALSE,Male,,Secondary,
36,79,,FALSE,Male,,Secondary,
36,81,,FALSE,Female,,Secondary,
35,68,,FALSE,Female,,Secondary,
35,78,,FALSE,Female,,Secondary,
36,80,,FALSE,Male,,Secondary,
36,80,,FALSE,Male,,Secondary,
36,34,,FALSE,Female,,Secondary,
36,34,,FALSE,Female,,Secondary,
37,55,,FALSE,Female,,Secondary,
37,91,,FALSE,Female,,Secondary,
35,53,,FALSE,Male,,Secondary,
35,43,,FALSE,Male,,Secondary,
36,0,,FALSE,Female,,Secondary,
36,0,,FALSE,Female,,Secondary,
36,90,,FALSE,Female,,Secondary,
36,90,,FALSE,Male,,Secondary,
34,94,,FALSE,Female,,Secondary,
34,0,,FALSE,Female,,Secondary,
35,13,,FALSE,Male,,Secondary,
35,37,,FALSE,Female,,Secondary,
35,70,,FALSE,Male,,Secondary,
35,55,,FALSE,Male,,Secondary,
35,42,,FALSE,Female,,Secondary,
34,34,,FALSE,Male,,Secondary,
36,63,,FALSE,Female,,Secondary,
36,63,,FALSE,Female,,Secondary,
36,88,,FALSE,Female,,Secondary,
36,88,,FALSE,Male,,Secondary,
35,42,,FALSE,Male,,Secondary,
35,45,,FALSE,Female,,Secondary,
36,65,,FALSE,Male,,Secondary,
36,62,,FALSE,Male,,Secondary,
37,10,,FALSE,Male,,Secondary,
40,18,,FALSE,Male,,Secondary,
36,67,,FALSE,Male,,Secondary,
36,65,,FALSE,Male,,Secondary,
36,0,,FALSE,Female,,Secondary,
36,0,,FALSE,Female,,Secondary,
35,64,,FALSE,Male,,Secondary,
35,50,,FALSE,Male,,Secondary,
37,46,,FALSE,Male,,Secondary,
37,0,,FALSE,Male,,Secondary,
36,62,,FALSE,Male,,Secondary,
36,56,,FALSE,Male,,Secondary,
36,73,,FALSE,Male,,Secondary,
36,72,,FALSE,Male,,Secondary,
36,73,,FALSE,Female,,Secondary,
36,74,,FALSE,Male,,Secondary,
35,31,,FALSE,Male,,Secondary,
35,30,,FALSE,Female,,Secondary,
36,59,,FALSE,Male,,Secondary,
36,68,,FALSE,Female,,Secondary,
36,80,,FALSE,Male,,Secondary,
36,68,,FALSE,Male,,Secondary,
42,41,,FALSE,Female,,Secondary,
37,11,,FALSE,Female,,Secondary,
36,65,,FALSE,Female,,Secondary,
36,63,,FALSE,Male,,Secondary,
36,88,,FALSE,Male,,Secondary,
36,88,,FALSE,Female,,Secondary,
36,77,,FALSE,Female,,Secondary,
36,67,,FALSE,Male,,Secondary,
36,67,,FALSE,Male,,Secondary,
36,63,,FALSE,Male,,Secondary,
36,48,,FALSE,Male,,Secondary,
36,52,,FALSE,Female,,Secondary,
36,81,,FALSE,Female,,Secondary,
36,80,,FALSE,Female,,Secondary,
34,27,,FALSE,Male,,Secondary,
34,27,,FALSE,Male,,Secondary,
36,34,,FALSE,Female,,Secondary,
35,0,,FALSE,Female,,Secondary,
36,75,,FALSE,Female,,Secondary,
36,73,,FALSE,Male,,Secondary,
35,73,,FALSE,Female,,Secondary,
35,77,,FALSE,Male,,Secondary,
36,86,,FALSE,Male,,Secondary,
36,82,,FALSE,Male,,Secondary,
36,69,,FALSE,Female,,Secondary,
36,86,,FALSE,Female,,Secondary,
35,90,,FALSE,Female,,Secondary,
35,90,,FALSE,Female,,Secondary,
36,84,,FALSE,Female,,Secondary,
36,82,,FALSE,Female,,Secondary,
35,53,,FALSE,Male,,Secondary,
35,55,,FALSE,Male,,Secondary,
35,35,,FALSE,Male,,Secondary,
35,44,,FALSE,Female,,Secondary,
35,77,,FALSE,Female,,Secondary,
37,87,,FALSE,Female,,Secondary,
36,66,,FALSE,Female,,Secondary,
35,61,,FALSE,Female,,Secondary,
38,0,,FALSE,Male,,Secondary,
38,0,,FALSE,Male,,Secondary,
36,24,,FALSE,Male,,Secondary,
36,32,,FALSE,Male,,Secondary,
35,56,,FALSE,Female,,Secondary,
35,49,,FALSE,Male,,Secondary,
36,83,,FALSE,Female,,Secondary,
36,82,,FALSE,Female,,Secondary,
35,46,,FALSE,Female,,Secondary,
35,29,,FALSE,Male,,Secondary,
36,0,,FALSE,Female,,Secondary,
36,0,,FALSE,Female,,Secondary,
36,46,,FALSE,Male,,Secondary,
36,54,,FALSE,Male,,Secondary,
35,52,,FALSE,Male,,Secondary,
35,52,,FALSE,Male,,Secondary,
40,82,,FALSE,Female,,Secondary,
40,96,,FALSE,Female,,Secondary,
35,47,,FALSE,Male,,Secondary,
35,52,,FALSE,Female,,Secondary,
38,76,,FALSE,Female,,Secondary,
38,76,,FALSE,Female,,Secondary,
35,86,,FALSE,Male,,Secondary,
35,86,,FALSE,Male,,Secondary,
35,46,,FALSE,Male,,Secondary,
35,44,,FALSE,Male,,Secondary,
36,99,,FALSE,Female,,Secondary,
35,100,,FALSE,Male,,Secondary,
35,83,,FALSE,Female,,Secondary,
35,78,,FALSE,Female,,Secondary,
35,73,,FALSE,Female,,Secondary,
35,83,,FALSE,Female,,Secondary,
35,19,,FALSE,Male,,Secondary,
36,34,,FALSE,Male,,Secondary,
36,61,,FALSE,Female,,Secondary,
36,58,,FALSE,Male,,Secondary,
36,100,,FALSE,Male,,Secondary,
36,100,,FALSE,Female,,Secondary,
37,46,,FALSE,Male,,Secondary,
37,45,,FALSE,Female,,Secondary,
37,99,,FALSE,Male,,Secondary,
37,100,,FALSE,Male,,Secondary,
36,80,,FALSE,Male,,Secondary,
36,79,,FALSE,Male,,Secondary,
35,62,,FALSE,Male,,Secondary,
35,57,,FALSE,Male,,Secondary,
35,70,,FALSE,Male,,Secondary,
36,78,,FALSE,Female,,Secondary,
36,50,,FALSE,Female,,Secondary,
36,65,,FALSE,Female,,Secondary,
35,93,,FALSE,Female,,Secondary,
36,99,,FALSE,Female,,Secondary,
36,97,,FALSE,Male,,Secondary,
36,96,,FALSE,Male,,Secondary,
36,26,,FALSE,Female,,Secondary,
36,25,,FALSE,Male,,Secondary,
35,0,,FALSE,Female,,Secondary,
35,29,,FALSE,Female,,Secondary,
36,83,,FALSE,Male,,Secondary,
36,91,,FALSE,Female,,Secondary,
36,95,,FALSE,Male,,Secondary,
35,59,,FALSE,Female,,Secondary,
35,63,,FALSE,Female,,Secondary,
35,94,,FALSE,Male,,Secondary,
35,95,,FALSE,Male,,Secondary,
39,82,,FALSE,Male,,Secondary,
39,81,,FALSE,Male,,Secondary,
36,74,,FALSE,Male,,Secondary,
36,75,,FALSE,Female,,Secondary,
36,50,,FALSE,Female,,Secondary,
36,42,,FALSE,Female,,Secondary,
34,86,,FALSE,Male,,Secondary,
34,85,,FALSE,Male,,Secondary,
36,39,,FALSE,Female,,Secondary,
36,38,,FALSE,Female,,Secondary,
36,38,,FALSE,Female,,Secondary,
36,38,,FALSE,Female,,Secondary,
35,79,,FALSE,Male,,Secondary,
35,0,,FALSE,Female,,Secondary,
37,92,,FALSE,Male,,Secondary,
37,97,,FALSE,Female,,Secondary,
36,96,,FALSE,Female,,Secondary,
36,98,,FALSE,Female,,Secondary,
35,83,,FALSE,Female,,Secondary,
35,82,,FALSE,Male,,Secondary,
35,34,,FALSE,Male,,Secondary,
34,29,,FALSE,Male,,Secondary,
36,68,,FALSE,Male,,Secondary,
36,72,,FALSE,Male,,Secondary,
36,68,,FALSE,Male,,Secondary,
36,72,,FALSE,Male,,Secondary,
35,0,,FALSE,Female,,Secondary,
35,32,,FALSE,Female,,Secondary,
34,52,,FALSE,Male,,Secondary,
34,67,,FALSE,Female,,Secondary,
35,54,,FALSE,Female,,Secondary,
35,54,,FALSE,Female,,Secondary,
38,40,,FALSE,Male,,Secondary,
38,46,,FALSE,Male,,Secondary,
36,48,,FALSE,Female,,Secondary,
36,49,,FALSE,Female,,Secondary,
36,38,,FALSE,Female,,Secondary,
36,38,,FALSE,Female,,Secondary,
35,87,,FALSE,Female,,Secondary,
35,88,,FALSE,Female,,Secondary,
35,41,,FALSE,Male,,Secondary,
35,60,,FALSE,Female,,Secondary,
36,80,,FALSE,Male,,Secondary,
36,91,,FALSE,Female,,Secondary,
36,96,,FALSE,Female,,Secondary,
36,95,,FALSE,Female,,Secondary,
35,84,,FALSE,Male,,Secondary,
36,82,,FALSE,Female,,Secondary,
36,74,,FALSE,Male,,Secondary,
36,87,,FALSE,Female,,Secondary,
36,76,,FALSE,Male,,Secondary,
35,0,,FALSE,Male,,Secondary,
36,49,,FALSE,Female,,Secondary,
36,38,,FALSE,Female,,Secondary,
35,99,,FALSE,Female,,Secondary,
36,98,,FALSE,Male,,Secondary,
35,0,,FALSE,Male,,Secondary,
35,0,,FALSE,Male,,Secondary,
37,33,,FALSE,Male,,Secondary,
37,69,,FALSE,Female,,Secondary,
37,64,,FALSE,Female,,Secondary,
37,60,,FALSE,Male,,Secondary,
35,24,,FALSE,Male,,Secondary,
35,17,,FALSE,Male,,Secondary,
35,77,,FALSE,Female,,Secondary,
35,66,,FALSE,Male,,Secondary,
35,26,,FALSE,Male,,Secondary,
35,47,,FALSE,Female,,Secondary,
36,88,,FALSE,Male,,Secondary,
36,92,,FALSE,Male,,Secondary,
37,99,,FALSE,Female,,Secondary,
37,0,,FALSE,Male,,Secondary,
35,86,,FALSE,Female,,Secondary,
35,85,,FALSE,Female,,Secondary,
36,17,,FALSE,Female,,Secondary,
36,6,,FALSE,Male,,Secondary,
36,16,,FALSE,Female,,Secondary,
36,12,,FALSE,Female,,Secondary,
35,87,,FALSE,Female,,Secondary,
35,89,,FALSE,Female,,Secondary,
35,78,,FALSE,Female,,Secondary,
35,73,,FALSE,Female,,Secondary,
35,89,,FALSE,Female,,Secondary,
35,88,,FALSE,Female,,Secondary,
36,61,,FALSE,Male,,Secondary,
36,62,,FALSE,Male,,Secondary,
36,0,,FALSE,Female,,Secondary,
36,71,,FALSE,Female,,Secondary,
36,55,,FALSE,Male,,Secondary,
36,0,,FALSE,Female,,Secondary,
35,26,,FALSE,Female,,Secondary,
35,31,,FALSE,Female,,Secondary,
35,59,,FALSE,Male,,Secondary,
35,69,,FALSE,Male,,Secondary,
35,78,,FALSE,Male,,Secondary,
35,78,,FALSE,Female,,Secondary,
36,87,,FALSE,Female,,Secondary,
36,90,,FALSE,Female,,Secondary,
36,73,,FALSE,Male,,Secondary,
36,61,,FALSE,Male,,Secondary,
38,24,,FALSE,Female,,Secondary,
38,23,,FALSE,Female,,Secondary,
36,51,,FALSE,Male,,Secondary,
35,50,,FALSE,Male,,Secondary,
35,71,,FALSE,Male,,Secondary,
36,72,,FALSE,Female,,Secondary,
37,79,,FALSE,Male,,Secondary,
37,73,,FALSE,Female,,Secondary,
36,80,,FALSE,Female,,Secondary,
36,65,,FALSE,Male,,Secondary,
35,74,,FALSE,Male,,Secondary,
35,77,,FALSE,Female,,Secondary,
36,94,,FALSE,Female,,Secondary,
36,95,,FALSE,Female,,Secondary,
36,30,,FALSE,Male,,Secondary,
36,38,,FALSE,Female,,Secondary,
36,95,,FALSE,Male,,Secondary,
35,96,,FALSE,Female,,Secondary,
35,49,,FALSE,Female,,Secondary,
35,69,,FALSE,Female,,Secondary,
36,0,,FALSE,Male,,Secondary,
36,0,,FALSE,Male,,Secondary,
35,97,,FALSE,Female,,Secondary,
35,96,,FALSE,Male,,Secondary,
36,0,,FALSE,Male,,Secondary,
36,0,,FALSE,Male,,Secondary,
36,97,,FALSE,Male,,Secondary,
36,96,,FALSE,Male,,Secondary,
36,23,,FALSE,Female,,Secondary,
38,27,,FALSE,Female,,Secondary,
36,61,,FALSE,Male,,Secondary,
36,61,,FALSE,Male,,Secondary,
35,50,,FALSE,Male,,Secondary,
35,51,,FALSE,Male,,Secondary,
36,88,,FALSE,Female,,Secondary,
36,96,,FALSE,Male,,Secondary,
35,89,,FALSE,Male,,Secondary,
36,38,,FALSE,Female,,Secondary,
35,46,,FALSE,Male,,Secondary,
35,51,,FALSE,Male,,Secondary,
36,5,,FALSE,Male,,Secondary,
36,0,,FALSE,Female,,Secondary,
38,53,,FALSE,Female,,Secondary,
38,63,,FALSE,Male,,Secondary,
34,40,,FALSE,Female,,Secondary,
35,36,,FALSE,Female,,Secondary,
36,88,,FALSE,Male,,Secondary,
36,85,,FALSE,Female,,Secondary,
38,90,,FALSE,Female,,Secondary,
38,75,,FALSE,Female,,Secondary,
42,70,,FALSE,Female,,Secondary,
41,79,,FALSE,Male,,Secondary,
35,71,,FALSE,Male,,Secondary,
35,53,,FALSE,Male,,Secondary,
35,51,,FALSE,Male,,Secondary,
35,51,,FALSE,Male,,Secondary,
36,71,,FALSE,Male,,Secondary,
36,68,,FALSE,Male,,Secondary,
35,75,,FALSE,Female,,Secondary,
35,75,,FALSE,Female,,Secondary,
35,48,,FALSE,Female,,Secondary,
35,49,,FALSE,Male,,Secondary,
35,97,,FALSE,Male,,Secondary,
35,98,,FALSE,Male,,Secondary,
40,82,,FALSE,Female,,Secondary,
35,73,,FALSE,Male,,Secondary,
36,60,,FALSE,Male,,Secondary,
36,52,,FALSE,Male,,Secondary,
36,72,,FALSE,Female,,Secondary,
36,64,,FALSE,Female,,Secondary,
36,70,,FALSE,Female,,Secondary,
36,70,,FALSE,Female,,Secondary,
37,0,,FALSE,Male,,Secondary,
37,11,,FALSE,Male,,Secondary,
37,71,,FALSE,Male,,Secondary,
37,0,,FALSE,Male,,Secondary,
36,35,,FALSE,Male,,Secondary,
36,20,,FALSE,Male,,Secondary,
36,12,,FALSE,Female,,Secondary,
36,12,,FALSE,Male,,Secondary,
36,0,,FALSE,Female,,Secondary,
36,33,,FALSE,Male,,Secondary,
35,57,,FALSE,Male,,Secondary,
36,55,,FALSE,Female,,Secondary,
36,35,,FALSE,Female,,Secondary,
36,25,,FALSE,Female,,Secondary,
37,80,,FALSE,Male,,Secondary,
37,78,,FALSE,Male,,Secondary,
36,0,,FALSE,Male,,Secondary,
35,20,,FALSE,Male,,Secondary,
35,82,,FALSE,Male,,Secondary,
36,85,,FALSE,Female,,Secondary,
37,87,,FALSE,Female,,Secondary,
37,86,,FALSE,Female,,Secondary,
35,60,,FALSE,Male,,Secondary,
35,64,,FALSE,Male,,Secondary,
36,79,,FALSE,Male,,Secondary,
36,79,,FALSE,Male,,Secondary,
36,63,,FALSE,Female,,Secondary,
36,64,,FALSE,Female,,Secondary,
34,43,,FALSE,Male,,Secondary,
34,0,,FALSE,Male,,Secondary,
36,75,,FALSE,Male,,Secondary,
36,73,,FALSE,Female,,Secondary,
35,33,,FALSE,Male,,Secondary,
35,38,,FALSE,Male,,Secondary,
36,32,,FALSE,Female,,Secondary,
36,0,,FALSE,Female,,Secondary,
35,90,,FALSE,Female,,Secondary,
35,88,,FALSE,Female,,Secondary,
35,51,,FALSE,Male,,Secondary,
35,73,,FALSE,Female,,Secondary,
36,83,,FALSE,Male,,Secondary,
36,81,,FALSE,Male,,Secondary,
36,60,,FALSE,Female,,Secondary,
36,60,,FALSE,Male,,Secondary,
35,73,,FALSE,Male,,Secondary,
35,74,,FALSE,Male,,Secondary,
35,34,,FALSE,Female,,Secondary,
35,34,,FALSE,Female,,Secondary,
35,82,,FALSE,Female,,Secondary,
35,76,,FALSE,Female,,Secondary,
36,57,,FALSE,Female,,Secondary,
36,56,,FALSE,Female,,Secondary,
35,82,,FALSE,Male,,Secondary,
35,82,,FALSE,Female,,Secondary,
36,71,,FALSE,Female,,Secondary,
36,78,,FALSE,Female,,Secondary,
36,68,,FALSE,Female,,Secondary,
36,65,,FALSE,Female,,Secondary,
35,85,,FALSE,Female,,Secondary,
35,79,,FALSE,Female,,Secondary,
36,64,,FALSE,Male,,Secondary,
36,63,,FALSE,Male,,Secondary,
36,93,,FALSE,Male,,Secondary,
36,94,,FALSE,Male,,Secondary,
43,80,,FALSE,Male,,Secondary,
43,81,,FALSE,Male,,Secondary,
35,79,,FALSE,Male,,Secondary,
36,91,,FALSE,Male,,Secondary,
35,0,,FALSE,Male,,Secondary,
35,67,,FALSE,Male,,Secondary,
36,78,,FALSE,Male,,Secondary,
36,93,,FALSE,Female,,Secondary,
36,80,,FALSE,Male,,Secondary,
36,79,,FALSE,Male,,Secondary,
36,61,,FALSE,Female,,Secondary,
36,61,,FALSE,Female,,Secondary,
36,91,,FALSE,Female,,Secondary,
34,80,,FALSE,Female,,Secondary,
36,75,,FALSE,Female,,Secondary,
36,85,,FALSE,Female,,Secondary,
36,61,,FALSE,Female,,Secondary,
36,36,,FALSE,Male,,Secondary,
35,42,,FALSE,Male,,Secondary,
35,39,,FALSE,Female,,Secondary,
36,99,,FALSE,Male,,Secondary,
36,94,,FALSE,Male,,Secondary,
36,79,,FALSE,Male,,Secondary,
36,81,,FALSE,Male,,Secondary,
36,71,,FALSE,Female,,Secondary,
36,71,,FALSE,Male,,Secondary,
36,63,,FALSE,Male,,Secondary,
36,57,,FALSE,Male,,Secondary,
43,80,,FALSE,Male,,Secondary,
43,88,,FALSE,Male,,Secondary,
37,0,,FALSE,Male,,Secondary,
36,69,,FALSE,Female,,Secondary,
36,82,,FALSE,Female,,Secondary,
36,81,,FALSE,Female,,Secondary,
36,33,,FALSE,Male,,Secondary,
36,33,,FALSE,Male,,Secondary,
36,91,,FALSE,Female,,Secondary,
36,83,,FALSE,Female,,Secondary,
37,82,,FALSE,Female,,Secondary,
37,82,,FALSE,Female,,Secondary,
36,59,,FALSE,Female,,Secondary,
36,0,,FALSE,Male,,Secondary,
35,84,,FALSE,Female,,Secondary,
35,85,,FALSE,Female,,Secondary,
35,99,,FALSE,Female,,Secondary,
35,100,,FALSE,Male,,Secondary,
36,50,,FALSE,Male,,Secondary,
35,62,,FALSE,Female,,Secondary,
36,76,,FALSE,Female,,Secondary,
36,72,,FALSE,Female,,Secondary,
35,36,,FALSE,Female,,Secondary,
35,10,,FALSE,Male,,Secondary,
35,58,,FALSE,Male,,Secondary,
35,65,,FALSE,Female,,Secondary,
37,41,,FALSE,Male,,Secondary,
37,39,,FALSE,Female,,Secondary,
38,64,,FALSE,Male,,Secondary,
38,72,,FALSE,Male,,Secondary,
35,61,,FALSE,Male,,Secondary,
35,84,,FALSE,Female,,Secondary,
35,47,,FALSE,Male,,Secondary,
35,54,,FALSE,Male,,Secondary,
35,91,,FALSE,Male,,Secondary,
35,0,,FALSE,Male,,Secondary,
36,99,,FALSE,Male,,Secondary,
36,0,,FALSE,Male,,Secondary,
36,55,,FALSE,Female,,Secondary,
36,61,,FALSE,Male,,Secondary,
35,60,,FALSE,Female,,Secondary,
35,66,,FALSE,Female,,Secondary,
36,86,,FALSE,Male,,Secondary,
36,82,,FALSE,Female,,Secondary,
36,50,,FALSE,Male,,Secondary,
36,50,,FALSE,Male,,Secondary,
39,90,,FALSE,Female,,Secondary,
39,87,,FALSE,Female,,Secondary,
36,73,,FALSE,Female,,Secondary,
36,73,,FALSE,Female,,Secondary,
36,100,,FALSE,Male,,Secondary,
35,100,,FALSE,Female,,Secondary,
36,86,,FALSE,Female,,Secondary,
36,82,,FALSE,Male,,Secondary,
36,77,,FALSE,Male,,Secondary,
36,77,,FALSE,Male,,Secondary,
37,38,,FALSE,Female,,Secondary,
36,44,,FALSE,Female,,Secondary,
41,0,,FALSE,Male,,Secondary,
41,74,,FALSE,Male,,Secondary,
35,17,,FALSE,Male,,Secondary,
35,16,,FALSE,Male,,Secondary,
35,100,,FALSE,Female,,Secondary,
35,99,,FALSE,Female,,Secondary,
36,37,,FALSE,Female,,Secondary,
36,35,,FALSE,Female,,Secondary,
36,67,,FALSE,Female,,Secondary,
36,71,,FALSE,Female,,Secondary,
36,89,,FALSE,Male,,Secondary,
36,90,,FALSE,Female,,Secondary,
36,51,,FALSE,Male,,Secondary,
36,52,,FALSE,Male,,Secondary,
35,15,,FALSE,Male,,Secondary,
35,11,,FALSE,Male,,Secondary,
35,57,,FALSE,Male,,Secondary,
36,54,,FALSE,Male,,Secondary,
35,64,,FALSE,Male,,Secondary,
35,57,,FALSE,Male,,Secondary,
35,68,,FALSE,Female,,Secondary,
35,89,,FALSE,Female,,Secondary,
37,37,,FALSE,Male,,Secondary,
37,48,,FALSE,Male,,Secondary,
35,79,,FALSE,Female,,Secondary,
35,78,,FALSE,Female,,Secondary,
35,70,,FALSE,Female,,Secondary,
35,0,,FALSE,Female,,Secondary,
36,38,,FALSE,Male,,Secondary,
36,38,,FALSE,Female,,Secondary,
36,83,,FALSE,Female,,Secondary,
35,81,,FALSE,Female,,Secondary,
36,43,,FALSE,Male,,Secondary,
36,68,,FALSE,Male,,Secondary,
36,71,,FALSE,Female,,Secondary,
36,28,,FALSE,Female,,Secondary,
36,89,,FALSE,Female,,Secondary,
36,90,,FALSE,Male,,Secondary,
36,84,,FALSE,Male,,Secondary,
36,0,,FALSE,Female,,Secondary,
35,86,,FALSE,Female,,Secondary,
35,89,,FALSE,Female,,Secondary,
35,60,,FALSE,Female,,Secondary,
35,63,,FALSE,Female,,Secondary,
37,71,,FALSE,Female,,Secondary,
37,39,,FALSE,Male,,Secondary,
36,0,,FALSE,Female,,Secondary,
36,30,,FALSE,Male,,Secondary,
35,63,,FALSE,Male,,Secondary,
36,65,,FALSE,Male,,Secondary,
36,95,,FALSE,Male,,Secondary,
36,94,,FALSE,Male,,Secondary,
36,58,,FALSE,Female,,Secondary,
36,44,,FALSE,Male,,Secondary,
35,33,,FALSE,Male,,Secondary,
35,62,,FALSE,Male,,Secondary,
36,75,,FALSE,Male,,Secondary,
36,74,,FALSE,Male,,Secondary,
34,57,,FALSE,Male,,Secondary,
34,25,,FALSE,Male,,Secondary,
35,100,,FALSE,Male,,Secondary,
35,100,,FALSE,Male,,Secondary,
36,90,,FALSE,Female,,Secondary,
36,94,,FALSE,Female,,Secondary,
36,59,,FALSE,Female,,Secondary,
35,38,,FALSE,Female,,Secondary,
35,59,,FALSE,Female,,Secondary,
36,89,,FALSE,Male,,Secondary,
36,89,,FALSE,Male,,Secondary,
36,77,,FALSE,Female,,Secondary,
36,81,,FALSE,Female,,Secondary,
36,0,,FALSE,Male,,Secondary,
36,82,,FALSE,Male,,Secondary,
36,80,,FALSE,Female,,Secondary,
36,82,,FALSE,Female,,Secondary,
34,68,,FALSE,Male,,Secondary,
36,0,,FALSE,Male,,Secondary,
35,84,,FALSE,Female,,Secondary,
35,88,,FALSE,Female,,Secondary,
35,41,,FALSE,Male,,Secondary,
35,45,,FALSE,Female,,Secondary,
35,27,,FALSE,Female,,Secondary,
35,33,,FALSE,Female,,Secondary,
37,48,,FALSE,Female,,Secondary,
37,37,,FALSE,Male,,Secondary,
35,40,,FALSE,Female,,Secondary,
36,38,,FALSE,Male,,Secondary,
36,39,,FALSE,Male,,Secondary,
36,41,,FALSE,Male,,Secondary,
38,68,,FALSE,Female,,Secondary,
37,68,,FALSE,Male,,Secondary,
38,80,,FALSE,Female,,Secondary,
38,73,,FALSE,Female,,Secondary,
35,41,,FALSE,Male,,Secondary,
35,53,,FALSE,Male,,Secondary,
35,89,,FALSE,Female,,Secondary,
35,89,,FALSE,Male,,Secondary,
36,0,,FALSE,Female,,Secondary,
36,73,,FALSE,Female,,Secondary,
36,75,,FALSE,Male,,Secondary,
36,67,,FALSE,Male,,Secondary,
36,63,,FALSE,Female,,Secondary,
36,0,,FALSE,Female,,Secondary,
35,50,,FALSE,Female,,Secondary,
35,56,,FALSE,Male,,Secondary,
35,0,,FALSE,Male,,Secondary,
35,0,,FALSE,Male,,Secondary,
36,0,,FALSE,Male,,Secondary,
36,0,,FALSE,Female,,Secondary,
36,10,,FALSE,Male,,Secondary,
36,1,,FALSE,Male,,Secondary,
35,21,,FALSE,Male,,Secondary,
35,20,,FALSE,Male,,Secondary,
36,81,,FALSE,Male,,Secondary,
36,79,,FALSE,Female,,Secondary,
36,0,,FALSE,Male,,Secondary,
36,82,,FALSE,Female,,Secondary,
35,76,,FALSE,Male,,Secondary,
36,80,,FALSE,Male,,Secondary,
36,81,,FALSE,Male,,Secondary,
36,81,,FALSE,Male,,Secondary,
37,3,,FALSE,Male,,Secondary,
37,0,,FALSE,Male,,Secondary,
35,32,,FALSE,Female,,Secondary,
35,39,,FALSE,Female,,Secondary,
36,81,,FALSE,Female,,Secondary,
36,87,,FALSE,Female,,Secondary,
36,78,,FALSE,Female,,Secondary,
36,86,,FALSE,Female,,Secondary,
36,34,,FALSE,Male,,Secondary,
36,27,,FALSE,Male,,Secondary,
37,77,,FALSE,Female,,Secondary,
37,60,,FALSE,Female,,Secondary,
36,66,,FALSE,Female,,Secondary,
36,78,,FALSE,Female,,Secondary,
36,82,,FALSE,Female,,Secondary,
36,82,,FALSE,Male,,Secondary,
36,75,,FALSE,Male,,Secondary,
36,78,,FALSE,Female,,Secondary,
35,79,,FALSE,Male,,Secondary,
35,81,,FALSE,Female,,Secondary,
36,77,,FALSE,Female,,Secondary,
36,79,,FALSE,Male,,Secondary,
36,39,,FALSE,Female,,Secondary,
36,42,,FALSE,Female,,Secondary,
35,41,,FALSE,Female,,Secondary,
35,38,,FALSE,Male,,Secondary,
34,78,,FALSE,Male,,Secondary,
36,83,,FALSE,Female,,Secondary,
36,68,,FALSE,Male,,Secondary,
36,66,,FALSE,Male,,Secondary,
36,66,,FALSE,Female,,Secondary,
36,67,,FALSE,Female,,Secondary,
36,7,,FALSE,Female,,Secondary,
36,52,,FALSE,Female,,Secondary,
36,34,,FALSE,Female,,Secondary,
36,29,,FALSE,Female,,Secondary,
36,12,,FALSE,Female,,Secondary,
36,4,,FALSE,Female,,Secondary,
35,96,,FALSE,Female,,Secondary,
35,88,,FALSE,Male,,Secondary,
36,91,,FALSE,Male,,Secondary,
36,84,,FALSE,Female,,Secondary,
36,43,,FALSE,Male,,Secondary,
36,42,,FALSE,Male,,Secondary,
36,33,,FALSE,Male,,Secondary,
36,60,,FALSE,Female,,Secondary,
35,49,,FALSE,Male,,Secondary,
35,43,,FALSE,Male,,Secondary,
35,100,,FALSE,Male,,Secondary,
36,100,,FALSE,Male,,Secondary,
36,54,,FALSE,Male,,Secondary,
36,50,,FALSE,Male,,Secondary,
35,100,,FALSE,Female,,Secondary,
35,100,,FALSE,Female,,Secondary,
36,21,,FALSE,Male,,Secondary,
36,20,,FALSE,Male,,Secondary,
36,81,,FALSE,Male,,Secondary,
36,61,,FALSE,Male,,Secondary,
36,94,,FALSE,Male,,Secondary,
36,91,,FALSE,Female,,Secondary,
36,65,,FALSE,Male,,Secondary,
36,76,,FALSE,Female,,Secondary,
36,80,,FALSE,Male,,Secondary,
36,72,,FALSE,Female,,Secondary,
36,85,,FALSE,Male,,Secondary,
36,86,,FALSE,Male,,Secondary,
36,0,,FALSE,Male,,Secondary,
36,100,,FALSE,Male,,Secondary,
36,83,,FALSE,Female,,Secondary,
36,72,,FALSE,Male,,Secondary,
36,86,,FALSE,Male,,Secondary,
36,78,,FALSE,Female,,Secondary,
36,34,,FALSE,Female,,Secondary,
35,34,,FALSE,Female,,Secondary,
36,87,,FALSE,Female,,Secondary,
36,86,,FALSE,Male,,Secondary,
35,74,,FALSE,Female,,Secondary,
36,64,,FALSE,Male,,Secondary,
37,56,,FALSE,Female,,Secondary,
37,55,,FALSE,Female,,Secondary,
35,86,,FALSE,Male,,Secondary,
35,88,,FALSE,Male,,Secondary,
36,79,,FALSE,Female,,Secondary,
36,85,,FALSE,Male,,Secondary,
35,57,,FALSE,Male,,Secondary,
35,82,,FALSE,Male,,Secondary,
36,1,,FALSE,Female,,Secondary,
36,23,,FALSE,Female,,Secondary,
36,73,,FALSE,Female,,Secondary,
36,63,,FALSE,Female,,Secondary,
35,34,,FALSE,Female,,Secondary,
35,39,,FALSE,Female,,Secondary,
36,81,,FALSE,Female,,Secondary,
36,78,,FALSE,Male,,Secondary,
35,91,,FALSE,Female,,Secondary,
35,84,,FALSE,Female,,Secondary,
36,78,,FALSE,Female,,Secondary,
36,84,,FALSE,Female,,Secondary,
35,82,,FALSE,Male,,Secondary,
35,89,,FALSE,Female,,Secondary,
36,68,,FALSE,Male,,Secondary,
37,76,,FALSE,Female,,Secondary,
35,43,,FALSE,Female,,Secondary,
35,50,,FALSE,Female,,Secondary,
36,42,,FALSE,Female,,Secondary,
36,34,,FALSE,Male,,Secondary,
36,71,,FALSE,Male,,Secondary,
36,64,,FALSE,Male,,Secondary,
36,89,,FALSE,Female,,Secondary,
36,68,,FALSE,Male,,Secondary,
38,50,,FALSE,Male,,Secondary,
38,0,,FALSE,Male,,Secondary,
36,56,,FALSE,Female,,Secondary,
36,59,,FALSE,Male,,Secondary,
35,35,,FALSE,Male,,Secondary,
36,35,,FALSE,Male,,Secondary,
36,62,,FALSE,Female,,Secondary,
36,61,,FALSE,Female,,Secondary,
36,85,,FALSE,Female,,Secondary,
36,84,,FALSE,Male,,Secondary,
35,53,,FALSE,Female,,Secondary,
35,0,,FALSE,Female,,Secondary,
36,97,,FALSE,Male,,Secondary,
36,97,,FALSE,Female,,Secondary,
36,52,,FALSE,Male,,Secondary,
36,51,,FALSE,Male,,Secondary,
35,100,,FALSE,Male,,Secondary,
35,100,,FALSE,Female,,Secondary,
36,82,,FALSE,Male,,Secondary,
36,74,,FALSE,Male,,Secondary,
36,60,,FALSE,Male,,Secondary,
36,62,,FALSE,Male,,Secondary,
36,59,,FALSE,Male,,Secondary,
36,60,,FALSE,Male,,Secondary,
36,79,,FALSE,Female,,Secondary,
36,81,,FALSE,Male,,Secondary,
35,76,,FALSE,Female,,Secondary,
35,81,,FALSE,Female,,Secondary,
37,79,,FALSE,Male,,Secondary,
37,84,,FALSE,Male,,Secondary,
36,91,,FALSE,Male,,Secondary,
36,94,,FALSE,Male,,Secondary,
36,39,,FALSE,Female,,Secondary,
35,28,,FALSE,Female,,Secondary,
36,0,,FALSE,Female,,Secondary,
36,47,,FALSE,Female,,Secondary,
46,0,,FALSE,Male,,Secondary,
46,0,,FALSE,Female,,Secondary,
35,54,,FALSE,Male,,Secondary,
35,55,,FALSE,Male,,Secondary,
36,50,,FALSE,Female,,Secondary,
37,49,,FALSE,Female,,Secondary,
35,61,,FALSE,Female,,Secondary,
35,66,,FALSE,Male,,Secondary,
36,98,,FALSE,Female,,Secondary,
36,100,,FALSE,Female,,Secondary,
36,47,,FALSE,Female,,Secondary,
36,43,,FALSE,Female,,Secondary,
37,62,,FALSE,Male,,Secondary,
37,63,,FALSE,Male,,Secondary,
36,61,,FALSE,Male,,Secondary,
36,55,,FALSE,Male,,Secondary,
35,17,,FALSE,Male,,Secondary,
35,0,,FALSE,Male,,Secondary,
36,4,,FALSE,Female,,Secondary,
35,38,,FALSE,Male,,Secondary,
35,87,,FALSE,Male,,Secondary,
35,87,,FALSE,Male,,Secondary,
36,99,,FALSE,Male,,Secondary,
36,96,,FALSE,Male,,Secondary,
35,93,,FALSE,Female,,Secondary,
35,93,,FALSE,Female,,Secondary,
36,76,,FALSE,Female,,Secondary,
36,68,,FALSE,Female,,Secondary,
36,100,,FALSE,Male,,Secondary,
36,99,,FALSE,Female,,Secondary,
36,67,,FALSE,Male,,Secondary,
36,82,,FALSE,Female,,Secondary,
36,93,,FALSE,Female,,Secondary,
36,90,,FALSE,Female,,Secondary,
36,0,,FALSE,Male,,Secondary,
35,50,,FALSE,Male,,Secondary,
36,53,,FALSE,Female,,Secondary,
36,52,,FALSE,Male,,Secondary,
36,82,,FALSE,Female,,Secondary,
36,84,,FALSE,Male,,Secondary,
37,46,,FALSE,Female,,Secondary,
36,57,,FALSE,Male,,Secondary,
36,41,,FALSE,Male,,Secondary,
36,43,,FALSE,Male,,Secondary,
35,38,,FALSE,Male,,Secondary,
35,35,,FALSE,Male,,Secondary,
35,100,,FALSE,Female,,Secondary,
35,100,,FALSE,Female,,Secondary,
37,86,,FALSE,Male,,Secondary,
37,91,,FALSE,Male,,Secondary,
35,93,,FALSE,Male,,Secondary,
35,85,,FALSE,Male,,Secondary,
36,74,,FALSE,Female,,Secondary,
36,72,,FALSE,Male,,Secondary,
35,25,,FALSE,Male,,Secondary,
35,24,,FALSE,Male,,Secondary,
36,3,,FALSE,Female,,Secondary,
36,3,,FALSE,Female,,Secondary,
36,57,,FALSE,Female,,Secondary,
36,57,,FALSE,Female,,Secondary,
37,77,,FALSE,Male,,Secondary,
37,78,,FALSE,Male,,Secondary,
36,77,,FALSE,Female,,Secondary,
37,78,,FALSE,Female,,Secondary,
36,42,,FALSE,Female,,Secondary,
36,40,,FALSE,Female,,Secondary,
35,0,,FALSE,Male,,Secondary,
36,0,,FALSE,Male,,Secondary,
36,51,,FALSE,Male,,Secondary,
41,51,,FALSE,Female,,Secondary,
35,68,,FALSE,Male,,Secondary,
35,68,,FALSE,Male,,Secondary,
35,28,,FALSE,Female,,Secondary,
36,36,,FALSE,Female,,Secondary,
35,70,,FALSE,Female,,Secondary,
35,69,,FALSE,Female,,Secondary,
36,63,,FALSE,Male,,Secondary,
36,62,,FALSE,Male,,Secondary,
36,94,,FALSE,Female,,Secondary,
36,88,,FALSE,Male,,Secondary,
36,74,,FALSE,Male,,Secondary,
36,77,,FALSE,Male,,Secondary,
35,54,,FALSE,Female,,Secondary,
35,54,,FALSE,Male,,Secondary,
36,58,,FALSE,Male,,Secondary,
36,56,,FALSE,Female,,Secondary,
36,65,,FALSE,Female,,Secondary,
36,65,,FALSE,Female,,Secondary,
34,16,,FALSE,Female,,Secondary,
34,27,,FALSE,Male,,Secondary,
36,41,,FALSE,Male,,Secondary,
36,38,,FALSE,Male,,Secondary,
35,64,,FALSE,Female,,Secondary,
35,67,,FALSE,Female,,Secondary,
35,52,,FALSE,Female,,Secondary,
34,56,,FALSE,Male,,Secondary,
36,75,,FALSE,Male,,Secondary,
35,80,,FALSE,Female,,Secondary,
36,94,,FALSE,Female,,Secondary,
36,57,,FALSE,Male,,Secondary,
36,99,,FALSE,Male,,Secondary,
36,100,,FALSE,Male,,Secondary,
36,42,,FALSE,Female,,Secondary,
36,40,,FALSE,Female,,Secondary,
37,65,,FALSE,Female,,Secondary,
37,64,,FALSE,Female,,Secondary,
37,27,,FALSE,Female,,Secondary,
37,0,,FALSE,Male,,Secondary,
36,16,,FALSE,Male,,Secondary,
36,28,,FALSE,Male,,Secondary,
35,56,,FALSE,Female,,Secondary,
35,37,,FALSE,Female,,Secondary,
35,74,,FALSE,Female,,Secondary,
35,75,,FALSE,Male,,Secondary,
35,25,,FALSE,Female,,Secondary,
35,25,,FALSE,Female,,Secondary,
36,0,,FALSE,Male,,Secondary,
36,90,,FALSE,Female,,Secondary,
35,62,,FALSE,Female,,Secondary,
35,40,,FALSE,Female,,Secondary,
35,56,,FALSE,Female,,Secondary,
35,48,,FALSE,Female,,Secondary,
36,86,,FALSE,Male,,Secondary,
36,82,,FALSE,Female,,Secondary,
36,72,,FALSE,Female,,Secondary,
36,72,,FALSE,Female,,Secondary,
36,84,,FALSE,Female,,Secondary,
36,85,,FALSE,Female,,Secondary,
36,93,,FALSE,Female,,Secondary,
36,96,,FALSE,Male,,Secondary,
36,77,,FALSE,Male,,Secondary,
36,78,,FALSE,Male,,Secondary,
34,97,,FALSE,Male,,Secondary,
34,96,,FALSE,Male,,Secondary,
36,91,,FALSE,Male,,Secondary,
36,84,,FALSE,Male,,Secondary,
36,79,,FALSE,Female,,Secondary,
36,75,,FALSE,Male,,Secondary,
36,59,,FALSE,Female,,Secondary,
36,71,,FALSE,Male,,Secondary,
34,91,,FALSE,Female,,Secondary,
34,94,,FALSE,Male,,Secondary,
36,66,,FALSE,Male,,Secondary,
36,67,,FALSE,Female,,Secondary,
36,0,,FALSE,Male,,Secondary,
36,49,,FALSE,Male,,Secondary,
35,66,,FALSE,Male,,Secondary,
35,67,,FALSE,Male,,Secondary,
35,54,,FALSE,Male,,Secondary,
35,91,,FALSE,Male,,Secondary,
35,39,,FALSE,Male,,Secondary,
35,13,,FALSE,Female,,Secondary,
36,83,,FALSE,Male,,Secondary,
36,82,,FALSE,Male,,Secondary,
36,80,,FALSE,Female,,Secondary,
36,80,,FALSE,Female,,Secondary,
36,89,,FALSE,Male,,Secondary,
36,83,,FALSE,Male,,Secondary,
36,90,,FALSE,Male,,Secondary,
36,84,,FALSE,Female,,Secondary,
35,48,,FALSE,Male,,Secondary,
35,50,,FALSE,Male,,Secondary,
36,63,,FALSE,Male,,Secondary,
36,69,,FALSE,Male,,Secondary,
34,49,,FALSE,Female,,Secondary,
34,71,,FALSE,Female,,Secondary,
35,68,,FALSE,Female,,Secondary,
37,43,,FALSE,Male,,Secondary,
35,59,,FALSE,Female,,Secondary,
35,59,,FALSE,Female,,Secondary,
36,74,,FALSE,Male,,Secondary,
36,77,,FALSE,Female,,Secondary,
36,61,,FALSE,Male,,Secondary,
36,61,,FALSE,Male,,Secondary,
35,91,,FALSE,Female,,Secondary,
35,0,,FALSE,Male,,Secondary,
36,37,,FALSE,Female,,Secondary,
37,35,,FALSE,Female,,Secondary,
36,47,,FALSE,Female,,Secondary,
36,89,,FALSE,Female,,Secondary,
36,79,,FALSE,Female,,Secondary,
36,77,,FALSE,Female,,Secondary,
36,0,,FALSE,Female,,Secondary,
36,100,,FALSE,Female,,Secondary,
35,88,,FALSE,Male,,Secondary,
34,88,,FALSE,Male,,Secondary,
42,87,,FALSE,Female,,Secondary,
42,78,,FALSE,Female,,Secondary,
37,52,,FALSE,Male,,Secondary,
37,75,,FALSE,Male,,Secondary,
35,0,,FALSE,Female,,Secondary,
35,0,,FALSE,Female,,Secondary,
35,35,,FALSE,Male,,Secondary,
35,0,,FALSE,Male,,Secondary,
37,89,,FALSE,Male,,Secondary,
37,85,,FALSE,Female,,Secondary,
35,90,,FALSE,Male,,Secondary,
35,85,,FALSE,Female,,Secondary,
36,75,,FALSE,Male,,Secondary,
36,65,,FALSE,Female,,Secondary,
34,81,,FALSE,Female,,Secondary,
34,78,,FALSE,Female,,Secondary,
36,89,,FALSE,Female,,Secondary,
36,89,,FALSE,Female,,Secondary,
36,41,,FALSE,Female,,Secondary,
36,39,,FALSE,Female,,Secondary,
36,83,,FALSE,Female,,Secondary,
36,87,,FALSE,Male,,Secondary,
35,92,,FALSE,Female,,Secondary,
35,91,,FALSE,Female,,Secondary,
34,30,,FALSE,Male,,Secondary,
34,87,,FALSE,Male,,Secondary,
36,46,,FALSE,Male,,Secondary,
36,55,,FALSE,Female,,Secondary,
36,81,,FALSE,Female,,Secondary,
36,81,,FALSE,Female,,Secondary,
36,75,,FALSE,Male,,Secondary,
36,66,,FALSE,Male,,Secondary,
35,94,,FALSE,Female,,Secondary,
35,91,,FALSE,Female,,Secondary,
36,51,,FALSE,Male,,Secondary,
36,62,,FALSE,Female,,Secondary,
35,77,,FALSE,Female,,Secondary,
35,76,,FALSE,Female,,Secondary,
36,31,,FALSE,Male,,Secondary,
36,60,,FALSE,Female,,Secondary,
36,48,,FALSE,Male,,Secondary,
36,46,,FALSE,Male,,Secondary,
35,77,,FALSE,Male,,Secondary,
36,0,,FALSE,Male,,Secondary,
36,100,,FALSE,Female,,Secondary,
36,98,,FALSE,Male,,Secondary,
36,73,,FALSE,Female,,Secondary,
36,80,,FALSE,Female,,Secondary,
35,85,,FALSE,Female,,Secondary,
35,80,,FALSE,Female,,Secondary,
36,83,,FALSE,Male,,Secondary,
36,76,,FALSE,Female,,Secondary,
35,86,,FALSE,Male,,Secondary,
35,70,,FALSE,Female,,Secondary,
36,0,,FALSE,Female,,Secondary,
36,35,,FALSE,Female,,Secondary,
35,80,,FALSE,Female,,Secondary,
36,82,,FALSE,Female,,Secondary,
36,55,,FALSE,Female,,Secondary,
35,55,,FALSE,Female,,Secondary,
35,91,,FALSE,Female,,Secondary,
37,95,,FALSE,Male,,Secondary,
37,0,,FALSE,Male,,Secondary,
37,0,,FALSE,Male,,Secondary,
36,61,,FALSE,Female,,Secondary,
36,27,,FALSE,Male,,Secondary,
35,90,,FALSE,Female,,Secondary,
35,95,,FALSE,Female,,Secondary,
37,81,,FALSE,Male,,Secondary,
37,78,,FALSE,Female,,Secondary,
36,63,,FALSE,Female,,Secondary,
36,52,,FALSE,Female,,Secondary,
35,54,,FALSE,Male,,Secondary,
35,54,,FALSE,Female,,Secondary,
36,91,,FALSE,Male,,Secondary,
36,91,,FALSE,Male,,Secondary,
37,100,,FALSE,Female,,Secondary,
37,57,,FALSE,Female,,Secondary,
35,63,,FALSE,Male,,Secondary,
35,66,,FALSE,Male,,Secondary,
41,89,,FALSE,Male,,Secondary,
41,89,,FALSE,Male,,Secondary,
35,0,,FALSE,Female,,Secondary,
35,0,,FALSE,Male,,Secondary,
37,94,,FALSE,Female,,Secondary,
37,92,,FALSE,Female,,Secondary,
36,88,,FALSE,Female,,Some College,
36,93,,FALSE,Female,,Some College,
35,53,,FALSE,Male,,Some College,
35,53,,FALSE,Female,,Some College,
36,91,,FALSE,Female,,Some College,
36,88,,FALSE,Female,,Some College,
35,81,,FALSE,Male,,Some College,
35,80,,FALSE,Male,,Some College,
38,82,,FALSE,Male,,Some College,
38,69,,FALSE,Male,,Some College,
38,47,,FALSE,Female,,Some College,
38,40,,FALSE,Male,,Some College,
36,85,,FALSE,Female,,Some College,
36,84,,FALSE,Female,,Some College,
36,90,,FALSE,Female,,Some College,
36,63,,FALSE,Female,,Some College,
35,42,,FALSE,Male,,Some College,
35,33,,FALSE,Female,,Some College,
36,59,,FALSE,Female,,Some College,
35,62,,FALSE,Female,,Some College,
36,82,,FALSE,Female,,Some College,
36,84,,FALSE,Female,,Some College,
36,57,,FALSE,Male,,Some College,
36,57,,FALSE,Male,,Some College,
37,81,,FALSE,Female,,Some College,
37,0,,FALSE,Male,,Some College,
34,100,,FALSE,Female,,Some College,
34,100,,FALSE,Female,,Some College,
38,93,,FALSE,Male,,Some College,
38,89,,FALSE,Male,,Some College,
36,14,,FALSE,Female,,Some College,
36,20,,FALSE,Female,,Some College,
37,61,,FALSE,Female,,Some College,
37,66,,FALSE,Female,,Some College,
37,37,,FALSE,Male,,Some College,
37,35,,FALSE,Male,,Some College,
37,98,,FALSE,Male,,Some College,
37,100,,FALSE,Male,,Some College,
36,88,,FALSE,Male,,Some College,
36,83,,FALSE,Female,,Some College,
36,97,,FALSE,Female,,Some College,
36,97,,FALSE,Female,,Some College,
36,69,,FALSE,Female,,Some College,
36,68,,FALSE,Male,,Some College,
35,55,,FALSE,Female,,Some College,
35,55,,FALSE,Female,,Some College,
35,87,,FALSE,Male,,Some College,
45,0,,FALSE,Female,,Some College,
47,100,,FALSE,Male,,Some College,
36,74,,FALSE,Male,,Some College,
36,75,,FALSE,Male,,Some College,
36,60,,FALSE,Male,,Some College,
35,40,,FALSE,Male,,Some College,
36,81,,FALSE,Female,,Some College,
36,87,,FALSE,Male,,Some College,
37,76,,FALSE,Female,,Some College,
35,79,,FALSE,Female,,Some College,
36,19,,FALSE,Female,,Some College,
36,18,,FALSE,Female,,Some College,
36,32,,FALSE,Male,,Some College,
36,36,,FALSE,Male,,Some College,
35,0,,FALSE,Female,,Some College,
35,96,,FALSE,Female,,Some College,
35,90,,FALSE,Female,,Some College,
35,97,,FALSE,Female,,Some College,
36,91,,FALSE,Female,,Some College,
36,84,,FALSE,Male,,Some College,
36,65,,FALSE,Female,,Some College,
36,58,,FALSE,Female,,Some College,
36,26,,FALSE,Female,,Some College,
37,63,,FALSE,Male,,Some College,
36,45,,FALSE,Male,,Some College,
36,57,,FALSE,Female,,Some College,
36,58,,FALSE,Female,,Some College,
36,52,,FALSE,Female,,Some College,
36,73,,FALSE,Female,,Some College,
36,67,,FALSE,Female,,Some College,
35,47,,FALSE,Female,,Some College,
36,55,,FALSE,Female,,Some College,
36,21,,FALSE,Male,,Some College,
36,26,,FALSE,Male,,Some College,
35,66,,FALSE,Female,,Some College,
35,66,,FALSE,Female,,Some College,
35,71,,FALSE,Female,,Some College,
35,88,,FALSE,Female,,Some College,
36,57,,FALSE,Female,,Some College,
36,28,,FALSE,Male,,Some College,
36,45,,FALSE,Male,,Some College,
36,28,,FALSE,Female,,Some College,
36,64,,FALSE,Female,,Some College,
36,61,,FALSE,Female,,Some College,
36,91,,FALSE,Female,,Some College,
36,84,,FALSE,Male,,Some College,
35,73,,FALSE,Male,,Some College,
35,73,,FALSE,Male,,Some College,
35,74,,FALSE,Female,,Some College,
35,74,,FALSE,Male,,Some College,
35,19,,FALSE,Female,,Some College,
36,0,,FALSE,Female,,Some College,
36,70,,FALSE,Male,,Some College,
36,71,,FALSE,Female,,Some College,
36,51,,FALSE,Male,,Some College,
36,50,,FALSE,Male,,Some College,
36,84,,FALSE,Female,,Some College,
36,84,,FALSE,Female,,Some College,
35,0,,FALSE,Male,,Some College,
35,0,,FALSE,Male,,Some College,
36,56,,FALSE,Female,,Some College,
36,57,,FALSE,Female,,Some College,
35,0,,FALSE,Male,,Some College,
35,58,,FALSE,Male,,Some College,
35,56,,FALSE,Male,,Some College,
35,58,,FALSE,Male,,Some College,
36,48,,FALSE,Male,,Some College,
36,86,,FALSE,Female,,Some College,
36,100,,FALSE,Female,,Some College,
39,100,,FALSE,Female,,Some College,
36,76,,FALSE,Female,,Some College,
36,76,,FALSE,Male,,Some College,
35,56,,FALSE,Male,,Some College,
35,5,,FALSE,Male,,Some College,
36,33,,FALSE,Male,,Some College,
36,30,,FALSE,Female,,Some College,
37,0,,FALSE,Female,,Some College,
37,0,,FALSE,Female,,Some College,
36,83,,FALSE,Male,,Some College,
36,85,,FALSE,Male,,Some College,
36,0,,FALSE,Male,,Some College,
35,0,,FALSE,Male,,Some College,
36,0,,FALSE,Female,,Some College,
36,88,,FALSE,Female,,Some College,
36,42,,FALSE,Male,,Some College,
36,32,,FALSE,Male,,Some College,
36,80,,FALSE,Female,,Some College,
36,79,,FALSE,Female,,Some College,
34,40,,FALSE,Female,,Some College,
34,34,,FALSE,Male,,Some College,
35,41,,FALSE,Female,,Some College,
35,44,,FALSE,Male,,Some College,
36,76,,FALSE,Female,,Some College,
36,0,,FALSE,Female,,Some College,
36,89,,FALSE,Male,,Some College,
35,88,,FALSE,Male,,Some College,
35,81,,FALSE,Male,,Some College,
35,91,,FALSE,Male,,Some College,
35,91,,FALSE,Female,,Some College,
36,96,,FALSE,Male,,Some College,
35,0,,FALSE,Female,,Some College,
35,33,,FALSE,Female,,Some College,
35,35,,FALSE,Female,,Some College,
38,45,,FALSE,Female,,Some College,
38,54,,FALSE,Female,,Some College,
36,59,,FALSE,Female,,Some College,
36,71,,FALSE,Female,,Some College,
34,95,,FALSE,Female,,Some College,
34,94,,FALSE,Female,,Some College,
35,82,,FALSE,Male,,Some College,
35,86,,FALSE,Female,,Some College,
36,68,,FALSE,Female,,Some College,
36,60,,FALSE,Male,,Some College,
36,62,,FALSE,Female,,Some College,
36,9,,FALSE,Female,,Some College,
36,84,,FALSE,Female,,Some College,
36,91,,FALSE,Male,,Some College,
36,0,,FALSE,Male,,Some College,
36,81,,FALSE,Male,,Some College,
38,56,,FALSE,Female,,Some College,
38,0,,FALSE,Female,,Some College,
35,72,,FALSE,Male,,Some College,
35,0,,FALSE,Male,,Some College,
36,59,,FALSE,Female,,Some College,
36,59,,FALSE,Female,,Some College,
37,70,,FALSE,Female,,Some College,
37,71,,FALSE,Female,,Some College,
36,69,,FALSE,Male,,Some College,
36,77,,FALSE,Male,,Some College,
36,50,,FALSE,Male,,Some College,
36,57,,FALSE,Male,,Some College,
36,79,,FALSE,Female,,Some College,
36,75,,FALSE,Female,,Some College,
36,57,,FALSE,Male,,Some College,
36,48,,FALSE,Male,,Some College,
36,95,,FALSE,Male,,Some College,
36,93,,FALSE,Female,,Some College,
36,25,,FALSE,Male,,Some College,
36,38,,FALSE,Male,,Some College,
35,76,,FALSE,Female,,Some College,
36,51,,FALSE,Female,,Some College,
35,61,,FALSE,Male,,Some College,
35,62,,FALSE,Male,,Some College,
37,84,,FALSE,Male,,Some College,
38,77,,FALSE,Male,,Some College,
36,71,,FALSE,Male,,Some College,
36,72,,FALSE,Female,,Some College,
35,53,,FALSE,Female,,Some College,
35,54,,FALSE,Female,,Some College,
36,84,,FALSE,Female,,Some College,
36,83,,FALSE,Female,,Some College,
38,100,,FALSE,Female,,Some College,
39,0,,FALSE,Female,,Some College,
35,53,,FALSE,Female,,Some College,
35,51,,FALSE,Female,,Some College,
35,94,,FALSE,Male,,Some College,
35,25,,FALSE,Male,,Some College,
36,59,,FALSE,Male,,Some College,
36,69,,FALSE,Male,,Some College,
36,41,,FALSE,Female,,Some College,
36,51,,FALSE,Male,,Some College,
36,50,,FALSE,Male,,Some College,
36,66,,FALSE,Female,,Some College,
35,22,,FALSE,Male,,Some College,
35,22,,FALSE,Female,,Some College,
35,25,,FALSE,Male,,Some College,
35,22,,FALSE,Male,,Some College,
35,54,,FALSE,Male,,Some College,
35,55,,FALSE,Female,,Some College,
36,0,,FALSE,Male,,Some College,
36,0,,FALSE,Female,,Some College,
36,94,,FALSE,Female,,Some College,
36,98,,FALSE,Female,,Some College,
36,47,,FALSE,Male,,Some College,
36,55,,FALSE,Male,,Some College,
38,40,,FALSE,Female,,Some College,
36,21,,FALSE,Female,,Some College,
36,77,,FALSE,Female,,Some College,
36,77,,FALSE,Female,,Some College,
35,35,,FALSE,Female,,Some College,
35,44,,FALSE,Female,,Some College,
36,42,,FALSE,Male,,Some College,
36,37,,FALSE,Male,,Some College,
36,51,,FALSE,Male,,Some College,
36,39,,FALSE,Male,,Some College,
35,69,,FALSE,Female,,Some College,
35,0,,FALSE,Female,,Some College,
36,97,,FALSE,Female,,Some College,
36,98,,FALSE,Female,,Some College,
36,56,,FALSE,Female,,Some College,
36,52,,FALSE,Female,,Some College,
35,62,,FALSE,Female,,Some College,
36,0,,FALSE,Male,,Some College,
35,27,,FALSE,Female,,Some College,
35,19,,FALSE,Female,,Some College,
35,30,,FALSE,Male,,Some College,
35,38,,FALSE,Male,,Some College,
36,75,,FALSE,Female,,Some College,
36,63,,FALSE,Female,,Some College,
35,0,,FALSE,Male,,Some College,
35,0,,FALSE,Male,,Some College,
36,95,,FALSE,Male,,Some College,
36,94,,FALSE,Male,,Some College,
36,49,,FALSE,Female,,Some College,
36,37,,FALSE,Male,,Some College,
36,0,,FALSE,Male,,Some College,
36,0,,FALSE,Male,,Some College,
36,33,,FALSE,Male,,Some College,
35,43,,FALSE,Female,,Some College,
36,0,,FALSE,Male,,Some College,
36,53,,FALSE,Male,,Some College,
36,0,,FALSE,Female,,Some College,
36,0,,FALSE,Male,,Some College,
37,42,,FALSE,Male,,Some College,
37,48,,FALSE,Female,,Some College,
36,50,,FALSE,Male,,Some College,
36,46,,FALSE,Male,,Some College,
35,21,,FALSE,Male,,Some College,
36,21,,FALSE,Male,,Some College,
36,90,,FALSE,Female,,Some College,
36,86,,FALSE,Female,,Some College,
36,52,,FALSE,Female,,Some College,
36,33,,FALSE,Female,,Some College,
36,12,,FALSE,Male,,Some College,
36,15,,FALSE,Male,,Some College,
36,85,,FALSE,Female,,Some College,
37,91,,FALSE,Female,,Some College,
36,78,,FALSE,Female,,Some College,
36,78,,FALSE,Female,,Some College,
35,94,,FALSE,Male,,Some College,
35,90,,FALSE,Female,,Some College,
35,67,,FALSE,Male,,Some College,
36,0,,FALSE,Female,,Some College,
35,33,,FALSE,Female,,Some College,
35,41,,FALSE,Female,,Some College,
36,89,,FALSE,Male,,Some College,
36,91,,FALSE,Female,,Some College,
36,42,,FALSE,Female,,Some College,
36,42,,FALSE,Female,,Some College,
36,39,,FALSE,Male,,Some College,
36,48,,FALSE,Male,,Some College,
36,84,,FALSE,Male,,Some College,
36,84,,FALSE,Male,,Some College,
36,96,,FALSE,Female,,Some College,
36,95,,FALSE,Female,,Some College,
35,52,,FALSE,Female,,Some College,
36,34,,FALSE,Male,,Some College,
36,75,,FALSE,Female,,Some College,
35,73,,FALSE,Female,,Some College,
36,81,,FALSE,Female,,Some College,
36,83,,FALSE,Male,,Some College,
36,80,,FALSE,Male,,Some College,
36,85,,FALSE,Female,,Some College,
38,0,,FALSE,Male,,Some College,
38,0,,FALSE,Male,,Some College,
35,70,,FALSE,Female,,Some College,
36,30,,FALSE,Male,,Some College,
37,64,,FALSE,Male,,Some College,
37,63,,FALSE,Male,,Some College,
35,66,,FALSE,Male,,Some College,
35,66,,FALSE,Male,,Some College,
36,100,,FALSE,Male,,Some College,
35,100,,FALSE,Male,,Some College,
36,68,,FALSE,Male,,Some College,
36,81,,FALSE,Male,,Some College,
35,64,,FALSE,Female,,Some College,
35,0,,FALSE,Female,,Some College,
36,62,,FALSE,Male,,Some College,
36,71,,FALSE,Female,,Some College,
36,67,,FALSE,Female,,Some College,
36,59,,FALSE,Male,,Some College,
35,35,,FALSE,Male,,Some College,
35,32,,FALSE,Female,,Some College,
35,0,,FALSE,Male,,Some College,
35,0,,FALSE,Male,,Some College,
36,63,,FALSE,Female,,Some College,
36,63,,FALSE,Female,,Some College,
35,52,,FALSE,Female,,Some College,
35,52,,FALSE,Female,,Some College,
35,52,,FALSE,Female,,Some College,
36,43,,FALSE,Male,,Some College,
35,57,,FALSE,Female,,Some College,
35,56,,FALSE,Female,,Some College,
40,84,,FALSE,Female,,Some College,
38,85,,FALSE,Female,,Some College,
38,87,,FALSE,Male,,Some College,
38,87,,FALSE,Male,,Some College,
41,97,,FALSE,Female,,Some College,
39,0,,FALSE,Female,,Some College,
35,0,,FALSE,Male,,Some College,
35,0,,FALSE,Male,,Some College,
36,12,,FALSE,Male,,Some College,
36,12,,FALSE,Male,,Some College,
35,0,,FALSE,Male,,Some College,
35,37,,FALSE,Male,,Some College,
36,92,,FALSE,Male,,Some College,
36,94,,FALSE,Male,,Some College,
36,65,,FALSE,Male,,Some College,
36,64,,FALSE,Female,,Some College,
35,80,,FALSE,Female,,Some College,
35,83,,FALSE,Female,,Some College,
35,53,,FALSE,Female,,Some College,
35,69,,FALSE,Male,,Some College,
38,0,,FALSE,Female,,Some College,
38,0,,FALSE,Male,,Some College,
36,91,,FALSE,Male,,Some College,
36,89,,FALSE,Male,,Some College,
36,67,,FALSE,Female,,Some College,
36,69,,FALSE,Female,,Some College,
36,87,,FALSE,Female,,Some College,
36,81,,FALSE,Female,,Some College,
36,37,,FALSE,Female,,Some College,
36,32,,FALSE,Female,,Some College,
36,41,,FALSE,Male,,Some College,
36,63,,FALSE,Female,,Some College,
36,77,,FALSE,Male,,Some College,
36,72,,FALSE,Male,,Some College,
34,50,,FALSE,Male,,Some College,
34,49,,FALSE,Male,,Some College,
36,46,,FALSE,Male,,Some College,
36,28,,FALSE,Male,,Some College,
36,0,,FALSE,Male,,Some College,
36,0,,FALSE,Male,,Some College,
36,99,,FALSE,Female,,Some College,
36,98,,FALSE,Female,,Some College,
36,67,,FALSE,Female,,Some College,
36,71,,FALSE,Male,,Some College,
34,94,,FALSE,Female,,Some College,
34,95,,FALSE,Male,,Some College,
34,66,,FALSE,Male,,Some College,
34,61,,FALSE,Male,,Some College,
36,78,,FALSE,Female,,Some College,
36,0,,FALSE,Female,,Some College,
34,78,,FALSE,Male,,Some College,
36,60,,FALSE,Female,,Some College,
36,0,,FALSE,Male,,Some College,
36,0,,FALSE,Male,,Some College,
36,76,,FALSE,Male,,Some College,
36,79,,FALSE,Male,,Some College,
36,39,,FALSE,Male,,Some College,
36,39,,FALSE,Male,,Some College,
36,89,,FALSE,Female,,Some College,
35,55,,FALSE,Female,,Some College,
36,54,,FALSE,Female,,Some College,
36,56,,FALSE,Male,,Some College,
35,97,,FALSE,Male,,Some College,
35,96,,FALSE,Male,,Some College,
36,58,,FALSE,Female,,Some College,
36,45,,FALSE,Female,,Some College,
36,31,,FALSE,Female,,Some College,
36,39,,FALSE,Male,,Some College,
35,72,,FALSE,Female,,Some College,
35,0,,FALSE,Female,,Some College,
36,79,,FALSE,Female,,Some College,
36,56,,FALSE,Female,,Some College,
36,70,,FALSE,Female,,Some College,
36,69,,FALSE,Female,,Some College,
35,85,,FALSE,Female,,Some College,
35,85,,FALSE,Female,,Some College,
36,48,,FALSE,Male,,Some College,
36,48,,FALSE,Male,,Some College,
36,0,,FALSE,Male,,Some College,
36,0,,FALSE,Male,,Some College,
36,0,,FALSE,Female,,Some College,
36,0,,FALSE,Female,,Some College,
36,69,,FALSE,Female,,Some College,
36,73,,FALSE,Female,,Some College,
35,87,,FALSE,Male,,Some College,
35,91,,FALSE,Male,,Some College,
36,100,,FALSE,Female,,Some College,
36,99,,FALSE,Female,,Some College,
35,94,,FALSE,Female,,Some College,
35,95,,FALSE,Male,,Some College,
36,76,,FALSE,Female,,Some College,
36,72,,FALSE,Male,,Some College,
36,54,,FALSE,Female,,Some College,
36,54,,FALSE,Female,,Some College,
36,92,,FALSE,Female,,Some College,
36,94,,FALSE,Female,,Some College,
36,24,,FALSE,Female,,Some College,
36,24,,FALSE,Female,,Some College,
39,67,,FALSE,Female,,Some College,
39,66,,FALSE,Female,,Some College,
36,98,,FALSE,Female,,Some College,
36,77,,FALSE,Female,,Some College,
35,92,,FALSE,Female,,Some College,
35,86,,FALSE,Female,,Some College,
35,74,,FALSE,Male,,Some College,
35,70,,FALSE,Male,,Some College,
36,73,,FALSE,Female,,Some College,
36,78,,FALSE,Female,,Some College,
34,80,,FALSE,Male,,Some College,
36,81,,FALSE,Female,,Some College,
35,32,,FALSE,Male,,Some College,
35,35,,FALSE,Male,,Some College,
36,56,,FALSE,Male,,Some College,
36,61,,FALSE,Male,,Some College,
36,91,,FALSE,Female,,Some College,
36,92,,FALSE,Female,,Some College,
36,57,,FALSE,Female,,Some College,
36,62,,FALSE,Female,,Some College,
36,17,,FALSE,Female,,Some College,
36,23,,FALSE,Female,,Some College,
35,100,,FALSE,Female,,Some College,
35,100,,FALSE,Female,,Some College,
35,21,,FALSE,Male,,Some College,
35,22,,FALSE,Male,,Some College,
35,96,,FALSE,Female,,Some College,
35,97,,FALSE,Male,,Some College,
39,88,,FALSE,Male,,Some College,
37,0,,FALSE,Male,,Some College,
35,89,,FALSE,Female,,Some College,
35,94,,FALSE,Female,,Some College,
36,100,,FALSE,Male,,Some College,
36,100,,FALSE,Male,,Some College,
36,83,,FALSE,Male,,Some College,
36,82,,FALSE,Male,,Some College,
37,62,,FALSE,Female,,Some College,
37,65,,FALSE,Female,,Some College,
37,32,,FALSE,Female,,Some College,
37,32,,FALSE,Female,,Some College,
36,24,,FALSE,Male,,Some College,
36,20,,FALSE,Male,,Some College,
36,26,,FALSE,Male,,Some College,
36,43,,FALSE,Female,,Some College,
37,76,,FALSE,Male,,Some College,
36,71,,FALSE,Male,,Some College,
35,90,,FALSE,Female,,Some College,
35,91,,FALSE,Male,,Some College,
37,89,,FALSE,Female,,Some College,
37,88,,FALSE,Female,,Some College,
35,41,,FALSE,Male,,Some College,
35,42,,FALSE,Female,,Some College,
35,61,,FALSE,Female,,Some College,
35,55,,FALSE,Female,,Some College,
37,36,,FALSE,Male,,Some College,
37,56,,FALSE,Male,,Some College,
36,80,,FALSE,Female,,Some College,
36,84,,FALSE,Female,,Some College,
36,6,,FALSE,Male,,Some College,
36,5,,FALSE,Male,,Some College,
36,37,,FALSE,Female,,Some College,
36,43,,FALSE,Female,,Some College,
35,97,,FALSE,Female,,Some College,
35,97,,FALSE,Female,,Some College,
36,72,,FALSE,Male,,Some College,
36,70,,FALSE,Male,,Some College,
37,58,,FALSE,Male,,Some College,
37,59,,FALSE,Female,,Some College,
36,84,,FALSE,Male,,Some College,
36,86,,FALSE,Female,,Some College,
36,74,,FALSE,Male,,Some College,
36,76,,FALSE,Male,,Some College,
35,100,,FALSE,Male,,Some College,
35,100,,FALSE,Male,,Some College,
37,88,,FALSE,Female,,Some College,
36,93,,FALSE,Female,,Some College,
36,92,,FALSE,Male,,Some College,
35,95,,FALSE,Female,,Some College,
35,74,,FALSE,Male,,Some College,
35,62,,FALSE,Female,,Some College,
35,79,,FALSE,Female,,Some College,
35,79,,FALSE,Female,,Some College,
36,94,,FALSE,Female,,Some College,
36,99,,FALSE,Female,,Some College,
36,0,,FALSE,Female,,Some College,
36,44,,FALSE,Female,,Some College,
36,70,,FALSE,Female,,Some College,
36,70,,FALSE,Female,,Some College,
35,71,,FALSE,Female,,Some College,
35,79,,FALSE,Female,,Some College,
36,89,,FALSE,Female,,Some College,
36,89,,FALSE,Female,,Some College,
36,49,,FALSE,Female,,Some College,
37,50,,FALSE,Male,,Some College,
36,72,,FALSE,Male,,Some College,
36,76,,FALSE,Female,,Some College,
36,94,,FALSE,Female,,Some College,
36,95,,FALSE,Female,,Some College,
36,60,,FALSE,Male,,Some College,
36,71,,FALSE,Male,,Some College,
36,87,,FALSE,Male,,Some College,
36,93,,FALSE,Male,,Some College,
35,24,,FALSE,Female,,Some College,
35,32,,FALSE,Male,,Some College,
35,56,,FALSE,Female,,Some College,
35,60,,FALSE,Male,,Some College,
36,100,,FALSE,Female,,Some College,
36,100,,FALSE,Female,,Some College,
36,62,,FALSE,Male,,Some College,
36,0,,FALSE,Male,,Some College,
36,20,,FALSE,Male,,Some College,
36,0,,FALSE,Male,,Some College,
36,84,,FALSE,Female,,Some College,
36,83,,FALSE,Female,,Some College,
36,30,,FALSE,Male,,Some College,
35,31,,FALSE,Female,,Some College,
36,89,,FALSE,Male,,Some College,
36,87,,FALSE,Male,,Some College,
36,51,,FALSE,Female,,Some College,
36,51,,FALSE,Female,,Some College,
36,84,,FALSE,Female,,Some College,
36,84,,FALSE,Female,,Some College,
36,31,,FALSE,Male,,Some College,
36,48,,FALSE,Female,,Some College,
35,97,,FALSE,Female,,Some College,
35,97,,FALSE,Female,,Some College,
36,90,,FALSE,Male,,Some College,
36,87,,FALSE,Male,,Some College,
35,95,,FALSE,Female,,Some College,
35,97,,FALSE,Female,,Some College,
36,45,,FALSE,Male,,Some College,
36,41,,FALSE,Male,,Some College,
36,78,,FALSE,Female,,Some College,
36,76,,FALSE,Female,,Some College,
36,72,,FALSE,Male,,Some College,
36,70,,FALSE,Female,,Some College,
35,43,,FALSE,Male,,Some College,
35,33,,FALSE,Male,,Some College,
35,12,,FALSE,Male,,Some College,
35,0,,FALSE,Male,,Some College,
35,55,,FALSE,Female,,Some College,
35,48,,FALSE,Male,,Some College,
35,52,,FALSE,Female,,Some College,
35,54,,FALSE,Female,,Some College,
36,76,,FALSE,Female,,Some College,
36,84,,FALSE,Female,,Some College,
37,7,,FALSE,Female,,Some College,
37,29,,FALSE,Female,,Some College,
36,76,,FALSE,Male,,Some College,
36,82,,FALSE,Male,,Some College,
36,0,,FALSE,Male,,Some College,
36,87,,FALSE,Male,,Some College,
37,89,,FALSE,Male,,Some College,
37,97,,FALSE,Male,,Some College,
35,87,,FALSE,Male,,Some College,
35,69,,FALSE,Male,,Some College,
36,83,,FALSE,Female,,Some College,
35,83,,FALSE,Female,,Some College,
37,42,,FALSE,Female,,Some College,
37,36,,FALSE,Female,,Some College,
36,82,,FALSE,Male,,Some College,
36,80,,FALSE,Male,,Some College,
36,82,,FALSE,Male,,Some College,
36,80,,FALSE,Female,,Some College,
36,85,,FALSE,Female,,Some College,
36,86,,FALSE,Female,,Some College,
36,29,,FALSE,Male,,Some College,
36,36,,FALSE,Female,,Some College,
36,98,,FALSE,Male,,Some College,
36,100,,FALSE,Female,,Some College,
36,34,,FALSE,Male,,Some College,
36,23,,FALSE,Male,,Some College,
34,72,,FALSE,Female,,Some College,
34,72,,FALSE,Male,,Some College,
36,100,,FALSE,Male,,Some College,
36,100,,FALSE,Male,,Some College,
35,44,,FALSE,Female,,Some College,
35,46,,FALSE,Female,,Some College,
39,81,,FALSE,Male,,Some College,
38,79,,FALSE,Male,,Some College,
34,89,,FALSE,Female,,Some College,
34,89,,FALSE,Male,,Some College,
36,50,,FALSE,Male,,Some College,
37,61,,FALSE,Male,,Some College,
36,94,,FALSE,Female,,Some College,
35,95,,FALSE,Female,,Some College,
35,29,,FALSE,Male,,Some College,
36,26,,FALSE,Male,,Some College,
37,88,,FALSE,Female,,Some College,
37,89,,FALSE,Female,,Some College,
36,50,,FALSE,Female,,Some College,
36,47,,FALSE,Male,,Some College,
35,46,,FALSE,Female,,Some College,
35,45,,FALSE,Female,,Some College,
37,76,,FALSE,Female,,Some College,
37,76,,FALSE,Female,,Some College,
36,33,,FALSE,Male,,Some Secondary,
36,34,,FALSE,Male,,Some Secondary,
37,72,,FALSE,Male,,Some Secondary,
37,74,,FALSE,Male,,Some Secondary,
36,42,,FALSE,Female,,Some Secondary,
36,50,,FALSE,Male,,Some Secondary,
39,77,,FALSE,Female,,Some Secondary,
39,68,,FALSE,Female,,Some Secondary,
36,74,,FALSE,Female,,Some Secondary,
36,74,,FALSE,Female,,Some Secondary,
36,38,,FALSE,Female,,Some Secondary,
36,43,,FALSE,Male,,Some Secondary,
35,88,,FALSE,Male,,Some Secondary,
35,0,,FALSE,Male,,Some Secondary,
36,71,,FALSE,Female,,Some Secondary,
36,69,,FALSE,Male,,Some Secondary,
35,47,,FALSE,Male,,Some Secondary,
35,62,,FALSE,Female,,Some Secondary,
36,0,,FALSE,Female,,Some Secondary,
36,97,,FALSE,Female,,Some Secondary,
37,51,,FALSE,Female,,Some Secondary,
37,53,,FALSE,Female,,Some Secondary,
34,54,,FALSE,Female,,Some Secondary,
35,65,,FALSE,Female,,Some Secondary,
38,77,,FALSE,Male,,Some Secondary,
38,82,,FALSE,Male,,Some Secondary,
36,59,,FALSE,Female,,Some Secondary,
36,60,,FALSE,Male,,Some Secondary,
36,100,,FALSE,Male,,Some Secondary,
36,100,,FALSE,Male,,Some Secondary,
36,86,,FALSE,Female,,Some Secondary,
36,89,,FALSE,Female,,Some Secondary,
35,26,,FALSE,Female,,Some Secondary,
35,35,,FALSE,Female,,Some Secondary,
36,71,,FALSE,Female,,Some Secondary,
36,79,,FALSE,Male,,Some Secondary,
37,17,,FALSE,Male,,Some Secondary,
37,20,,FALSE,Male,,Some Secondary,
36,90,,FALSE,Female,,Some Secondary,
35,73,,FALSE,Male,,Some Secondary,
35,89,,FALSE,Female,,Some Secondary,
35,100,,FALSE,Female,,Some Secondary,
35,42,,FALSE,Male,,Some Secondary,
35,37,,FALSE,Male,,Some Secondary,
36,93,,FALSE,Male,,Some Secondary,
36,83,,FALSE,Male,,Some Secondary,
35,28,,FALSE,Male,,Some Secondary,
35,27,,FALSE,Male,,Some Secondary,
36,69,,FALSE,Male,,Some Secondary,
36,68,,FALSE,Female,,Some Secondary,
36,47,,FALSE,Male,,Some Secondary,
36,44,,FALSE,Female,,Some Secondary,
39,87,,FALSE,Female,,Some Secondary,
39,93,,FALSE,Female,,Some Secondary,
35,82,,FALSE,Female,,Some Secondary,
35,80,,FALSE,Female,,Some Secondary,
35,88,,FALSE,Male,,Some Secondary,
35,90,,FALSE,Male,,Some Secondary,
36,61,,FALSE,Female,,Some Secondary,
36,60,,FALSE,Female,,Some Secondary,
35,100,,FALSE,Male,,Some Secondary,
35,100,,FALSE,Male,,Some Secondary,
34,46,,FALSE,Female,,Some Secondary,
34,24,,FALSE,Male,,Some Secondary,
36,62,,FALSE,Female,,Some Secondary,
36,63,,FALSE,Male,,Some Secondary,
36,64,,FALSE,Male,,Some Secondary,
36,84,,FALSE,Male,,Some Secondary,
36,70,,FALSE,Male,,Some Secondary,
36,75,,FALSE,Male,,Some Secondary,
36,83,,FALSE,Female,,Some Secondary,
36,69,,FALSE,Male,,Some Secondary,
36,24,,FALSE,Female,,Some Secondary,
36,37,,FALSE,Female,,Some Secondary,
37,93,,FALSE,Male,,Some Secondary,
37,93,,FALSE,Male,,Some Secondary,
35,27,,FALSE,Male,,Some Secondary,
35,36,,FALSE,Male,,Some Secondary,
35,53,,FALSE,Female,,Some Secondary,
35,54,,FALSE,Female,,Some Secondary,
37,64,,FALSE,Female,,Some Secondary,
37,79,,FALSE,Male,,Some Secondary,
35,96,,FALSE,Female,,Some Secondary,
35,91,,FALSE,Female,,Some Secondary,
35,0,,FALSE,Female,,Some Secondary,
35,0,,FALSE,Female,,Some Secondary,
35,71,,FALSE,Male,,Some Secondary,
35,76,,FALSE,Male,,Some Secondary,
37,74,,FALSE,Male,,Some Secondary,
37,66,,FALSE,Female,,Some Secondary,
37,35,,FALSE,Male,,Some Secondary,
37,38,,FALSE,Male,,Some Secondary,
35,73,,FALSE,Female,,Some Secondary,
35,64,,FALSE,Male,,Some Secondary,
36,31,,FALSE,Male,,Some Secondary,
36,18,,FALSE,Male,,Some Secondary,
36,97,,FALSE,Female,,Some Secondary,
37,91,,FALSE,Female,,Some Secondary,
35,83,,FALSE,Female,,Some Secondary,
35,83,,FALSE,Female,,Some Secondary,
34,56,,FALSE,Male,,Some Secondary,
34,57,,FALSE,Female,,Some Secondary,
35,93,,FALSE,Male,,Some Secondary,
35,92,,FALSE,Male,,Some Secondary,
36,93,,FALSE,Female,,Some Secondary,
36,94,,FALSE,Female,,Some Secondary,
35,58,,FALSE,Male,,Some Secondary,
36,0,,FALSE,Male,,Some Secondary,
36,0,,FALSE,Male,,Some Secondary,
36,0,,FALSE,Female,,Some Secondary,
35,92,,FALSE,Female,,Some Secondary,
35,96,,FALSE,Female,,Some Secondary,
36,22,,FALSE,Female,,Some Secondary,
36,20,,FALSE,Female,,Some Secondary,
36,28,,FALSE,Female,,Some Secondary,
35,83,,FALSE,Female,,Some Secondary,
35,38,,FALSE,Female,,Some Secondary,
35,33,,FALSE,Male,,Some Secondary,
35,46,,FALSE,Female,,Some Secondary,
35,50,,FALSE,Female,,Some Secondary,
36,92,,FALSE,Female,,Some Secondary,
39,92,,FALSE,Male,,Some Secondary,
35,68,,FALSE,Male,,Some Secondary,
35,68,,FALSE,Male,,Some Secondary,
37,32,,FALSE,Male,,Some Secondary,
35,27,,FALSE,Female,,Some Secondary,
36,100,,FALSE,Female,,Some Secondary,
36,100,,FALSE,Female,,Some Secondary,
35,33,,FALSE,Female,,Some Secondary,
35,32,,FALSE,Female,,Some Secondary,
34,25,,FALSE,Female,,Some Secondary,
34,25,,FALSE,Female,,Some Secondary,
36,80,,FALSE,Female,,Some Secondary,
36,78,,FALSE,Male,,Some Secondary,
35,89,,FALSE,Female,,Some Secondary,
35,90,,FALSE,Male,,Some Secondary,
36,20,,FALSE,Male,,Some Secondary,
36,19,,FALSE,Male,,Some Secondary,
36,38,,FALSE,Male,,Some Secondary,
36,30,,FALSE,Female,,Some Secondary,
36,40,,FALSE,Male,,Some Secondary,
36,55,,FALSE,Female,,Some Secondary,
36,65,,FALSE,Female,,Some Secondary,
36,47,,FALSE,Female,,Some Secondary,
36,72,,FALSE,Male,,Some Secondary,
36,74,,FALSE,Female,,Some Secondary,
36,79,,FALSE,Male,,Some Secondary,
36,86,,FALSE,Female,,Some Secondary,
36,6,,FALSE,Male,,Some Secondary,
36,47,,FALSE,Male,,Some Secondary,
36,13,,FALSE,Female,,Some Secondary,
37,10,,FALSE,Female,,Some Secondary,
35,78,,FALSE,Male,,Some Secondary,
41,78,,FALSE,Male,,Some Secondary,
35,89,,FALSE,Male,,Some Secondary,
35,85,,FALSE,Male,,Some Secondary,
36,86,,FALSE,Female,,Some Secondary,
36,91,,FALSE,Female,,Some Secondary,
35,94,,FALSE,Male,,Some Secondary,
35,100,,FALSE,Female,,Some Secondary,
35,0,,FALSE,Male,,Some Secondary,
35,67,,FALSE,Male,,Some Secondary,
36,61,,FALSE,Male,,Some Secondary,
36,65,,FALSE,Male,,Some Secondary,
38,70,,FALSE,Male,,Some Secondary,
38,85,,FALSE,Male,,Some Secondary,
36,84,,FALSE,Female,,Some Secondary,
36,53,,FALSE,Female,,Some Secondary,
35,34,,FALSE,Female,,Some Secondary,
35,7,,FALSE,Male,,Some Secondary,
35,15,,FALSE,Male,,Some Secondary,
35,2,,FALSE,Male,,Some Secondary,
37,47,,FALSE,Male,,Some Secondary,
36,55,,FALSE,Female,,Some Secondary,
36,65,,FALSE,Female,,Some Secondary,
36,74,,FALSE,Male,,Some Secondary,
35,82,,FALSE,Male,,Some Secondary,
35,83,,FALSE,Female,,Some Secondary,
34,78,,FALSE,Female,,Some Secondary,
34,77,,FALSE,Female,,Some Secondary,
34,47,,FALSE,Male,,Some Secondary,
36,60,,FALSE,Male,,Some Secondary,
35,79,,FALSE,Female,,Some Secondary,
35,43,,FALSE,Male,,Some Secondary,
36,45,,FALSE,Female,,Some Secondary,
36,45,,FALSE,Male,,Some Secondary,
34,65,,FALSE,Female,,Some Secondary,
35,67,,FALSE,Female,,Some Secondary,
36,95,,FALSE,Female,,Some Secondary,
36,98,,FALSE,Male,,Some Secondary,
36,33,,FALSE,Female,,Some Secondary,
36,44,,FALSE,Female,,Some Secondary,
36,0,,FALSE,Female,,Some Secondary,
36,0,,FALSE,Female,,Some Secondary,
36,51,,FALSE,Female,,Some Secondary,
36,50,,FALSE,Male,,Some Secondary,
37,90,,FALSE,Male,,Some Secondary,
35,23,,FALSE,Male,,Some Secondary,
35,67,,FALSE,Male,,Some Secondary,
35,67,,FALSE,Male,,Some Secondary,
36,70,,FALSE,Male,,Some Secondary,
36,92,,FALSE,Male,,Some Secondary,
34,24,,FALSE,Female,,Some Secondary,
34,0,,FALSE,Female,,Some Secondary,
35,0,,FALSE,Female,,Some Secondary,
35,0,,FALSE,Male,,Some Secondary,
36,0,,FALSE,Male,,Some Secondary,
36,93,,FALSE,Female,,Some Secondary,
36,5,,FALSE,Female,,Some Secondary,
36,5,,FALSE,Female,,Some Secondary,
36,46,,FALSE,Male,,Some Secondary,
36,45,,FALSE,Male,,Some Secondary,
36,0,,FALSE,Female,,Some Secondary,
36,0,,FALSE,Female,,Some Secondary,
35,35,,FALSE,Female,,Some Secondary,
35,34,,FALSE,Female,,Some Secondary,
35,3,,FALSE,Male,,Some Secondary,
36,14,,FALSE,Male,,Some Secondary,
37,66,,FALSE,Male,,Some Secondary,
36,88,,FALSE,Female,,Some Secondary,
35,76,,FALSE,Female,,Some Secondary,
35,0,,FALSE,Male,,Some Secondary,
35,78,,FALSE,Male,,Some Secondary,
35,78,,FALSE,Female,,Some Secondary,
35,74,,FALSE,Female,,Some Secondary,
35,74,,FALSE,Male,,Some Secondary,
36,89,,FALSE,Female,,Some Secondary,
36,0,,FALSE,Female,,Some Secondary,
36,92,,FALSE,Male,,Some Secondary,
36,92,,FALSE,Male,,Some Secondary,
36,46,,FALSE,Male,,Some Secondary,
35,47,,FALSE,Male,,Some Secondary,
36,52,,FALSE,Male,,Some Secondary,
36,53,,FALSE,Male,,Some Secondary,
36,52,,FALSE,Female,,Some Secondary,
36,56,,FALSE,Female,,Some Secondary,
35,85,,FALSE,Female,,Some Secondary,
35,77,,FALSE,Male,,Some Secondary,
36,32,,FALSE,Female,,Some Secondary,
36,29,,FALSE,Female,,Some Secondary,
35,39,,FALSE,Female,,Some Secondary,
35,30,,FALSE,Male,,Some Secondary,
35,29,,FALSE,Male,,Some Secondary,
35,29,,FALSE,Male,,Some Secondary,
36,72,,FALSE,Female,,Some Secondary,
36,79,,FALSE,Female,,Some Secondary,
36,90,,FALSE,Female,,Some Secondary,
36,91,,FALSE,Female,,Some Secondary,
36,49,,FALSE,Male,,Some Secondary,
36,47,,FALSE,Male,,Some Secondary,
37,90,,FALSE,Female,,Some Secondary,
37,84,,FALSE,Female,,Some Secondary,
36,87,,FALSE,Male,,Some Secondary,
36,89,,FALSE,Male,,Some Secondary,
35,54,,FALSE,Female,,Some Secondary,
35,52,,FALSE,Female,,Some Secondary,
36,93,,FALSE,Female,,Some Secondary,
36,93,,FALSE,Male,,Some Secondary,
37,36,,FALSE,Female,,Some Secondary,
37,26,,FALSE,Female,,Some Secondary,
36,40,,FALSE,Female,,Some Secondary,
36,53,,FALSE,Female,,Some Secondary,
36,29,,FALSE,Female,,Some Secondary,
37,0,,FALSE,Female,,Some Secondary,
35,80,,FALSE,Female,,Some Secondary,
35,80,,FALSE,Female,,Some Secondary,
35,98,,FALSE,Female,,Some Secondary,
35,99,,FALSE,Male,,Some Secondary,
35,77,,FALSE,Female,,Some Secondary,
35,80,,FALSE,Female,,Some Secondary,
35,99,,FALSE,Female,,Some Secondary,
35,100,,FALSE,Male,,Some Secondary,
36,34,,FALSE,Female,,Some Secondary,
36,34,,FALSE,Female,,Some Secondary,
35,83,,FALSE,Female,,Some Secondary,
35,87,,FALSE,Male,,Some Secondary,
36,10,,FALSE,Female,,Some Secondary,
36,18,,FALSE,Male,,Some Secondary,
36,57,,FALSE,Female,,Some Secondary,
38,59,,FALSE,Female,,Some Secondary,
36,80,,FALSE,Male,,Some Secondary,
36,80,,FALSE,Male,,Some Secondary,
36,80,,FALSE,Female,,Some Secondary,
36,81,,FALSE,Female,,Some Secondary,
39,73,,FALSE,Male,,Some Secondary,
36,0,,FALSE,Male,,Some Secondary,
35,41,,FALSE,Male,,Some Secondary,
35,53,,FALSE,Female,,Some Secondary,
38,56,,FALSE,Male,,Some Secondary,
35,54,,FALSE,Male,,Some Secondary,
36,58,,FALSE,Female,,Some Secondary,
36,57,,FALSE,Female,,Some Secondary,
35,76,,FALSE,Female,,Some Secondary,
35,69,,FALSE,Female,,Some Secondary,
35,43,,FALSE,Male,,Some Secondary,
35,48,,FALSE,Male,,Some Secondary,
34,0,,FALSE,Female,,Some Secondary,
34,0,,FALSE,Female,,Some Secondary,
36,87,,FALSE,Female,,Some Secondary,
36,89,,FALSE,Male,,Some Secondary,
36,40,,FALSE,Female,,Some Secondary,
36,43,,FALSE,Female,,Some Secondary,
36,91,,FALSE,Female,,Some Secondary,
36,93,,FALSE,Female,,Some Secondary,
34,82,,FALSE,Male,,Some Secondary,
34,89,,FALSE,Female,,Some Secondary,
36,71,,FALSE,Female,,Some Secondary,
36,0,,FALSE,Female,,Some Secondary,
36,89,,FALSE,Female,,Some Secondary,
36,82,,FALSE,Male,,Some Secondary,
35,76,,FALSE,Female,,Some Secondary,
35,81,,FALSE,Female,,Some Secondary,
36,0,,FALSE,Female,,Some Secondary,
36,95,,FALSE,Female,,Some Secondary,
35,100,,FALSE,Female,,Some Secondary,
35,100,,FALSE,Male,,Some Secondary,
37,57,,FALSE,Male,,Some Secondary,
37,57,,FALSE,Female,,Some Secondary,
35,18,,FALSE,Male,,Some Secondary,
35,19,,FALSE,Male,,Some Secondary,
35,77,,FALSE,Female,,Some Secondary,
35,75,,FALSE,Male,,Some Secondary,
36,44,,FALSE,Female,,Some Secondary,
36,29,,FALSE,Male,,Some Secondary,
47,84,,FALSE,Female,,Some Secondary,
37,0,,FALSE,Male,,Some Secondary,
37,0,,FALSE,Female,,Some Secondary,
37,71,,FALSE,Female,,Some Secondary,
37,71,,FALSE,Female,,Some Secondary,
36,0,,FALSE,Male,,Some Secondary,
36,70,,FALSE,Male,,Some Secondary,
35,66,,FALSE,Male,,Some Secondary,
35,57,,FALSE,Female,,Some Secondary,
36,24,,FALSE,Male,,Some Secondary,
36,27,,FALSE,Male,,Some Secondary,
36,77,,FALSE,Male,,Some Secondary,
36,88,,FALSE,Male,,Some Secondary,
37,76,,FALSE,Female,,Some Secondary,
37,69,,FALSE,Male,,Some Secondary,
36,68,,FALSE,Female,,Some Secondary,
35,68,,FALSE,Female,,Some Secondary,
35,97,,FALSE,Female,,Some Secondary,
35,100,,FALSE,Male,,Some Secondary,
36,55,,FALSE,Female,,Some Secondary,
36,80,,FALSE,Female,,Some Secondary,
36,42,,FALSE,Male,,Some Secondary,
36,67,,FALSE,Male,,Some Secondary,
36,99,,FALSE,Female,,Some Secondary,
36,99,,FALSE,Female,,Some Secondary,
35,57,,FALSE,Female,,Some Secondary,
35,56,,FALSE,Female,,Some Secondary,
36,82,,FALSE,Male,,Some Secondary,
36,75,,FALSE,Male,,Some Secondary,
36,48,,FALSE,Female,,Some Secondary,
36,68,,FALSE,Male,,Some Secondary,
36,55,,FALSE,Female,,Some Secondary,
37,76,,FALSE,Female,,Some Secondary,
35,58,,FALSE,Female,,Some Secondary,
35,57,,FALSE,Female,,Some Secondary,
37,39,,FALSE,Female,,Some Secondary,
37,38,,FALSE,Female,,Some Secondary,
35,97,,FALSE,Female,,Some Secondary,
35,100,,FALSE,Male,,Some Secondary,
38,53,,FALSE,Female,,Some Secondary,
38,53,,FALSE,Male,,Some Secondary,
35,100,,FALSE,Female,,Some Secondary,
35,100,,FALSE,Male,,Some Secondary,
35,67,,FALSE,Female,,Some Secondary,
35,74,,FALSE,Female,,Some Secondary,
36,53,,FALSE,Male,,Some Secondary,
36,65,,FALSE,Female,,Some Secondary,
37,83,,FALSE,Male,,Some Secondary,
37,82,,FALSE,Male,,Some Secondary,
36,98,,FALSE,Male,,Some Secondary,
36,100,,FALSE,Male,,Some Secondary,
37,80,,FALSE,Male,,Some Secondary,
37,82,,FALSE,Male,,Some Secondary,
36,42,,FALSE,Male,,Some Secondary,
36,0,,FALSE,Male,,Some Secondary,
37,0,,FALSE,Male,,Some Secondary,
37,0,,FALSE,Male,,Some Secondary,
36,0,,FALSE,Female,,Some Secondary,
36,0,,FALSE,Female,,Some Secondary,
35,54,,FALSE,Male,,Some Secondary,
35,66,,FALSE,Male,,Some Secondary,
35,62,,FALSE,Male,,Some Secondary,
35,48,,FALSE,Male,,Some Secondary,
35,28,,FALSE,Male,,Some Secondary,
35,58,,FALSE,Female,,Some Secondary,
35,93,,FALSE,Male,,Some Secondary,
35,84,,FALSE,Male,,Some Secondary,
35,51,,FALSE,Male,,Some Secondary,
36,28,,FALSE,Male,,Some Secondary,
35,88,,FALSE,Male,,Some Secondary,
35,89,,FALSE,Female,,Some Secondary,
35,42,,FALSE,Male,,Some Secondary,
35,52,,FALSE,Male,,Some Secondary,
34,58,,FALSE,Female,,Some Secondary,
34,52,,FALSE,Female,,Some Secondary,
35,67,,FALSE,Male,,Some Secondary,
35,68,,FALSE,Male,,Some Secondary,
35,35,,FALSE,Female,,Some Secondary,
35,32,,FALSE,Female,,Some Secondary,
37,85,,FALSE,Male,,Some Secondary,
37,0,,FALSE,Female,,Some Secondary,
35,59,,FALSE,Female,,Some Secondary,
35,71,,FALSE,Female,,Some Secondary,
38,0,,FALSE,Female,,Some Secondary,
38,0,,FALSE,Male,,Some Secondary,
35,30,,FALSE,Female,,Some Secondary,
35,47,,FALSE,Female,,Some Secondary,
42,85,,FALSE,Male,,Some Secondary,
42,84,,FALSE,Male,,Some Secondary,
45,94,,FALSE,Male,,Some Secondary,
45,99,,FALSE,Male,,Some Secondary,
36,68,,FALSE,Male,,Some Secondary,
36,92,,FALSE,Female,,Some Secondary,
36,73,,FALSE,Male,,Some Secondary,
35,81,,FALSE,Female,,Some Secondary,
36,87,,FALSE,Female,,Some Secondary,
36,85,,FALSE,Male,,Some Secondary,
37,85,,FALSE,Female,,Some Secondary,
37,80,,FALSE,Male,,Some Secondary,
36,77,,FALSE,Male,,Some Secondary,
36,65,,FALSE,Male,,Some Secondary,
35,83,,FALSE,Female,,Some Secondary,
35,83,,FALSE,Female,,Some Secondary,
36,99,,FALSE,Male,,Some Secondary,
36,94,,FALSE,Male,,Some Secondary,
35,97,,FALSE,Female,,Some Secondary,
35,92,,FALSE,Female,,Some Secondary,
36,48,,FALSE,Male,,Some Secondary,
36,53,,FALSE,Male,,Some Secondary,
35,73,,FALSE,Female,,Some Secondary,
36,73,,FALSE,Female,,Some Secondary,
37,48,,FALSE,Male,,Some Secondary,
37,54,,FALSE,Male,,Some Secondary,
36,85,,FALSE,Female,,Some Secondary,
36,87,,FALSE,Female,,Some Secondary,
36,38,,FALSE,Female,,Some Secondary,
36,45,,FALSE,Female,,Some Secondary,
34,50,,FALSE,Female,,Some Secondary,
35,46,,FALSE,Male,,Some Secondary,
36,52,,FALSE,Male,,Some Secondary,
36,52,,FALSE,Female,,Some Secondary,
36,44,,FALSE,Female,,Some Secondary,
36,44,,FALSE,Female,,Some Secondary,
36,81,,FALSE,Male,,Some Secondary,
36,82,,FALSE,Male,,Some Secondary,
35,78,,FALSE,Male,,Some Secondary,
35,83,,FALSE,Female,,Some Secondary,
36,39,,FALSE,Female,,Some Secondary,
36,35,,FALSE,Female,,Some Secondary,
36,59,,FALSE,Male,,Some Secondary,
36,73,,FALSE,Male,,Some Secondary,
36,41,,FALSE,Female,,Some Secondary,
36,22,,FALSE,Male,,Some Secondary,
36,86,,FALSE,Male,,Some Secondary,
36,92,,FALSE,Female,,Some Secondary,
35,95,,FALSE,Female,,Some Secondary,
35,98,,FALSE,Male,,Some Secondary,
36,50,,FALSE,Male,,Some Secondary,
36,51,,FALSE,Female,,Some Secondary,
36,67,,FALSE,Male,,Some Secondary,
37,76,,FALSE,Female,,Some Secondary,
36,39,,FALSE,Male,,Some Secondary,
36,47,,FALSE,Male,,Some Secondary,
35,66,,FALSE,Male,,Some Secondary,
35,60,,FALSE,Female,,Some Secondary,
36,77,,FALSE,Male,,Some Secondary,
36,85,,FALSE,Male,,Some Secondary,
36,52,,FALSE,Male,,Some Secondary,
36,58,,FALSE,Male,,Some Secondary,
36,67,,FALSE,Female,,Some Secondary,
36,71,,FALSE,Female,,Some Secondary,
36,0,,FALSE,Female,,Some Secondary,
36,0,,FALSE,Male,,Some Secondary,
36,95,,FALSE,Female,,Some Secondary,
36,58,,FALSE,Male,,Some Secondary,
36,100,,FALSE,Male,,Some Secondary,
35,100,,FALSE,Male,,Some Secondary,
35,71,,FALSE,Male,,Some Secondary,
35,70,,FALSE,Male,,Some Secondary,
35,0,,FALSE,Male,,Some Secondary,
35,0,,FALSE,Male,,Some Secondary,
36,62,,FALSE,Male,,Some Secondary,
36,64,,FALSE,Male,,Some Secondary,
36,88,,FALSE,Female,,Some Secondary,
36,88,,FALSE,Female,,Some Secondary,
35,97,,FALSE,Male,,Some Secondary,
35,94,,FALSE,Male,,Some Secondary,
36,33,,FALSE,Male,,Some Secondary,
36,38,,FALSE,Female,,Some Secondary,
35,45,,FALSE,Male,,Some Secondary,
36,40,,FALSE,Male,,Some Secondary,
36,82,,FALSE,Male,,Some Secondary,
36,77,,FALSE,Male,,Some Secondary,
36,100,,FALSE,Male,,Some Secondary,
36,100,,FALSE,Male,,Some Secondary,
36,24,,FALSE,Female,,Some Secondary,
35,22,,FALSE,Female,,Some Secondary,
35,64,,FALSE,Male,,Some Secondary,
35,68,,FALSE,Female,,Some Secondary,
36,94,,FALSE,Female,,Some Secondary,
36,100,,FALSE,Male,,Some Secondary,
36,88,,FALSE,Male,,Some Secondary,
36,84,,FALSE,Male,,Some Secondary,
36,54,,FALSE,Male,,Some Secondary,
36,56,,FALSE,Male,,Some Secondary,
38,52,,FALSE,Male,,Some Secondary,
36,35,,FALSE,Male,,Some Secondary,
36,65,,FALSE,Female,,Some Secondary,
36,66,,FALSE,Female,,Some Secondary,
36,86,,FALSE,Female,,Some Secondary,
36,86,,FALSE,Female,,Some Secondary,
35,100,,FALSE,Male,,Some Secondary,
35,100,,FALSE,Female,,Some Secondary,
35,59,,FALSE,Female,,Some Secondary,
35,60,,FALSE,Female,,Some Secondary,
38,85,,FALSE,Male,,Some Secondary,
38,74,,FALSE,Female,,Some Secondary,
37,10,,FALSE,Male,,Some Secondary,
37,22,,FALSE,Female,,Some Secondary,
35,95,,FALSE,Female,,Some Secondary,
35,99,,FALSE,Male,,Some Secondary,
35,13,,FALSE,Male,,Some Secondary,
35,11,,FALSE,Male,,Some Secondary,
36,59,,FALSE,Female,,Some Secondary,
36,60,,FALSE,Female,,Some Secondary,
36,89,,FALSE,Female,,Some Secondary,
36,91,,FALSE,Female,,Some Secondary,
35,68,,FALSE,Female,,Some Secondary,
35,69,,FALSE,Male,,Some Secondary,
36,54,,FALSE,Male,,Some Secondary,
36,62,,FALSE,Female,,Some Secondary,
34,98,,FALSE,Female,,Some Secondary,
34,98,,FALSE,Female,,Some Secondary,
37,53,,FALSE,Male,,Some Secondary,
37,53,,FALSE,Male,,Some Secondary,
36,6,,FALSE,Male,,Some Secondary,
36,0,,FALSE,Male,,Some Secondary,
34,56,,FALSE,Male,,Some Secondary,
35,53,,FALSE,Male,,Some Secondary,
36,60,,FALSE,Female,,Some Secondary,
36,59,,FALSE,Female,,Some Secondary,
36,43,,FALSE,Male,,Some Secondary,
36,43,,FALSE,Male,,Some Secondary,
36,83,,FALSE,Female,,Some Secondary,
36,71,,FALSE,Male,,Some Secondary,
37,0,,FALSE,Female,,Some Secondary,
36,100,,FALSE,Male,,Some Secondary,
35,88,,FALSE,Male,,Some Secondary,
35,86,,FALSE,Male,,Some Secondary,
36,66,,FALSE,Female,,Some Secondary,
36,67,,FALSE,Female,,Some Secondary,
36,0,,FALSE,Male,,Some Secondary,
36,100,,FALSE,Male,,Some Secondary,
36,77,,FALSE,Female,,Some Secondary,
36,77,,FALSE,Female,,Some Secondary,
35,66,,FALSE,Female,,Some Secondary,
35,70,,FALSE,Male,,Some Secondary,
35,53,,FALSE,Female,,Some Secondary,
35,52,,FALSE,Female,,Some Secondary,
35,44,,FALSE,Female,,Some Secondary,
35,20,,FALSE,Male,,Some Secondary,
36,20,,FALSE,Female,,Some Secondary,
36,17,,FALSE,Female,,Some Secondary,
35,99,,FALSE,Female,,Some Secondary,
35,99,,FALSE,Female,,Some Secondary,
35,95,,FALSE,Male,,Some Secondary,
35,88,,FALSE,Female,,Some Secondary,
35,86,,FALSE,Male,,Some Secondary,
35,86,,FALSE,Male,,Some Secondary,
35,0,,FALSE,Female,,Some Secondary,
36,74,,FALSE,Female,,Some Secondary,
35,50,,FALSE,Female,,Some Secondary,
35,35,,FALSE,Female,,Some Secondary,
36,0,,FALSE,Male,,Some Secondary,
34,49,,FALSE,Male,,Some Secondary,
34,48,,FALSE,Male,,Some Secondary,
36,32,,FALSE,Female,,Some Secondary,
36,89,,FALSE,Female,,Some Secondary,
36,58,,FALSE,Female,,Some Secondary,
36,59,,FALSE,Female,,Some Secondary,
36,15,,FALSE,Female,,Some Secondary,
36,18,,FALSE,Female,,Some Secondary,
36,77,,FALSE,Female,,Some Secondary,
36,75,,FALSE,Female,,Some Secondary,
36,100,,FALSE,Female,,Some Secondary,
36,100,,FALSE,Female,,Some Secondary,
35,0,,FALSE,Male,,Some Secondary,
35,0,,FALSE,Male,,Some Secondary,
36,62,,FALSE,Male,,Some Secondary,
36,62,,FALSE,Male,,Some Secondary,
37,99,,FALSE,Male,,Some Secondary,
39,100,,FALSE,Male,,Some Secondary,
36,81,,FALSE,Female,,Some Secondary,
36,65,,FALSE,Male,,Some Secondary,
35,67,,FALSE,Male,,Some Secondary,
36,68,,FALSE,Male,,Some Secondary,
36,74,,FALSE,Male,,Some Secondary,
36,74,,FALSE,Male,,Some Secondary,
36,66,,FALSE,Female,,Some Secondary,
36,71,,FALSE,Male,,Some Secondary,
35,96,,FALSE,Female,,Some Secondary,
35,98,,FALSE,Female,,Some Secondary,
35,88,,FALSE,Male,,Some Secondary,
35,49,,FALSE,Male,,Some Secondary,
35,70,,FALSE,Female,,Some Secondary,
35,70,,FALSE,Male,,Some Secondary,
35,0,,FALSE,Female,,Some Secondary,
35,0,,FALSE,Male,,Some Secondary,
34,92,,FALSE,Female,,Some Secondary,
34,91,,FALSE,Female,,Some Secondary,
38,85,,FALSE,Female,,Some Secondary,
38,85,,FALSE,Male,,Some Secondary,
36,0,,FALSE,Male,,Some Secondary,
36,0,,FALSE,Female,,Some Secondary,
37,0,,FALSE,Male,,Some Secondary,
37,47,,FALSE,Male,,Some Secondary,
36,0,,FALSE,Male,,Some Secondary,
36,0,,FALSE,Male,,Some Secondary,
36,0,,FALSE,Female,,Some Secondary,
36,0,,FALSE,Female,,Some Secondary,
36,92,,FALSE,Male,,Some Secondary,
36,92,,FALSE,Female,,Some Secondary,
36,86,,FALSE,Male,,Some Secondary,
36,86,,FALSE,Male,,Some Secondary,
35,0,,FALSE,Female,,Some Secondary,
35,0,,FALSE,Male,,Some Secondary,
35,50,,FALSE,Female,,Some Secondary,
35,49,,FALSE,Female,,Some Secondary,
35,52,,FALSE,Male,,Some Secondary,
35,55,,FALSE,Female,,Some Secondary,
37,48,,FALSE,Female,,Some Secondary,
37,49,,FALSE,Female,,Some Secondary,
36,58,,FALSE,Female,,Some Secondary,
36,58,,FALSE,Male,,Some Secondary,
36,78,,FALSE,Male,,Some Secondary,
36,81,,FALSE,Female,,Some Secondary,
35,100,,FALSE,Female,,Some Secondary,
35,100,,FALSE,Female,,Some Secondary,
36,0,,FALSE,Male,,Some Secondary,
36,44,,FALSE,Male,,Some Secondary,
37,99,,FALSE,Female,,Some Secondary,
37,98,,FALSE,Female,,Some Secondary,
35,70,,FALSE,Male,,Some Secondary,
35,76,,FALSE,Male,,Some Secondary,
35,76,,FALSE,Male,,Some Secondary,
35,63,,FALSE,Female,,Some Secondary,
36,93,,FALSE,Male,,Some Secondary,
36,97,,FALSE,Male,,Some Secondary,
35,76,,FALSE,Female,,Some Secondary,
35,100,,FALSE,Female,,Some Secondary,
36,84,,FALSE,Male,,Some Secondary,
36,85,,FALSE,Male,,Some Secondary,
35,87,,FALSE,Male,,Some Secondary,
35,84,,FALSE,Female,,Some Secondary,
36,5,,FALSE,Female,,Some Secondary,
36,0,,FALSE,Female,,Some Secondary,
36,35,,FALSE,Male,,Some Secondary,
36,37,,FALSE,Male,,Some Secondary,
35,83,,FALSE,Female,,Some Secondary,
35,83,,FALSE,Male,,Some Secondary,
35,83,,FALSE,Female,,Some Secondary,
35,75,,FALSE,Female,,Some Secondary,
36,45,,FALSE,Female,,Some Secondary,
36,44,,FALSE,Male,,Some Secondary,
35,90,,FALSE,Female,,Some Secondary,
35,86,,FALSE,Male,,Some Secondary,
35,92,,FALSE,Male,,Some Secondary,
35,100,,FALSE,Male,,Some Secondary,
36,40,,FALSE,Male,,Some Secondary,
36,50,,FALSE,Male,,Some Secondary,
36,38,,FALSE,Female,,Some Secondary,
36,45,,FALSE,Female,,Some Secondary,
36,71,,FALSE,Male,,Some Secondary,
36,64,,FALSE,Female,,Some Secondary,
36,30,,FALSE,Female,,Some Secondary,
36,29,,FALSE,Female,,Some Secondary,
36,14,,FALSE,Male,,Some Secondary,
36,5,,FALSE,Male,,Some Secondary,
35,97,,FALSE,Female,,Some Secondary,
35,97,,FALSE,Male,,Some Secondary,
35,0,,FALSE,Female,,Some Secondary,
35,0,,FALSE,Female,,Some Secondary,
35,56,,FALSE,Male,,Some Secondary,
35,62,,FALSE,Female,,Some Secondary,
36,52,,FALSE,Female,,Some Secondary,
36,35,,FALSE,Male,,Some Secondary,
35,65,,FALSE,Male,,Some Secondary,
35,91,,FALSE,Female,,Some Secondary,
36,89,,FALSE,Male,,Some Secondary,
36,90,,FALSE,Female,,Some Secondary,
37,71,,FALSE,Male,,Some Secondary,
37,67,,FALSE,Female,,Some Secondary,
39,89,,FALSE,Female,,Some Secondary,
39,85,,FALSE,Female,,Some Secondary,
35,52,,FALSE,Male,,Some Secondary,
35,38,,FALSE,Female,,Some Secondary,
35,74,,FALSE,Female,,Some Secondary,
35,74,,FALSE,Male,,Some Secondary,
36,49,,FALSE,Male,,Some Secondary,
36,52,,FALSE,Male,,Some Secondary,
36,50,,FALSE,Male,,Some Secondary,
36,49,,FALSE,Male,,Some Secondary,
36,100,,FALSE,Female,,Some Secondary,
35,100,,FALSE,Male,,Some Secondary,
37,60,,FALSE,Female,,Some Secondary,
37,61,,FALSE,Female,,Some Secondary,
35,100,,FALSE,Male,,Some Secondary,
35,100,,FALSE,Female,,Some Secondary,
36,64,,FALSE,Female,,Some Secondary,
36,52,,FALSE,Female,,Some Secondary,
36,40,,FALSE,Male,,Some Secondary,
36,39,,FALSE,Male,,Some Secondary,
36,100,,FALSE,Male,,Some Secondary,
36,93,,FALSE,Male,,Some Secondary,
36,52,,FALSE,Female,,Some Secondary,
36,50,,FALSE,Male,,Some Secondary,
35,46,,FALSE,Female,,Some Secondary,
35,0,,FALSE,Female,,Some Secondary,
37,54,,FALSE,Female,,Some Secondary,
37,51,,FALSE,Male,,Some Secondary,
35,48,,FALSE,Male,,Some Secondary,
35,50,,FALSE,Female,,Some Secondary,
35,22,,FALSE,Female,,Some Secondary,
35,22,,FALSE,Female,,Some Secondary,
36,77,,FALSE,Female,,Some Secondary,
36,80,,FALSE,Female,,Some Secondary,
34,81,,FALSE,Female,,Some Secondary,
34,49,,FALSE,Male,,Some Secondary,
36,96,,FALSE,Male,,Some Secondary,
36,100,,FALSE,Male,,Some Secondary,
36,79,,FALSE,Female,,Some Secondary,
36,79,,FALSE,Male,,Some Secondary,
36,53,,FALSE,Female,,Some Secondary,
36,73,,FALSE,Female,,Some Secondary,
36,74,,FALSE,Male,,Some Secondary,
36,73,,FALSE,Female,,Some Secondary,
35,100,,FALSE,Female,,Some Secondary,
35,100,,FALSE,Male,,Some Secondary,
36,94,,FALSE,Male,,Some Secondary,
36,91,,FALSE,Male,,Some Secondary,
35,90,,FALSE,Male,,Some Secondary,
35,92,,FALSE,Male,,Some Secondary,
36,94,,FALSE,Male,,Some Secondary,
36,95,,FALSE,Male,,Some Secondary,
36,55,,FALSE,Male,,Some Secondary,
36,52,,FALSE,Male,,Some Secondary,
35,19,,FALSE,Female,,Some Secondary,
35,16,,FALSE,Female,,Some Secondary,
42,100,,FALSE,Male,,Some Secondary,
42,100,,FALSE,Male,,Some Secondary,
36,63,,FALSE,Female,,Some Secondary,
36,63,,FALSE,Male,,Some Secondary,
35,66,,FALSE,Male,,Some Secondary,
35,66,,FALSE,Female,,Some Secondary,
38,46,,FALSE,Male,,Some Secondary,
38,41,,FALSE,Male,,Some Secondary,
37,58,,FALSE,Female,,Some Secondary,
37,54,,FALSE,Female,,Some Secondary,
36,35,,FALSE,Female,,Some Secondary,
35,32,,FALSE,Female,,Some Secondary,
36,83,,FALSE,Female,,Some Secondary,
36,86,,FALSE,Female,,Some Secondary,
35,98,,FALSE,Male,,Some Secondary,
35,98,,FALSE,Female,,Some Secondary,
36,90,,FALSE,Male,,Some Secondary,
36,89,,FALSE,Female,,Some Secondary,
36,80,,FALSE,Male,,Some Secondary,
36,73,,FALSE,Male,,Some Secondary,
36,88,,FALSE,Female,,Some Secondary,
36,91,,FALSE,Female,,Some Secondary,
36,89,,FALSE,Female,,Some Secondary,
36,93,,FALSE,Female,,Some Secondary,
38,100,,FALSE,Male,,Some Secondary,
37,100,,FALSE,Male,,Some Secondary,
36,92,,FALSE,Female,,Some Secondary,
36,92,,FALSE,Male,,Some Secondary,
36,49,,FALSE,Female,,Some Secondary,
36,58,,FALSE,Male,,Some Secondary,
36,72,,FALSE,Male,,Some Secondary,
36,72,,FALSE,Male,,Some Secondary,
36,89,,FALSE,Male,,Some Secondary,
36,89,,FALSE,Female,,Some Secondary,
36,72,,FALSE,Female,,Some Secondary,
36,66,,FALSE,Male,,Some Secondary,
36,30,,FALSE,Male,,Some Secondary,
36,29,,FALSE,Male,,Some Secondary,
35,66,,FALSE,Female,,Some Secondary,
35,64,,FALSE,Female,,Some Secondary,
35,57,,FALSE,Female,,Some Secondary,
35,0,,FALSE,Male,,Some Secondary,
36,0,,FALSE,Male,,Some Secondary,
36,52,,FALSE,Male,,Some Secondary,
35,96,,FALSE,Male,,Some Secondary,
35,96,,FALSE,Male,,Some Secondary,
37,92,,FALSE,Male,,Some Secondary,
35,90,,FALSE,Female,,Some Secondary,
37,88,,FALSE,Male,,Some Secondary,
37,94,,FALSE,Female,,Some Secondary,
36,55,,FALSE,Male,,Some Secondary,
36,54,,FALSE,Female,,Some Secondary,
36,83,,FALSE,Female,,Some Secondary,
36,66,,FALSE,Male,,Some Secondary,
37,82,,FALSE,Female,,Some Secondary,
37,90,,FALSE,Female,,Some Secondary,
36,63,,FALSE,Female,,Some Secondary,
36,72,,FALSE,Male,,Some Secondary,
35,84,,FALSE,Female,,Some Secondary,
35,92,,FALSE,Female,,Some Secondary,
35,32,,FALSE,Female,,Some Secondary,
35,22,,FALSE,Male,,Some Secondary,
36,93,,FALSE,Female,,Some Secondary,
36,92,,FALSE,Female,,Some Secondary,
37,82,,FALSE,Female,,Some Secondary,
38,78,,FALSE,Female,,Some Secondary,
36,0,,FALSE,Female,,Some Secondary,
36,40,,FALSE,Female,,Some Secondary,
36,63,,FALSE,Male,,Some Secondary,
36,62,,FALSE,Male,,Some Secondary,
35,58,,FALSE,Female,,Some Secondary,
35,23,,FALSE,Male,,Some Secondary,
35,82,,FALSE,Female,,Some Secondary,
35,88,,FALSE,Female,,Some Secondary,
36,69,,FALSE,Male,,Some Secondary,
36,78,,FALSE,Female,,Some Secondary,
36,0,,FALSE,Female,,Some Secondary,
36,72,,FALSE,Female,,Some Secondary,
37,86,,FALSE,Female,,Some Secondary,
34,86,,FALSE,Female,,Some Secondary,
35,100,,FALSE,Female,,Some Secondary,
35,0,,FALSE,Male,,Some Secondary,
35,50,,FALSE,Female,,Some Secondary,
35,52,,FALSE,Female,,Some Secondary,
35,44,,FALSE,Male,,Some Secondary,
35,44,,FALSE,Male,,Some Secondary,
35,53,,FALSE,Male,,Some Secondary,
35,64,,FALSE,Male,,Some Secondary,
36,88,,FALSE,Female,,Some Secondary,
36,87,,FALSE,Female,,Some Secondary,
35,36,,FALSE,Male,,Some Secondary,
35,46,,FALSE,Female,,Some Secondary,
35,33,,FALSE,Female,,Some Secondary,
35,54,,FALSE,Male,,Some Secondary,
37,67,,FALSE,Male,,Some Secondary,
37,76,,FALSE,Male,,Some Secondary,
35,60,,FALSE,Male,,Some Secondary,
35,59,,FALSE,Male,,Some Secondary,
35,91,,FALSE,Male,,Some Secondary,
35,68,,FALSE,Female,,Some Secondary,
35,69,,FALSE,Male,,Some Secondary,
35,70,,FALSE,Male,,Some Secondary,
36,97,,FALSE,Male,,Some Secondary,
36,96,,FALSE,Male,,Some Secondary,
35,45,,FALSE,Male,,Some Secondary,
35,52,,FALSE,Male,,Some Secondary,
39,0,,FALSE,Female,,Some Secondary,
39,76,,FALSE,Female,,Some Secondary,
36,92,,FALSE,Male,,Some Secondary,
36,89,,FALSE,Female,,Some Secondary,
36,56,,FALSE,Male,,Some Secondary,
36,74,,FALSE,Male,,Some Secondary,
36,21,,FALSE,Female,,Some Secondary,
36,0,,FALSE,Male,,Some Secondary,
39,50,,FALSE,Male,,Some Secondary,
37,51,,FALSE,Male,,Some Secondary,
36,77,,FALSE,Male,,Some Secondary,
35,83,,FALSE,Female,,Some Secondary,
37,72,,FALSE,Male,,Some Secondary,
35,81,,FALSE,Male,,Some Secondary,
35,45,,FALSE,Female,,Some Secondary,
35,45,,FALSE,Female,,Some Secondary,
35,68,,FALSE,Male,,Some Secondary,
35,72,,FALSE,Female,,Some Secondary,
35,25,,FALSE,Female,,Some Secondary,
35,49,,FALSE,Female,,Some Secondary,
35,58,,FALSE,Female,,Some Secondary,
35,59,,FALSE,Female,,Some Secondary,
36,61,,FALSE,Female,,Some Secondary,
36,61,,FALSE,Female,,Some Secondary,
43,32,,FALSE,Female,,Some Secondary,
43,30,,FALSE,Female,,Some Secondary,
35,99,,FALSE,Female,,Some Secondary,
35,100,,FALSE,Female,,Some Secondary,
37,41,,FALSE,Female,,Some Secondary,
37,52,,FALSE,Female,,Some Secondary,
36,26,,FALSE,Male,,Some Secondary,
36,38,,FALSE,Female,,Some Secondary,
35,95,,FALSE,Female,,Some Secondary,
35,92,,FALSE,Female,,Some Secondary,
36,77,,FALSE,Female,,Some Secondary,
36,78,,FALSE,Female,,Some Secondary,
35,60,,FALSE,Male,,Some Secondary,
35,63,,FALSE,Male,,Some Secondary,
36,0,,FALSE,Female,,Some Secondary,
36,60,,FALSE,Female,,Some Secondary,
36,53,,FALSE,Female,,Some Secondary,
36,46,,FALSE,Male,,Some Secondary,
36,79,,FALSE,Female,,Some Secondary,
36,80,,FALSE,Male,,Some Secondary,
34,0,,FALSE,Female,,Some Secondary,
34,0,,FALSE,Female,,Some Secondary,
35,69,,FALSE,Female,,Some Secondary,
35,0,,FALSE,Female,,Some Secondary,
35,48,,FALSE,Female,,Some Secondary,
35,29,,FALSE,Female,,Some Secondary,
35,65,,FALSE,Male,,Some Secondary,
35,61,,FALSE,Male,,Some Secondary,
36,56,,FALSE,Male,,Some Secondary,
36,51,,FALSE,Male,,Some Secondary,
35,40,,FALSE,Female,,Some Secondary,
35,47,,FALSE,Female,,Some Secondary,
35,100,,FALSE,Male,,Some Secondary,
35,100,,FALSE,Female,,Some Secondary,
37,20,,FALSE,Male,,Some Secondary,
37,31,,FALSE,Female,,Some Secondary,
36,49,,FALSE,Female,,Some Secondary,
36,59,,FALSE,Female,,Some Secondary,
36,18,,FALSE,Male,,Some Secondary,
36,15,,FALSE,Male,,Some Secondary,
35,79,,FALSE,Female,,Some Secondary,
35,80,,FALSE,Female,,Some Secondary,
36,55,,FALSE,Male,,Some Secondary,
34,97,,FALSE,Female,,Some Secondary,
37,58,,FALSE,Female,,Some Secondary,
37,92,,FALSE,Female,,Some Secondary,
34,98,,FALSE,Male,,Some Secondary,
34,95,,FALSE,Female,,Some Secondary,
37,89,,FALSE,Female,,Some Secondary,
35,84,,FALSE,Female,,Some Secondary,
35,36,,FALSE,Female,,Some Secondary,
35,38,,FALSE,Female,,Some Secondary,
37,98,,FALSE,Male,,Some Secondary,
37,90,,FALSE,Female,,Some Secondary,
35,61,,FALSE,Female,,Some Secondary,
35,64,,FALSE,Male,,Some Secondary,
36,65,,FALSE,Male,,Some Secondary,
36,75,,FALSE,Male,,Some Secondary,
36,78,,FALSE,Female,,Some Secondary,
36,91,,FALSE,Male,,Some Secondary,
37,70,,FALSE,Female,,Some Secondary,
37,75,,FALSE,Male,,Some Secondary,
36,84,,FALSE,Male,,Some Secondary,
36,86,,FALSE,Male,,Some Secondary,
36,4,,FALSE,Male,,Some Secondary,
36,0,,FALSE,Female,,Some Secondary,
35,70,,FALSE,Female,,Some Secondary,
35,68,,FALSE,Female,,Some Secondary,
40,92,,FALSE,Male,,Some Secondary,
40,91,,FALSE,Male,,Some Secondary,
38,68,,FALSE,Female,,Some Secondary,
38,68,,FALSE,Male,,Some Secondary,
36,56,,FALSE,Female,,Some Secondary,
36,71,,FALSE,Male,,Some Secondary,
34,62,,FALSE,Female,,Some Secondary,
34,69,,FALSE,Female,,Some Secondary,
36,26,,FALSE,Male,,Some Secondary,
36,25,,FALSE,Male,,Some Secondary,
36,83,,FALSE,Male,,Some Secondary,
36,73,,FALSE,Male,,Some Secondary,
36,79,,FALSE,Male,,Some Secondary,
36,57,,FALSE,Male,,Some Secondary,
36,33,,FALSE,Female,,Some Secondary,
36,37,,FALSE,Male,,Some Secondary,
36,63,,FALSE,Female,,Some Secondary,
36,62,,FALSE,Female,,Some Secondary,
36,20,,FALSE,Male,,Some Secondary,
36,24,,FALSE,Male,,Some Secondary,
34,82,,FALSE,Male,,Some Secondary,
34,0,,FALSE,Male,,Some Secondary,
35,69,,FALSE,Male,,Some Secondary,
36,74,,FALSE,Male,,Some Secondary,
36,53,,FALSE,Female,,Some Secondary,
36,54,,FALSE,Male,,Some Secondary,
35,31,,FALSE,Male,,Some Secondary,
35,31,,FALSE,Male,,Some Secondary,
36,33,,FALSE,Female,,Some Secondary,
36,51,,FALSE,Female,,Some Secondary,
36,35,,FALSE,Female,,Some Secondary,
36,43,,FALSE,Female,,Some Secondary,
35,93,,FALSE,Female,,Some Secondary,
35,97,,FALSE,Female,,Some Secondary,
36,96,,FALSE,Female,,Some Secondary,
36,99,,FALSE,Male,,Some Secondary,
35,83,,FALSE,Female,,Some Secondary,
35,84,,FALSE,Female,,Some Secondary,
35,81,,FALSE,Male,,Some Secondary,
35,71,,FALSE,Male,,Some Secondary,
37,53,,FALSE,Male,,Some Secondary,
37,48,,FALSE,Male,,Some Secondary,
35,50,,FALSE,Female,,Some Secondary,
35,55,,FALSE,Female,,Some Secondary,
35,76,,FALSE,Male,,Some Secondary,
36,0,,FALSE,Male,,Some Secondary,
36,90,,FALSE,Female,,Some Secondary,
36,94,,FALSE,Male,,Some Secondary,
35,74,,FALSE,Female,,Some Secondary,
35,58,,FALSE,Male,,Some Secondary,
35,82,,FALSE,Male,,Some Secondary,
35,86,,FALSE,Female,,Some Secondary,
36,94,,FALSE,Male,,Some Secondary,
36,96,,FALSE,Male,,Some Secondary,
36,66,,FALSE,Female,,Some Secondary,
36,49,,FALSE,Male,,Some Secondary,
36,27,,FALSE,Female,,Some Secondary,
36,0,,FALSE,Male,,Some Secondary,
36,32,,FALSE,Male,,Some Secondary,
36,29,,FALSE,Female,,Some Secondary,
36,81,,FALSE,Female,,Some Secondary,
36,92,,FALSE,Female,,Some Secondary,
37,59,,FALSE,Female,,Some Secondary,
35,54,,FALSE,Female,,Some Secondary,
35,66,,FALSE,Male,,Some Secondary,
35,0,,FALSE,Male,,Some Secondary,
34,0,,FALSE,Female,,Some Secondary,
34,64,,FALSE,Female,,Some Secondary,
36,91,,FALSE,Male,,Some Secondary,
36,100,,FALSE,Male,,Some Secondary,
35,0,,FALSE,Male,,Some Secondary,
35,0,,FALSE,Male,,Some Secondary,
36,4,,FALSE,Male,,Some Secondary,
36,4,,FALSE,Male,,Some Secondary,
36,65,,FALSE,Male,,Some Secondary,
36,83,,FALSE,Male,,Some Secondary,
35,60,,FALSE,Female,,Some Secondary,
35,64,,FALSE,Male,,Some Secondary,
35,68,,FALSE,Female,,Some Secondary,
36,63,,FALSE,Female,,Some Secondary,
37,55,,FALSE,Female,,Some Secondary,
37,58,,FALSE,Female,,Some Secondary,
35,86,,FALSE,Female,,Some Secondary,
34,0,,FALSE,Male,,Some Secondary,
41,83,,FALSE,Male,,Some Secondary,
41,70,,FALSE,Male,,Some Secondary,
38,67,,FALSE,Female,,Some Secondary,
35,68,,FALSE,Female,,Some Secondary,
35,67,,FALSE,Male,,Some Secondary,
35,84,,FALSE,Male,,Some Secondary,
35,87,,FALSE,Male,,Some Secondary,
35,84,,FALSE,Male,,Some Secondary,
36,63,,FALSE,Male,,Some Secondary,
36,60,,FALSE,Male,,Some Secondary,
36,24,,FALSE,Male,,Some Secondary,
36,84,,FALSE,Female,,Some Secondary,
36,69,,FALSE,Female,,Some Secondary,
36,78,,FALSE,Female,,Some Secondary,
36,96,,FALSE,Male,,Some Secondary,
36,88,,FALSE,Male,,Some Secondary,
36,71,,FALSE,Female,,Some Secondary,
36,0,,FALSE,Male,,Some Secondary,
36,42,,FALSE,Male,,Some Secondary,
36,57,,FALSE,Male,,Some Secondary,
35,93,,FALSE,Female,,Some Secondary,
35,94,,FALSE,Male,,Some Secondary,
36,76,,FALSE,Female,,Some Secondary,
35,87,,FALSE,Female,,Some Secondary,
35,90,,FALSE,Female,,Some Secondary,
35,91,,FALSE,Female,,Some Secondary,
34,96,,FALSE,Female,,Some Secondary,
34,94,,FALSE,Male,,Some Secondary,
35,84,,FALSE,Male,,Some Secondary,
35,81,,FALSE,Male,,Some Secondary,
36,78,,FALSE,Male,,Some Secondary,
35,78,,FALSE,Female,,Some Secondary,
36,79,,FALSE,Male,,Some Secondary,
36,58,,FALSE,Male,,Some Secondary,
35,92,,FALSE,Male,,Some Secondary,
35,88,,FALSE,Female,,Some Secondary,
35,72,,FALSE,Male,,Some Secondary,
35,72,,FALSE,Female,,Some Secondary,
36,66,,FALSE,Female,,Some Secondary,
36,38,,FALSE,Female,,Some Secondary,
34,64,,FALSE,Male,,Some Secondary,
34,58,,FALSE,Male,,Some Secondary,
37,75,,FALSE,Male,,Some Secondary,
36,76,,FALSE,Female,,Some Secondary,
36,80,,FALSE,Female,,Some Secondary,
36,77,,FALSE,Female,,Some Secondary,
36,93,,FALSE,Female,,Some Secondary,
36,94,,FALSE,Female,,Some Secondary,
37,22,,FALSE,Male,,Some Secondary,
37,19,,FALSE,Male,,Some Secondary,
36,78,,FALSE,Female,,Some Secondary,
36,78,,FALSE,Female,,Some Secondary,
36,0,,FALSE,Female,,Some Secondary,
36,0,,FALSE,Female,,Some Secondary,
38,87,,FALSE,Female,,Some Secondary,
36,76,,FALSE,Female,,Some Secondary,
35,68,,FALSE,Male,,Some Secondary,
35,64,,FALSE,Male,,Some Secondary,
35,0,,FALSE,Female,,Some Secondary,
35,58,,FALSE,Female,,Some Secondary,
37,70,,FALSE,Male,,Some Secondary,
37,66,,FALSE,Female,,Some Secondary,
36,100,,FALSE,Female,,Some Secondary,
36,100,,FALSE,Female,,Some Secondary,
37,95,,FALSE,Female,,Some Secondary,
36,98,,FALSE,Male,,Some Secondary,
37,77,,FALSE,Male,,Some Secondary,
37,68,,FALSE,Male,,Some Secondary,
36,73,,FALSE,Male,,Some Secondary,
36,74,,FALSE,Female,,Some Secondary,
36,68,,FALSE,Male,,Some Secondary,
36,74,,FALSE,Male,,Some Secondary,
36,37,,FALSE,Female,,Some Secondary,
36,33,,FALSE,Female,,Some Secondary,
34,71,,FALSE,Female,,Some Secondary,
34,73,,FALSE,Female,,Some Secondary,
36,69,,FALSE,Female,,Some Secondary,
36,69,,FALSE,Female,,Some Secondary,
36,90,,FALSE,Female,,Some Secondary,
36,89,,FALSE,Male,,Some Secondary,
36,92,,FALSE,Female,,Some Secondary,
36,92,,FALSE,Female,,Some Secondary,
35,97,,FALSE,Male,,Some Secondary,
35,71,,FALSE,Male,,Some Secondary,
36,46,,FALSE,Male,,Some Secondary,
36,47,,FALSE,Female,,Some Secondary,
34,43,,FALSE,Female,,Some Secondary,
35,73,,FALSE,Female,,Some Secondary,
35,22,,FALSE,Male,,Some Secondary,
35,21,,FALSE,Male,,Some Secondary,
38,88,,FALSE,Female,,Some Secondary,
38,80,,FALSE,Female,,Some Secondary,
35,37,,FALSE,Male,,Some Secondary,
35,42,,FALSE,Female,,Some Secondary,
36,60,,FALSE,Female,,Some Secondary,
36,55,,FALSE,Female,,Some Secondary,
35,52,,FALSE,Female,,Some Secondary,
35,53,,FALSE,Female,,Some Secondary,
35,64,,FALSE,Female,,Some Secondary,
35,64,,FALSE,Female,,Some Secondary,
34,70,,FALSE,Male,,Some Secondary,
34,72,,FALSE,Male,,Some Secondary,
40,34,,FALSE,Male,,Some Secondary,
40,38,,FALSE,Male,,Some Secondary,
36,2,,FALSE,Male,,Some Secondary,
36,70,,FALSE,Female,,Some Secondary,
34,45,,FALSE,Male,,Some Secondary,
34,49,,FALSE,Female,,Some Secondary,
35,74,,FALSE,Male,,Some Secondary,
35,67,,FALSE,Male,,Some Secondary,
35,74,,FALSE,Male,,Some Secondary,
35,74,,FALSE,Male,,Some Secondary,
35,34,,FALSE,Female,,Some Secondary,
35,30,,FALSE,Male,,Some Secondary,
36,40,,FALSE,Male,,Some Secondary,
36,41,,FALSE,Male,,Some Secondary,
36,45,,FALSE,Female,,Some Secondary,
36,49,,FALSE,Female,,Some Secondary,
36,5,,FALSE,Male,,Some Secondary,
36,9,,FALSE,Male,,Some Secondary,
34,88,,FALSE,Male,,Some Secondary,
34,93,,FALSE,Male,,Some Secondary,
36,46,,FALSE,Female,,Some Secondary,
36,41,,FALSE,Male,,Some Secondary,
36,100,,FALSE,Female,,Some Secondary,
36,96,,FALSE,Female,,Some Secondary,
35,76,,FALSE,Male,,Some Secondary,
35,57,,FALSE,Male,,Some Secondary,
35,36,,FALSE,Male,,Some Secondary,
35,54,,FALSE,Female,,Some Secondary,
36,31,,FALSE,Male,,Some Secondary,
36,59,,FALSE,Male,,Some Secondary,
35,0,,FALSE,Male,,Some Secondary,
35,2,,FALSE,Male,,Some Secondary,
36,61,,FALSE,Female,,Some Secondary,
36,81,,FALSE,Female,,Some Secondary,
37,54,,FALSE,Female,,Some Secondary,
37,50,,FALSE,Female,,Some Secondary,
36,68,,FALSE,Female,,Some Secondary,
36,69,,FALSE,Female,,Some Secondary,
37,0,,FALSE,Male,,Some Secondary,
37,82,,FALSE,Male,,Some Secondary,
36,26,,FALSE,Male,,Some Secondary,
38,48,,FALSE,Male,,Some Secondary,
35,81,,FALSE,Female,,Some Secondary,
35,62,,FALSE,Female,,Some Secondary,
35,47,,FALSE,Female,,Some Secondary,
35,42,,FALSE,Female,,Some Secondary,
35,100,,FALSE,Male,,Some Secondary,
35,99,,FALSE,Female,,Some Secondary,
35,12,,FALSE,Male,,Some Secondary,
35,33,,FALSE,Male,,Some Secondary,
36,44,,FALSE,Female,,Some Secondary,
36,53,,FALSE,Female,,Some Secondary,
37,23,,FALSE,Female,,Some Secondary,
37,15,,FALSE,Female,,Some Secondary,
36,7,,FALSE,Male,,Some Secondary,
36,4,,FALSE,Male,,Some Secondary,
35,68,,FALSE,Female,,Some Secondary,
35,67,,FALSE,Male,,Some Secondary,
36,8,,FALSE,Male,,Some Secondary,
36,9,,FALSE,Male,,Some Secondary,
38,69,,FALSE,Male,,Some Secondary,
38,62,,FALSE,Male,,Some Secondary,
35,42,,FALSE,Female,,Some Secondary,
35,42,,FALSE,Female,,Some Secondary,
35,0,,FALSE,Female,,Some Secondary,
35,65,,FALSE,Female,,Some Secondary,
36,81,,FALSE,Male,,Some Secondary,
35,74,,FALSE,Female,,Some Secondary,
36,94,,FALSE,Male,,Some Secondary,
36,0,,FALSE,Male,,Some Secondary,
35,90,,FALSE,Male,,Some Secondary,
35,98,,FALSE,Female,,Some Secondary,
36,85,,FALSE,Female,,Some Secondary,
36,74,,FALSE,Male,,Some Secondary,
36,72,,FALSE,Female,,Some Secondary,
36,66,,FALSE,Female,,Some Secondary,
40,0,,FALSE,Female,,Some Secondary,
36,0,,FALSE,Male,,Some Secondary,
37,87,,FALSE,Male,,Some Secondary,
37,89,,FALSE,Female,,Some Secondary,
35,37,,FALSE,Male,,Some Secondary,
35,36,,FALSE,Male,,Some Secondary,
36,74,,FALSE,Female,,Some Secondary,
36,71,,FALSE,Male,,Some Secondary,
37,100,,FALSE,Female,,Some Secondary,
35,100,,FALSE,Female,,Some Secondary,
38,68,,FALSE,Male,,Some Secondary,
38,70,,FALSE,Female,,Some Secondary,
36,73,,FALSE,Female,,Some Secondary,
36,0,,FALSE,Female,,Some Secondary,
35,55,,FALSE,Male,,Some Secondary,
35,47,,FALSE,Female,,Some Secondary,
36,0,,FALSE,Male,,Some Secondary,
36,0,,FALSE,Male,,Some Secondary,
36,66,,FALSE,Female,,Some Secondary,
35,70,,FALSE,Male,,Some Secondary,
36,100,,FALSE,Male,,Some Secondary,
36,100,,FALSE,Male,,Some Secondary,
36,83,,FALSE,Male,,Some Secondary,
36,80,,FALSE,Female,,Some Secondary,
35,43,,FALSE,Female,,Some Secondary,
35,27,,FALSE,Male,,Some Secondary,
36,69,,FALSE,Female,,Some Secondary,
36,73,,FALSE,Female,,Some Secondary,
37,64,,FALSE,Male,,Some Secondary,
37,0,,FALSE,Male,,Some Secondary,
35,100,,FALSE,Male,,Some Secondary,
35,100,,FALSE,Male,,Some Secondary,
36,73,,FALSE,Male,,Some Secondary,
36,71,,FALSE,Male,,Some Secondary,
34,88,,FALSE,Male,,Some Secondary,
34,38,,FALSE,Male,,Some Secondary,
36,0,,FALSE,Male,,Some Secondary,
35,96,,FALSE,Male,,Some Secondary,
35,58,,FALSE,Female,,Some Secondary,
35,54,,FALSE,Male,,Some Secondary,
36,62,,FALSE,Female,,Some Secondary,
36,66,,FALSE,Female,,Some Secondary,
35,24,,FALSE,Male,,Some Secondary,
35,23,,FALSE,Female,,Some Secondary,
36,84,,FALSE,Male,,Some Secondary,
37,90,,FALSE,Male,,Some Secondary,
36,26,,FALSE,Male,,Some Secondary,
36,36,,FALSE,Male,,Some Secondary,
36,21,,FALSE,Female,,Some Secondary,
36,14,,FALSE,Female,,Some Secondary,
35,48,,FALSE,Male,,Some Secondary,
35,30,,FALSE,Male,,Some Secondary,
36,100,,FALSE,Male,,Some Secondary,
36,100,,FALSE,Male,,Some Secondary,
35,66,,FALSE,Male,,Some Secondary,
35,66,,FALSE,Male,,Some Secondary,
36,65,,FALSE,Female,,Some Secondary,
36,62,,FALSE,Female,,Some Secondary,
37,0,,FALSE,Female,,Some Secondary,
35,100,,FALSE,Female,,Some Secondary,
36,36,,FALSE,Female,,Some Secondary,
37,20,,FALSE,Female,,Some Secondary,
35,37,,FALSE,Male,,Some Secondary,
35,22,,FALSE,Male,,Some Secondary,
35,82,,FALSE,Female,,Some Secondary,
35,82,,FALSE,Female,,Some Secondary,
38,94,,FALSE,Female,,Some Secondary,
39,98,,FALSE,Female,,Some Secondary,
35,0,,FALSE,Female,,Some Secondary,
36,0,,FALSE,Male,,Some Secondary,
35,60,,FALSE,Male,,Some Secondary,
35,0,,FALSE,Male,,Some Secondary,
36,5,,FALSE,Male,,Some Secondary,
36,5,,FALSE,Male,,Some Secondary,
36,100,,FALSE,Female,,Some Secondary,
36,99,,FALSE,Female,,Some Secondary,
36,97,,FALSE,Female,,Some Secondary,
36,100,,FALSE,Male,,Some Secondary,
36,72,,FALSE,Male,,Some Secondary,
35,85,,FALSE,Female,,Some Secondary,
35,73,,FALSE,Female,,Some Secondary,
35,45,,FALSE,Male,,Some Secondary,
35,51,,FALSE,Male,,Some Secondary,
36,59,,FALSE,Female,,Some Secondary,
36,63,,FALSE,Male,,Some Secondary,
35,2,,FALSE,Female,,Some Secondary,
34,1,,FALSE,Female,,Some Secondary,
35,30,,FALSE,Male,,Some Secondary,
35,33,,FALSE,Female,,Some Secondary,
36,70,,FALSE,Female,,Some Secondary,
36,73,,FALSE,Male,,Some Secondary,
35,47,,FALSE,Female,,Some Secondary,
35,0,,FALSE,Female,,Some Secondary,
35,88,,FALSE,Female,,Some Secondary,
35,88,,FALSE,Female,,Some Secondary,
35,98,,FALSE,Male,,Some Secondary,
35,97,,FALSE,Male,,Some Secondary,
36,90,,FALSE,Female,,Some Secondary,
36,94,,FALSE,Female,,Some Secondary,
37,63,,FALSE,Female,,Some Secondary,
37,66,,FALSE,Male,,Some Secondary,
36,64,,FALSE,Female,,Some Secondary,
36,98,,FALSE,Female,,Some Secondary,
36,39,,FALSE,Male,,Some Secondary,
37,61,,FALSE,Male,,Some Secondary,
36,8,,FALSE,Female,,Some Secondary,
36,0,,FALSE,Female,,Some Secondary,
35,79,,FALSE,Male,,Some Secondary,
35,78,,FALSE,Male,,Some Secondary,
35,0,,FALSE,Male,,Some Secondary,
35,47,,FALSE,Female,,Some Secondary,
35,87,,FALSE,Male,,Some Secondary,
36,95,,FALSE,Male,,Some Secondary,
35,58,,FALSE,Male,,Some Secondary,
35,55,,FALSE,Male,,Some Secondary,
36,90,,FALSE,Female,,Some Secondary,
36,80,,FALSE,Female,,Some Secondary,
36,71,,FALSE,Male,,Some Secondary,
36,100,,FALSE,Female,,Some Secondary,
35,40,,FALSE,Male,,Some Secondary,
35,49,,FALSE,Male,,Some Secondary,
35,94,,FALSE,Male,,Some Secondary,
35,95,,FALSE,Female,,Some Secondary,
36,97,,FALSE,Male,,Some Secondary,
36,99,,FALSE,Male,,Some Secondary,
35,83,,FALSE,Male,,Some Secondary,
35,84,,FALSE,Female,,Some Secondary,
36,78,,FALSE,Male,,Some Secondary,
36,79,,FALSE,Male,,Some Secondary,
35,58,,FALSE,Female,,Some Secondary,
35,46,,FALSE,Male,,Some Secondary,
35,76,,FALSE,Female,,Some Secondary,
35,75,,FALSE,Female,,Some Secondary,
36,61,,FALSE,Male,,Some Secondary,
35,68,,FALSE,Female,,Some Secondary,
35,62,,FALSE,Female,,Some Secondary,
35,72,,FALSE,Female,,Some Secondary,
35,85,,FALSE,Male,,Some Secondary,
35,82,,FALSE,Female,,Some Secondary,
37,74,,FALSE,Male,,Some Secondary,
36,80,,FALSE,Female,,Some Secondary,
36,0,,FALSE,Male,,Some Secondary,
35,0,,FALSE,Male,,Some Secondary,
36,85,,FALSE,Male,,Some Secondary,
37,74,,FALSE,Male,,Some Secondary,
36,87,,FALSE,Male,,Some Secondary,
36,81,,FALSE,Female,,Some Secondary,
35,33,,FALSE,Male,,Some Secondary,
35,51,,FALSE,Male,,Some Secondary,
36,85,,FALSE,Female,,Some Secondary,
36,76,,FALSE,Female,,Some Secondary,
36,32,,FALSE,Male,,Some Secondary,
36,32,,FALSE,Female,,Some Secondary,
36,52,,FALSE,Female,,Some Secondary,
36,52,,FALSE,Female,,Some Secondary,
36,0,,FALSE,Male,,Some Secondary,
36,80,,FALSE,Male,,Some Secondary,
36,20,,FALSE,Male,,Some Secondary,
36,5,,FALSE,Male,,Some Secondary,
34,93,,FALSE,Female,,Some Secondary,
34,90,,FALSE,Female,,Some Secondary,
35,0,,FALSE,Male,,Some Secondary,
37,66,,FALSE,Female,,Some Secondary,
35,32,,FALSE,Female,,Some Secondary,
35,33,,FALSE,Female,,Some Secondary,
35,55,,FALSE,Female,,Some Secondary,
35,19,,FALSE,Male,,Some Secondary,
37,81,,FALSE,Female,,Some Secondary,
37,76,,FALSE,Female,,Some Secondary,
35,59,,FALSE,Female,,Some Secondary,
35,25,,FALSE,Male,,Some Secondary,
35,0,,FALSE,Male,,Some Secondary,
35,0,,FALSE,Male,,Some Secondary,
35,38,,FALSE,Male,,Some Secondary,
35,37,,FALSE,Male,,Some Secondary,
36,74,,FALSE,Male,,Some Secondary,
36,76,,FALSE,Female,,Some Secondary,
35,78,,FALSE,Female,,Some Secondary,
35,77,,FALSE,Female,,Some Secondary,
36,56,,FALSE,Male,,Some Secondary,
36,74,,FALSE,Male,,Some Secondary,
35,59,,FALSE,Male,,Some Secondary,
35,66,,FALSE,Female,,Some Secondary,
35,43,,FALSE,Male,,Some Secondary,
35,31,,FALSE,Female,,Some Secondary,
36,93,,FALSE,Male,,Some Secondary,
36,89,,FALSE,Female,,Some Secondary,
35,37,,FALSE,Female,,Some Secondary,
35,38,,FALSE,Female,,Some Secondary,
36,57,,FALSE,Male,,Some Secondary,
35,0,,FALSE,Male,,Some Secondary,
35,0,,FALSE,Male,,Some Secondary,
36,50,,FALSE,Male,,Some Secondary,
36,50,,FALSE,Male,,Some Secondary,
36,90,,FALSE,Female,,Some Secondary,
36,88,,FALSE,Female,,Some Secondary,
35,54,,FALSE,Male,,Some Secondary,
35,50,,FALSE,Female,,Some Secondary,
36,25,,FALSE,Female,,Some Secondary,
36,19,,FALSE,Male,,Some Secondary,
36,66,,FALSE,Male,,Some Secondary,
36,46,,FALSE,Male,,Some Secondary,
35,69,,FALSE,Female,,Some Secondary,
35,64,,FALSE,Female,,Some Secondary,
36,58,,FALSE,Male,,Some Secondary,
36,90,,FALSE,Male,,Some Secondary,
36,56,,FALSE,Male,,Some Secondary,
36,56,,FALSE,Male,,Some Secondary,
36,66,,FALSE,Male,,Some Secondary,
42,59,,FALSE,Female,,Some Secondary,
36,80,,FALSE,Female,,Some Secondary,
36,79,,FALSE,Female,,Some Secondary,
38,32,,FALSE,Male,,Some Secondary,
38,15,,FALSE,Female,,Some Secondary,
35,17,,FALSE,Female,,Some Secondary,
35,0,,FALSE,Female,,Some Secondary,
38,59,,FALSE,Female,,Some Secondary,
38,64,,FALSE,Female,,Some Secondary,
36,77,,FALSE,Female,,Some Secondary,
36,67,,FALSE,Female,,Some Secondary,
36,70,,FALSE,Female,,Some Secondary,
36,71,,FALSE,Male,,Some Secondary,
35,62,,FALSE,Male,,Some Secondary,
35,67,,FALSE,Male,,Some Secondary,
35,62,,FALSE,Female,,Some Secondary,
35,65,,FALSE,Female,,Some Secondary,
36,100,,FALSE,Female,,Some Secondary,
36,100,,FALSE,Female,,Some Secondary,
36,67,,FALSE,Male,,Some Secondary,
36,60,,FALSE,Female,,Some Secondary,
35,38,,FALSE,Male,,Some Secondary,
35,37,,FALSE,Male,,Some Secondary,
35,100,,FALSE,Male,,Some Secondary,
36,100,,FALSE,Male,,Some Secondary,
35,98,,FALSE,Female,,Some Secondary,
36,94,,FALSE,Male,,Some Secondary,
34,89,,FALSE,Male,,Some Secondary,
34,71,,FALSE,Male,,Some Secondary,
36,0,,FALSE,Female,,Some Secondary,
36,0,,FALSE,Female,,Some Secondary,
36,80,,FALSE,Male,,Some Secondary,
36,79,,FALSE,Male,,Some Secondary,
36,85,,FALSE,Male,,Some Secondary,
36,90,,FALSE,Female,,Some Secondary,
35,87,,FALSE,Female,,Some Secondary,
35,87,,FALSE,Male,,Some Secondary,
36,14,,FALSE,Male,,Some Secondary,
36,14,,FALSE,Male,,Some Secondary,
37,45,,FALSE,Female,,Some Secondary,
37,42,,FALSE,Male,,Some Secondary,
36,94,,FALSE,Male,,Some Secondary,
36,95,,FALSE,Male,,Some Secondary,
35,61,,FALSE,Male,,Some Secondary,
35,60,,FALSE,Male,,Some Secondary,
36,64,,FALSE,Male,,Some Secondary,
36,63,,FALSE,Male,,Some Secondary,
36,79,,FALSE,Female,,Some Secondary,
36,76,,FALSE,Female,,Some Secondary,
36,87,,FALSE,Female,,Some Secondary,
36,91,,FALSE,Male,,Some Secondary,
35,61,,FALSE,Female,,Some Secondary,
35,62,,FALSE,Female,,Some Secondary,
36,84,,FALSE,Male,,Some Secondary,
36,85,,FALSE,Male,,Some Secondary,
36,76,,FALSE,Female,,Some Secondary,
36,73,,FALSE,Female,,Some Secondary,
36,21,,FALSE,Female,,Some Secondary,
36,20,,FALSE,Female,,Some Secondary,
35,50,,FALSE,Male,,Some Secondary,
35,50,,FALSE,Male,,Some Secondary,
37,38,,FALSE,Female,,Some Secondary,
38,28,,FALSE,Male,,Some Secondary,
35,77,,FALSE,Female,,Some Secondary,
35,10,,FALSE,Male,,Some Secondary,
36,67,,FALSE,Female,,Some Secondary,
36,61,,FALSE,Female,,Some Secondary,
35,0,,FALSE,Male,,Some Secondary,
35,2,,FALSE,Male,,Some Secondary,
35,59,,FALSE,Female,,Some Secondary,
37,40,,FALSE,Male,,Some Secondary,
35,66,,FALSE,Male,,Some Secondary,
35,54,,FALSE,Male,,Some Secondary,
36,51,,FALSE,Female,,Some Secondary,
36,44,,FALSE,Female,,Some Secondary,
36,53,,FALSE,Female,,Some Secondary,
36,53,,FALSE,Female,,Some Secondary,
36,23,,FALSE,Female,,Some Secondary,
36,23,,FALSE,Female,,Some Secondary,
36,99,,FALSE,Female,,Some Secondary,
36,98,,FALSE,Female,,Some Secondary,
35,78,,FALSE,Male,,Some Secondary,
35,78,,FALSE,Male,,Some Secondary,
36,88,,FALSE,Female,,Some Secondary,
36,89,,FALSE,Female,,Some Secondary,
35,89,,FALSE,Female,,Some Secondary,
35,93,,FALSE,Male,,Some Secondary,
36,96,,FALSE,Male,,Some Secondary,
36,96,,FALSE,Male,,Some Secondary,
35,60,,FALSE,Male,,Some Secondary,
35,33,,FALSE,Male,,Some Secondary,
35,72,,FALSE,Male,,Some Secondary,
35,81,,FALSE,Female,,Some Secondary,
37,74,,FALSE,Male,,Some Secondary,
37,74,,FALSE,Male,,Some Secondary,
35,62,,FALSE,Female,,Some Secondary,
35,62,,FALSE,Female,,Some Secondary,
35,84,,FALSE,Female,,Some Secondary,
35,84,,FALSE,Female,,Some Secondary,
36,81,,FALSE,Female,,Some Secondary,
36,85,,FALSE,Female,,Some Secondary,
36,34,,FALSE,Male,,Some Secondary,
36,32,,FALSE,Male,,Some Secondary,
35,11,,FALSE,Female,,Some Secondary,
35,12,,FALSE,Male,,Some Secondary,
36,85,,FALSE,Female,,Some Secondary,
36,71,,FALSE,Male,,Some Secondary,
35,42,,FALSE,Female,,Some Secondary,
35,39,,FALSE,Male,,Some Secondary,
36,61,,FALSE,Female,,Some Secondary,
36,61,,FALSE,Female,,Some Secondary,
36,43,,FALSE,Female,,Some Secondary,
36,44,,FALSE,Female,,Some Secondary,
37,44,,FALSE,Male,,Some Secondary,
37,44,,FALSE,Male,,Some Secondary,
36,44,,FALSE,Female,,Some Secondary,
36,53,,FALSE,Male,,Some Secondary,
36,44,,FALSE,Male,,Some Secondary,
36,0,,FALSE,Male,,Some Secondary,
36,68,,FALSE,Male,,Some Secondary,
36,75,,FALSE,Female,,Some Secondary,
35,57,,FALSE,Female,,Some Secondary,
35,55,,FALSE,Female,,Some Secondary,
35,8,,FALSE,Female,,Some Secondary,
35,8,,FALSE,Male,,Some Secondary,
35,79,,FALSE,Male,,Some Secondary,
35,65,,FALSE,Male,,Some Secondary,
35,74,,FALSE,Female,,Some Secondary,
35,25,,FALSE,Male,,Some Secondary,
36,93,,FALSE,Male,,Some Secondary,
35,90,,FALSE,Male,,Some Secondary,
35,72,,FALSE,Female,,Some Secondary,
35,70,,FALSE,Male,,Some Secondary,
35,23,,FALSE,Male,,Some Secondary,
35,46,,FALSE,Male,,Some Secondary,
35,85,,FALSE,Male,,Some Secondary,
35,89,,FALSE,Female,,Some Secondary,
36,95,,FALSE,Male,,Some Secondary,
36,100,,FALSE,Male,,Some Secondary,
35,91,,FALSE,Female,,Some Secondary,
35,89,,FALSE,Female,,Some Secondary,
36,82,,FALSE,Female,,Some Secondary,
36,86,,FALSE,Female,,Some Secondary,
38,37,,FALSE,Male,,Some Secondary,
38,42,,FALSE,Male,,Some Secondary,
36,92,,FALSE,Male,,Some Secondary,
36,92,,FALSE,Female,,Some Secondary,
36,67,,FALSE,Female,,Some Secondary,
35,59,,FALSE,Male,,Some Secondary,
35,58,,FALSE,Female,,Some Secondary,
35,58,,FALSE,Female,,Some Secondary,
36,100,,FALSE,Female,,Some Secondary,
36,100,,FALSE,Male,,Some Secondary,
38,100,,FALSE,Female,,Some Secondary,
38,93,,FALSE,Female,,Some Secondary,
37,97,,FALSE,Female,,Some Secondary,
37,97,,FALSE,Female,,Some Secondary,
37,59,,FALSE,Female,,Some Secondary,
37,70,,FALSE,Female,,Some Secondary,
36,0,,FALSE,Male,,Some Secondary,
36,61,,FALSE,Male,,Some Secondary,
36,95,,FALSE,Male,,Some Secondary,
36,95,,FALSE,Male,,Some Secondary,
36,37,,FALSE,Female,,Some Secondary,
36,30,,FALSE,Female,,Some Secondary,
36,0,,FALSE,Female,,Some Secondary,
36,0,,FALSE,Female,,Some Secondary,
35,35,,FALSE,Female,,Some Secondary,
35,32,,FALSE,Male,,Some Secondary,
36,23,,FALSE,Male,,Some Secondary,
36,20,,FALSE,Male,,Some Secondary,
38,52,,FALSE,Male,,Some Secondary,
36,52,,FALSE,Male,,Some Secondary,
36,21,,FALSE,Female,,Some Secondary,
36,15,,FALSE,Female,,Some Secondary,
36,77,,FALSE,Female,,Some Secondary,
36,77,,FALSE,Male,,Some Secondary,
35,39,,FALSE,Female,,Some Secondary,
35,0,,FALSE,Female,,Some Secondary,
35,68,,FALSE,Male,,Some Secondary,
35,65,,FALSE,Female,,Some Secondary,
34,45,,FALSE,Female,,Some Secondary,
35,42,,FALSE,Female,,Some Secondary,
36,67,,FALSE,Female,,Some Secondary,
35,68,,FALSE,Male,,Some Secondary,
36,47,,FALSE,Male,,Some Secondary,
36,46,,FALSE,Male,,Some Secondary,
36,88,,FALSE,Female,,Some Secondary,
36,0,,FALSE,Female,,Some Secondary,
35,84,,FALSE,Female,,Some Secondary,
35,83,,FALSE,Female,,Some Secondary,
36,78,,FALSE,Male,,Some Secondary,
36,70,,FALSE,Female,,Some Secondary,
37,30,,FALSE,Female,,Some Secondary,
37,4,,FALSE,Male,,Some Secondary,
36,73,,FALSE,Female,,Some Secondary,
36,43,,FALSE,Male,,Some Secondary,
35,49,,FALSE,Male,,Some Secondary,
35,53,,FALSE,Female,,Some Secondary,
37,99,,FALSE,Female,,Some Secondary,
37,99,,FALSE,Male,,Some Secondary,
36,89,,FALSE,Female,,Some Secondary,
36,89,,FALSE,Female,,Some Secondary,
36,68,,FALSE,Female,,Some Secondary,
36,75,,FALSE,Female,,Some Secondary,
35,75,,FALSE,Female,,Some Secondary,
36,78,,FALSE,Male,,Some Secondary,
37,90,,FALSE,Male,,Some Secondary,
37,90,,FALSE,Female,,Some Secondary,
35,0,,FALSE,Female,,Some Secondary,
35,0,,FALSE,Female,,Some Secondary,
35,73,,FALSE,Female,,Some Secondary,
35,70,,FALSE,Male,,Some Secondary,
36,56,,FALSE,Male,,Some Secondary,
36,55,,FALSE,Male,,Some Secondary,
34,75,,FALSE,Female,,Some Secondary,
34,74,,FALSE,Male,,Some Secondary,
36,75,,FALSE,Male,,Some Secondary,
36,69,,FALSE,Male,,Some Secondary,
36,81,,FALSE,Male,,Some Secondary,
36,69,,FALSE,Female,,Some Secondary,
36,84,,FALSE,Female,,Some Secondary,
36,87,,FALSE,Male,,Some Secondary,
38,84,,FALSE,Female,,Some Secondary,
38,84,,FALSE,Female,,Some Secondary,
35,73,,FALSE,Female,,Some Secondary,
35,80,,FALSE,Female,,Some Secondary,
36,43,,FALSE,Male,,Some Secondary,
36,16,,FALSE,Male,,Some Secondary,
36,96,,FALSE,Female,,Some Secondary,
36,100,,FALSE,Male,,Some Secondary,
36,51,,FALSE,Male,,Some Secondary,
36,52,,FALSE,Male,,Some Secondary,
35,90,,FALSE,Female,,Some Secondary,
35,92,,FALSE,Female,,Some Secondary,
36,63,,FALSE,Male,,Some Secondary,
36,65,,FALSE,Female,,Some Secondary,
36,64,,FALSE,Female,,Some Secondary,
36,61,,FALSE,Female,,Some Secondary,
36,71,,FALSE,Male,,Some Secondary,
36,59,,FALSE,Male,,Some Secondary,
35,51,,FALSE,Male,,Some Secondary,
35,77,,FALSE,Female,,Some Secondary,
36,67,,FALSE,Male,,Some Secondary,
36,69,,FALSE,Female,,Some Secondary,
36,54,,FALSE,Male,,Some Secondary,
36,55,,FALSE,Male,,Some Secondary,
36,84,,FALSE,Female,,Some Secondary,
36,100,,FALSE,Male,,Some Secondary,
36,27,,FALSE,Male,,Some Secondary,
36,33,,FALSE,Male,,Some Secondary,
36,61,,FALSE,Female,,Some Secondary,
36,69,,FALSE,Female,,Some Secondary,
37,0,,FALSE,Female,,Some Secondary,
37,0,,FALSE,Female,,Some Secondary,
35,70,,FALSE,Male,,Some Secondary,
35,66,,FALSE,Female,,Some Secondary,
36,77,,FALSE,Male,,Some Secondary,
36,71,,FALSE,Female,,Some Secondary,
35,77,,FALSE,Female,,Some Secondary,
35,82,,FALSE,Female,,Some Secondary,
36,67,,FALSE,Female,,Some Secondary,
36,50,,FALSE,Female,,Some Secondary,
35,87,,FALSE,Male,,Some Secondary,
35,54,,FALSE,Male,,Some Secondary,
35,81,,FALSE,Female,,Some Secondary,
35,80,,FALSE,Female,,Some Secondary,
36,37,,FALSE,Female,,Some Secondary,
36,33,,FALSE,Female,,Some Secondary,
36,67,,FALSE,Male,,Some Secondary,
36,61,,FALSE,Male,,Some Secondary,
34,85,,FALSE,Male,,Some Secondary,
34,0,,FALSE,Female,,Some Secondary,
35,30,,FALSE,Female,,Some Secondary,
35,35,,FALSE,Female,,Some Secondary,
36,0,,FALSE,Male,,Some Secondary,
36,0,,FALSE,Male,,Some Secondary,
36,32,,FALSE,Male,,Some Secondary,
36,33,,FALSE,Male,,Some Secondary,
36,24,,FALSE,Male,,Some Secondary,
36,24,,FALSE,Male,,Some Secondary,
36,71,,FALSE,Male,,Some Secondary,
36,68,,FALSE,Male,,Some Secondary,
36,68,,FALSE,Female,,Some Secondary,
36,81,,FALSE,Female,,Some Secondary,
36,15,,FALSE,Female,,Some Secondary,
36,15,,FALSE,Male,,Some Secondary,
34,98,,FALSE,Male,,Some Secondary,
34,82,,FALSE,Female,,Some Secondary,
36,0,,FALSE,Male,,Some Secondary,
36,0,,FALSE,Male,,Some Secondary,
36,54,,FALSE,Female,,Some Secondary,
36,61,,FALSE,Female,,Some Secondary,
36,35,,FALSE,Male,,Some Secondary,
36,36,,FALSE,Male,,Some Secondary,
34,47,,FALSE,Female,,Some Secondary,
34,49,,FALSE,Male,,Some Secondary,
38,88,,FALSE,Male,,Some Secondary,
38,72,,FALSE,Female,,Some Secondary,
35,81,,FALSE,Female,,Some Secondary,
35,69,,FALSE,Female,,Some Secondary,
36,88,,FALSE,Male,,Some Secondary,
36,84,,FALSE,Male,,Some Secondary,
36,59,,FALSE,Male,,Some Secondary,
36,56,,FALSE,Male,,Some Secondary,
35,77,,FALSE,Male,,Some Secondary,
35,78,,FALSE,Female,,Some Secondary,
37,0,,FALSE,Male,,Some Secondary,
38,0,,FALSE,Female,,Some Secondary,
38,63,,FALSE,Female,,Some Secondary,
37,64,,FALSE,Female,,Some Secondary,
36,3,,FALSE,Female,,Some Secondary,
36,8,,FALSE,Female,,Some Secondary,
36,66,,FALSE,Female,,Some Secondary,
36,78,,FALSE,Male,,Some Secondary,
36,33,,FALSE,Male,,Some Secondary,
36,37,,FALSE,Male,,Some Secondary,
36,85,,FALSE,Female,,Some Secondary,
37,65,,FALSE,Female,,Some Secondary,
35,87,,FALSE,Male,,Some Secondary,
35,87,,FALSE,Male,,Some Secondary,
36,89,,FALSE,Male,,Some Secondary,
35,84,,FALSE,Male,,Some Secondary,
35,94,,FALSE,Male,,Some Secondary,
36,92,,FALSE,Male,,Some Secondary,
38,12,,FALSE,Male,,Some Secondary,
36,15,,FALSE,Male,,Some Secondary,
35,42,,FALSE,Female,,Some Secondary,
35,34,,FALSE,Male,,Some Secondary,
38,93,,FALSE,Female,,Some Secondary,
38,92,,FALSE,Female,,Some Secondary,
35,44,,FALSE,Female,,Some Secondary,
35,41,,FALSE,Female,,Some Secondary,
35,66,,FALSE,Female,,Some Secondary,
35,65,,FALSE,Female,,Some Secondary,
36,0,,FALSE,Female,,Some Secondary,
36,17,,FALSE,Male,,Some Secondary,
35,63,,FALSE,Female,,Some Secondary,
35,71,,FALSE,Female,,Some Secondary,
35,56,,FALSE,Female,,Some Secondary,
35,0,,FALSE,Female,,Some Secondary,
35,93,,FALSE,Male,,Some Secondary,
35,95,,FALSE,Female,,Some Secondary,
35,76,,FALSE,Male,,Some Secondary,
35,75,,FALSE,Male,,Some Secondary,
35,51,,FALSE,Female,,Some Secondary,
35,51,,FALSE,Male,,Some Secondary,
35,44,,FALSE,Male,,Some Secondary,
35,43,,FALSE,Female,,Some Secondary,
35,65,,FALSE,Male,,Some Secondary,
35,0,,FALSE,Male,,Some Secondary,
35,71,,FALSE,Male,,Some Secondary,
35,72,,FALSE,Male,,Some Secondary,
36,74,,FALSE,Female,,Some Secondary,
36,0,,FALSE,Male,,Some Secondary,
35,0,,FALSE,Female,,Some Secondary,
41,0,,FALSE,Female,,Some Secondary,
36,54,,FALSE,Female,,Some Secondary,
36,43,,FALSE,Female,,Some Secondary,
36,69,,FALSE,Female,,Some Secondary,
35,69,,FALSE,Female,,Some Secondary,
36,19,,FALSE,Male,,Some Secondary,
35,12,,FALSE,Male,,Some Secondary,
36,73,,FALSE,Female,,Some Secondary,
36,73,,FALSE,Female,,Some Secondary,
36,35,,FALSE,Female,,Some Secondary,
36,35,,FALSE,Female,,Some Secondary,
36,55,,FALSE,Male,,Some Secondary,
36,34,,FALSE,Male,,Some Secondary,
36,52,,FALSE,Female,,Some Secondary,
36,49,,FALSE,Male,,Some Secondary,
35,100,,FALSE,Male,,Some Secondary,
35,100,,FALSE,Female,,Some Secondary,
36,0,,FALSE,Female,,Some Secondary,
36,39,,FALSE,Female,,Some Secondary,
39,77,,FALSE,Female,,Some Secondary,
39,73,,FALSE,Female,,Some Secondary,
36,39,,FALSE,Male,,Some Secondary,
36,31,,FALSE,Male,,Some Secondary,
36,63,,FALSE,Male,,Some Secondary,
36,68,,FALSE,Male,,Some Secondary,
36,61,,FALSE,Female,,Some Secondary,
36,0,,FALSE,Female,,Some Secondary,
36,94,,FALSE,Female,,Some Secondary,
36,100,,FALSE,Female,,Some Secondary,
36,86,,FALSE,Female,,Some Secondary,
36,83,,FALSE,Female,,Some Secondary,
36,47,,FALSE,Female,,Some Secondary,
36,26,,FALSE,Male,,Some Secondary,
35,66,,FALSE,Female,,Some Secondary,
35,68,,FALSE,Female,,Some Secondary,
36,48,,FALSE,Female,,Some Secondary,
36,49,,FALSE,Female,,Some Secondary,
36,100,,FALSE,Female,,Some Secondary,
36,100,,FALSE,Male,,Some Secondary,
36,69,,FALSE,Male,,Some Secondary,
36,70,,FALSE,Male,,Some Secondary,
35,55,,FALSE,Female,,Some Secondary,
35,46,,FALSE,Male,,Some Secondary,
35,23,,FALSE,Male,,Some Secondary,
35,13,,FALSE,Male,,Some Secondary,
36,82,,FALSE,Female,,Some Secondary,
36,73,,FALSE,Female,,Some Secondary,
37,86,,FALSE,Female,,Some Secondary,
37,80,,FALSE,Male,,Some Secondary,
36,0,,FALSE,Female,,Some Secondary,
36,0,,FALSE,Female,,Some Secondary,
37,52,,FALSE,Female,,Some Secondary,
37,29,,FALSE,Female,,Some Secondary,
35,83,,FALSE,Female,,Some Secondary,
35,90,,FALSE,Female,,Some Secondary,
35,42,,FALSE,Female,,Some Secondary,
35,48,,FALSE,Female,,Some Secondary,
36,59,,FALSE,Male,,Some Secondary,
36,58,,FALSE,Male,,Some Secondary,
36,0,,FALSE,Male,,Some Secondary,
36,0,,FALSE,Male,,Some Secondary,
35,31,,FALSE,Male,,Some Secondary,
35,38,,FALSE,Female,,Some Secondary,
36,45,,FALSE,Male,,Some Secondary,
36,49,,FALSE,Female,,Some Secondary,
36,95,,FALSE,Female,,Some Secondary,
36,90,,FALSE,Male,,Some Secondary,
36,58,,FALSE,Male,,Some Secondary,
36,57,,FALSE,Male,,Some Secondary,
36,87,,FALSE,Male,,Some Secondary,
36,89,,FALSE,Female,,Some Secondary,
36,87,,FALSE,Female,,Some Secondary,
36,87,,FALSE,Female,,Some Secondary,
38,81,,FALSE,Female,,Some Secondary,
38,83,,FALSE,Female,,Some Secondary,
36,58,,FALSE,Female,,Some Secondary,
36,56,,FALSE,Female,,Some Secondary,
36,53,,FALSE,Female,,Some Secondary,
36,51,,FALSE,Female,,Some Secondary,
36,0,,FALSE,Male,,Some Secondary,
36,0,,FALSE,Male,,Some Secondary,
36,38,,FALSE,Male,,Some Secondary,
36,39,,FALSE,Male,,Some Secondary,
35,47,,FALSE,Male,,Some Secondary,
36,50,,FALSE,Male,,Some Secondary,
36,61,,FALSE,Male,,Some Secondary,
36,57,,FALSE,Male,,Some Secondary,
35,99,,FALSE,Male,,Some Secondary,
36,97,,FALSE,Female,,Some Secondary,
36,100,,FALSE,Male,,Some Secondary,
36,100,,FALSE,Female,,Some Secondary,
37,84,,FALSE,Male,,Some Secondary,
37,83,,FALSE,Male,,Some Secondary,
36,93,,FALSE,Female,,Some Secondary,
36,92,,FALSE,Female,,Some Secondary,
36,82,,FALSE,Male,,Some Secondary,
36,81,,FALSE,Female,,Some Secondary,
36,0,,FALSE,Female,,Some Secondary,
36,85,,FALSE,Female,,Some Secondary,
36,66,,FALSE,Male,,Some Secondary,
37,66,,FALSE,Male,,Some Secondary,
35,81,,FALSE,Male,,Some Secondary,
35,83,,FALSE,Female,,Some Secondary,
35,57,,FALSE,Female,,Some Secondary,
35,49,,FALSE,Male,,Some Secondary,
34,0,,FALSE,Female,,Some Secondary,
35,11,,FALSE,Female,,Some Secondary,
35,62,,FALSE,Male,,Some Secondary,
35,57,,FALSE,Male,,Some Secondary,
35,61,,FALSE,Male,,Some Secondary,
35,50,,FALSE,Male,,Some Secondary,
35,80,,FALSE,Female,,Some Secondary,
35,77,,FALSE,Female,,Some Secondary,
36,56,,FALSE,Male,,Some Secondary,
35,57,,FALSE,Female,,Some Secondary,
38,61,,FALSE,Male,,Some Secondary,
38,65,,FALSE,Male,,Some Secondary,
35,95,,FALSE,Male,,Some Secondary,
35,94,,FALSE,Female,,Some Secondary,
36,90,,FALSE,Male,,Some Secondary,
36,85,,FALSE,Female,,Some Secondary,
36,19,,FALSE,Male,,Some Secondary,
36,24,,FALSE,Male,,Some Secondary,
35,0,,FALSE,Female,,Some Secondary,
35,51,,FALSE,Female,,Some Secondary,
36,70,,FALSE,Male,,Some Secondary,
36,69,,FALSE,Male,,Some Secondary,
35,0,,FALSE,Female,,Some Secondary,
35,0,,FALSE,Female,,Some Secondary,
36,46,,FALSE,Female,,Some Secondary,
36,46,,FALSE,Male,,Some Secondary,
35,50,,FALSE,Female,,Some Secondary,
35,66,,FALSE,Female,,Some Secondary,
36,60,,FALSE,Male,,Some Secondary,
36,57,,FALSE,Male,,Some Secondary,
35,70,,FALSE,Male,,Some Secondary,
35,70,,FALSE,Male,,Some Secondary,
35,55,,FALSE,Male,,Some Secondary,
35,56,,FALSE,Female,,Some Secondary,
34,38,,FALSE,Male,,Some Secondary,
34,49,,FALSE,Female,,Some Secondary,
37,99,,FALSE,Male,,Some Secondary,
37,100,,FALSE,Female,,Some Secondary,
36,65,,FALSE,Female,,Some Secondary,
36,68,,FALSE,Female,,Some Secondary,
35,58,,FALSE,Female,,Some Secondary,
35,58,,FALSE,Female,,Some Secondary,
35,62,,FALSE,Male,,Some Secondary,
35,0,,FALSE,Male,,Some Secondary,
36,93,,FALSE,Female,,Some Secondary,
36,0,,FALSE,Male,,Some Secondary,
36,0,,FALSE,Male,,Some Secondary,
35,0,,FALSE,Female,,Some Secondary,
36,99,,FALSE,Male,,Some Secondary,
36,100,,FALSE,Male,,Some Secondary,
35,26,,FALSE,Male,,Some Secondary,
35,25,,FALSE,Male,,Some Secondary,
36,88,,FALSE,Female,,Some Secondary,
36,83,,FALSE,Female,,Some Secondary,
36,48,,FALSE,Male,,Some Secondary,
36,47,,FALSE,Male,,Some Secondary,
37,72,,FALSE,Male,,Some Secondary,
37,72,,FALSE,Female,,Some Secondary,
37,100,,FALSE,Female,,Some Secondary,
36,98,,FALSE,Female,,Some Secondary,
35,23,,FALSE,Male,,Some Secondary,
35,21,,FALSE,Male,,Some Secondary,
37,67,,FALSE,Female,,Some Secondary,
37,65,,FALSE,Male,,Some Secondary,
36,52,,FALSE,Male,,Some Secondary,
36,52,,FALSE,Female,,Some Secondary,
34,56,,FALSE,Male,,Some Secondary,
34,57,,FALSE,Female,,Some Secondary,
36,90,,FALSE,Female,,Some Secondary,
36,91,,FALSE,Male,,Some Secondary,
34,73,,FALSE,Male,,Some Secondary,
34,73,,FALSE,Male,,Some Secondary,
36,76,,FALSE,Male,,Some Secondary,
36,72,,FALSE,Male,,Some Secondary,
36,33,,FALSE,Female,,Some Secondary,
35,37,,FALSE,Female,,Some Secondary,
37,92,,FALSE,Male,,Some Secondary,
37,91,,FALSE,Male,,Some Secondary,
35,0,,FALSE,Female,,Some Secondary,
35,0,,FALSE,Male,,Some Secondary,
36,51,,FALSE,Female,,Some Secondary,
36,51,,FALSE,Female,,Some Secondary,
36,71,,FALSE,Female,,Some Secondary,
36,81,,FALSE,Male,,Some Secondary,
35,15,,FALSE,Male,,Some Secondary,
35,48,,FALSE,Female,,Some Secondary,
35,73,,FALSE,Female,,Some Secondary,
35,76,,FALSE,Female,,Some Secondary,
36,71,,FALSE,Male,,Some Secondary,
36,68,,FALSE,Female,,Some Secondary,
34,0,,FALSE,Male,,Some Secondary,
34,0,,FALSE,Male,,Some Secondary,
37,68,,FALSE,Female,,Some Secondary,
37,63,,FALSE,Male,,Some Secondary,
36,0,,FALSE,Female,,Some Secondary,
36,50,,FALSE,Male,,Some Secondary,
35,51,,FALSE,Male,,Some Secondary,
35,42,,FALSE,Male,,Some Secondary,
36,52,,FALSE,Female,,Some Secondary,
37,34,,FALSE,Female,,Some Secondary,
35,33,,FALSE,Male,,Some Secondary,
35,37,,FALSE,Male,,Some Secondary,
36,56,,FALSE,Male,,Some Secondary,
35,45,,FALSE,Female,,Some Secondary,
36,83,,FALSE,Male,,Some Secondary,
36,84,,FALSE,Male,,Some Secondary,
36,37,,FALSE,Male,,Some Secondary,
36,28,,FALSE,Male,,Some Secondary,
40,94,,FALSE,Female,,Some Secondary,
40,85,,FALSE,Female,,Some Secondary,
35,77,,FALSE,Male,,Some Secondary,
35,69,,FALSE,Male,,Some Secondary,
36,61,,FALSE,Male,,Some Secondary,
36,48,,FALSE,Male,,Some Secondary,
36,64,,FALSE,Male,,Some Secondary,
36,63,,FALSE,Male,,Some Secondary,
36,90,,FALSE,Male,,Some Secondary,
35,84,,FALSE,Male,,Some Secondary,
36,0,,FALSE,Female,,Some Secondary,
37,0,,FALSE,Female,,Some Secondary,
35,79,,FALSE,Female,,Some Secondary,
35,78,,FALSE,Female,,Some Secondary,
36,0,,FALSE,Female,,Some Secondary,
36,0,,FALSE,Female,,Some Secondary,
36,82,,FALSE,Male,,Some Secondary,
36,80,,FALSE,Female,,Some Secondary,
37,47,,FALSE,Male,,Some Secondary,
37,45,,FALSE,Female,,Some Secondary,
36,0,,FALSE,Male,,Some Secondary,
36,0,,FALSE,Male,,Some Secondary,
35,32,,FALSE,Male,,Some Secondary,
35,33,,FALSE,Female,,Some Secondary,
36,15,,FALSE,Male,,Some Secondary,
36,15,,FALSE,Male,,Some Secondary,
35,0,,FALSE,Male,,Some Secondary,
35,0,,FALSE,Female,,Some Secondary,
35,100,,FALSE,Female,,Some Secondary,
35,100,,FALSE,Female,,Some Secondary,
36,81,,FALSE,Male,,Some Secondary,
36,86,,FALSE,Male,,Some Secondary,
35,85,,FALSE,Female,,Some Secondary,
35,86,,FALSE,Female,,Some Secondary,
36,21,,FALSE,Male,,Some Secondary,
36,2,,FALSE,Male,,Some Secondary,
35,78,,FALSE,Male,,Some Secondary,
35,79,,FALSE,Male,,Some Secondary,
35,74,,FALSE,Male,,Some Secondary,
35,73,,FALSE,Male,,Some Secondary,
36,26,,FALSE,Male,,Some Secondary,
36,24,,FALSE,Female,,Some Secondary,
36,76,,FALSE,Male,,Some Secondary,
36,79,,FALSE,Female,,Some Secondary,
37,0,,FALSE,Male,,Some Secondary,
37,0,,FALSE,Male,,Some Secondary,
36,66,,FALSE,Female,,Some Secondary,
36,69,,FALSE,Female,,Some Secondary,
36,88,,FALSE,Female,,Some Secondary,
36,88,,FALSE,Female,,Some Secondary,
37,41,,FALSE,Female,,Some Secondary,
37,41,,FALSE,Female,,Some Secondary,
36,41,,FALSE,Male,,Some Secondary,
36,27,,FALSE,Male,,Some Secondary,
36,100,,FALSE,Female,,Some Secondary,
36,100,,FALSE,Female,,Some Secondary,
36,56,,FALSE,Female,,Some Secondary,
36,61,,FALSE,Male,,Some Secondary,
36,71,,FALSE,Female,,Some Secondary,
36,69,,FALSE,Female,,Some Secondary,
36,72,,FALSE,Male,,Some Secondary,
36,70,,FALSE,Male,,Some Secondary,
36,100,,FALSE,Female,,Some Secondary,
36,100,,FALSE,Female,,Some Secondary,
35,77,,FALSE,Female,,Some Secondary,
35,77,,FALSE,Male,,Some Secondary,
35,100,,FALSE,Male,,Some Secondary,
37,79,,FALSE,Female,,Some Secondary,
37,75,,FALSE,Female,,Some Secondary,
35,64,,FALSE,Female,,Some Secondary,
35,43,,FALSE,Male,,Some Secondary,
36,32,,FALSE,Male,,Some Secondary,
36,31,,FALSE,Male,,Some Secondary,
36,89,,FALSE,Female,,Some Secondary,
36,87,,FALSE,Male,,Some Secondary,
36,42,,FALSE,Male,,Some Secondary,
36,39,,FALSE,Male,,Some Secondary,
36,20,,FALSE,Male,,Some Secondary,
36,96,,FALSE,Female,,Some Secondary,
37,69,,FALSE,Male,,Some Secondary,
37,67,,FALSE,Female,,Some Secondary,
35,38,,FALSE,Male,,Some Secondary,
35,38,,FALSE,Male,,Some Secondary,
36,17,,FALSE,Female,,Some Secondary,
36,15,,FALSE,Male,,Some Secondary,
35,81,,FALSE,Male,,Some Secondary,
35,79,,FALSE,Female,,Some Secondary,
34,0,,FALSE,Female,,Some Secondary,
34,0,,FALSE,Female,,Some Secondary,
36,85,,FALSE,Male,,Some Secondary,
36,90,,FALSE,Female,,Some Secondary,
36,93,,FALSE,Male,,Some Secondary,
36,94,,FALSE,Male,,Some Secondary,
36,74,,FALSE,Male,,Some Secondary,
36,0,,FALSE,Male,,Some Secondary,
35,25,,FALSE,Female,,Some Secondary,
35,48,,FALSE,Male,,Some Secondary,
36,65,,FALSE,Male,,Some Secondary,
36,56,,FALSE,Female,,Some Secondary,
35,77,,FALSE,Male,,Some Secondary,
35,72,,FALSE,Male,,Some Secondary,
36,95,,FALSE,Female,,Some Secondary,
35,90,,FALSE,Female,,Some Secondary,
35,78,,FALSE,Male,,Some Secondary,
35,78,,FALSE,Female,,Some Secondary,
35,86,,FALSE,Male,,Some Secondary,
35,81,,FALSE,Male,,Some Secondary,
36,60,,FALSE,Male,,Some Secondary,
36,70,,FALSE,Male,,Some Secondary,
36,65,,FALSE,Male,,Some Secondary,
36,66,,FALSE,Female,,Some Secondary,
36,27,,FALSE,Female,,Some Secondary,
36,0,,FALSE,Male,,Some Secondary,
36,72,,FALSE,Female,,Some Secondary,
36,52,,FALSE,Male,,Some Secondary,
36,64,,FALSE,Male,,Some Secondary,
36,56,,FALSE,Male,,Some Secondary,
35,70,,FALSE,Female,,Some Secondary,
36,79,,FALSE,Female,,Some Secondary,
36,76,,FALSE,Female,,Some Secondary,
36,75,,FALSE,Female,,Some Secondary,
36,68,,FALSE,Female,,Some Secondary,
36,48,,FALSE,Female,,Some Secondary,
35,55,,FALSE,Female,,Some Secondary,
36,55,,FALSE,Female,,Some Secondary,
36,75,,FALSE,Male,,Some Secondary,
36,79,,FALSE,Female,,Some Secondary,
35,83,,FALSE,Female,,Some Secondary,
35,87,,FALSE,Female,,Some Secondary,
36,54,,FALSE,Male,,Some Secondary,
36,55,,FALSE,Male,,Some Secondary,
36,0,,FALSE,Male,,Some Secondary,
36,95,,FALSE,Male,,Some Secondary,
36,15,,FALSE,Male,,Some Secondary,
36,16,,FALSE,Male,,Some Secondary,
35,78,,FALSE,Male,,Some Secondary,
35,80,,FALSE,Male,,Some Secondary,
35,60,,FALSE,Male,,Some Secondary,
34,67,,FALSE,Male,,Some Secondary,
36,33,,FALSE,Female,,Some Secondary,
36,36,,FALSE,Female,,Some Secondary,
34,91,,FALSE,Female,,Some Secondary,
34,77,,FALSE,Female,,Some Secondary,
35,96,,FALSE,Female,,Some Secondary,
35,96,,FALSE,Female,,Some Secondary,
36,14,,FALSE,Male,,Some Secondary,
36,25,,FALSE,Female,,Some Secondary,
36,93,,FALSE,Female,,Some Secondary,
36,91,,FALSE,Male,,Some Secondary,
35,78,,FALSE,Female,,Some Secondary,
35,68,,FALSE,Female,,Some Secondary,
36,0,,FALSE,Female,,Some Secondary,
36,0,,FALSE,Female,,Some Secondary,
35,78,,FALSE,Female,,Some Secondary,
35,75,,FALSE,Female,,Some Secondary,
35,76,,FALSE,Female,,Some Secondary,
35,79,,FALSE,Female,,Some Secondary,
36,53,,FALSE,Male,,Some Secondary,
36,54,,FALSE,Male,,Some Secondary,
36,74,,FALSE,Female,,Some Secondary,
36,74,,FALSE,Female,,Some Secondary,
36,90,,FALSE,Male,,Some Secondary,
36,89,,FALSE,Male,,Some Secondary,
35,49,,FALSE,Female,,Some Secondary,
35,30,,FALSE,Female,,Some Secondary,
35,34,,FALSE,Female,,Some Secondary,
35,27,,FALSE,Female,,Some Secondary,
42,75,,FALSE,Male,,Some Secondary,
42,75,,FALSE,Male,,Some Secondary,
35,36,,FALSE,Male,,Some Secondary,
35,37,,FALSE,Male,,Some Secondary,
36,42,,FALSE,Female,,Some Secondary,
36,42,,FALSE,Female,,Some Secondary,
36,38,,FALSE,Male,,Some Secondary,
36,38,,FALSE,Female,,Some Secondary,
36,64,,FALSE,Male,,Some Secondary,
36,55,,FALSE,Male,,Some Secondary,
36,34,,FALSE,Female,,Some Secondary,
36,43,,FALSE,Male,,Some Secondary,
36,90,,FALSE,Male,,Some Secondary,
36,96,,FALSE,Female,,Some Secondary,
36,62,,FALSE,Female,,Some Secondary,
36,61,,FALSE,Female,,Some Secondary,
36,0,,FALSE,Male,,Some Secondary,
36,0,,FALSE,Female,,Some Secondary,
36,90,,FALSE,Female,,Some Secondary,
36,93,,FALSE,Male,,Some Secondary,
35,80,,FALSE,Female,,Some Secondary,
35,77,,FALSE,Female,,Some Secondary,
36,47,,FALSE,Female,,Some Secondary,
36,68,,FALSE,Female,,Some Secondary,
35,99,,FALSE,Male,,Some Secondary,
35,0,,FALSE,Male,,Some Secondary,
38,66,,FALSE,Male,,Some Secondary,
36,54,,FALSE,Male,,Some Secondary,
36,53,,FALSE,Female,,Some Secondary,
36,43,,FALSE,Male,,Some Secondary,
36,44,,FALSE,Female,,Some Secondary,
36,58,,FALSE,Female,,Some Secondary,
36,69,,FALSE,Female,,Some Secondary,
36,73,,FALSE,Female,,Some Secondary,
36,11,,FALSE,Female,,Some Secondary,
36,11,,FALSE,Female,,Some Secondary,
36,65,,FALSE,Female,,Some Secondary,
36,68,,FALSE,Female,,Some Secondary,
35,34,,FALSE,Male,,Some Secondary,
35,53,,FALSE,Female,,Some Secondary,
36,62,,FALSE,Female,,Some Secondary,
36,61,,FALSE,Female,,Some Secondary,
35,57,,FALSE,Female,,Some Secondary,
35,56,,FALSE,Female,,Some Secondary,
36,33,,FALSE,Male,,Some Secondary,
36,89,,FALSE,Male,,Some Secondary,
35,10,,FALSE,Male,,Some Secondary,
35,2,,FALSE,Male,,Some Secondary,
36,64,,FALSE,Male,,Some Secondary,
36,71,,FALSE,Male,,Some Secondary,
36,60,,FALSE,Male,,Some Secondary,
36,72,,FALSE,Female,,Some Secondary,
35,82,,FALSE,Male,,Some Secondary,
35,100,,FALSE,Female,,Some Secondary,
35,35,,FALSE,Male,,Some Secondary,
36,33,,FALSE,Male,,Some Secondary,
38,92,,FALSE,Male,,Some Secondary,
38,92,,FALSE,Female,,Some Secondary,
36,88,,FALSE,Male,,Some Secondary,
36,90,,FALSE,Female,,Some Secondary,
36,96,,FALSE,Female,,Some Secondary,
36,93,,FALSE,Male,,Some Secondary,
36,91,,FALSE,Male,,Some Secondary,
35,80,,FALSE,Male,,Some Secondary,
36,23,,FALSE,Female,,Some Secondary,
36,23,,FALSE,Male,,Some Secondary,
39,75,,FALSE,Male,,Some Secondary,
39,88,,FALSE,Male,,Some Secondary,
36,67,,FALSE,Female,,Some Secondary,
36,67,,FALSE,Female,,Some Secondary,
35,0,,FALSE,Female,,Some Secondary,
35,0,,FALSE,Female,,Some Secondary,
35,61,,FALSE,Male,,Some Secondary,
35,55,,FALSE,Male,,Some Secondary,
36,80,,FALSE,Female,,Some Secondary,
36,80,,FALSE,Female,,Some Secondary,
36,42,,FALSE,Male,,Some Secondary,
36,56,,FALSE,Female,,Some Secondary,
36,92,,FALSE,Male,,Some Secondary,
35,90,,FALSE,Male,,Some Secondary,
36,58,,FALSE,Male,,Some Secondary,
36,58,,FALSE,Male,,Some Secondary,
36,89,,FALSE,Male,,Some Secondary,
36,95,,FALSE,Female,,Some Secondary,
37,0,,FALSE,Male,,Some Secondary,
37,93,,FALSE,Male,,Some Secondary,
36,61,,FALSE,Male,,Some Secondary,
36,72,,FALSE,Male,,Some Secondary,
35,92,,FALSE,Female,,Some Secondary,
35,92,,FALSE,Female,,Some Secondary,
36,51,,FALSE,Male,,Some Secondary,
36,58,,FALSE,Male,,Some Secondary,
36,72,,FALSE,Female,,Some Secondary,
35,71,,FALSE,Female,,Some Secondary,
36,0,,FALSE,Female,,Some Secondary,
36,0,,FALSE,Female,,Some Secondary,
36,61,,FALSE,Female,,Some Secondary,
36,63,,FALSE,Female,,Some Secondary,
36,41,,FALSE,Male,,Some Secondary,
36,35,,FALSE,Female,,Some Secondary,
35,95,,FALSE,Female,,Some Secondary,
35,93,,FALSE,Female,,Some Secondary,
36,61,,FALSE,Male,,Some Secondary,
36,60,,FALSE,Male,,Some Secondary,
35,100,,FALSE,Male,,Some Secondary,
35,96,,FALSE,Male,,Some Secondary,
36,75,,FALSE,Female,,Some Secondary,
36,70,,FALSE,Male,,Some Secondary,
37,98,,FALSE,Female,,Some Secondary,
37,98,,FALSE,Female,,Some Secondary,
38,100,,FALSE,Male,,Some Secondary,
38,100,,FALSE,Male,,Some Secondary,
35,99,,FALSE,Female,,Some Secondary,
35,99,,FALSE,Male,,Some Secondary,
36,47,,FALSE,Female,,Some Secondary,
36,48,,FALSE,Female,,Some Secondary,
36,72,,FALSE,Female,,Some Secondary,
36,77,,FALSE,Female,,Some Secondary,
36,91,,FALSE,Female,,Some Secondary,
36,93,,FALSE,Female,,Some Secondary,
44,86,,FALSE,Female,,Some Secondary,
44,89,,FALSE,Female,,Some Secondary,
34,29,,FALSE,Female,,Some Secondary,
34,30,,FALSE,Male,,Some Secondary,
36,65,,FALSE,Female,,Some Secondary,
36,79,,FALSE,Male,,Some Secondary,
36,36,,FALSE,Male,,Some Secondary,
36,45,,FALSE,Male,,Some Secondary,
35,73,,FALSE,Male,,Some Secondary,
35,74,,FALSE,Male,,Some Secondary,
36,96,,FALSE,Male,,Some Secondary,
35,96,,FALSE,Female,,Some Secondary,
36,50,,FALSE,Male,,Some Secondary,
36,50,,FALSE,Male,,Some Secondary,
35,48,,FALSE,Female,,Some Secondary,
35,48,,FALSE,Female,,Some Secondary,
36,80,,FALSE,Male,,Some Secondary,
36,73,,FALSE,Male,,Some Secondary,
35,86,,FALSE,Female,,Some Secondary,
35,90,,FALSE,Female,,Some Secondary,
35,99,,FALSE,Female,,Some Secondary,
35,100,,FALSE,Female,,Some Secondary,
36,62,,FALSE,Female,,Some Secondary,
36,58,,FALSE,Male,,Some Secondary,
36,92,,FALSE,Male,,Some Secondary,
36,99,,FALSE,Male,,Some Secondary,
35,63,,FALSE,Female,,Some Secondary,
36,69,,FALSE,Female,,Some Secondary,
38,89,,FALSE,Male,,Some Secondary,
38,94,,FALSE,Female,,Some Secondary,
35,0,,FALSE,Female,,Some Secondary,
35,44,,FALSE,Female,,Some Secondary,
35,74,,FALSE,Female,,Some Secondary,
35,75,,FALSE,Male,,Some Secondary,
35,50,,FALSE,Male,,Some Secondary,
36,64,,FALSE,Female,,Some Secondary,
36,68,,FALSE,Male,,Some Secondary,
36,62,,FALSE,Male,,Some Secondary,
36,63,,FALSE,Female,,Some Secondary,
36,66,,FALSE,Female,,Some Secondary,
35,69,,FALSE,Male,,Some Secondary,
35,82,,FALSE,Female,,Some Secondary,
36,90,,FALSE,Male,,Some Secondary,
36,89,,FALSE,Male,,Some Secondary,
36,100,,FALSE,Male,,Some Secondary,
36,100,,FALSE,Male,,Some Secondary,
35,85,,FALSE,Female,,Some Secondary,
35,80,,FALSE,Female,,Some Secondary,
36,67,,FALSE,Female,,Some Secondary,
36,68,,FALSE,Female,,Some Secondary,
36,62,,FALSE,Female,,Some Secondary,
35,57,,FALSE,Male,,Some Secondary,
37,73,,FALSE,Female,,Some Secondary,
38,80,,FALSE,Male,,Some Secondary,
36,61,,FALSE,Female,,Some Secondary,
36,57,,FALSE,Female,,Some Secondary,
36,74,,FALSE,Female,,Some Secondary,
36,77,,FALSE,Female,,Some Secondary,
34,31,,FALSE,Female,,Some Secondary,
35,24,,FALSE,Female,,Some Secondary,
36,61,,FALSE,Male,,Some Secondary,
36,59,,FALSE,Female,,Some Secondary,
36,46,,FALSE,Male,,Some Secondary,
36,42,,FALSE,Male,,Some Secondary,
36,100,,FALSE,Female,,Some Secondary,
36,99,,FALSE,Female,,Some Secondary,
36,52,,FALSE,Male,,Some Secondary,
36,49,,FALSE,Male,,Some Secondary,
36,93,,FALSE,Male,,Some Secondary,
36,95,,FALSE,Male,,Some Secondary,
35,0,,FALSE,Male,,Some Secondary,
35,49,,FALSE,Female,,Some Secondary,
36,0,,FALSE,Male,,Some Secondary,
36,52,,FALSE,Male,,Some Secondary,
36,87,,FALSE,Female,,Some Secondary,
35,86,,FALSE,Male,,Some Secondary,
35,64,,FALSE,Female,,Some Secondary,
35,43,,FALSE,Male,,Some Secondary,
35,92,,FALSE,Female,,Some Secondary,
35,92,,FALSE,Male,,Some Secondary,
36,0,,FALSE,Female,,Some Secondary,
36,72,,FALSE,Female,,Some Secondary,
35,79,,FALSE,Male,,Some Secondary,
35,63,,FALSE,Male,,Some Secondary,
36,68,,FALSE,Female,,Some Secondary,
36,72,,FALSE,Female,,Some Secondary,
35,69,,FALSE,Female,,Some Secondary,
35,90,,FALSE,Female,,Some Secondary,
35,32,,FALSE,Female,,Some Secondary,
35,41,,FALSE,Female,,Some Secondary,
36,71,,FALSE,Male,,Some Secondary,
36,70,,FALSE,Male,,Some Secondary,
35,76,,FALSE,Male,,Some Secondary,
36,78,,FALSE,Male,,Some Secondary,
36,54,,FALSE,Female,,Some Secondary,
36,67,,FALSE,Male,,Some Secondary,
36,28,,FALSE,Male,,Some Secondary,
36,41,,FALSE,Male,,Some Secondary,
37,94,,FALSE,Male,,Some Secondary,
37,82,,FALSE,Male,,Some Secondary,
34,78,,FALSE,Female,,Some Secondary,
34,85,,FALSE,Male,,Some Secondary,
36,61,,FALSE,Male,,Some Secondary,
36,51,,FALSE,Female,,Some Secondary,
36,70,,FALSE,Male,,Some Secondary,
36,69,,FALSE,Male,,Some Secondary,
38,64,,FALSE,Male,,Some Secondary,
38,66,,FALSE,Male,,Some Secondary,
35,38,,FALSE,Female,,Some Secondary,
35,49,,FALSE,Female,,Some Secondary,
40,50,,FALSE,Female,,Some Secondary,
40,57,,FALSE,Female,,Some Secondary,
35,43,,FALSE,Female,,Some Secondary,
35,38,,FALSE,Female,,Some Secondary,
36,57,,FALSE,Male,,Some Secondary,
36,71,,FALSE,Female,,Some Secondary,
35,0,,FALSE,Female,,Some Secondary,
35,59,,FALSE,Male,,Some Secondary,
36,40,,FALSE,Female,,Some Secondary,
36,42,,FALSE,Female,,Some Secondary,
35,20,,FALSE,Female,,Some Secondary,
36,52,,FALSE,Female,,Some Secondary,
36,9,,FALSE,Male,,Some Secondary,
36,20,,FALSE,Male,,Some Secondary,
36,69,,FALSE,Female,,Some Secondary,
36,75,,FALSE,Female,,Some Secondary,
36,100,,FALSE,Male,,Some Secondary,
34,99,,FALSE,Male,,Some Secondary,
35,66,,FALSE,Male,,Some Secondary,
35,73,,FALSE,Female,,Some Secondary,
35,76,,FALSE,Male,,Some Secondary,
36,72,,FALSE,Male,,Some Secondary,
35,41,,FALSE,Male,,Some Secondary,
35,65,,FALSE,Male,,Some Secondary,
39,45,,FALSE,Female,,Some Secondary,
39,43,,FALSE,Female,,Some Secondary,
35,71,,FALSE,Female,,Some Secondary,
35,73,,FALSE,Female,,Some Secondary,
36,43,,FALSE,Male,,Some Secondary,
36,40,,FALSE,Male,,Some Secondary,
36,28,,FALSE,Female,,Some Secondary,
36,32,,FALSE,Female,,Some Secondary,
37,57,,FALSE,Male,,Some Secondary,
37,55,,FALSE,Female,,Some Secondary,
35,74,,FALSE,Male,,Some Secondary,
35,68,,FALSE,Male,,Some Secondary,
35,59,,FALSE,Male,,Some Secondary,
35,58,,FALSE,Male,,Some Secondary,
35,85,,FALSE,Male,,Some Secondary,
35,85,,FALSE,Female,,Some Secondary,
36,88,,FALSE,Male,,Some Secondary,
36,74,,FALSE,Female,,Some Secondary,
36,35,,FALSE,Male,,Some Secondary,
36,46,,FALSE,Male,,Some Secondary,
36,79,,FALSE,Female,,Some Secondary,
36,77,,FALSE,Female,,Some Secondary,
38,86,,FALSE,Female,,Some Secondary,
38,86,,FALSE,Female,,Some Secondary,
36,77,,FALSE,Female,,Some Secondary,
36,76,,FALSE,Female,,Some Secondary,
36,0,,FALSE,Female,,Some Secondary,
36,56,,FALSE,Female,,Some Secondary,
37,91,,FALSE,Female,,Some Secondary,
37,85,,FALSE,Female,,Some Secondary,
36,91,,FALSE,Female,,Some Secondary,
36,88,,FALSE,Female,,Some Secondary,
36,74,,FALSE,Male,,Some Secondary,
36,75,,FALSE,Female,,Some Secondary,
35,69,,FALSE,Female,,Some Secondary,
35,71,,FALSE,Female,,Some Secondary,
36,41,,FALSE,Female,,Some Secondary,
36,0,,FALSE,Female,,Some Secondary,
36,61,,FALSE,Female,,Some Secondary,
36,54,,FALSE,Male,,Some Secondary,
36,6,,FALSE,Female,,Some Secondary,
36,0,,FALSE,Male,,Some Secondary,
37,78,,FALSE,Female,,Some Secondary,
37,78,,FALSE,Female,,Some Secondary,
35,84,,FALSE,Female,,Some Secondary,
35,84,,FALSE,Female,,Some Secondary,
35,0,,FALSE,Female,,Some Secondary,
35,88,,FALSE,Female,,Some Secondary,
37,84,,FALSE,Male,,Some Secondary,
36,83,,FALSE,Female,,Some Secondary,
40,0,,FALSE,Female,,Some Secondary,
42,99,,FALSE,Male,,Some Secondary,
36,49,,FALSE,Male,,Some Secondary,
36,52,,FALSE,Female,,Some Secondary,
35,46,,FALSE,Female,,Some Secondary,
35,46,,FALSE,Female,,Some Secondary,
36,0,,FALSE,Male,,Some Secondary,
36,54,,FALSE,Male,,Some Secondary,
36,67,,FALSE,Female,,Some Secondary,
36,64,,FALSE,Female,,Some Secondary,
36,54,,FALSE,Male,,Some Secondary,
36,0,,FALSE,Male,,Some Secondary,
39,75,,FALSE,Male,,Some Secondary,
39,0,,FALSE,Male,,Some Secondary,
35,84,,FALSE,Male,,Some Secondary,
35,84,,FALSE,Male,,Some Secondary,
36,90,,FALSE,Female,,Some Secondary,
36,55,,FALSE,Female,,Some Secondary,
36,36,,FALSE,Male,,Some Secondary,
36,38,,FALSE,Male,,Some Secondary,
36,35,,FALSE,Female,,Some Secondary,
36,31,,FALSE,Male,,Some Secondary,
35,74,,FALSE,Female,,Some Secondary,
36,74,,FALSE,Male,,Some Secondary,
36,50,,FALSE,Male,,Some Secondary,
36,47,,FALSE,Male,,Some Secondary,
34,0,,FALSE,Female,,Some Secondary,
37,51,,FALSE,Male,,Some Secondary,
36,36,,FALSE,Male,,Some Secondary,
36,36,,FALSE,Male,,Some Secondary,
35,55,,FALSE,Female,,Some Secondary,
35,51,,FALSE,Female,,Some Secondary,
35,80,,FALSE,Female,,Some Secondary,
35,77,,FALSE,Male,,Some Secondary,
37,89,,FALSE,Female,,Some Secondary,
37,0,,FALSE,Female,,Some Secondary,
36,53,,FALSE,Female,,Some Secondary,
36,51,,FALSE,Female,,Some Secondary,
35,97,,FALSE,Female,,Some Secondary,
35,98,,FALSE,Male,,Some Secondary,
37,45,,FALSE,Female,,Some Secondary,
37,49,,FALSE,Male,,Some Secondary,
35,14,,FALSE,Female,,Some Secondary,
35,12,,FALSE,Female,,Some Secondary,
35,100,,FALSE,Female,,Some Secondary,
35,91,,FALSE,Female,,Some Secondary,
35,99,,FALSE,Female,,Some Secondary,
35,97,,FALSE,Male,,Some Secondary,
36,92,,FALSE,Female,,Some Secondary,
36,87,,FALSE,Female,,Some Secondary,
37,63,,FALSE,Male,,Some Secondary,
37,59,,FALSE,Female,,Some Secondary,
36,69,,FALSE,Female,,Some Secondary,
36,63,,FALSE,Female,,Some Secondary,
35,92,,FALSE,Male,,Some Secondary,
35,91,,FALSE,Male,,Some Secondary,
35,45,,FALSE,Male,,Some Secondary,
35,52,,FALSE,Male,,Some Secondary,
36,0,,FALSE,Male,,Some Secondary,
36,0,,FALSE,Male,,Some Secondary,
36,77,,FALSE,Female,,Some Secondary,
36,76,,FALSE,Male,,Some Secondary,
36,26,,FALSE,Male,,Some Secondary,
36,21,,FALSE,Male,,Some Secondary,
35,0,,FALSE,Female,,Some Secondary,
35,42,,FALSE,Female,,Some Secondary,
34,50,,FALSE,Male,,Some Secondary,
34,47,,FALSE,Male,,Some Secondary,
36,89,,FALSE,Female,,Some Secondary,
36,89,,FALSE,Female,,Some Secondary,
35,35,,FALSE,Male,,Some Secondary,
35,36,,FALSE,Male,,Some Secondary,
35,97,,FALSE,Female,,Some Secondary,
35,95,,FALSE,Female,,Some Secondary,
36,96,,FALSE,Female,,Some Secondary,
36,92,,FALSE,Female,,Some Secondary,
36,41,,FALSE,Male,,Some Secondary,
36,44,,FALSE,Male,,Some Secondary,
36,60,,FALSE,Male,,Some Secondary,
36,57,,FALSE,Male,,Some Secondary,
35,79,,FALSE,Female,,Some Secondary,
35,0,,FALSE,Female,,Some Secondary,
37,98,,FALSE,Male,,Some Secondary,
37,97,,FALSE,Male,,Some Secondary,
35,26,,FALSE,Male,,Some Secondary,
35,28,,FALSE,Male,,Some Secondary,
36,79,,FALSE,Female,,Some Secondary,
36,76,,FALSE,Female,,Some Secondary,
36,71,,FALSE,Male,,Some Secondary,
35,59,,FALSE,Male,,Some Secondary,
36,40,,FALSE,Female,,Some Secondary,
36,35,,FALSE,Male,,Some Secondary,
36,91,,FALSE,Male,,Some Secondary,
36,88,,FALSE,Female,,Some Secondary,
35,100,,FALSE,Female,,Some Secondary,
35,100,,FALSE,Female,,Some Secondary,
35,92,,FALSE,Male,,Some Secondary,
35,97,,FALSE,Male,,Some Secondary,
35,49,,FALSE,Male,,Some Secondary,
35,55,,FALSE,Female,,Some Secondary,
36,81,,FALSE,Female,,Some Secondary,
36,76,,FALSE,Female,,Some Secondary,
36,3,,FALSE,Male,,Some Secondary,
35,2,,FALSE,Male,,Some Secondary,
36,62,,FALSE,Male,,Some Secondary,
36,78,,FALSE,Female,,Some Secondary,
36,39,,FALSE,Male,,Some Secondary,
36,54,,FALSE,Female,,Some Secondary,
35,97,,FALSE,Male,,Some Secondary,
35,86,,FALSE,Female,,Some Secondary,
36,29,,FALSE,Female,,Some Secondary,
36,30,,FALSE,Female,,Some Secondary,
36,0,,FALSE,Female,,Some Secondary,
36,0,,FALSE,Female,,Some Secondary,
35,100,,FALSE,Male,,Some Secondary,
35,0,,FALSE,Male,,Some Secondary,
35,0,,FALSE,Female,,Some Secondary,
35,0,,FALSE,Female,,Some Secondary,
35,76,,FALSE,Female,,Some Secondary,
35,65,,FALSE,Male,,Some Secondary,
37,0,,FALSE,Female,,Some Secondary,
38,100,,FALSE,Male,,Some Secondary,
36,91,,FALSE,Female,,Some Secondary,
36,92,,FALSE,Female,,Some Secondary,
36,51,,FALSE,Female,,Some Secondary,
36,47,,FALSE,Female,,Some Secondary,
36,11,,FALSE,Female,,Some Secondary,
36,0,,FALSE,Female,,Some Secondary,
35,81,,FALSE,Female,,Some Secondary,
35,81,,FALSE,Female,,Some Secondary,
34,87,,FALSE,Female,,Some Secondary,
34,84,,FALSE,Female,,Some Secondary,
35,82,,FALSE,Female,,Some Secondary,
35,63,,FALSE,Female,,Some Secondary,
35,20,,FALSE,Male,,Some Secondary,
35,35,,FALSE,Female,,Some Secondary,
36,54,,FALSE,Male,,Some Secondary,
36,54,,FALSE,Male,,Some Secondary,
35,42,,FALSE,Male,,Some Secondary,
35,33,,FALSE,Female,,Some Secondary,
35,0,,FALSE,Male,,Some Secondary,
35,0,,FALSE,Female,,Some Secondary,
37,91,,FALSE,Male,,Some Secondary,
37,93,,FALSE,Male,,Some Secondary,
35,93,,FALSE,Female,,Some Secondary,
35,93,,FALSE,Female,,Some Secondary,
37,49,,FALSE,Male,,Some Secondary,
37,49,,FALSE,Male,,Some Secondary,
36,92,,FALSE,Male,,Some Secondary,
36,86,,FALSE,Male,,Some Secondary,
35,67,,FALSE,Female,,Some Secondary,
35,72,,FALSE,Male,,Some Secondary,
36,69,,FALSE,Female,,Some Secondary,
36,56,,FALSE,Female,,Some Secondary,
36,0,,FALSE,Male,,Some Secondary,
36,63,,FALSE,Female,,Some Secondary,
35,45,,FALSE,Female,,Some Secondary,
35,65,,FALSE,Male,,Some Secondary,
36,100,,FALSE,Female,,Some Secondary,
36,100,,FALSE,Male,,Some Secondary,
36,22,,FALSE,Female,,Some Secondary,
36,33,,FALSE,Female,,Some Secondary,
36,100,,FALSE,Female,,Some Secondary,
36,94,,FALSE,Male,,Some Secondary,
36,49,,FALSE,Male,,Some Secondary,
36,54,,FALSE,Female,,Some Secondary,
35,90,,FALSE,Male,,Some Secondary,
35,60,,FALSE,Male,,Some Secondary,
34,100,,FALSE,Female,,Some Secondary,
34,100,,FALSE,Male,,Some Secondary,
36,88,,FALSE,Male,,Some Secondary,
37,88,,FALSE,Female,,Some Secondary,
35,49,,FALSE,Female,,Some Secondary,
35,50,,FALSE,Female,,Some Secondary,
35,29,,FALSE,Male,,Some Secondary,
35,29,,FALSE,Male,,Some Secondary,
35,95,,FALSE,Female,,Some Secondary,
35,0,,FALSE,Male,,Some Secondary,
36,85,,FALSE,Male,,Some Secondary,
36,82,,FALSE,Male,,Some Secondary,
35,81,,FALSE,Female,,Some Secondary,
35,81,,FALSE,Female,,Some Secondary,
36,89,,FALSE,Male,,Some Secondary,
36,80,,FALSE,Female,,Some Secondary,
35,42,,FALSE,Female,,Some Secondary,
35,36,,FALSE,Female,,Some Secondary,
35,100,,FALSE,Male,,Some Secondary,
35,100,,FALSE,Male,,Some Secondary,
35,98,,FALSE,Male,,Some Secondary,
35,98,,FALSE,Male,,Some Secondary,
35,44,,FALSE,Female,,Some Secondary,
36,58,,FALSE,Female,,Some Secondary,
36,39,,FALSE,Male,,Some Secondary,
36,36,,FALSE,Male,,Some Secondary,
35,76,,FALSE,Male,,Some Secondary,
35,0,,FALSE,Female,,Some Secondary,
39,0,,FALSE,Male,,Some Secondary,
39,23,,FALSE,Male,,Some Secondary,
36,66,,FALSE,Male,,Some Secondary,
36,67,,FALSE,Male,,Some Secondary,
36,66,,FALSE,Female,,Some Secondary,
36,62,,FALSE,Male,,Some Secondary,
36,76,,FALSE,Male,,Some Secondary,
36,78,,FALSE,Male,,Some Secondary,
36,77,,FALSE,Male,,Some Secondary,
36,0,,FALSE,Male,,Some Secondary,
35,99,,FALSE,Female,,Some Secondary,
36,99,,FALSE,Female,,Some Secondary,
36,31,,FALSE,Male,,Some Secondary,
36,39,,FALSE,Male,,Some Secondary,
35,67,,FALSE,Male,,Some Secondary,
35,64,,FALSE,Male,,Some Secondary,
36,34,,FALSE,Female,,Some Secondary,
36,0,,FALSE,Male,,Some Secondary,
35,45,,FALSE,Female,,Some Secondary,
35,46,,FALSE,Female,,Some Secondary,
34,100,,FALSE,Male,,Some Secondary,
34,100,,FALSE,Male,,Some Secondary,
35,52,,FALSE,Male,,Some Secondary,
35,62,,FALSE,Male,,Some Secondary,
36,87,,FALSE,Female,,Some Secondary,
36,86,,FALSE,Female,,Some Secondary,
36,78,,FALSE,Female,,Some Secondary,
36,67,,FALSE,Female,,Some Secondary,
35,68,,FALSE,Female,,Some Secondary,
35,68,,FALSE,Female,,Some Secondary,
37,61,,FALSE,Female,,Some Secondary,
37,46,,FALSE,Male,,Some Secondary,
35,55,,FALSE,Male,,Some Secondary,
35,51,,FALSE,Male,,Some Secondary,
35,95,,FALSE,Male,,Some Secondary,
35,97,,FALSE,Female,,Some Secondary,
36,61,,FALSE,Female,,Some Secondary,
36,60,,FALSE,Male,,Some Secondary,
35,28,,FALSE,Male,,Some Secondary,
35,28,,FALSE,Female,,Some Secondary,
36,14,,FALSE,Female,,Some Secondary,
36,13,,FALSE,Female,,Some Secondary,
38,42,,FALSE,Female,,Some Secondary,
38,66,,FALSE,Male,,Some Secondary,
36,64,,FALSE,Male,,Some Secondary,
36,63,,FALSE,Male,,Some Secondary,
36,61,,FALSE,Male,,Some Secondary,
36,73,,FALSE,Female,,Some Secondary,
36,21,,FALSE,Male,,Some Secondary,
36,28,,FALSE,Male,,Some Secondary,
36,86,,FALSE,Male,,Some Secondary,
36,66,,FALSE,Male,,Some Secondary,
35,54,,FALSE,Female,,Some Secondary,
35,42,,FALSE,Female,,Some Secondary,
37,34,,FALSE,Male,,Some Secondary,
37,34,,FALSE,Male,,Some Secondary,
35,32,,FALSE,Male,,Some Secondary,
35,38,,FALSE,Male,,Some Secondary,
35,74,,FALSE,Male,,Some Secondary,
35,94,,FALSE,Female,,Some Secondary,
36,67,,FALSE,Female,,Some Secondary,
36,96,,FALSE,Female,,Some Secondary,
35,60,,FALSE,Female,,Some Secondary,
36,55,,FALSE,Female,,Some Secondary,
39,0,,FALSE,Male,,Some Secondary,
39,72,,FALSE,Male,,Some Secondary,
36,79,,FALSE,Male,,Some Secondary,
36,14,,FALSE,Male,,Some Secondary,
36,97,,FALSE,Male,,Some Secondary,
36,98,,FALSE,Male,,Some Secondary,
36,77,,FALSE,Male,,Some Secondary,
36,68,,FALSE,Male,,Some Secondary,
36,22,,FALSE,Male,,Some Secondary,
36,22,,FALSE,Male,,Some Secondary,
36,31,,FALSE,Male,,Some Secondary,
36,23,,FALSE,Female,,Some Secondary,
37,72,,FALSE,Male,,Some Secondary,
37,72,,FALSE,Male,,Some Secondary,
36,47,,FALSE,Male,,Some Secondary,
36,48,,FALSE,Male,,Some Secondary,
36,51,,FALSE,Female,,Some Secondary,
36,51,,FALSE,Female,,Some Secondary,
35,0,,FALSE,Male,,Some Secondary,
35,0,,FALSE,Male,,Some Secondary,
38,93,,FALSE,Male,,Some Secondary,
38,93,,FALSE,Female,,Some Secondary,
37,0,,FALSE,Female,,Some Secondary,
37,0,,FALSE,Female,,Some Secondary,
36,82,,FALSE,Female,,Some Secondary,
36,84,,FALSE,Female,,Some Secondary,
35,99,,FALSE,Female,,Some Secondary,
36,93,,FALSE,Female,,Some Secondary,
36,56,,FALSE,Male,,Some Secondary,
36,77,,FALSE,Male,,Some Secondary,
35,91,,FALSE,Male,,Some Secondary,
35,93,,FALSE,Female,,Some Secondary,
36,86,,FALSE,Female,,Some Secondary,
36,85,,FALSE,Female,,Some Secondary,
37,88,,FALSE,Male,,Some Secondary,
37,87,,FALSE,Female,,Some Secondary,
35,52,,FALSE,Male,,Some Secondary,
35,42,,FALSE,Female,,Some Secondary,
37,48,,FALSE,Male,,Some Secondary,
37,48,,FALSE,Male,,Some Secondary,
36,74,,FALSE,Female,,Some Secondary,
36,75,,FALSE,Female,,Some Secondary,
38,73,,FALSE,Male,,Some Secondary,
38,90,,FALSE,Male,,Some Secondary,
36,3,,FALSE,Male,,Some Secondary,
36,4,,FALSE,Male,,Some Secondary,
35,73,,FALSE,Female,,Some Secondary,
35,70,,FALSE,Male,,Some Secondary,
36,39,,FALSE,Female,,Some Secondary,
36,17,,FALSE,Male,,Some Secondary,
35,65,,FALSE,Male,,Some Secondary,
35,64,,FALSE,Male,,Some Secondary,
36,45,,FALSE,Male,,Some Secondary,
36,50,,FALSE,Female,,Some Secondary,
35,65,,FALSE,Female,,Some Secondary,
35,32,,FALSE,Male,,Some Secondary,
36,48,,FALSE,Female,,Some Secondary,
36,48,,FALSE,Female,,Some Secondary,
36,48,,FALSE,Male,,Some Secondary,
36,43,,FALSE,Male,,Some Secondary,
35,0,,FALSE,Male,,Some Secondary,
35,87,,FALSE,Male,,Some Secondary,
35,49,,FALSE,Male,,Some Secondary,
35,46,,FALSE,Male,,Some Secondary,
35,83,,FALSE,Female,,Some Secondary,
35,85,,FALSE,Male,,Some Secondary,
36,27,,FALSE,Male,,Some Secondary,
36,27,,FALSE,Male,,Some Secondary,
35,56,,FALSE,Female,,Some Secondary,
35,60,,FALSE,Female,,Some Secondary,
36,71,,FALSE,Female,,Some Secondary,
36,80,,FALSE,Male,,Some Secondary,
36,46,,FALSE,Male,,Some Secondary,
36,65,,FALSE,Female,,Some Secondary,
36,62,,FALSE,Male,,Some Secondary,
36,63,,FALSE,Male,,Some Secondary,
37,38,,FALSE,Male,,Some Secondary,
37,28,,FALSE,Male,,Some Secondary,
35,65,,FALSE,Male,,Some Secondary,
35,64,,FALSE,Male,,Some Secondary,
35,74,,FALSE,Female,,Some Secondary,
35,74,,FALSE,Female,,Some Secondary,
36,71,,FALSE,Female,,Some Secondary,
36,74,,FALSE,Female,,Some Secondary,
36,100,,FALSE,Female,,Some Secondary,
36,99,,FALSE,Female,,Some Secondary,
36,73,,FALSE,Male,,Some Secondary,
36,72,,FALSE,Female,,Some Secondary,
36,73,,FALSE,Female,,Some Secondary,
36,76,,FALSE,Female,,Some Secondary,
35,68,,FALSE,Male,,Some Secondary,
35,73,,FALSE,Male,,Some Secondary,
36,60,,FALSE,Female,,Some Secondary,
36,53,,FALSE,Female,,Some Secondary,
35,81,,FALSE,Female,,Some Secondary,
35,73,,FALSE,Male,,Some Secondary,
36,73,,FALSE,Female,,Some Secondary,
36,75,,FALSE,Female,,Some Secondary,
35,74,,FALSE,Female,,Some Secondary,
35,77,,FALSE,Female,,Some Secondary,
35,0,,FALSE,Female,,Some Secondary,
35,87,,FALSE,Female,,Some Secondary,
35,47,,FALSE,Male,,Some Secondary,
35,88,,FALSE,Female,,Some Secondary,
36,29,,FALSE,Male,,Some Secondary,
36,28,,FALSE,Male,,Some Secondary,
36,92,,FALSE,Female,,Some Secondary,
36,84,,FALSE,Male,,Some Secondary,
36,22,,FALSE,Male,,Some Secondary,
36,30,,FALSE,Male,,Some Secondary,
35,89,,FALSE,Male,,Some Secondary,
35,99,,FALSE,Male,,Some Secondary,
36,50,,FALSE,Female,,Some Secondary,
36,46,,FALSE,Female,,Some Secondary,
35,56,,FALSE,Male,,Some Secondary,
35,43,,FALSE,Male,,Some Secondary,
36,81,,FALSE,Female,,Some Secondary,
36,44,,FALSE,Male,,Some Secondary,
36,85,,FALSE,Male,,Some Secondary,
36,85,,FALSE,Female,,Some Secondary,
36,42,,FALSE,Male,,Some Secondary,
36,41,,FALSE,Male,,Some Secondary,
35,0,,FALSE,Female,,Some Secondary,
35,43,,FALSE,Male,,Some Secondary,
35,57,,FALSE,Female,,Some Secondary,
36,21,,FALSE,Male,,Some Secondary,
36,38,,FALSE,Male,,Some Secondary,
36,50,,FALSE,Female,,Some Secondary,
36,48,,FALSE,Male,,Some Secondary,
36,33,,FALSE,Male,,Some Secondary,
36,62,,FALSE,Male,,Some Secondary,
34,53,,FALSE,Female,,Some Secondary,
36,84,,FALSE,Male,,Some Secondary,
36,83,,FALSE,Male,,Some Secondary,
36,98,,FALSE,Male,,Some Secondary,
36,96,,FALSE,Male,,Some Secondary,
36,29,,FALSE,Male,,Some Secondary,
36,20,,FALSE,Male,,Some Secondary,
36,79,,FALSE,Female,,Some Secondary,
36,80,,FALSE,Male,,Some Secondary,
36,82,,FALSE,Male,,Some Secondary,
36,81,,FALSE,Male,,Some Secondary,
35,87,,FALSE,Female,,Some Secondary,
35,81,,FALSE,Female,,Some Secondary,
35,49,,FALSE,Male,,Some Secondary,
35,37,,FALSE,Male,,Some Secondary,
36,61,,FALSE,Male,,Some Secondary,
36,78,,FALSE,Male,,Some Secondary,
37,54,,FALSE,Male,,Some Secondary,
37,84,,FALSE,Female,,Some Secondary,
36,90,,FALSE,Female,,Some Secondary,
36,0,,FALSE,Female,,Some Secondary,
36,69,,FALSE,Female,,Some Secondary,
36,65,,FALSE,Male,,Some Secondary,
36,18,,FALSE,Male,,Some Secondary,
36,18,,FALSE,Male,,Some Secondary,
35,82,,FALSE,Male,,Some Secondary,
35,82,,FALSE,Male,,Some Secondary,
36,0,,FALSE,Female,,Some Secondary,
36,83,,FALSE,Female,,Some Secondary,
35,25,,FALSE,Female,,Some Secondary,
35,24,,FALSE,Female,,Some Secondary,
35,7,,FALSE,Female,,Some Secondary,
35,7,,FALSE,Male,,Some Secondary,
35,38,,FALSE,Female,,Some Secondary,
35,35,,FALSE,Male,,Some Secondary,
34,72,,FALSE,Male,,Some Secondary,
34,68,,FALSE,Male,,Some Secondary,
35,70,,FALSE,Female,,Some Secondary,
36,51,,FALSE,Male,,Some Secondary,
36,58,,FALSE,Female,,Some Secondary,
36,58,,FALSE,Female,,Some Secondary,
34,46,,FALSE,Female,,Some Secondary,
35,22,,FALSE,Female,,Some Secondary,
35,99,,FALSE,Female,,Some Secondary,
36,100,,FALSE,Female,,Some Secondary,
36,51,,FALSE,Female,,Some Secondary,
36,17,,FALSE,Male,,Some Secondary,
35,65,,FALSE,Male,,Some Secondary,
35,70,,FALSE,Female,,Some Secondary,
36,63,,FALSE,Male,,Some Secondary,
35,63,,FALSE,Male,,Some Secondary,
37,52,,FALSE,Female,,Some Secondary,
37,52,,FALSE,Female,,Some Secondary,
37,3,,FALSE,Male,,Some Secondary,
38,2,,FALSE,Male,,Some Secondary,
35,0,,FALSE,Male,,Some Secondary,
35,72,,FALSE,Male,,Some Secondary,
35,19,,FALSE,Female,,Some Secondary,
35,20,,FALSE,Female,,Some Secondary,
36,57,,FALSE,Female,,Some Secondary,
35,44,,FALSE,Female,,Some Secondary,
35,34,,FALSE,Male,,Some Secondary,
35,30,,FALSE,Female,,Some Secondary,
35,42,,FALSE,Male,,Some Secondary,
35,44,,FALSE,Male,,Some Secondary,
38,36,,FALSE,Female,,Some Secondary,
38,32,,FALSE,Female,,Some Secondary,
36,50,,FALSE,Male,,Some Secondary,
35,43,,FALSE,Male,,Some Secondary,
35,60,,FALSE,Female,,Some Secondary,
35,55,,FALSE,Male,,Some Secondary,
35,74,,FALSE,Female,,Some Secondary,
35,74,,FALSE,Female,,Some Secondary,
36,73,,FALSE,Female,,Some Secondary,
36,88,,FALSE,Female,,Some Secondary,
36,54,,FALSE,Male,,Some Secondary,
36,55,,FALSE,Male,,Some Secondary,
39,45,,FALSE,Male,,Some Secondary,
39,52,,FALSE,Female,,Some Secondary,
35,92,,FALSE,Male,,Some Secondary,
35,78,,FALSE,Male,,Some Secondary,
37,91,,FALSE,Male,,Some Secondary,
37,92,,FALSE,Male,,Some Secondary,
36,11,,FALSE,Male,,Some Secondary,
36,11,,FALSE,Male,,Some Secondary,
37,77,,FALSE,Female,,Some Secondary,
37,80,,FALSE,Male,,Some Secondary,
35,0,,FALSE,Female,,Some Secondary,
36,100,,FALSE,Male,,Some Secondary,
35,100,,FALSE,Female,,Some Secondary,
35,100,,FALSE,Male,,Some Secondary,
35,35,,FALSE,Female,,Some Secondary,
35,15,,FALSE,Female,,Some Secondary,
36,100,,FALSE,Female,,Some Secondary,
36,100,,FALSE,Female,,Some Secondary,
35,77,,FALSE,Male,,Some Secondary,
35,76,,FALSE,Male,,Some Secondary,
37,42,,FALSE,Female,,Some Secondary,
37,55,,FALSE,Male,,Some Secondary,
35,84,,FALSE,Female,,Some Secondary,
35,87,,FALSE,Female,,Some Secondary,
36,48,,FALSE,Male,,Some Secondary,
36,51,,FALSE,Male,,Some Secondary,
35,0,,FALSE,Male,,Some Secondary,
35,51,,FALSE,Female,,Some Secondary,
37,6,,FALSE,Male,,Some Secondary,
37,8,,FALSE,Male,,Some Secondary,
36,90,,FALSE,Male,,Some Secondary,
36,91,,FALSE,Male,,Some Secondary,
35,54,,FALSE,Female,,Some Secondary,
35,52,,FALSE,Female,,Some Secondary,
35,100,,FALSE,Male,,Some Secondary,
35,100,,FALSE,Female,,Some Secondary,
36,82,,FALSE,Male,,Some Secondary,
36,85,,FALSE,Male,,Some Secondary,
35,0,,FALSE,Female,,Some Secondary,
35,0,,FALSE,Female,,Some Secondary,
36,95,,FALSE,Male,,Some Secondary,
36,91,,FALSE,Female,,Some Secondary,
36,67,,FALSE,Female,,Some Secondary,
36,64,,FALSE,Female,,Some Secondary,
35,13,,FALSE,Male,,Some Secondary,
35,15,,FALSE,Male,,Some Secondary,
36,41,,FALSE,Male,,Some Secondary,
36,47,,FALSE,Male,,Some Secondary,
36,5,,FALSE,Female,,Some Secondary,
36,16,,FALSE,Female,,Some Secondary,
37,46,,FALSE,Male,,Some Secondary,
37,53,,FALSE,Female,,Some Secondary,
36,58,,FALSE,Female,,Some Secondary,
36,48,,FALSE,Female,,Some Secondary,
37,0,,FALSE,Male,,Some Secondary,
37,0,,FALSE,Male,,Some Secondary,
34,82,,FALSE,Female,,Some Secondary,
34,78,,FALSE,Female,,Some Secondary,
36,64,,FALSE,Female,,Some Secondary,
36,61,,FALSE,Female,,Some Secondary,
36,78,,FALSE,Male,,Some Secondary,
36,78,,FALSE,Female,,Some Secondary,
36,100,,FALSE,Female,,Some Secondary,
36,99,,FALSE,Male,,Some Secondary,
36,73,,FALSE,Female,,Some Secondary,
36,65,,FALSE,Female,,Some Secondary,
36,43,,FALSE,Male,,Some Secondary,
36,94,,FALSE,Female,,Some Secondary,
39,77,,FALSE,Male,,Some Secondary,
35,91,,FALSE,Female,,Some Secondary,
36,79,,FALSE,Female,,Some Secondary,
36,80,,FALSE,Male,,Some Secondary,
36,100,,FALSE,Female,,Some Secondary,
36,100,,FALSE,Female,,Some Secondary,
35,65,,FALSE,Male,,Some Secondary,
35,65,,FALSE,Male,,Some Secondary,
36,92,,FALSE,Female,,Some Secondary,
36,87,,FALSE,Male,,Some Secondary,
36,0,,FALSE,Male,,Some Secondary,
35,55,,FALSE,Female,,Some Secondary,
37,41,,FALSE,Female,,Some Secondary,
37,25,,FALSE,Male,,Some Secondary,
36,93,,FALSE,Male,,Some Secondary,
36,94,,FALSE,Male,,Some Secondary,
36,87,,FALSE,Female,,Some Secondary,
36,84,,FALSE,Female,,Some Secondary,
35,85,,FALSE,Male,,Some Secondary,
35,73,,FALSE,Female,,Some Secondary,
36,50,,FALSE,Male,,Some Secondary,
36,50,,FALSE,Male,,Some Secondary,
34,50,,FALSE,Female,,Some Secondary,
34,34,,FALSE,Female,,Some Secondary,
35,10,,FALSE,Female,,Some Secondary,
35,24,,FALSE,Female,,Some Secondary,
36,93,,FALSE,Female,,Some Secondary,
36,95,,FALSE,Female,,Some Secondary,
37,80,,FALSE,Female,,Some Secondary,
37,79,,FALSE,Male,,Some Secondary,
36,3,,FALSE,Male,,Some Secondary,
36,5,,FALSE,Male,,Some Secondary,
37,99,,FALSE,Male,,Some Secondary,
37,99,,FALSE,Male,,Some Secondary,
36,63,,FALSE,Female,,Some Secondary,
36,62,,FALSE,Female,,Some Secondary,
35,23,,FALSE,Male,,Some Secondary,
35,22,,FALSE,Male,,Some Secondary,
35,100,,FALSE,Female,,Some Secondary,
35,100,,FALSE,Female,,Some Secondary,
36,82,,FALSE,Female,,Some Secondary,
36,81,,FALSE,Female,,Some Secondary,
36,64,,FALSE,Female,,Some Secondary,
36,69,,FALSE,Female,,Some Secondary,
35,73,,FALSE,Female,,Some Secondary,
35,84,,FALSE,Female,,Some Secondary,
35,0,,FALSE,Male,,Some Secondary,
35,0,,FALSE,Female,,Some Secondary,
35,95,,FALSE,Male,,Some Secondary,
35,100,,FALSE,Male,,Some Secondary,
36,71,,FALSE,Female,,Some Secondary,
36,72,,FALSE,Female,,Some Secondary,
36,52,,FALSE,Female,,Some Secondary,
35,55,,FALSE,Male,,Some Secondary,
36,8,,FALSE,Male,,Some Secondary,
36,4,,FALSE,Male,,Some Secondary,
38,26,,FALSE,Female,,Some Secondary,
38,31,,FALSE,Female,,Some Secondary,
34,63,,FALSE,Female,,Some Secondary,
36,57,,FALSE,Male,,Some Secondary,
34,21,,FALSE,Female,,Some Secondary,
34,50,,FALSE,Male,,Some Secondary,
36,99,,FALSE,Female,,Some Secondary,
36,98,,FALSE,Female,,Some Secondary,
35,73,,FALSE,Female,,Some Secondary,
35,74,,FALSE,Female,,Some Secondary,
35,0,,FALSE,Female,,Some Secondary,
35,0,,FALSE,Female,,Some Secondary,
36,84,,FALSE,Male,,Some Secondary,
34,87,,FALSE,Male,,Some Secondary,
35,39,,FALSE,Male,,Some Secondary,
35,0,,FALSE,Male,,Some Secondary,
36,48,,FALSE,Male,,Some Secondary,
35,49,,FALSE,Male,,Some Secondary,
35,96,,FALSE,Female,,Some Secondary,
35,95,,FALSE,Female,,Some Secondary,
38,92,,FALSE,Male,,Some Secondary,
38,89,,FALSE,Female,,Some Secondary,
36,52,,FALSE,Female,,Some Secondary,
35,55,,FALSE,Female,,Some Secondary,
35,90,,FALSE,Female,,Some Secondary,
35,87,,FALSE,Female,,Some Secondary,
36,73,,FALSE,Male,,Some Secondary,
36,83,,FALSE,Male,,Some Secondary,
35,64,,FALSE,Female,,Some Secondary,
35,73,,FALSE,Male,,Some Secondary,
34,34,,FALSE,Male,,Some Secondary,
35,34,,FALSE,Male,,Some Secondary,
36,87,,FALSE,Male,,Some Secondary,
36,86,,FALSE,Male,,Some Secondary,
36,75,,FALSE,Female,,Some Secondary,
36,71,,FALSE,Female,,Some Secondary,
36,50,,FALSE,Female,,Some Secondary,
35,50,,FALSE,Female,,Some Secondary,
36,96,,FALSE,Female,,Some Secondary,
36,97,,FALSE,Female,,Some Secondary,
36,89,,FALSE,Female,,Some Secondary,
36,0,,FALSE,Male,,Some Secondary,
35,0,,FALSE,Male,,Some Secondary,
36,0,,FALSE,Male,,Some Secondary,
36,32,,FALSE,Male,,Some Secondary,
36,32,,FALSE,Male,,Some Secondary,
35,3,,FALSE,Male,,Some Secondary,
35,9,,FALSE,Male,,Some Secondary,
38,42,,FALSE,Male,,Some Secondary,
38,43,,FALSE,Male,,Some Secondary,
36,61,,FALSE,Female,,Some Secondary,
36,59,,FALSE,Male,,Some Secondary,
40,43,,FALSE,Male,,Some Secondary,
37,52,,FALSE,Female,,Some Secondary,
35,0,,FALSE,Male,,Some Secondary,
35,53,,FALSE,Male,,Some Secondary,
35,78,,FALSE,Male,,Some Secondary,
35,68,,FALSE,Male,,Some Secondary,
37,25,,FALSE,Male,,Some Secondary,
37,28,,FALSE,Male,,Some Secondary,
36,99,,FALSE,Male,,Some Secondary,
36,91,,FALSE,Male,,Some Secondary,
36,28,,FALSE,Male,,Some Secondary,
36,28,,FALSE,Male,,Some Secondary,
36,53,,FALSE,Female,,Some Secondary,
36,42,,FALSE,Male,,Some Secondary,
36,95,,FALSE,Male,,Some Secondary,
36,93,,FALSE,Male,,Some Secondary,
36,0,,FALSE,Female,,Some Secondary,
36,0,,FALSE,Female,,Some Secondary,
35,85,,FALSE,Male,,Some Secondary,
35,89,,FALSE,Female,,Some Secondary,
36,30,,FALSE,Female,,Some Secondary,
36,10,,FALSE,Male,,Some Secondary,
36,53,,FALSE,Male,,Some Secondary,
36,57,,FALSE,Female,,Some Secondary,
35,53,,FALSE,Male,,Some Secondary,
35,52,,FALSE,Female,,Some Secondary,
36,53,,FALSE,Female,,Some Secondary,
36,56,,FALSE,Female,,Some Secondary,
36,53,,FALSE,Female,,Some Secondary,
36,59,,FALSE,Female,,Some Secondary,
36,87,,FALSE,Female,,Some Secondary,
36,86,,FALSE,Female,,Some Secondary,
35,83,,FALSE,Female,,Some Secondary,
35,24,,FALSE,Male,,Some Secondary,
36,26,,FALSE,Female,,Some Secondary,
35,22,,FALSE,Female,,Some Secondary,
37,27,,FALSE,Female,,Some Secondary,
37,30,,FALSE,Female,,Some Secondary,
36,37,,FALSE,Male,,Some Secondary,
36,50,,FALSE,Female,,Some Secondary,
35,70,,FALSE,Male,,Some Secondary,
35,71,,FALSE,Male,,Some Secondary,
35,71,,FALSE,Female,,Some Secondary,
35,69,,FALSE,Male,,Some Secondary,
36,43,,FALSE,Male,,Some Secondary,
36,54,,FALSE,Female,,Some Secondary,
35,67,,FALSE,Male,,Some Secondary,
35,67,,FALSE,Female,,Some Secondary,
36,41,,FALSE,Female,,Some Secondary,
37,53,,FALSE,Female,,Some Secondary,
35,100,,FALSE,Male,,Some Secondary,
35,99,,FALSE,Male,,Some Secondary,
37,41,,FALSE,Male,,Some Secondary,
37,13,,FALSE,Female,,Some Secondary,
36,99,,FALSE,Male,,Some Secondary,
36,100,,FALSE,Female,,Some Secondary,
37,48,,FALSE,Female,,Some Secondary,
37,0,,FALSE,Male,,Some Secondary,
35,47,,FALSE,Male,,Some Secondary,
35,0,,FALSE,Male,,Some Secondary,
34,34,,FALSE,Female,,Some Secondary,
34,40,,FALSE,Female,,Some Secondary,
35,80,,FALSE,Female,,Some Secondary,
35,79,,FALSE,Female,,Some Secondary,
35,49,,FALSE,Female,,Some Secondary,
38,40,,FALSE,Male,,Some Secondary,
35,59,,FALSE,Male,,Some Secondary,
35,57,,FALSE,Male,,Some Secondary,
35,93,,FALSE,Female,,Some Secondary,
35,88,,FALSE,Female,,Some Secondary,
36,73,,FALSE,Male,,Some Secondary,
36,70,,FALSE,Male,,Some Secondary,
35,97,,FALSE,Male,,Some Secondary,
35,98,,FALSE,Male,,Some Secondary,
36,46,,FALSE,Female,,Some Secondary,
36,42,,FALSE,Male,,Some Secondary,
36,100,,FALSE,Female,,Some Secondary,
36,100,,FALSE,Female,,Some Secondary,
36,0,,FALSE,Male,,Some Secondary,
36,0,,FALSE,Female,,Some Secondary,
36,35,,FALSE,Female,,Some Secondary,
36,39,,FALSE,Female,,Some Secondary,
37,62,,FALSE,Female,,Some Secondary,
37,82,,FALSE,Female,,Some Secondary,
36,59,,FALSE,Female,,Some Secondary,
36,53,,FALSE,Female,,Some Secondary,
36,86,,FALSE,Female,,Some Secondary,
36,83,,FALSE,Male,,Some Secondary,
35,85,,FALSE,Male,,Some Secondary,
36,84,,FALSE,Male,,Some Secondary,
36,65,,FALSE,Male,,Some Secondary,
36,65,,FALSE,Male,,Some Secondary,
35,100,,FALSE,Female,,Some Secondary,
35,100,,FALSE,Female,,Some Secondary,
36,63,,FALSE,Male,,Some Secondary,
36,56,,FALSE,Male,,Some Secondary,
34,75,,FALSE,Female,,Some Secondary,
34,67,,FALSE,Male,,Some Secondary,
44,96,,FALSE,Male,,Some Secondary,
44,94,,FALSE,Male,,Some Secondary,
36,0,,FALSE,Female,,Some Secondary,
36,100,,FALSE,Female,,Some Secondary,
37,33,,FALSE,Female,,Some Secondary,
37,22,,FALSE,Male,,Some Secondary,
36,92,,FALSE,Female,,Some Secondary,
36,88,,FALSE,Female,,Some Secondary,
36,25,,FALSE,Female,,Some Secondary,
35,28,,FALSE,Male,,Some Secondary,
36,85,,FALSE,Male,,Some Secondary,
36,89,,FALSE,Female,,Some Secondary,
36,23,,FALSE,Female,,Some Secondary,
36,3,,FALSE,Male,,Some Secondary,
36,22,,FALSE,Male,,Some Secondary,
37,23,,FALSE,Male,,Some Secondary,
36,71,,FALSE,Female,,Some Secondary,
36,66,,FALSE,Female,,Some Secondary,
35,32,,FALSE,Female,,Some Secondary,
35,77,,FALSE,Male,,Some Secondary,
36,83,,FALSE,Male,,Some Secondary,
36,91,,FALSE,Male,,Some Secondary,
36,93,,FALSE,Female,,Some Secondary,
36,93,,FALSE,Female,,Some Secondary,
35,81,,FALSE,Male,,Some Secondary,
35,78,,FALSE,Male,,Some Secondary,
36,100,,FALSE,Male,,Some Secondary,
36,100,,FALSE,Male,,Some Secondary,
35,75,,FALSE,Female,,Some Secondary,
34,82,,FALSE,Female,,Some Secondary,
35,50,,FALSE,Female,,Some Secondary,
36,64,,FALSE,Female,,Some Secondary,
37,69,,FALSE,Male,,Some Secondary,
37,70,,FALSE,Male,,Some Secondary,
35,65,,FALSE,Male,,Some Secondary,
35,75,,FALSE,Female,,Some Secondary,
36,0,,FALSE,Female,,Some Secondary,
36,53,,FALSE,Male,,Some Secondary,
35,46,,FALSE,Female,,Some Secondary,
35,44,,FALSE,Female,,Some Secondary,
36,38,,FALSE,Female,,Some Secondary,
36,0,,FALSE,Female,,Some Secondary,
45,100,,FALSE,Female,,Some Secondary,
45,99,,FALSE,Female,,Some Secondary,
36,74,,FALSE,Female,,Some Secondary,
36,76,,FALSE,Male,,Some Secondary,
36,100,,FALSE,Male,,Some Secondary,
36,100,,FALSE,Male,,Some Secondary,
35,77,,FALSE,Female,,Some Secondary,
35,83,,FALSE,Female,,Some Secondary,
36,85,,FALSE,Female,,Some Secondary,
36,82,,FALSE,Female,,Some Secondary,
37,68,,FALSE,Male,,Some Secondary,
37,72,,FALSE,Male,,Some Secondary,
35,39,,FALSE,Male,,Some Secondary,
37,26,,FALSE,Male,,Some Secondary,
35,72,,FALSE,Female,,Some Secondary,
35,0,,FALSE,Female,,Some Secondary,
39,93,,FALSE,Female,,Some Secondary,
39,89,,FALSE,Female,,Some Secondary,
34,67,,FALSE,Female,,Some Secondary,
34,69,,FALSE,Female,,Some Secondary,
36,35,,FALSE,Female,,Some Secondary,
36,21,,FALSE,Male,,Some Secondary,
36,58,,FALSE,Female,,Some Secondary,
36,33,,FALSE,Female,,Some Secondary,
39,88,,FALSE,Female,,Some Secondary,
39,93,,FALSE,Male,,Some Secondary,
36,59,,FALSE,Female,,Some Secondary,
37,61,,FALSE,Male,,Some Secondary,
35,34,,FALSE,Female,,Some Secondary,
35,27,,FALSE,Female,,Some Secondary,
36,69,,FALSE,Male,,Some Secondary,
36,67,,FALSE,Male,,Some Secondary,
36,42,,FALSE,Male,,Some Secondary,
36,44,,FALSE,Male,,Some Secondary,
35,94,,FALSE,Female,,Some Secondary,
35,96,,FALSE,Male,,Some Secondary,
36,0,,FALSE,Male,,Some Secondary,
36,85,,FALSE,Female,,Some Secondary,
36,83,,FALSE,Female,,Some Secondary,
36,90,,FALSE,Female,,Some Secondary,
37,84,,FALSE,Female,,Some Secondary,
37,91,,FALSE,Female,,Some Secondary,
36,84,,FALSE,Male,,Some Secondary,
36,81,,FALSE,Male,,Some Secondary,
36,49,,FALSE,Male,,Some Secondary,
36,44,,FALSE,Male,,Some Secondary,
36,39,,FALSE,Female,,Some Secondary,
36,39,,FALSE,Female,,Some Secondary,
36,93,,FALSE,Female,,Some Secondary,
36,89,,FALSE,Female,,Some Secondary,
35,81,,FALSE,Male,,Some Secondary,
35,77,,FALSE,Male,,Some Secondary,
37,100,,FALSE,Male,,Some Secondary,
35,100,,FALSE,Female,,Some Secondary,
40,77,,FALSE,Female,,Some Secondary,
40,79,,FALSE,Female,,Some Secondary,
36,61,,FALSE,Male,,Some Secondary,
36,55,,FALSE,Female,,Some Secondary,
35,100,,FALSE,Male,,Some Secondary,
35,100,,FALSE,Female,,Some Secondary,
36,71,,FALSE,Male,,Some Secondary,
36,75,,FALSE,Female,,Some Secondary,
38,97,,FALSE,Male,,Some Secondary,
37,98,,FALSE,Male,,Some Secondary,
37,79,,FALSE,Female,,Some Secondary,
37,79,,FALSE,Female,,Some Secondary,
35,54,,FALSE,Female,,Some Secondary,
35,70,,FALSE,Female,,Some Secondary,
35,47,,FALSE,Female,,Some Secondary,
35,45,,FALSE,Female,,Some Secondary,
36,0,,FALSE,Male,,Some Secondary,
36,0,,FALSE,Male,,Some Secondary,
36,71,,FALSE,Male,,Some Secondary,
36,76,,FALSE,Female,,Some Secondary,
36,31,,FALSE,Male,,Some Secondary,
37,33,,FALSE,Male,,Some Secondary,
36,70,,FALSE,Male,,Some Secondary,
36,76,,FALSE,Male,,Some Secondary,
36,99,,FALSE,Male,,Some Secondary,
36,97,,FALSE,Male,,Some Secondary,
36,63,,FALSE,Male,,Some Secondary,
35,72,,FALSE,Female,,Some Secondary,
36,19,,FALSE,Male,,Some Secondary,
37,16,,FALSE,Male,,Some Secondary,
35,86,,FALSE,Female,,Some Secondary,
35,80,,FALSE,Female,,Some Secondary,
35,91,,FALSE,Male,,Some Secondary,
35,89,,FALSE,Male,,Some Secondary,
36,0,,FALSE,Male,,Some Secondary,
36,69,,FALSE,Female,,Some Secondary,
36,75,,FALSE,Male,,Some Secondary,
35,87,,FALSE,Female,,Some Secondary,
36,1,,FALSE,Male,,Some Secondary,
36,55,,FALSE,Male,,Some Secondary,
36,18,,FALSE,Female,,Some Secondary,
36,18,,FALSE,Female,,Some Secondary,
37,38,,FALSE,Male,,Some Secondary,
37,28,,FALSE,Male,,Some Secondary,
36,68,,FALSE,Female,,Some Secondary,
36,69,,FALSE,Female,,Some Secondary,
36,39,,FALSE,Female,,Some Secondary,
36,40,,FALSE,Female,,Some Secondary,
36,73,,FALSE,Female,,Some Secondary,
36,50,,FALSE,Male,,Some Secondary,
34,56,,FALSE,Female,,Some Secondary,
34,43,,FALSE,Female,,Some Secondary,
35,15,,FALSE,Male,,Some Secondary,
35,23,,FALSE,Male,,Some Secondary,
37,0,,FALSE,Female,,Some Secondary,
37,71,,FALSE,Female,,Some Secondary,
36,65,,FALSE,Male,,Some Secondary,
36,67,,FALSE,Male,,Some Secondary,
39,0,,FALSE,Male,,Some Secondary,
39,80,,FALSE,Male,,Some Secondary,
36,57,,FALSE,Male,,Some Secondary,
36,55,,FALSE,Female,,Some Secondary,
36,94,,FALSE,Male,,Some Secondary,
36,95,,FALSE,Female,,Some Secondary,
37,59,,FALSE,Male,,Some Secondary,
37,58,,FALSE,Male,,Some Secondary,
35,100,,FALSE,Female,,Some Secondary,
36,0,,FALSE,Male,,Some Secondary,
36,95,,FALSE,Male,,Some Secondary,
36,95,,FALSE,Female,,Some Secondary,
35,41,,FALSE,Female,,Some Secondary,
35,41,,FALSE,Female,,Some Secondary,
35,74,,FALSE,Male,,Some Secondary,
35,74,,FALSE,Female,,Some Secondary,
36,0,,FALSE,Female,,Some Secondary,
36,97,,FALSE,Female,,Some Secondary,
38,62,,FALSE,Male,,Some Secondary,
36,62,,FALSE,Male,,Some Secondary,
36,0,,FALSE,Female,,Some Secondary,
36,0,,FALSE,Female,,Some Secondary,
35,72,,FALSE,Female,,Some Secondary,
35,77,,FALSE,Female,,Some Secondary,
36,100,,FALSE,Female,,Some Secondary,
36,100,,FALSE,Female,,Some Secondary,
35,69,,FALSE,Female,,Some Secondary,
35,73,,FALSE,Male,,Some Secondary,
36,44,,FALSE,Male,,Some Secondary,
36,40,,FALSE,Male,,Some Secondary,
36,87,,FALSE,Female,,Some Secondary,
36,88,,FALSE,Female,,Some Secondary,
37,56,,FALSE,Male,,Some Secondary,
36,67,,FALSE,Male,,Some Secondary,
36,67,,FALSE,Male,,Some Secondary,
36,0,,FALSE,Male,,Some Secondary,
35,92,,FALSE,Female,,Some Secondary,
35,92,,FALSE,Male,,Some Secondary,
36,100,,FALSE,Male,,Some Secondary,
36,100,,FALSE,Female,,Some Secondary,
35,69,,FALSE,Female,,Some Secondary,
35,69,,FALSE,Male,,Some Secondary,
36,91,,FALSE,Female,,Some Secondary,
36,84,,FALSE,Female,,Some Secondary,
35,41,,FALSE,Male,,Some Secondary,
35,48,,FALSE,Male,,Some Secondary,
34,91,,FALSE,Female,,Some Secondary,
34,90,,FALSE,Female,,Some Secondary,
36,38,,FALSE,Female,,Some Secondary,
36,43,,FALSE,Female,,Some Secondary,
35,64,,FALSE,Male,,Some Secondary,
35,51,,FALSE,Male,,Some Secondary,
36,8,,FALSE,Male,,Some Secondary,
36,0,,FALSE,Male,,Some Secondary,
34,61,,FALSE,Female,,Some Secondary,
34,76,,FALSE,Female,,Some Secondary,
35,61,,FALSE,Male,,Some Secondary,
35,50,,FALSE,Male,,Some Secondary,
35,0,,FALSE,Male,,Some Secondary,
35,35,,FALSE,Female,,Some Secondary,
34,91,,FALSE,Female,,Some Secondary,
34,78,,FALSE,Male,,Some Secondary,
36,81,,FALSE,Male,,Some Secondary,
36,76,,FALSE,Male,,Some Secondary,
35,90,,FALSE,Female,,Some Secondary,
35,85,,FALSE,Male,,Some Secondary,
36,38,,FALSE,Male,,Some Secondary,
36,31,,FALSE,Male,,Some Secondary,
37,81,,FALSE,Male,,Some Secondary,
37,69,,FALSE,Male,,Some Secondary,
35,34,,FALSE,Male,,Some Secondary,
35,30,,FALSE,Male,,Some Secondary,
37,65,,FALSE,Female,,Some Secondary,
37,61,,FALSE,Female,,Some Secondary,
36,66,,FALSE,Female,,Some Secondary,
36,77,,FALSE,Male,,Some Secondary,
36,53,,FALSE,Male,,Some Secondary,
36,55,,FALSE,Male,,Some Secondary,
35,91,,FALSE,Male,,Some Secondary,
35,65,,FALSE,Female,,Some Secondary,
35,57,,FALSE,Male,,Some Secondary,
35,63,,FALSE,Male,,Some Secondary,
36,99,,FALSE,Female,,Some Secondary,
36,99,,FALSE,Female,,Some Secondary,
38,75,,FALSE,Female,,Some Secondary,
38,81,,FALSE,Male,,Some Secondary,
36,86,,FALSE,Male,,Some Secondary,
36,87,,FALSE,Female,,Some Secondary,
36,53,,FALSE,Female,,Some Secondary,
36,56,,FALSE,Male,,Some Secondary,
36,47,,FALSE,Male,,Some Secondary,
36,43,,FALSE,Male,,Some Secondary,
36,88,,FALSE,Male,,Some Secondary,
36,70,,FALSE,Female,,Some Secondary,
34,0,,FALSE,Female,,Some Secondary,
34,0,,FALSE,Female,,Some Secondary,
36,38,,FALSE,Male,,Some Secondary,
36,33,,FALSE,Male,,Some Secondary,
36,60,,FALSE,Male,,Some Secondary,
35,67,,FALSE,Male,,Some Secondary,
35,59,,FALSE,Female,,Some Secondary,
35,64,,FALSE,Female,,Some Secondary,
42,97,,FALSE,Female,,Some Secondary,
42,98,,FALSE,Female,,Some Secondary,
36,62,,FALSE,Male,,Some Secondary,
36,45,,FALSE,Male,,Some Secondary,
38,57,,FALSE,Female,,Some Secondary,
38,61,,FALSE,Female,,Some Secondary,
37,78,,FALSE,Male,,Some Secondary,
37,78,,FALSE,Male,,Some Secondary,
37,69,,FALSE,Male,,Some Secondary,
37,33,,FALSE,Female,,Some Secondary,
37,36,,FALSE,Male,,Some Secondary,
35,31,,FALSE,Male,,Some Secondary,
35,19,,FALSE,Male,,Some Secondary,
35,67,,FALSE,Male,,Some Secondary,
35,69,,FALSE,Female,,Some Secondary,
35,43,,FALSE,Male,,Some Secondary,
35,89,,FALSE,Female,,Some Secondary,
36,100,,FALSE,Male,,Some Secondary,
36,0,,FALSE,Male,,Some Secondary,
36,2,,FALSE,Male,,Some Secondary,
36,35,,FALSE,Male,,Some Secondary,
36,71,,FALSE,Female,,Some Secondary,
36,73,,FALSE,Male,,Some Secondary,
41,78,,FALSE,Female,,Some Secondary,
41,86,,FALSE,Male,,Some Secondary,
34,37,,FALSE,Male,,Some Secondary,
36,3,,FALSE,Male,,Some Secondary,
36,72,,FALSE,Male,,Some Secondary,
36,71,,FALSE,Male,,Some Secondary,
38,0,,FALSE,Female,,Some Secondary,
38,88,,FALSE,Female,,Some Secondary,
35,100,,FALSE,Male,,Some Secondary,
35,100,,FALSE,Male,,Some Secondary,
36,43,,FALSE,Female,,Some Secondary,
36,47,,FALSE,Female,,Some Secondary,
36,36,,FALSE,Male,,Some Secondary,
36,73,,FALSE,Female,,Some Secondary,
34,30,,FALSE,Male,,Some Secondary,
34,24,,FALSE,Male,,Some Secondary,
37,80,,FALSE,Female,,Some Secondary,
37,77,,FALSE,Female,,Some Secondary,
36,39,,FALSE,Male,,Some Secondary,
36,46,,FALSE,Male,,Some Secondary,
37,59,,FALSE,Male,,Some Secondary,
37,71,,FALSE,Male,,Some Secondary,
36,46,,FALSE,Male,,Some Secondary,
36,43,,FALSE,Male,,Some Secondary,
35,71,,FALSE,Male,,Some Secondary,
35,91,,FALSE,Male,,Some Secondary,
35,70,,FALSE,Female,,Some Secondary,
35,55,,FALSE,Male,,Some Secondary,
35,39,,FALSE,Female,,Some Secondary,
35,35,,FALSE,Female,,Some Secondary,
36,56,,FALSE,Male,,Some Secondary,
36,61,,FALSE,Female,,Some Secondary,
37,87,,FALSE,Female,,Some Secondary,
37,71,,FALSE,Male,,Some Secondary,
37,86,,FALSE,Male,,Some Secondary,
36,77,,FALSE,Male,,Some Secondary,
39,100,,FALSE,Male,,Some Secondary,
36,100,,FALSE,Male,,Some Secondary,
35,77,,FALSE,Male,,Some Secondary,
35,85,,FALSE,Female,,Some Secondary,
36,29,,FALSE,Male,,Some Secondary,
36,50,,FALSE,Female,,Some Secondary,
35,0,,FALSE,Female,,Some Secondary,
35,0,,FALSE,Female,,Some Secondary,
34,50,,FALSE,Male,,Some Secondary,
34,48,,FALSE,Male,,Some Secondary,
36,90,,FALSE,Male,,Some Secondary,
36,89,,FALSE,Male,,Some Secondary,
36,57,,FALSE,Female,,Some Secondary,
36,59,,FALSE,Female,,Some Secondary,
36,84,,FALSE,Female,,Some Secondary,
36,85,,FALSE,Female,,Some Secondary,
36,70,,FALSE,Female,,Some Secondary,
36,70,,FALSE,Male,,Some Secondary,
35,0,,FALSE,Female,,Some Secondary,
35,0,,FALSE,Female,,Some Secondary,
36,89,,FALSE,Male,,Some Secondary,
36,40,,FALSE,Male,,Some Secondary,
35,91,,FALSE,Male,,Some Secondary,
35,90,,FALSE,Female,,Some Secondary,
36,0,,FALSE,Female,,Some Secondary,
36,0,,FALSE,Female,,Some Secondary,
36,80,,FALSE,Female,,Some Secondary,
36,80,,FALSE,Female,,Some Secondary,
35,54,,FALSE,Female,,Some Secondary,
35,54,,FALSE,Female,,Some Secondary,
36,12,,FALSE,Female,,Some Secondary,
36,38,,FALSE,Male,,Some Secondary,
36,0,,FALSE,Female,,Some Secondary,
36,0,,FALSE,Female,,Some Secondary,
36,63,,FALSE,Male,,Some Secondary,
36,60,,FALSE,Female,,Some Secondary,
36,89,,FALSE,Female,,Some Secondary,
35,83,,FALSE,Female,,Some Secondary,
35,80,,FALSE,Female,,Some Secondary,
35,54,,FALSE,Female,,Some Secondary,
36,87,,FALSE,Male,,Some Secondary,
36,90,,FALSE,Male,,Some Secondary,
35,40,,FALSE,Female,,Some Secondary,
35,25,,FALSE,Female,,Some Secondary,
37,0,,FALSE,Male,,Some Secondary,
37,95,,FALSE,Male,,Some Secondary,
36,69,,FALSE,Male,,Some Secondary,
36,29,,FALSE,Male,,Some Secondary,
35,78,,FALSE,Male,,Some Secondary,
35,79,,FALSE,Female,,Some Secondary,
36,31,,FALSE,Male,,Some Secondary,
36,28,,FALSE,Male,,Some Secondary,
37,60,,FALSE,Female,,Some Secondary,
37,60,,FALSE,Female,,Some Secondary,
36,93,,FALSE,Male,,Some Secondary,
36,0,,FALSE,Female,,Some Secondary,
36,56,,FALSE,Male,,Some Secondary,
36,69,,FALSE,Male,,Some Secondary,
35,61,,FALSE,Male,,Some Secondary,
35,58,,FALSE,Female,,Some Secondary,
35,27,,FALSE,Female,,Some Secondary,
35,31,,FALSE,Female,,Some Secondary,
36,84,,FALSE,Female,,Some Secondary,
36,91,,FALSE,Female,,Some Secondary,
34,87,,FALSE,Male,,Some Secondary,
34,81,,FALSE,Female,,Some Secondary,
36,77,,FALSE,Male,,Some Secondary,
36,89,,FALSE,Female,,Some Secondary,
36,100,,FALSE,Female,,Some Secondary,
36,100,,FALSE,Female,,Some Secondary,
36,82,,FALSE,Male,,Some Secondary,
36,85,,FALSE,Female,,Some Secondary,
37,100,,FALSE,Male,,Some Secondary,
37,93,,FALSE,Male,,Some Secondary,
36,34,,FALSE,Male,,Some Secondary,
36,41,,FALSE,Male,,Some Secondary,
36,27,,FALSE,Female,,Some Secondary,
36,19,,FALSE,Female,,Some Secondary,
36,35,,FALSE,Male,,Some Secondary,
36,37,,FALSE,Male,,Some Secondary,
38,0,,FALSE,Female,,Some Secondary,
37,93,,FALSE,Male,,Some Secondary,
36,0,,FALSE,Male,,Some Secondary,
36,93,,FALSE,Female,,Some Secondary,
35,55,,FALSE,Male,,Some Secondary,
36,0,,FALSE,Male,,Some Secondary,
35,42,,FALSE,Male,,Some Secondary,
35,47,,FALSE,Male,,Some Secondary,
36,45,,FALSE,Male,,Some Secondary,
36,45,,FALSE,Male,,Some Secondary,
36,22,,FALSE,Male,,Some Secondary,
36,97,,FALSE,Male,,Some Secondary,
35,0,,FALSE,Female,,Some Secondary,
35,0,,FALSE,Female,,Some Secondary,
35,80,,FALSE,Male,,Some Secondary,
35,78,,FALSE,Male,,Some Secondary,
36,82,,FALSE,Male,,Some Secondary,
36,82,,FALSE,Male,,Some Secondary,
36,56,,FALSE,Male,,Some Secondary,
36,57,,FALSE,Female,,Some Secondary,
35,69,,FALSE,Female,,Some Secondary,
35,66,,FALSE,Female,,Some Secondary,
35,91,,FALSE,Male,,Some Secondary,
35,92,,FALSE,Male,,Some Secondary,
36,87,,FALSE,Female,,Some Secondary,
35,80,,FALSE,Male,,Some Secondary,
38,100,,FALSE,Male,,Some Secondary,
38,100,,FALSE,Male,,Some Secondary,
35,54,,FALSE,Female,,Some Secondary,
35,48,,FALSE,Female,,Some Secondary,
36,100,,FALSE,Male,,Some Secondary,
36,100,,FALSE,Male,,Some Secondary,
36,99,,FALSE,Female,,Some Secondary,
36,100,,FALSE,Female,,Some Secondary,
37,72,,FALSE,Male,,Some Secondary,
37,74,,FALSE,Female,,Some Secondary,
36,72,,FALSE,Female,,Some Secondary,
35,70,,FALSE,Female,,Some Secondary,
35,24,,FALSE,Male,,Some Secondary,
35,20,,FALSE,Male,,Some Secondary,
36,52,,FALSE,Female,,Some Secondary,
35,43,,FALSE,Female,,Some Secondary,
36,31,,FALSE,Male,,Some Secondary,
36,42,,FALSE,Female,,Some Secondary,
36,93,,FALSE,Female,,Some Secondary,
36,95,,FALSE,Female,,Some Secondary,
37,34,,FALSE,Female,,Some Secondary,
37,50,,FALSE,Male,,Some Secondary,
36,92,,FALSE,Male,,Some Secondary,
36,93,,FALSE,Male,,Some Secondary,
36,86,,FALSE,Female,,Some Secondary,
36,75,,FALSE,Male,,Some Secondary,
37,51,,FALSE,Female,,Some Secondary,
37,18,,FALSE,Female,,Some Secondary,
36,32,,FALSE,Female,,Some Secondary,
36,51,,FALSE,Male,,Some Secondary,
36,98,,FALSE,Female,,Some Secondary,
36,98,,FALSE,Male,,Some Secondary,
36,49,,FALSE,Male,,Some Secondary,
36,56,,FALSE,Male,,Some Secondary,
35,92,,FALSE,Male,,Some Secondary,
35,0,,FALSE,Female,,Some Secondary,
36,82,,FALSE,Female,,Some Secondary,
36,83,,FALSE,Female,,Some Secondary,
36,61,,FALSE,Female,,Some Secondary,
36,64,,FALSE,Female,,Some Secondary,
35,0,,FALSE,Male,,Some Secondary,
35,0,,FALSE,Male,,Some Secondary,
36,58,,FALSE,Male,,Some Secondary,
36,48,,FALSE,Male,,Some Secondary,
36,80,,FALSE,Female,,Some Secondary,
36,75,,FALSE,Female,,Some Secondary,
35,73,,FALSE,Male,,Some Secondary,
35,0,,FALSE,Male,,Some Secondary,
35,0,,FALSE,Female,,Some Secondary,
35,71,,FALSE,Male,,Some Secondary,
34,100,,FALSE,Female,,Some Secondary,
34,100,,FALSE,Female,,Some Secondary,
36,29,,FALSE,Male,,Some Secondary,
36,27,,FALSE,Male,,Some Secondary,
37,76,,FALSE,Female,,Some Secondary,
37,76,,FALSE,Female,,Some Secondary,
36,83,,FALSE,Male,,Some Secondary,
36,83,,FALSE,Female,,Some Secondary,
36,51,,FALSE,Male,,Some Secondary,
36,47,,FALSE,Male,,Some Secondary,
36,67,,FALSE,Male,,Some Secondary,
36,59,,FALSE,Male,,Some Secondary,
37,99,,FALSE,Male,,Some Secondary,
37,100,,FALSE,Male,,Some Secondary,
34,83,,FALSE,Male,,Some Secondary,
34,86,,FALSE,Female,,Some Secondary,
35,27,,FALSE,Male,,Some Secondary,
35,24,,FALSE,Male,,Some Secondary,
34,92,,FALSE,Male,,Some Secondary,
34,94,,FALSE,Female,,Some Secondary,
35,65,,FALSE,Female,,Some Secondary,
35,0,,FALSE,Female,,Some Secondary,
35,77,,FALSE,Male,,Some Secondary,
35,0,,FALSE,Female,,Some Secondary,
36,58,,FALSE,Male,,Some Secondary,
36,0,,FALSE,Female,,Some Secondary,
35,81,,FALSE,Male,,Some Secondary,
35,82,,FALSE,Male,,Some Secondary,
36,21,,FALSE,Female,,Some Secondary,
36,94,,FALSE,Female,,Some Secondary,
36,33,,FALSE,Female,,Some Secondary,
36,0,,FALSE,Male,,Some Secondary,
35,68,,FALSE,Female,,Some Secondary,
35,0,,FALSE,Male,,Some Secondary,
35,55,,FALSE,Male,,Some Secondary,
35,55,,FALSE,Male,,Some Secondary,
36,27,,FALSE,Female,,Some Secondary,
36,27,,FALSE,Male,,Some Secondary,
36,8,,FALSE,Male,,Some Secondary,
36,8,,FALSE,Male,,Some Secondary,
35,88,,FALSE,Female,,Some Secondary,
35,84,,FALSE,Male,,Some Secondary,
35,56,,FALSE,Female,,Some Secondary,
35,55,,FALSE,Female,,Some Secondary,
36,60,,FALSE,Female,,Some Secondary,
36,63,,FALSE,Female,,Some Secondary,
35,60,,FALSE,Female,,Some Secondary,
35,61,,FALSE,Female,,Some Secondary,
35,94,,FALSE,Female,,Some Secondary,
35,92,,FALSE,Female,,Some Secondary,
35,24,,FALSE,Female,,Some Secondary,
35,28,,FALSE,Female,,Some Secondary,
36,22,,FALSE,Male,,Some Secondary,
36,22,,FALSE,Male,,Some Secondary,
36,32,,FALSE,Male,,Some Secondary,
36,31,,FALSE,Female,,Some Secondary,
35,72,,FALSE,Female,,Some Secondary,
35,0,,FALSE,Female,,Some Secondary,
36,65,,FALSE,Female,,Some Secondary,
36,65,,FALSE,Female,,Some Secondary,
35,27,,FALSE,Female,,Some Secondary,
35,0,,FALSE,Female,,Some Secondary,
35,43,,FALSE,Male,,Some Secondary,
35,51,,FALSE,Male,,Some Secondary,
36,55,,FALSE,Male,,Some Secondary,
36,65,,FALSE,Male,,Some Secondary,
36,47,,FALSE,Female,,Some Secondary,
36,47,,FALSE,Female,,Some Secondary,
34,26,,FALSE,Male,,Some Secondary,
34,36,,FALSE,Female,,Some Secondary,
36,15,,FALSE,Male,,Some Secondary,
36,15,,FALSE,Male,,Some Secondary,
35,0,,FALSE,Female,,Some Secondary,
35,100,,FALSE,Male,,Some Secondary,
36,0,,FALSE,Female,,Some Secondary,
36,99,,FALSE,Male,,Some Secondary,
36,57,,FALSE,Male,,Some Secondary,
35,59,,FALSE,Male,,Some Secondary,
35,82,,FALSE,Male,,Some Secondary,
35,81,,FALSE,Male,,Some Secondary,
36,93,,FALSE,Female,,Some Secondary,
36,94,,FALSE,Female,,Some Secondary,
36,11,,FALSE,Male,,Some Secondary,
36,12,,FALSE,Female,,Some Secondary,
35,0,,FALSE,Male,,Some Secondary,
35,0,,FALSE,Male,,Some Secondary,
36,67,,FALSE,Male,,Some Secondary,
36,85,,FALSE,Female,,Some Secondary,
37,78,,FALSE,Male,,Some Secondary,
37,74,,FALSE,Male,,Some Secondary,
37,100,,FALSE,Male,,Some Secondary,
36,100,,FALSE,Female,,Some Secondary,
36,91,,FALSE,Male,,Some Secondary,
36,90,,FALSE,Female,,Some Secondary,
36,24,,FALSE,Male,,Some Secondary,
36,19,,FALSE,Male,,Some Secondary,
35,54,,FALSE,Female,,Some Secondary,
35,54,,FALSE,Female,,Some Secondary,
36,80,,FALSE,Male,,Some Secondary,
36,81,,FALSE,Male,,Some Secondary,
35,61,,FALSE,Female,,Some Secondary,
36,96,,FALSE,Male,,Some Secondary,
35,84,,FALSE,Female,,Some Secondary,
35,80,,FALSE,Male,,Some Secondary,
36,31,,FALSE,Male,,Some Secondary,
36,34,,FALSE,Male,,Some Secondary,
37,88,,FALSE,Female,,Some Secondary,
37,87,,FALSE,Female,,Some Secondary,
36,68,,FALSE,Female,,Some Secondary,
36,73,,FALSE,Male,,Some Secondary,
37,80,,FALSE,Female,,Some Secondary,
37,82,,FALSE,Female,,Some Secondary,
35,44,,FALSE,Female,,Some Secondary,
35,43,,FALSE,Female,,Some Secondary,
36,75,,FALSE,Male,,Some Secondary,
36,75,,FALSE,Male,,Some Secondary,
38,66,,FALSE,Female,,Some Secondary,
38,33,,FALSE,Female,,Some Secondary,
36,78,,FALSE,Female,,Some Secondary,
36,51,,FALSE,Female,,Some Secondary,
37,100,,FALSE,Female,,Some Secondary,
37,100,,FALSE,Female,,Some Secondary,
35,42,,FALSE,Male,,Some Secondary,
35,41,,FALSE,Female,,Some Secondary,
36,85,,FALSE,Male,,Some Secondary,
36,84,,FALSE,Female,,Some Secondary,
36,52,,FALSE,Male,,Some Secondary,
36,52,,FALSE,Male,,Some Secondary,
34,81,,FALSE,Female,,Some Secondary,
36,81,,FALSE,Female,,Some Secondary,
35,56,,FALSE,Male,,Some Secondary,
35,0,,FALSE,Female,,Some Secondary,
36,92,,FALSE,Male,,Some Secondary,
36,95,,FALSE,Female,,Some Secondary,
36,77,,FALSE,Male,,Some Secondary,
36,72,,FALSE,Male,,Some Secondary,
35,49,,FALSE,Male,,Some Secondary,
35,49,,FALSE,Female,,Some Secondary,
36,61,,FALSE,Female,,Some Secondary,
36,61,,FALSE,Female,,Some Secondary,
35,73,,FALSE,Male,,Some Secondary,
35,62,,FALSE,Male,,Some Secondary,
38,45,,FALSE,Male,,Some Secondary,
36,46,,FALSE,Male,,Some Secondary,
36,66,,FALSE,Male,,Some Secondary,
36,68,,FALSE,Male,,Some Secondary,
36,54,,FALSE,Male,,Some Secondary,
36,57,,FALSE,Male,,Some Secondary,
36,10,,FALSE,Male,,Some Secondary,
36,9,,FALSE,Male,,Some Secondary,
39,92,,FALSE,Male,,Some Secondary,
39,96,,FALSE,Male,,Some Secondary,
35,100,,FALSE,Female,,Some Secondary,
35,100,,FALSE,Male,,Some Secondary,
34,100,,FALSE,Male,,Some Secondary,
34,100,,FALSE,Male,,Some Secondary,
34,100,,FALSE,Female,,Some Secondary,
34,0,,FALSE,Female,,Some Secondary,
36,97,,FALSE,Female,,Some Secondary,
36,98,,FALSE,Male,,Some Secondary,
35,94,,FALSE,Female,,Some Secondary,
35,96,,FALSE,Male,,Some Secondary,
35,0,,FALSE,Female,,Some Secondary,
35,69,,FALSE,Male,,Some Secondary,
35,90,,FALSE,Female,,Some Secondary,
35,0,,FALSE,Female,,Some Secondary,
35,53,,FALSE,Female,,Some Secondary,
35,52,,FALSE,Female,,Some Secondary,
34,0,,FALSE,Female,,Some Secondary,
34,83,,FALSE,Female,,Some Secondary,
35,79,,FALSE,Female,,Some Secondary,
35,78,,FALSE,Male,,Some Secondary,
37,61,,FALSE,Male,,Some Secondary,
37,58,,FALSE,Male,,Some Secondary,
36,0,,FALSE,Male,,Some Secondary,
36,0,,FALSE,Male,,Some Secondary,
36,71,,FALSE,Male,,Some Secondary,
36,85,,FALSE,Male,,Some Secondary,
35,97,,FALSE,Male,,Some Secondary,
35,96,,FALSE,Male,,Some Secondary,
35,24,,FALSE,Male,,Some Secondary,
36,24,,FALSE,Male,,Some Secondary,
35,87,,FALSE,Male,,Some Secondary,
35,91,,FALSE,Male,,Some Secondary,
35,61,,FALSE,Female,,Some Secondary,
35,66,,FALSE,Female,,Some Secondary,
37,70,,FALSE,Female,,Some Secondary,
35,58,,FALSE,Female,,Some Secondary,
35,60,,FALSE,Male,,Some Secondary,
36,66,,FALSE,Female,,Some Secondary,
36,66,,FALSE,Female,,Some Secondary,
36,85,,FALSE,Female,,Some Secondary,
36,87,,FALSE,Female,,Some Secondary,
37,92,,FALSE,Male,,Some Secondary,
37,84,,FALSE,Male,,Some Secondary,
36,75,,FALSE,Male,,Some Secondary,
36,75,,FALSE,Male,,Some Secondary,
36,30,,FALSE,Female,,Some Secondary,
36,31,,FALSE,Male,,Some Secondary,
36,92,,FALSE,Female,,Some Secondary,
36,94,,FALSE,Female,,Some Secondary,
36,58,,FALSE,Male,,Some Secondary,
36,60,,FALSE,Female,,Some Secondary,
35,21,,FALSE,Male,,Some Secondary,
36,30,,FALSE,Male,,Some Secondary,
36,63,,FALSE,Male,,Some Secondary,
36,70,,FALSE,Female,,Some Secondary,
36,92,,FALSE,Male,,Some Secondary,
36,91,,FALSE,Female,,Some Secondary,
38,46,,FALSE,Male,,Some Secondary,
38,36,,FALSE,Female,,Some Secondary,
36,95,,FALSE,Female,,Some Secondary,
36,92,,FALSE,Female,,Some Secondary,
36,84,,FALSE,Female,,Some Secondary,
36,89,,FALSE,Male,,Some Secondary,
36,100,,FALSE,Female,,Some Secondary,
36,98,,FALSE,Female,,Some Secondary,
37,66,,FALSE,Female,,Some Secondary,
37,72,,FALSE,Female,,Some Secondary,
36,76,,FALSE,Female,,Some Secondary,
36,57,,FALSE,Male,,Some Secondary,
36,87,,FALSE,Male,,Some Secondary,
36,86,,FALSE,Male,,Some Secondary,
35,99,,FALSE,Female,,Some Secondary,
35,100,,FALSE,Female,,Some Secondary,
35,88,,FALSE,Female,,Some Secondary,
35,88,,FALSE,Male,,Some Secondary,
35,64,,FALSE,Male,,Some Secondary,
34,62,,FALSE,Male,,Some Secondary,
35,84,,FALSE,Female,,Some Secondary,
35,67,,FALSE,Female,,Some Secondary,
36,60,,FALSE,Male,,Some Secondary,
35,61,,FALSE,Male,,Some Secondary,
36,100,,FALSE,Male,,Some Secondary,
36,100,,FALSE,Female,,Some Secondary,
36,23,,FALSE,Female,,Some Secondary,
36,14,,FALSE,Male,,Some Secondary,
36,53,,FALSE,Male,,Some Secondary,
36,43,,FALSE,Male,,Some Secondary,
40,73,,FALSE,Male,,Some Secondary,
40,70,,FALSE,Female,,Some Secondary,
35,8,,FALSE,Female,,Some Secondary,
35,73,,FALSE,Female,,Some Secondary,
35,61,,FALSE,Female,,Some Secondary,
35,77,,FALSE,Female,,Some Secondary,
36,82,,FALSE,Male,,Some Secondary,
36,84,,FALSE,Female,,Some Secondary,
36,100,,FALSE,Male,,Some Secondary,
36,100,,FALSE,Male,,Some Secondary,
36,53,,FALSE,Male,,Some Secondary,
36,60,,FALSE,Male,,Some Secondary,
35,76,,FALSE,Female,,Some Secondary,
35,74,,FALSE,Male,,Some Secondary,
36,68,,FALSE,Male,,Some Secondary,
36,55,,FALSE,Male,,Some Secondary,
35,89,,FALSE,Female,,Some Secondary,
35,84,,FALSE,Male,,Some Secondary,
37,55,,FALSE,Male,,Some Secondary,
37,56,,FALSE,Female,,Some Secondary,
36,34,,FALSE,Male,,Some Secondary,
36,76,,FALSE,Female,,Some Secondary,
35,37,,FALSE,Male,,Some Secondary,
35,31,,FALSE,Female,,Some Secondary,
36,63,,FALSE,Male,,Some Secondary,
36,73,,FALSE,Female,,Some Secondary,
35,29,,FALSE,Male,,Some Secondary,
36,23,,FALSE,Male,,Some Secondary,
36,39,,FALSE,Female,,Some Secondary,
36,32,,FALSE,Male,,Some Secondary,
37,7,,FALSE,Male,,Some Secondary,
37,5,,FALSE,Male,,Some Secondary,
36,90,,FALSE,Female,,Some Secondary,
35,0,,FALSE,Male,,Some Secondary,
36,100,,FALSE,Female,,Some Secondary,
36,100,,FALSE,Female,,Some Secondary,
36,41,,FALSE,Female,,Some Secondary,
36,14,,FALSE,Male,,Some Secondary,
36,6,,FALSE,Male,,Some Secondary,
36,24,,FALSE,Male,,Some Secondary,
37,91,,FALSE,Female,,Some Secondary,
37,86,,FALSE,Female,,Some Secondary,
35,100,,FALSE,Female,,Some Secondary,
35,100,,FALSE,Female,,Some Secondary,
39,100,,FALSE,Male,,Some Secondary,
39,100,,FALSE,Male,,Some Secondary,
37,55,,FALSE,Male,,Some Secondary,
37,51,,FALSE,Female,,Some Secondary,
35,74,,FALSE,Female,,Some Secondary,
35,76,,FALSE,Female,,Some Secondary,
35,95,,FALSE,Male,,Some Secondary,
35,57,,FALSE,Female,,Some Secondary,
35,74,,FALSE,Male,,Some Secondary,
36,81,,FALSE,Male,,Some Secondary,
35,68,,FALSE,Male,,Some Secondary,
35,72,,FALSE,Female,,Some Secondary,
37,0,,FALSE,Female,,Some Secondary,
37,0,,FALSE,Male,,Some Secondary,
35,96,,FALSE,Male,,Some Secondary,
35,97,,FALSE,Male,,Some Secondary,
36,88,,FALSE,Female,,Some Secondary,
36,58,,FALSE,Male,,Some Secondary,
36,83,,FALSE,Female,,Some Secondary,
36,84,,FALSE,Male,,Some Secondary,
36,14,,FALSE,Male,,Some Secondary,
36,21,,FALSE,Male,,Some Secondary,
34,29,,FALSE,Male,,Some Secondary,
34,25,,FALSE,Female,,Some Secondary,
36,1,,FALSE,Male,,Some Secondary,
36,1,,FALSE,Male,,Some Secondary,
35,10,,FALSE,Male,,Some Secondary,
35,0,,FALSE,Male,,Some Secondary,
35,94,,FALSE,Female,,Some Secondary,
35,90,,FALSE,Female,,Some Secondary,
36,35,,FALSE,Female,,Some Secondary,
36,88,,FALSE,Female,,Some Secondary,
36,55,,FALSE,Male,,Some Secondary,
36,50,,FALSE,Male,,Some Secondary,
36,60,,FALSE,Male,,Some Secondary,
36,60,,FALSE,Male,,Some Secondary,
36,72,,FALSE,Female,,Some Secondary,
36,71,,FALSE,Female,,Some Secondary,
35,70,,FALSE,Male,,Some Secondary,
35,79,,FALSE,Male,,Some Secondary,
35,49,,FALSE,Female,,Some Secondary,
35,28,,FALSE,Female,,Some Secondary,
36,92,,FALSE,Female,,Some Secondary,
36,91,,FALSE,Female,,Some Secondary,
35,69,,FALSE,Female,,Some Secondary,
35,69,,FALSE,Female,,Some Secondary,
35,90,,FALSE,Male,,Some Secondary,
35,100,,FALSE,Female,,Some Secondary,
35,81,,FALSE,Male,,Some Secondary,
35,76,,FALSE,Male,,Some Secondary,
36,100,,FALSE,Male,,Some Secondary,
36,100,,FALSE,Male,,Some Secondary,
34,67,,FALSE,Female,,Some Secondary,
35,70,,FALSE,Female,,Some Secondary,
35,93,,FALSE,Female,,Some Secondary,
35,89,,FALSE,Male,,Some Secondary,
36,54,,FALSE,Female,,Some Secondary,
36,56,,FALSE,Male,,Some Secondary,
38,43,,FALSE,Female,,Some Secondary,
38,45,,FALSE,Female,,Some Secondary,
36,74,,FALSE,Female,,Some Secondary,
35,74,,FALSE,Male,,Some Secondary,
36,78,,FALSE,Male,,Some Secondary,
36,78,,FALSE,Female,,Some Secondary,
36,46,,FALSE,Male,,Some Secondary,
35,66,,FALSE,Male,,Some Secondary,
35,61,,FALSE,Male,,Some Secondary,
35,58,,FALSE,Female,,Some Secondary,
35,68,,FALSE,Female,,Some Secondary,
35,69,,FALSE,Female,,Some Secondary,
35,35,,FALSE,Female,,Some Secondary,
35,40,,FALSE,Male,,Some Secondary,
36,76,,FALSE,Female,,Some Secondary,
36,73,,FALSE,Male,,Some Secondary,
35,55,,FALSE,Female,,Some Secondary,
35,51,,FALSE,Male,,Some Secondary,
36,0,,FALSE,Male,,Some Secondary,
36,0,,FALSE,Female,,Some Secondary,
36,87,,FALSE,Male,,Some Secondary,
36,87,,FALSE,Male,,Some Secondary,
35,100,,FALSE,Male,,Some Secondary,
35,100,,FALSE,Male,,Some Secondary,
35,58,,FALSE,Male,,Some Secondary,
35,0,,FALSE,Female,,Some Secondary,
36,33,,FALSE,Male,,Some Secondary,
36,33,,FALSE,Male,,Some Secondary,
36,93,,FALSE,Female,,Some Secondary,
36,96,,FALSE,Male,,Some Secondary,
34,86,,FALSE,Female,,Some Secondary,
34,86,,FALSE,Female,,Some Secondary,
36,80,,FALSE,Male,,Some Secondary,
36,89,,FALSE,Male,,Some Secondary,
36,77,,FALSE,Female,,Some Secondary,
36,77,,FALSE,Female,,Some Secondary,
36,39,,FALSE,Male,,Some Secondary,
36,73,,FALSE,Female,,Some Secondary,
37,65,,FALSE,Male,,Some Secondary,
37,63,,FALSE,Male,,Some Secondary,
36,33,,FALSE,Male,,Some Secondary,
36,36,,FALSE,Female,,Some Secondary,
35,48,,FALSE,Female,,Some Secondary,
35,46,,FALSE,Female,,Some Secondary,
35,69,,FALSE,Male,,Some Secondary,
35,71,,FALSE,Male,,Some Secondary,
36,87,,FALSE,Female,,Some Secondary,
36,87,,FALSE,Female,,Some Secondary,
35,44,,FALSE,Male,,Some Secondary,
35,44,,FALSE,Male,,Some Secondary,
34,61,,FALSE,Male,,Some Secondary,
37,72,,FALSE,Male,,Some Secondary,
37,96,,FALSE,Male,,Some Secondary,
37,81,,FALSE,Male,,Some Secondary,
36,84,,FALSE,Male,,Some Secondary,
36,71,,FALSE,Female,,Some Secondary,
35,0,,FALSE,Male,,Some Secondary,
36,45,,FALSE,Female,,Some Secondary,
36,0,,FALSE,Female,,Some Secondary,
34,71,,FALSE,Female,,Some Secondary,
36,59,,FALSE,Male,,Some Secondary,
36,78,,FALSE,Female,,Some Secondary,
36,30,,FALSE,Female,,Some Secondary,
36,29,,FALSE,Female,,Some Secondary,
37,71,,FALSE,Female,,Some Secondary,
37,74,,FALSE,Female,,Some Secondary,
35,22,,FALSE,Male,,Some Secondary,
35,24,,FALSE,Female,,Some Secondary,
36,77,,FALSE,Female,,Some Secondary,
36,77,,FALSE,Female,,Some Secondary,
36,28,,FALSE,Female,,Some Secondary,
36,32,,FALSE,Male,,Some Secondary,
36,90,,FALSE,Male,,Some Secondary,
36,90,,FALSE,Male,,Some Secondary,
34,9,,FALSE,Male,,Some Secondary,
34,10,,FALSE,Male,,Some Secondary,
36,57,,FALSE,Male,,Some Secondary,
36,58,,FALSE,Female,,Some Secondary,
36,50,,FALSE,Female,,Some Secondary,
36,48,,FALSE,Male,,Some Secondary,
36,58,,FALSE,Male,,Some Secondary,
36,69,,FALSE,Male,,Some Secondary,
36,21,,FALSE,Male,,Some Secondary,
36,76,,FALSE,Male,,Some Secondary,
36,0,,FALSE,Female,,Some Secondary,
36,58,,FALSE,Male,,Some Secondary,
35,98,,FALSE,Male,,Some Secondary,
35,99,,FALSE,Male,,Some Secondary,
36,77,,FALSE,Female,,Some Secondary,
36,78,,FALSE,Female,,Some Secondary,
36,75,,FALSE,Female,,Some Secondary,
36,0,,FALSE,Female,,Some Secondary,
36,59,,FALSE,Male,,Some Secondary,
35,51,,FALSE,Male,,Some Secondary,
37,91,,FALSE,Male,,Some Secondary,
37,89,,FALSE,Male,,Some Secondary,
37,100,,FALSE,Female,,Some Secondary,
37,99,,FALSE,Male,,Some Secondary,
35,1,,FALSE,Female,,Some Secondary,
35,6,,FALSE,Female,,Some Secondary,
35,44,,FALSE,Male,,Some Secondary,
35,42,,FALSE,Male,,Some Secondary,
36,72,,FALSE,Male,,Some Secondary,
36,70,,FALSE,Male,,Some Secondary,
37,42,,FALSE,Male,,Some Secondary,
37,41,,FALSE,Female,,Some Secondary,
35,58,,FALSE,Male,,Some Secondary,
35,63,,FALSE,Male,,Some Secondary,
37,46,,FALSE,Female,,Some Secondary,
35,46,,FALSE,Female,,Some Secondary,
35,90,,FALSE,Male,,Some Secondary,
35,90,,FALSE,Male,,Some Secondary,
36,94,,FALSE,Female,,Some Secondary,
36,96,,FALSE,Male,,Some Secondary,
36,35,,FALSE,Female,,Some Secondary,
36,36,,FALSE,Male,,Some Secondary,
36,98,,FALSE,Female,,Some Secondary,
36,95,,FALSE,Male,,Some Secondary,
35,81,,FALSE,Male,,Some Secondary,
35,0,,FALSE,Male,,Some Secondary,
36,32,,FALSE,Female,,Some Secondary,
36,38,,FALSE,Male,,Some Secondary,
36,84,,FALSE,Male,,Some Secondary,
36,87,,FALSE,Female,,Some Secondary,
35,78,,FALSE,Female,,Some Secondary,
35,0,,FALSE,Male,,Some Secondary,
36,83,,FALSE,Female,,Some Secondary,
35,79,,FALSE,Female,,Some Secondary,
36,61,,FALSE,Male,,Some Secondary,
36,49,,FALSE,Male,,Some Secondary,
36,90,,FALSE,Female,,Some Secondary,
36,90,,FALSE,Female,,Some Secondary,
36,81,,FALSE,Female,,Some Secondary,
36,84,,FALSE,Female,,Some Secondary,
35,93,,FALSE,Female,,Some Secondary,
35,49,,FALSE,Male,,Some Secondary,
36,100,,FALSE,Male,,Some Secondary,
36,100,,FALSE,Male,,Some Secondary,
35,54,,FALSE,Female,,Some Secondary,
35,71,,FALSE,Female,,Some Secondary,
36,84,,FALSE,Female,,Some Secondary,
36,83,,FALSE,Male,,Some Secondary,
38,89,,FALSE,Female,,Some Secondary,
38,88,,FALSE,Male,,Some Secondary,
36,16,,FALSE,Male,,Some Secondary,
36,16,,FALSE,Male,,Some Secondary,
36,26,,FALSE,Female,,Some Secondary,
36,30,,FALSE,Female,,Some Secondary,
35,85,,FALSE,Male,,Some Secondary,
35,80,,FALSE,Female,,Some Secondary,
35,67,,FALSE,Female,,Some Secondary,
36,67,,FALSE,Female,,Some Secondary,
35,57,,FALSE,Female,,Some Secondary,
35,52,,FALSE,Female,,Some Secondary,
35,93,,FALSE,Female,,Some Secondary,
35,93,,FALSE,Female,,Some Secondary,
37,85,,FALSE,Male,,Some Secondary,
37,85,,FALSE,Female,,Some Secondary,
36,64,,FALSE,Male,,Some Secondary,
36,63,,FALSE,Male,,Some Secondary,
37,64,,FALSE,Female,,Some Secondary,
37,19,,FALSE,Male,,Some Secondary,
35,99,,FALSE,Male,,Some Secondary,
35,100,,FALSE,Male,,Some Secondary,
36,33,,FALSE,Male,,Some Secondary,
37,32,,FALSE,Male,,Some Secondary,
36,16,,FALSE,Female,,Some Secondary,
36,43,,FALSE,Female,,Some Secondary,
37,3,,FALSE,Male,,Some Secondary,
37,100,,FALSE,Female,,Some Secondary,
36,33,,FALSE,Female,,Some Secondary,
36,36,,FALSE,Female,,Some Secondary,
36,31,,FALSE,Male,,Some Secondary,
36,0,,FALSE,Male,,Some Secondary,
36,31,,FALSE,Female,,Some Secondary,
36,0,,FALSE,Male,,Some Secondary,
36,35,,FALSE,Male,,Some Secondary,
36,42,,FALSE,Male,,Some Secondary,
35,40,,FALSE,Female,,Some Secondary,
36,14,,FALSE,Male,,Some Secondary,
38,25,,FALSE,Male,,Some Secondary,
38,60,,FALSE,Male,,Some Secondary,
36,32,,FALSE,Female,,Some Secondary,
36,14,,FALSE,Male,,Some Secondary,
36,91,,FALSE,Female,,Some Secondary,
36,91,,FALSE,Female,,Some Secondary,
